vessel_flag,eez_code,depart_port_id,depart_port,nautical_offset,count
AU,FJ,45EFF196-73FA-CDBA-0261-39D163297A67,SUVA,12,1
AU,IW,930A973D-68AE-57FC-DD15-39D163297A7B,AT SEA,-7,36
AU,IW,C43CE854-3BF9-913C-F33A-39D163297A53,NORO,6,1
AU,IW,BEC17B8B-DF68-1724-77B0-39E5C3D1774E,VACAMONTE,-7,23
AU,IW,BEC17B8B-DF68-1724-77B0-39E5C3D1774E,VACAMONTE,-6,29
AU,NC,036E9869-AD91-9046-3C3B-39D163297A53,NOUMEA,10,1
AU,NC,036E9869-AD91-9046-3C3B-39D163297A53,NOUMEA,11,296
BZ,H5,930A973D-68AE-57FC-DD15-39D163297A7B,AT SEA,-11,46
BZ,H5,E425E0FD-D4C0-EA7A-CD5F-39D163297A8F,LAUTOKA,-11,92
BZ,I4,930A973D-68AE-57FC-DD15-39D163297A7B,AT SEA,-12,2
BZ,I4,930A973D-68AE-57FC-DD15-39D163297A7B,AT SEA,-11,19
BZ,I4,E425E0FD-D4C0-EA7A-CD5F-39D163297A8F,LAUTOKA,-11,19
BZ,I5,930A973D-68AE-57FC-DD15-39D163297A7B,AT SEA,-11,47
BZ,I5,930A973D-68AE-57FC-DD15-39D163297A7B,AT SEA,-10,37
BZ,I5,930A973D-68AE-57FC-DD15-39D163297A7B,AT SEA,-9,51
BZ,I5,E425E0FD-D4C0-EA7A-CD5F-39D163297A8F,LAUTOKA,-11,30
BZ,I5,E425E0FD-D4C0-EA7A-CD5F-39D163297A8F,LAUTOKA,-10,25
BZ,I5,BEC17B8B-DF68-1724-77B0-39E5C3D1774E,VACAMONTE,-10,6
BZ,I5,BEC17B8B-DF68-1724-77B0-39E5C3D1774E,VACAMONTE,-9,41
BZ,IW,930A973D-68AE-57FC-DD15-39D163297A7B,AT SEA,-10,162
BZ,IW,930A973D-68AE-57FC-DD15-39D163297A7B,AT SEA,-9,191
BZ,IW,930A973D-68AE-57FC-DD15-39D163297A7B,AT SEA,-8,663
BZ,IW,930A973D-68AE-57FC-DD15-39D163297A7B,AT SEA,-7,175
BZ,IW,930A973D-68AE-57FC-DD15-39D163297A7B,AT SEA,-6,1458
BZ,IW,44A79C31-DF95-193D-93E4-39D163297A8F,BALBOA,-9,15
BZ,IW,44A79C31-DF95-193D-93E4-39D163297A8F,BALBOA,-8,11
BZ,IW,E425E0FD-D4C0-EA7A-CD5F-39D163297A8F,LAUTOKA,-10,51
BZ,IW,E425E0FD-D4C0-EA7A-CD5F-39D163297A8F,LAUTOKA,-9,9
BZ,IW,E425E0FD-D4C0-EA7A-CD5F-39D163297A8F,LAUTOKA,-8,94
BZ,IW,E425E0FD-D4C0-EA7A-CD5F-39D163297A8F,LAUTOKA,-7,36
BZ,IW,9EC1BF9C-088E-44D2-4CD9-39D163297A5D,PANAMA,-10,39
BZ,IW,9EC1BF9C-088E-44D2-4CD9-39D163297A5D,PANAMA,-9,43
BZ,IW,9EC1BF9C-088E-44D2-4CD9-39D163297A5D,PANAMA,-8,420
BZ,IW,9EC1BF9C-088E-44D2-4CD9-39D163297A5D,PANAMA,-7,16
BZ,IW,9EC1BF9C-088E-44D2-4CD9-39D163297A5D,PANAMA,-6,52
BZ,IW,BEC17B8B-DF68-1724-77B0-39E5C3D1774E,VACAMONTE,-10,176
BZ,IW,BEC17B8B-DF68-1724-77B0-39E5C3D1774E,VACAMONTE,-9,271
BZ,IW,BEC17B8B-DF68-1724-77B0-39E5C3D1774E,VACAMONTE,-8,694
BZ,IW,BEC17B8B-DF68-1724-77B0-39E5C3D1774E,VACAMONTE,-7,206
BZ,IW,BEC17B8B-DF68-1724-77B0-39E5C3D1774E,VACAMONTE,-6,1597
CK,AS,24637B8A-3709-6521-E4CB-39D163297A71,APIA,-12,4
CK,AS,24637B8A-3709-6521-E4CB-39D163297A71,APIA,-11,5
CK,AS,28E93CD7-BE58-38B7-85B5-39D163297A5D,PAGO PAGO,-11,8
CK,AS,45EFF196-73FA-CDBA-0261-39D163297A67,SUVA,-11,1
CK,AU,45EFF196-73FA-CDBA-0261-39D163297A67,SUVA,11,4
CK,CK,24637B8A-3709-6521-E4CB-39D163297A71,APIA,-11,274
CK,CK,24637B8A-3709-6521-E4CB-39D163297A71,APIA,-10,4
CK,CK,39203748-8A43-65A9-ECB9-39D163297A85,AVATIU,-11,2688
CK,CK,39203748-8A43-65A9-ECB9-39D163297A85,AVATIU,-10,3
CK,CK,28E93CD7-BE58-38B7-85B5-39D163297A5D,PAGO PAGO,-11,3175
CK,CK,28E93CD7-BE58-38B7-85B5-39D163297A5D,PAGO PAGO,-10,62
CK,H4,24637B8A-3709-6521-E4CB-39D163297A71,APIA,-12,36
CK,H4,45EFF196-73FA-CDBA-0261-39D163297A67,SUVA,-12,79
CK,H5,24637B8A-3709-6521-E4CB-39D163297A71,APIA,-11,4
CK,H5,28E93CD7-BE58-38B7-85B5-39D163297A5D,PAGO PAGO,-11,28
CK,H5,45EFF196-73FA-CDBA-0261-39D163297A67,SUVA,-11,16
CK,I2,824A3738-8B1F-40D6-B6C2-D4772E4DDCED,SHIDAO,11,2
CK,I2,45EFF196-73FA-CDBA-0261-39D163297A67,SUVA,11,3
CK,I2,45EFF196-73FA-CDBA-0261-39D163297A67,SUVA,12,21
CK,I7,24637B8A-3709-6521-E4CB-39D163297A71,APIA,-12,9
CK,I7,24637B8A-3709-6521-E4CB-39D163297A71,APIA,-11,145
CK,I7,39203748-8A43-65A9-ECB9-39D163297A85,AVATIU,-11,1
CK,I7,45EFF196-73FA-CDBA-0261-39D163297A67,SUVA,-12,11
CK,I7,45EFF196-73FA-CDBA-0261-39D163297A67,SUVA,-11,17
CK,I7,45EFF196-73FA-CDBA-0261-39D163297A67,SUVA,11,643
CK,I7,45EFF196-73FA-CDBA-0261-39D163297A67,SUVA,12,64
CK,I8,824A3738-8B1F-40D6-B6C2-D4772E4DDCED,SHIDAO,12,7
CK,I8,45EFF196-73FA-CDBA-0261-39D163297A67,SUVA,12,5
CK,KR,930A973D-68AE-57FC-DD15-39D163297A7B,AT SEA,9,1
CK,NC,39203748-8A43-65A9-ECB9-39D163297A85,AVATIU,11,1
CK,NU,24637B8A-3709-6521-E4CB-39D163297A71,APIA,-11,479
CK,NU,45EFF196-73FA-CDBA-0261-39D163297A67,SUVA,-11,24
CK,PF,39203748-8A43-65A9-ECB9-39D163297A85,AVATIU,-10,1
CK,TK,24637B8A-3709-6521-E4CB-39D163297A71,APIA,-12,572
CK,TK,24637B8A-3709-6521-E4CB-39D163297A71,APIA,-11,916
CK,TK,45EFF196-73FA-CDBA-0261-39D163297A67,SUVA,-12,51
CK,TK,45EFF196-73FA-CDBA-0261-39D163297A67,SUVA,-11,17
CK,TO,24637B8A-3709-6521-E4CB-39D163297A71,APIA,-12,3
CK,TO,24637B8A-3709-6521-E4CB-39D163297A71,APIA,-11,2
CK,TV,45EFF196-73FA-CDBA-0261-39D163297A67,SUVA,-12,1
CK,WF,24637B8A-3709-6521-E4CB-39D163297A71,APIA,-12,1
CK,WF,45EFF196-73FA-CDBA-0261-39D163297A67,SUVA,-12,1
CK,WS,24637B8A-3709-6521-E4CB-39D163297A71,APIA,-12,1402
CK,WS,24637B8A-3709-6521-E4CB-39D163297A71,APIA,-11,573
CK,WS,9738C423-8F37-3002-672C-39D1632979C7,BUSAN,-12,3
CK,WS,45EFF196-73FA-CDBA-0261-39D163297A67,SUVA,-12,152
CK,WS,45EFF196-73FA-CDBA-0261-39D163297A67,SUVA,-11,31
CN,AS,24637B8A-3709-6521-E4CB-39D163297A71,APIA,-11,4
CN,AS,930A973D-68AE-57FC-DD15-39D163297A7B,AT SEA,-11,1
CN,AS,28E93CD7-BE58-38B7-85B5-39D163297A5D,PAGO PAGO,-11,1
CN,AS,6DDD2482-A35A-74A8-13BF-39D163297A99,ZHOUSHAN,-11,1
CN,AU,930A973D-68AE-57FC-DD15-39D163297A7B,AT SEA,10,3
CN,AU,EF3F4CD8-EC59-46E9-7887-39D1632979D1,HONIARA,10,1
CN,AU,45EFF196-73FA-CDBA-0261-39D163297A67,SUVA,10,16
CN,AU,45EFF196-73FA-CDBA-0261-39D163297A67,SUVA,11,4
CN,CK,,,-11,18
CN,CK,24637B8A-3709-6521-E4CB-39D163297A71,APIA,-11,8384
CN,CK,24637B8A-3709-6521-E4CB-39D163297A71,APIA,-10,555
CN,CK,930A973D-68AE-57FC-DD15-39D163297A7B,AT SEA,-11,2245
CN,CK,930A973D-68AE-57FC-DD15-39D163297A7B,AT SEA,-10,566
CN,CK,39203748-8A43-65A9-ECB9-39D163297A85,AVATIU,-11,752
CN,CK,39203748-8A43-65A9-ECB9-39D163297A85,AVATIU,-10,278
CN,CK,9CBF38F2-100F-0471-5B62-3A079497E443,Faaa,-11,33
CN,CK,9CBF38F2-100F-0471-5B62-3A079497E443,Faaa,-10,24
CN,CK,19489DE6-985E-ACF6-F326-39D163297A7B,KOSRAE,-11,545
CN,CK,19489DE6-985E-ACF6-F326-39D163297A7B,KOSRAE,-10,14
CN,CK,28E93CD7-BE58-38B7-85B5-39D163297A5D,PAGO PAGO,-11,272
CN,CK,28E93CD7-BE58-38B7-85B5-39D163297A5D,PAGO PAGO,-10,7
CN,CK,DD1590E6-430E-BAAE-817D-39D163297A67,PAPEETE,-11,1028
CN,CK,DD1590E6-430E-BAAE-817D-39D163297A67,PAPEETE,-10,479
CN,CK,A4072172-A4F1-0B05-D6B4-39D163297A7B,POHNPEI,-11,250
CN,CK,A4072172-A4F1-0B05-D6B4-39D163297A7B,POHNPEI,-10,32
CN,CK,7DF834AE-18E5-F5CA-432F-39D163297AA3,PUKAPUKA,-11,227
CN,CK,7DF834AE-18E5-F5CA-432F-39D163297AA3,PUKAPUKA,-10,92
CN,CK,FCC415D1-705A-39B3-1BD9-39EB1D9413E9,SHENZHEN,-11,21
CN,CK,FCC415D1-705A-39B3-1BD9-39EB1D9413E9,SHENZHEN,-10,20
CN,CK,824A3738-8B1F-40D6-B6C2-D4772E4DDCED,SHIDAO,-11,65
CN,CK,824A3738-8B1F-40D6-B6C2-D4772E4DDCED,SHIDAO,-10,1
CN,CK,45EFF196-73FA-CDBA-0261-39D163297A67,SUVA,-11,1548
CN,CK,45EFF196-73FA-CDBA-0261-39D163297A67,SUVA,-10,93
CN,CK,DD6B232F-C32D-2907-F82E-39D1632979BD,UNKNOWN PORT,-11,135
CN,CK,DD6B232F-C32D-2907-F82E-39D1632979BD,UNKNOWN PORT,-10,55
CN,CK,6DDD2482-A35A-74A8-13BF-39D163297A99,ZHOUSHAN,-11,1852
CN,CK,6DDD2482-A35A-74A8-13BF-39D163297A99,ZHOUSHAN,-10,280
CN,FJ,45EFF196-73FA-CDBA-0261-39D163297A67,SUVA,-12,197
CN,FJ,45EFF196-73FA-CDBA-0261-39D163297A67,SUVA,12,1157
CN,FM,,,10,42
CN,FM,,,11,25
CN,FM,24637B8A-3709-6521-E4CB-39D163297A71,APIA,9,3
CN,FM,24637B8A-3709-6521-E4CB-39D163297A71,APIA,10,133
CN,FM,24637B8A-3709-6521-E4CB-39D163297A71,APIA,11,69
CN,FM,930A973D-68AE-57FC-DD15-39D163297A7B,AT SEA,9,14
CN,FM,930A973D-68AE-57FC-DD15-39D163297A7B,AT SEA,10,63
CN,FM,9738C423-8F37-3002-672C-39D1632979C7,BUSAN,9,16
CN,FM,9738C423-8F37-3002-672C-39D1632979C7,BUSAN,10,35
CN,FM,EF3F4CD8-EC59-46E9-7887-39D1632979D1,HONIARA,10,8
CN,FM,EF3F4CD8-EC59-46E9-7887-39D1632979D1,HONIARA,11,14
CN,FM,19489DE6-985E-ACF6-F326-39D163297A7B,KOSRAE,9,17
CN,FM,19489DE6-985E-ACF6-F326-39D163297A7B,KOSRAE,10,1448
CN,FM,19489DE6-985E-ACF6-F326-39D163297A7B,KOSRAE,11,421
CN,FM,A4072172-A4F1-0B05-D6B4-39D163297A7B,POHNPEI,9,52
CN,FM,A4072172-A4F1-0B05-D6B4-39D163297A7B,POHNPEI,10,2544
CN,FM,A4072172-A4F1-0B05-D6B4-39D163297A7B,POHNPEI,11,604
CN,FM,824A3738-8B1F-40D6-B6C2-D4772E4DDCED,SHIDAO,10,17
CN,FM,824A3738-8B1F-40D6-B6C2-D4772E4DDCED,SHIDAO,11,19
CN,FM,45EFF196-73FA-CDBA-0261-39D163297A67,SUVA,10,376
CN,FM,45EFF196-73FA-CDBA-0261-39D163297A67,SUVA,11,66
CN,FM,C3BBC065-7064-C429-0720-39D163297A7B,YAP,10,11
CN,FM,C3BBC065-7064-C429-0720-39D163297A7B,YAP,11,3
CN,GL,24637B8A-3709-6521-E4CB-39D163297A71,APIA,11,1
CN,GL,24637B8A-3709-6521-E4CB-39D163297A71,APIA,12,77
CN,GL,45EFF196-73FA-CDBA-0261-39D163297A67,SUVA,11,232
CN,GL,45EFF196-73FA-CDBA-0261-39D163297A67,SUVA,12,239
CN,GL,FF656E17-3CDE-418A-6BAD-39D163297A7B,TARAWA,11,989
CN,GL,FF656E17-3CDE-418A-6BAD-39D163297A7B,TARAWA,12,446
CN,H4,24637B8A-3709-6521-E4CB-39D163297A71,APIA,-12,6
CN,H4,930A973D-68AE-57FC-DD15-39D163297A7B,AT SEA,-12,20
CN,H4,19489DE6-985E-ACF6-F326-39D163297A7B,KOSRAE,-12,7
CN,H4,824A3738-8B1F-40D6-B6C2-D4772E4DDCED,SHIDAO,-12,40
CN,H4,45EFF196-73FA-CDBA-0261-39D163297A67,SUVA,-12,1059
CN,H4,FF656E17-3CDE-418A-6BAD-39D163297A7B,TARAWA,-12,4
CN,H4,FF656E17-3CDE-418A-6BAD-39D163297A7B,TARAWA,12,3
CN,H4,6DDD2482-A35A-74A8-13BF-39D163297A99,ZHOUSHAN,-12,2
CN,H5,,,-11,12
CN,H5,24637B8A-3709-6521-E4CB-39D163297A71,APIA,-11,123
CN,H5,930A973D-68AE-57FC-DD15-39D163297A7B,AT SEA,-11,329
CN,H5,9738C423-8F37-3002-672C-39D1632979C7,BUSAN,-11,4
CN,H5,9CBF38F2-100F-0471-5B62-3A079497E443,Faaa,-11,7
CN,H5,19489DE6-985E-ACF6-F326-39D163297A7B,KOSRAE,-11,127
CN,H5,DD1590E6-430E-BAAE-817D-39D163297A67,PAPEETE,-11,99
CN,H5,45EFF196-73FA-CDBA-0261-39D163297A67,SUVA,-11,2762
CN,H5,6DDD2482-A35A-74A8-13BF-39D163297A99,ZHOUSHAN,-11,174
CN,I1,19489DE6-985E-ACF6-F326-39D163297A7B,KOSRAE,10,1
CN,I2,930A973D-68AE-57FC-DD15-39D163297A7B,AT SEA,11,102
CN,I2,930A973D-68AE-57FC-DD15-39D163297A7B,AT SEA,12,39
CN,I2,9738C423-8F37-3002-672C-39D1632979C7,BUSAN,11,21
CN,I2,9738C423-8F37-3002-672C-39D1632979C7,BUSAN,12,11
CN,I2,EF3F4CD8-EC59-46E9-7887-39D1632979D1,HONIARA,11,36
CN,I2,EF3F4CD8-EC59-46E9-7887-39D1632979D1,HONIARA,12,2
CN,I2,19489DE6-985E-ACF6-F326-39D163297A7B,KOSRAE,11,67
CN,I2,19489DE6-985E-ACF6-F326-39D163297A7B,KOSRAE,12,20
CN,I2,79410188-A6B1-7B0D-CBAA-39D163297A17,LEVUKA,12,7
CN,I2,A4072172-A4F1-0B05-D6B4-39D163297A7B,POHNPEI,11,64
CN,I2,1950C31A-A738-8100-50AC-39D163297A85,PORT VILA,12,22
CN,I2,8646C0D4-F762-4DE5-5F4E-39D163297AB7,QINGDAO,11,1
CN,I2,8646C0D4-F762-4DE5-5F4E-39D163297AB7,QINGDAO,12,14
CN,I2,824A3738-8B1F-40D6-B6C2-D4772E4DDCED,SHIDAO,11,56
CN,I2,824A3738-8B1F-40D6-B6C2-D4772E4DDCED,SHIDAO,12,28
CN,I2,45EFF196-73FA-CDBA-0261-39D163297A67,SUVA,11,1093
CN,I2,45EFF196-73FA-CDBA-0261-39D163297A67,SUVA,12,2009
CN,I2,FF656E17-3CDE-418A-6BAD-39D163297A7B,TARAWA,11,59
CN,I2,FF656E17-3CDE-418A-6BAD-39D163297A7B,TARAWA,12,16
CN,I3,24637B8A-3709-6521-E4CB-39D163297A71,APIA,11,2
CN,I3,24637B8A-3709-6521-E4CB-39D163297A71,APIA,12,15
CN,I3,25CAFD97-6514-11D9-0DE2-39D163297A17,MAJURO,12,10
CN,I3,45EFF196-73FA-CDBA-0261-39D163297A67,SUVA,12,1
CN,I4,,,-11,10
CN,I4,24637B8A-3709-6521-E4CB-39D163297A71,APIA,-12,65
CN,I4,24637B8A-3709-6521-E4CB-39D163297A71,APIA,12,4
CN,I4,930A973D-68AE-57FC-DD15-39D163297A7B,AT SEA,-12,96
CN,I4,930A973D-68AE-57FC-DD15-39D163297A7B,AT SEA,-11,124
CN,I4,930A973D-68AE-57FC-DD15-39D163297A7B,AT SEA,12,20
CN,I4,9738C423-8F37-3002-672C-39D1632979C7,BUSAN,-11,4
CN,I4,25CAFD97-6514-11D9-0DE2-39D163297A17,MAJURO,12,22
CN,I4,45EFF196-73FA-CDBA-0261-39D163297A67,SUVA,-12,66
CN,I4,45EFF196-73FA-CDBA-0261-39D163297A67,SUVA,-11,11
CN,I4,45EFF196-73FA-CDBA-0261-39D163297A67,SUVA,12,129
CN,I4,FF656E17-3CDE-418A-6BAD-39D163297A7B,TARAWA,12,10
CN,I5,,,-11,3
CN,I5,,,-10,2
CN,I5,24637B8A-3709-6521-E4CB-39D163297A71,APIA,-11,2
CN,I5,24637B8A-3709-6521-E4CB-39D163297A71,APIA,-10,145
CN,I5,24637B8A-3709-6521-E4CB-39D163297A71,APIA,-9,64
CN,I5,930A973D-68AE-57FC-DD15-39D163297A7B,AT SEA,-11,200
CN,I5,930A973D-68AE-57FC-DD15-39D163297A7B,AT SEA,-10,78
CN,I5,930A973D-68AE-57FC-DD15-39D163297A7B,AT SEA,-9,202
CN,I5,9738C423-8F37-3002-672C-39D1632979C7,BUSAN,-11,3
CN,I5,076BEEA5-D1E3-DAD1-443F-39D163297A8F,DALIAN,-11,46
CN,I5,9CBF38F2-100F-0471-5B62-3A079497E443,Faaa,-10,12
CN,I5,9CBF38F2-100F-0471-5B62-3A079497E443,Faaa,-9,14
CN,I5,19489DE6-985E-ACF6-F326-39D163297A7B,KOSRAE,-10,4
CN,I5,DD1590E6-430E-BAAE-817D-39D163297A67,PAPEETE,-10,206
CN,I5,DD1590E6-430E-BAAE-817D-39D163297A67,PAPEETE,-9,188
CN,I5,45EFF196-73FA-CDBA-0261-39D163297A67,SUVA,-11,45
CN,I5,45EFF196-73FA-CDBA-0261-39D163297A67,SUVA,-10,256
CN,I5,45EFF196-73FA-CDBA-0261-39D163297A67,SUVA,-9,114
CN,I5,DD6B232F-C32D-2907-F82E-39D1632979BD,UNKNOWN PORT,-9,1
CN,I5,6DDD2482-A35A-74A8-13BF-39D163297A99,ZHOUSHAN,-10,6
CN,I5,6DDD2482-A35A-74A8-13BF-39D163297A99,ZHOUSHAN,-9,21
CN,I6,24637B8A-3709-6521-E4CB-39D163297A71,APIA,-12,2
CN,I7,930A973D-68AE-57FC-DD15-39D163297A7B,AT SEA,-11,4
CN,I7,930A973D-68AE-57FC-DD15-39D163297A7B,AT SEA,-10,5
CN,I7,930A973D-68AE-57FC-DD15-39D163297A7B,AT SEA,-9,1
CN,I7,DD1590E6-430E-BAAE-817D-39D163297A67,PAPEETE,-9,2
CN,I7,824A3738-8B1F-40D6-B6C2-D4772E4DDCED,SHIDAO,11,36
CN,I7,45EFF196-73FA-CDBA-0261-39D163297A67,SUVA,-12,449
CN,I7,45EFF196-73FA-CDBA-0261-39D163297A67,SUVA,-11,1022
CN,I7,45EFF196-73FA-CDBA-0261-39D163297A67,SUVA,-10,1
CN,I7,45EFF196-73FA-CDBA-0261-39D163297A67,SUVA,11,1468
CN,I7,45EFF196-73FA-CDBA-0261-39D163297A67,SUVA,12,1988
CN,I7,6DDD2482-A35A-74A8-13BF-39D163297A99,ZHOUSHAN,-9,11
CN,I8,930A973D-68AE-57FC-DD15-39D163297A7B,AT SEA,11,3
CN,I8,930A973D-68AE-57FC-DD15-39D163297A7B,AT SEA,12,13
CN,I8,9738C423-8F37-3002-672C-39D1632979C7,BUSAN,11,7
CN,I8,9738C423-8F37-3002-672C-39D1632979C7,BUSAN,12,30
CN,I8,EF3F4CD8-EC59-46E9-7887-39D1632979D1,HONIARA,11,32
CN,I8,EF3F4CD8-EC59-46E9-7887-39D1632979D1,HONIARA,12,170
CN,I8,3387B088-2D33-67CB-7C56-39D1632979D1,KAOHSIUNG,11,2
CN,I8,19489DE6-985E-ACF6-F326-39D163297A7B,KOSRAE,11,2
CN,I8,19489DE6-985E-ACF6-F326-39D163297A7B,KOSRAE,12,6
CN,I8,79410188-A6B1-7B0D-CBAA-39D163297A17,LEVUKA,11,1
CN,I8,79410188-A6B1-7B0D-CBAA-39D163297A17,LEVUKA,12,27
CN,I8,C43CE854-3BF9-913C-F33A-39D163297A53,NORO,11,7
CN,I8,C43CE854-3BF9-913C-F33A-39D163297A53,NORO,12,26
CN,I8,1950C31A-A738-8100-50AC-39D163297A85,PORT VILA,11,96
CN,I8,1950C31A-A738-8100-50AC-39D163297A85,PORT VILA,12,194
CN,I8,8646C0D4-F762-4DE5-5F4E-39D163297AB7,QINGDAO,11,9
CN,I8,8646C0D4-F762-4DE5-5F4E-39D163297AB7,QINGDAO,12,22
CN,I8,824A3738-8B1F-40D6-B6C2-D4772E4DDCED,SHIDAO,11,19
CN,I8,824A3738-8B1F-40D6-B6C2-D4772E4DDCED,SHIDAO,12,26
CN,I8,45EFF196-73FA-CDBA-0261-39D163297A67,SUVA,11,1530
CN,I8,45EFF196-73FA-CDBA-0261-39D163297A67,SUVA,12,8061
CN,I8,FF656E17-3CDE-418A-6BAD-39D163297A7B,TARAWA,12,3
CN,I9,24637B8A-3709-6521-E4CB-39D163297A71,APIA,-11,15
CN,I9,24637B8A-3709-6521-E4CB-39D163297A71,APIA,-10,6
CN,I9,930A973D-68AE-57FC-DD15-39D163297A7B,AT SEA,-10,3
CN,I9,39203748-8A43-65A9-ECB9-39D163297A85,AVATIU,-11,6
CN,I9,DD1590E6-430E-BAAE-817D-39D163297A67,PAPEETE,-11,1
CN,I9,DD1590E6-430E-BAAE-817D-39D163297A67,PAPEETE,-10,10
CN,I9,7DF834AE-18E5-F5CA-432F-39D163297AA3,PUKAPUKA,-11,1
CN,I9,45EFF196-73FA-CDBA-0261-39D163297A67,SUVA,-11,115
CN,I9,45EFF196-73FA-CDBA-0261-39D163297A67,SUVA,-10,2
CN,I9,6DDD2482-A35A-74A8-13BF-39D163297A99,ZHOUSHAN,-10,3
CN,IW,24637B8A-3709-6521-E4CB-39D163297A71,APIA,-9,43
CN,IW,24637B8A-3709-6521-E4CB-39D163297A71,APIA,-8,164
CN,IW,24637B8A-3709-6521-E4CB-39D163297A71,APIA,-7,45
CN,IW,24637B8A-3709-6521-E4CB-39D163297A71,APIA,-6,19
CN,IW,930A973D-68AE-57FC-DD15-39D163297A7B,AT SEA,-10,3
CN,IW,930A973D-68AE-57FC-DD15-39D163297A7B,AT SEA,-9,102
CN,IW,930A973D-68AE-57FC-DD15-39D163297A7B,AT SEA,-8,501
CN,IW,930A973D-68AE-57FC-DD15-39D163297A7B,AT SEA,-7,267
CN,IW,930A973D-68AE-57FC-DD15-39D163297A7B,AT SEA,-6,35
CN,IW,9CBF38F2-100F-0471-5B62-3A079497E443,Faaa,-9,5
CN,IW,9CBF38F2-100F-0471-5B62-3A079497E443,Faaa,-8,105
CN,IW,9CBF38F2-100F-0471-5B62-3A079497E443,Faaa,-7,49
CN,IW,76C078AA-E35C-BB41-A469-3A210713172E,IQUIQUE,-8,20
CN,IW,76C078AA-E35C-BB41-A469-3A210713172E,IQUIQUE,-7,53
CN,IW,76C078AA-E35C-BB41-A469-3A210713172E,IQUIQUE,-6,3
CN,IW,76C078AA-E35C-BB41-A469-3A210713172E,IQUIQUE,-5,1
CN,IW,DD1590E6-430E-BAAE-817D-39D163297A67,PAPEETE,-9,80
CN,IW,DD1590E6-430E-BAAE-817D-39D163297A67,PAPEETE,-8,557
CN,IW,DD1590E6-430E-BAAE-817D-39D163297A67,PAPEETE,-7,108
CN,IW,DD1590E6-430E-BAAE-817D-39D163297A67,PAPEETE,-6,40
CN,IW,45EFF196-73FA-CDBA-0261-39D163297A67,SUVA,-9,73
CN,IW,45EFF196-73FA-CDBA-0261-39D163297A67,SUVA,-8,188
CN,IW,45EFF196-73FA-CDBA-0261-39D163297A67,SUVA,-7,11
CN,IW,FF656E17-3CDE-418A-6BAD-39D163297A7B,TARAWA,-8,74
CN,IW,FF656E17-3CDE-418A-6BAD-39D163297A7B,TARAWA,-7,7
CN,IW,DD6B232F-C32D-2907-F82E-39D1632979BD,UNKNOWN PORT,-8,42
CN,IW,DD6B232F-C32D-2907-F82E-39D1632979BD,UNKNOWN PORT,-7,12
CN,IW,6DDD2482-A35A-74A8-13BF-39D163297A99,ZHOUSHAN,-9,10
CN,IW,6DDD2482-A35A-74A8-13BF-39D163297A99,ZHOUSHAN,-8,117
CN,IW,6DDD2482-A35A-74A8-13BF-39D163297A99,ZHOUSHAN,-7,99
CN,IW,6DDD2482-A35A-74A8-13BF-39D163297A99,ZHOUSHAN,-6,47
CN,LN,,,-10,136
CN,LN,24637B8A-3709-6521-E4CB-39D163297A71,APIA,-10,63
CN,LN,930A973D-68AE-57FC-DD15-39D163297A7B,AT SEA,-11,76
CN,LN,930A973D-68AE-57FC-DD15-39D163297A7B,AT SEA,-10,863
CN,LN,9738C423-8F37-3002-672C-39D1632979C7,BUSAN,-11,2
CN,LN,9738C423-8F37-3002-672C-39D1632979C7,BUSAN,-10,17
CN,LN,076BEEA5-D1E3-DAD1-443F-39D163297A8F,DALIAN,-11,1
CN,LN,076BEEA5-D1E3-DAD1-443F-39D163297A8F,DALIAN,-10,13
CN,LN,9CBF38F2-100F-0471-5B62-3A079497E443,Faaa,-10,57
CN,LN,DD1590E6-430E-BAAE-817D-39D163297A67,PAPEETE,-10,685
CN,LN,45EFF196-73FA-CDBA-0261-39D163297A67,SUVA,-11,81
CN,LN,45EFF196-73FA-CDBA-0261-39D163297A67,SUVA,-10,1530
CN,LN,6DDD2482-A35A-74A8-13BF-39D163297A99,ZHOUSHAN,-11,1
CN,LN,6DDD2482-A35A-74A8-13BF-39D163297A99,ZHOUSHAN,-10,245
CN,MA,45EFF196-73FA-CDBA-0261-39D163297A67,SUVA,11,15
CN,MA,45EFF196-73FA-CDBA-0261-39D163297A67,SUVA,12,2
CN,MH,24637B8A-3709-6521-E4CB-39D163297A71,APIA,11,21
CN,MH,25CAFD97-6514-11D9-0DE2-39D163297A17,MAJURO,11,2792
CN,MH,25CAFD97-6514-11D9-0DE2-39D163297A17,MAJURO,12,127
CN,MH,A4072172-A4F1-0B05-D6B4-39D163297A7B,POHNPEI,11,1
CN,MH,45EFF196-73FA-CDBA-0261-39D163297A67,SUVA,12,3
CN,NC,45EFF196-73FA-CDBA-0261-39D163297A67,SUVA,11,20
CN,NF,824A3738-8B1F-40D6-B6C2-D4772E4DDCED,SHIDAO,11,2
CN,NF,45EFF196-73FA-CDBA-0261-39D163297A67,SUVA,11,5
CN,NZ,45EFF196-73FA-CDBA-0261-39D163297A67,SUVA,-12,2
CN,PF,24637B8A-3709-6521-E4CB-39D163297A71,APIA,-10,1
CN,PF,28E93CD7-BE58-38B7-85B5-39D163297A5D,PAGO PAGO,-11,1
CN,PF,DD1590E6-430E-BAAE-817D-39D163297A67,PAPEETE,-10,1
CN,PF,A4072172-A4F1-0B05-D6B4-39D163297A7B,POHNPEI,-10,1
CN,PF,45EFF196-73FA-CDBA-0261-39D163297A67,SUVA,-9,1
CN,PG,930A973D-68AE-57FC-DD15-39D163297A7B,AT SEA,9,31
CN,PG,930A973D-68AE-57FC-DD15-39D163297A7B,AT SEA,10,7135
CN,PG,930A973D-68AE-57FC-DD15-39D163297A7B,AT SEA,11,541
CN,PG,462B7EBB-30AD-7A0A-F881-39D163297A5D,RABAUL,10,89
CN,PG,824A3738-8B1F-40D6-B6C2-D4772E4DDCED,SHIDAO,10,438
CN,PG,824A3738-8B1F-40D6-B6C2-D4772E4DDCED,SHIDAO,11,111
CN,PG,45EFF196-73FA-CDBA-0261-39D163297A67,SUVA,10,4124
CN,PG,45EFF196-73FA-CDBA-0261-39D163297A67,SUVA,11,271
CN,PW,6B06F558-1070-2939-C232-39D163297A7B,MALAKAL,9,48
CN,PX,930A973D-68AE-57FC-DD15-39D163297A7B,AT SEA,-11,1
CN,PX,19489DE6-985E-ACF6-F326-39D163297A7B,KOSRAE,-12,5
CN,PX,19489DE6-985E-ACF6-F326-39D163297A7B,KOSRAE,-11,34
CN,PX,824A3738-8B1F-40D6-B6C2-D4772E4DDCED,SHIDAO,-12,1
CN,PX,45EFF196-73FA-CDBA-0261-39D163297A67,SUVA,-12,50
CN,PX,45EFF196-73FA-CDBA-0261-39D163297A67,SUVA,-11,22
CN,PX,6DDD2482-A35A-74A8-13BF-39D163297A99,ZHOUSHAN,-11,13
CN,PY,6DDD2482-A35A-74A8-13BF-39D163297A99,ZHOUSHAN,-11,1
CN,SB,930A973D-68AE-57FC-DD15-39D163297A7B,AT SEA,10,2
CN,SB,930A973D-68AE-57FC-DD15-39D163297A7B,AT SEA,11,10
CN,SB,930A973D-68AE-57FC-DD15-39D163297A7B,AT SEA,12,8
CN,SB,EF3F4CD8-EC59-46E9-7887-39D1632979D1,HONIARA,10,12
CN,SB,EF3F4CD8-EC59-46E9-7887-39D1632979D1,HONIARA,11,6867
CN,SB,EF3F4CD8-EC59-46E9-7887-39D1632979D1,HONIARA,12,92
CN,SB,C43CE854-3BF9-913C-F33A-39D163297A53,NORO,10,14
CN,SB,C43CE854-3BF9-913C-F33A-39D163297A53,NORO,11,277
CN,SB,1950C31A-A738-8100-50AC-39D163297A85,PORT VILA,11,211
CN,SB,45EFF196-73FA-CDBA-0261-39D163297A67,SUVA,10,4
CN,SB,45EFF196-73FA-CDBA-0261-39D163297A67,SUVA,11,28827
CN,SB,45EFF196-73FA-CDBA-0261-39D163297A67,SUVA,12,1336
CN,SB,FF656E17-3CDE-418A-6BAD-39D163297A7B,TARAWA,12,1
CN,TK,824A3738-8B1F-40D6-B6C2-D4772E4DDCED,SHIDAO,-11,1
CN,TK,45EFF196-73FA-CDBA-0261-39D163297A67,SUVA,-12,1
CN,TK,45EFF196-73FA-CDBA-0261-39D163297A67,SUVA,-11,16
CN,TV,930A973D-68AE-57FC-DD15-39D163297A7B,AT SEA,-12,16
CN,TV,930A973D-68AE-57FC-DD15-39D163297A7B,AT SEA,12,10
CN,TV,9738C423-8F37-3002-672C-39D1632979C7,BUSAN,-12,7
CN,TV,9738C423-8F37-3002-672C-39D1632979C7,BUSAN,12,26
CN,TV,79410188-A6B1-7B0D-CBAA-39D163297A17,LEVUKA,-12,13
CN,TV,79410188-A6B1-7B0D-CBAA-39D163297A17,LEVUKA,12,12
CN,TV,C43CE854-3BF9-913C-F33A-39D163297A53,NORO,12,45
CN,TV,8646C0D4-F762-4DE5-5F4E-39D163297AB7,QINGDAO,-12,6
CN,TV,8646C0D4-F762-4DE5-5F4E-39D163297AB7,QINGDAO,12,27
CN,TV,824A3738-8B1F-40D6-B6C2-D4772E4DDCED,SHIDAO,-12,22
CN,TV,824A3738-8B1F-40D6-B6C2-D4772E4DDCED,SHIDAO,12,30
CN,TV,45EFF196-73FA-CDBA-0261-39D163297A67,SUVA,-12,1540
CN,TV,45EFF196-73FA-CDBA-0261-39D163297A67,SUVA,12,3819
CN,TV,FF656E17-3CDE-418A-6BAD-39D163297A7B,TARAWA,12,1
CN,VU,24637B8A-3709-6521-E4CB-39D163297A71,APIA,11,43
CN,VU,930A973D-68AE-57FC-DD15-39D163297A7B,AT SEA,11,214
CN,VU,930A973D-68AE-57FC-DD15-39D163297A7B,AT SEA,12,10
CN,VU,EF3F4CD8-EC59-46E9-7887-39D1632979D1,HONIARA,11,178
CN,VU,EF3F4CD8-EC59-46E9-7887-39D1632979D1,HONIARA,12,1
CN,VU,3387B088-2D33-67CB-7C56-39D1632979D1,KAOHSIUNG,11,44
CN,VU,19489DE6-985E-ACF6-F326-39D163297A7B,KOSRAE,11,1
CN,VU,C43CE854-3BF9-913C-F33A-39D163297A53,NORO,11,2
CN,VU,C43CE854-3BF9-913C-F33A-39D163297A53,NORO,12,12
CN,VU,3A61FB18-AD96-232F-3D8E-3A06F5B35105,PONTA DELGADA,11,27
CN,VU,3A61FB18-AD96-232F-3D8E-3A06F5B35105,PONTA DELGADA,12,3
CN,VU,1950C31A-A738-8100-50AC-39D163297A85,PORT VILA,11,5403
CN,VU,1950C31A-A738-8100-50AC-39D163297A85,PORT VILA,12,118
CN,VU,8646C0D4-F762-4DE5-5F4E-39D163297AB7,QINGDAO,11,1
CN,VU,824A3738-8B1F-40D6-B6C2-D4772E4DDCED,SHIDAO,11,413
CN,VU,824A3738-8B1F-40D6-B6C2-D4772E4DDCED,SHIDAO,12,5
CN,VU,45EFF196-73FA-CDBA-0261-39D163297A67,SUVA,11,45328
CN,VU,45EFF196-73FA-CDBA-0261-39D163297A67,SUVA,12,3416
CN,WS,24637B8A-3709-6521-E4CB-39D163297A71,APIA,-11,1
ES,FJ,45EFF196-73FA-CDBA-0261-39D163297A67,SUVA,12,2
ES,I7,469C31FA-B026-D989-414A-39D1632979C7,AUCKLAND,-11,66
ES,I7,469C31FA-B026-D989-414A-39D1632979C7,AUCKLAND,12,23
ES,I7,45EFF196-73FA-CDBA-0261-39D163297A67,SUVA,-12,49
ES,I7,45EFF196-73FA-CDBA-0261-39D163297A67,SUVA,-11,89
ES,I7,45EFF196-73FA-CDBA-0261-39D163297A67,SUVA,12,152
ES,NU,45EFF196-73FA-CDBA-0261-39D163297A67,SUVA,-11,1
FJ,AS,24637B8A-3709-6521-E4CB-39D163297A71,APIA,-12,1
FJ,AU,45EFF196-73FA-CDBA-0261-39D163297A67,SUVA,11,2
FJ,FJ,E425E0FD-D4C0-EA7A-CD5F-39D163297A8F,LAUTOKA,12,52
FJ,FJ,4EEC5769-0A18-D498-ED39-39FCBE22CB2F,MUAIWALU,-12,49
FJ,FJ,4EEC5769-0A18-D498-ED39-39FCBE22CB2F,MUAIWALU,12,118
FJ,FJ,BD821F56-3B81-9C26-2649-39D163297A53,NUKU'ALOFA,-12,4
FJ,FJ,45EFF196-73FA-CDBA-0261-39D163297A67,SUVA,-12,15250
FJ,FJ,45EFF196-73FA-CDBA-0261-39D163297A67,SUVA,12,68283
FJ,GL,C43CE854-3BF9-913C-F33A-39D163297A53,NORO,11,14
FJ,GL,45EFF196-73FA-CDBA-0261-39D163297A67,SUVA,11,37
FJ,GL,45EFF196-73FA-CDBA-0261-39D163297A67,SUVA,12,2
FJ,GL,FF656E17-3CDE-418A-6BAD-39D163297A7B,TARAWA,11,483
FJ,GL,FF656E17-3CDE-418A-6BAD-39D163297A7B,TARAWA,12,163
FJ,H4,45EFF196-73FA-CDBA-0261-39D163297A67,SUVA,-12,628
FJ,H4,45EFF196-73FA-CDBA-0261-39D163297A67,SUVA,12,2
FJ,H5,79410188-A6B1-7B0D-CBAA-39D163297A17,LEVUKA,-11,40
FJ,H5,45EFF196-73FA-CDBA-0261-39D163297A67,SUVA,-11,752
FJ,HB,45EFF196-73FA-CDBA-0261-39D163297A67,SUVA,-12,4
FJ,I2,C43CE854-3BF9-913C-F33A-39D163297A53,NORO,11,1
FJ,I2,D4EDD97E-F4BF-2E21-835F-39D163297A99,SHANGHAI,11,12
FJ,I2,45EFF196-73FA-CDBA-0261-39D163297A67,SUVA,11,329
FJ,I2,45EFF196-73FA-CDBA-0261-39D163297A67,SUVA,12,509
FJ,I2,FF656E17-3CDE-418A-6BAD-39D163297A7B,TARAWA,11,5
FJ,I3,45EFF196-73FA-CDBA-0261-39D163297A67,SUVA,11,3
FJ,I3,45EFF196-73FA-CDBA-0261-39D163297A67,SUVA,12,21
FJ,I4,45EFF196-73FA-CDBA-0261-39D163297A67,SUVA,-12,89
FJ,I4,45EFF196-73FA-CDBA-0261-39D163297A67,SUVA,-11,2
FJ,I4,45EFF196-73FA-CDBA-0261-39D163297A67,SUVA,12,403
FJ,I5,45EFF196-73FA-CDBA-0261-39D163297A67,SUVA,-11,2
FJ,I6,45EFF196-73FA-CDBA-0261-39D163297A67,SUVA,12,10
FJ,I7,4EEC5769-0A18-D498-ED39-39FCBE22CB2F,MUAIWALU,-12,1
FJ,I7,4EEC5769-0A18-D498-ED39-39FCBE22CB2F,MUAIWALU,-11,23
FJ,I7,4EEC5769-0A18-D498-ED39-39FCBE22CB2F,MUAIWALU,12,16
FJ,I7,BD821F56-3B81-9C26-2649-39D163297A53,NUKU'ALOFA,-12,45
FJ,I7,BD821F56-3B81-9C26-2649-39D163297A53,NUKU'ALOFA,-11,54
FJ,I7,BD821F56-3B81-9C26-2649-39D163297A53,NUKU'ALOFA,12,36
FJ,I7,45EFF196-73FA-CDBA-0261-39D163297A67,SUVA,-12,913
FJ,I7,45EFF196-73FA-CDBA-0261-39D163297A67,SUVA,-11,1139
FJ,I7,45EFF196-73FA-CDBA-0261-39D163297A67,SUVA,-10,4
FJ,I7,45EFF196-73FA-CDBA-0261-39D163297A67,SUVA,11,2341
FJ,I7,45EFF196-73FA-CDBA-0261-39D163297A67,SUVA,12,2321
FJ,I8,C43CE854-3BF9-913C-F33A-39D163297A53,NORO,11,14
FJ,I8,C43CE854-3BF9-913C-F33A-39D163297A53,NORO,12,39
FJ,I8,BD821F56-3B81-9C26-2649-39D163297A53,NUKU'ALOFA,11,2
FJ,I8,BD821F56-3B81-9C26-2649-39D163297A53,NUKU'ALOFA,12,20
FJ,I8,D4EDD97E-F4BF-2E21-835F-39D163297A99,SHANGHAI,12,1
FJ,I8,45EFF196-73FA-CDBA-0261-39D163297A67,SUVA,11,282
FJ,I8,45EFF196-73FA-CDBA-0261-39D163297A67,SUVA,12,1181
FJ,I9,45EFF196-73FA-CDBA-0261-39D163297A67,SUVA,-11,43
FJ,I9,45EFF196-73FA-CDBA-0261-39D163297A67,SUVA,-10,11
FJ,IW,4EEC5769-0A18-D498-ED39-39FCBE22CB2F,MUAIWALU,12,1
FJ,IW,C43CE854-3BF9-913C-F33A-39D163297A53,NORO,-5,1
FJ,IW,C43CE854-3BF9-913C-F33A-39D163297A53,NORO,1,18
FJ,IW,9EC1BF9C-088E-44D2-4CD9-39D163297A5D,PANAMA,-7,79
FJ,IW,9EC1BF9C-088E-44D2-4CD9-39D163297A5D,PANAMA,-6,76
FJ,IW,45EFF196-73FA-CDBA-0261-39D163297A67,SUVA,12,1
FJ,IW,FF656E17-3CDE-418A-6BAD-39D163297A7B,TARAWA,0,5
FJ,IW,FF656E17-3CDE-418A-6BAD-39D163297A7B,TARAWA,1,2
FJ,IW,BEC17B8B-DF68-1724-77B0-39E5C3D1774E,VACAMONTE,-7,3
FJ,IW,BEC17B8B-DF68-1724-77B0-39E5C3D1774E,VACAMONTE,-6,68
FJ,LN,45EFF196-73FA-CDBA-0261-39D163297A67,SUVA,-11,1
FJ,LN,45EFF196-73FA-CDBA-0261-39D163297A67,SUVA,-10,66
FJ,MA,45EFF196-73FA-CDBA-0261-39D163297A67,SUVA,11,3
FJ,MA,45EFF196-73FA-CDBA-0261-39D163297A67,SUVA,12,2
FJ,NC,45EFF196-73FA-CDBA-0261-39D163297A67,SUVA,11,6
FJ,NF,45EFF196-73FA-CDBA-0261-39D163297A67,SUVA,11,5
FJ,NU,45EFF196-73FA-CDBA-0261-39D163297A67,SUVA,-11,15
FJ,NZ,45EFF196-73FA-CDBA-0261-39D163297A67,SUVA,-12,2
FJ,PG,C43CE854-3BF9-913C-F33A-39D163297A53,NORO,10,1
FJ,PX,45EFF196-73FA-CDBA-0261-39D163297A67,SUVA,-12,2
FJ,PX,45EFF196-73FA-CDBA-0261-39D163297A67,SUVA,-11,1
FJ,SB,C43CE854-3BF9-913C-F33A-39D163297A53,NORO,10,1
FJ,SB,C43CE854-3BF9-913C-F33A-39D163297A53,NORO,11,226
FJ,SB,C43CE854-3BF9-913C-F33A-39D163297A53,NORO,12,13
FJ,SB,45EFF196-73FA-CDBA-0261-39D163297A67,SUVA,10,14
FJ,SB,45EFF196-73FA-CDBA-0261-39D163297A67,SUVA,11,1233
FJ,SB,45EFF196-73FA-CDBA-0261-39D163297A67,SUVA,12,40
FJ,TK,24637B8A-3709-6521-E4CB-39D163297A71,APIA,-12,111
FJ,TK,24637B8A-3709-6521-E4CB-39D163297A71,APIA,-11,64
FJ,TO,BD821F56-3B81-9C26-2649-39D163297A53,NUKU'ALOFA,-12,3694
FJ,TO,BD821F56-3B81-9C26-2649-39D163297A53,NUKU'ALOFA,-11,507
FJ,TO,45EFF196-73FA-CDBA-0261-39D163297A67,SUVA,-12,611
FJ,TO,45EFF196-73FA-CDBA-0261-39D163297A67,SUVA,-11,83
FJ,TV,4EEC5769-0A18-D498-ED39-39FCBE22CB2F,MUAIWALU,12,21
FJ,TV,C43CE854-3BF9-913C-F33A-39D163297A53,NORO,-12,58
FJ,TV,C43CE854-3BF9-913C-F33A-39D163297A53,NORO,12,16
FJ,TV,45EFF196-73FA-CDBA-0261-39D163297A67,SUVA,-12,1380
FJ,TV,45EFF196-73FA-CDBA-0261-39D163297A67,SUVA,12,3437
FJ,VU,C43CE854-3BF9-913C-F33A-39D163297A53,NORO,11,32
FJ,VU,BD821F56-3B81-9C26-2649-39D163297A53,NUKU'ALOFA,11,12
FJ,VU,BD821F56-3B81-9C26-2649-39D163297A53,NUKU'ALOFA,12,5
FJ,VU,45EFF196-73FA-CDBA-0261-39D163297A67,SUVA,11,7775
FJ,VU,45EFF196-73FA-CDBA-0261-39D163297A67,SUVA,12,623
FJ,WF,45EFF196-73FA-CDBA-0261-39D163297A67,SUVA,-12,6
FJ,WF,45EFF196-73FA-CDBA-0261-39D163297A67,SUVA,12,2
FJ,WS,24637B8A-3709-6521-E4CB-39D163297A71,APIA,-12,97
FJ,WS,24637B8A-3709-6521-E4CB-39D163297A71,APIA,-11,19
FM,AS,24637B8A-3709-6521-E4CB-39D163297A71,APIA,-11,6
FM,AS,A4072172-A4F1-0B05-D6B4-39D163297A7B,POHNPEI,-11,1
FM,AU,713E3822-942F-BF0F-AE72-39D163297A8F,ALOTAU,10,1
FM,AU,A4072172-A4F1-0B05-D6B4-39D163297A7B,POHNPEI,8,1
FM,CK,,,-11,13
FM,CK,24637B8A-3709-6521-E4CB-39D163297A71,APIA,-11,8401
FM,CK,24637B8A-3709-6521-E4CB-39D163297A71,APIA,-10,422
FM,CK,19489DE6-985E-ACF6-F326-39D163297A7B,KOSRAE,-11,711
FM,CK,19489DE6-985E-ACF6-F326-39D163297A7B,KOSRAE,-10,39
FM,CK,28E93CD7-BE58-38B7-85B5-39D163297A5D,PAGO PAGO,-11,33
FM,CK,28E93CD7-BE58-38B7-85B5-39D163297A5D,PAGO PAGO,-10,6
FM,CK,A4072172-A4F1-0B05-D6B4-39D163297A7B,POHNPEI,-11,648
FM,CK,A4072172-A4F1-0B05-D6B4-39D163297A7B,POHNPEI,-10,53
FM,CK,45EFF196-73FA-CDBA-0261-39D163297A67,SUVA,-11,606
FM,CK,45EFF196-73FA-CDBA-0261-39D163297A67,SUVA,-10,47
FM,CK,DD6B232F-C32D-2907-F82E-39D1632979BD,UNKNOWN PORT,-11,50
FM,CK,DD6B232F-C32D-2907-F82E-39D1632979BD,UNKNOWN PORT,-10,29
FM,FM,24637B8A-3709-6521-E4CB-39D163297A71,APIA,9,6
FM,FM,24637B8A-3709-6521-E4CB-39D163297A71,APIA,10,245
FM,FM,24637B8A-3709-6521-E4CB-39D163297A71,APIA,11,292
FM,FM,930A973D-68AE-57FC-DD15-39D163297A7B,AT SEA,9,30
FM,FM,930A973D-68AE-57FC-DD15-39D163297A7B,AT SEA,10,152
FM,FM,930A973D-68AE-57FC-DD15-39D163297A7B,AT SEA,11,11
FM,FM,9738C423-8F37-3002-672C-39D1632979C7,BUSAN,9,53
FM,FM,9738C423-8F37-3002-672C-39D1632979C7,BUSAN,10,68
FM,FM,2AFC9CAD-8E33-ABD1-9FBF-39D163297A7B,CHUUK,10,26
FM,FM,2AFC9CAD-8E33-ABD1-9FBF-39D163297A7B,CHUUK,11,2
FM,FM,8CA14930-AFD4-C101-F1B9-39FEABD51A06,DONGGANG,9,70
FM,FM,8CA14930-AFD4-C101-F1B9-39FEABD51A06,DONGGANG,10,1
FM,FM,D1BFBDFD-CEA3-911C-69E8-39D163297AB7,HONG KONG,9,113
FM,FM,D1BFBDFD-CEA3-911C-69E8-39D163297AB7,HONG KONG,10,8
FM,FM,3387B088-2D33-67CB-7C56-39D1632979D1,KAOHSIUNG,9,290
FM,FM,3387B088-2D33-67CB-7C56-39D1632979D1,KAOHSIUNG,10,63
FM,FM,1CFC5B19-3A18-51F5-AFBC-39D163297A7B,KOROR,10,151
FM,FM,1CFC5B19-3A18-51F5-AFBC-39D163297A7B,KOROR,11,3
FM,FM,19489DE6-985E-ACF6-F326-39D163297A7B,KOSRAE,9,431
FM,FM,19489DE6-985E-ACF6-F326-39D163297A7B,KOSRAE,10,4453
FM,FM,19489DE6-985E-ACF6-F326-39D163297A7B,KOSRAE,11,1934
FM,FM,25CAFD97-6514-11D9-0DE2-39D163297A17,MAJURO,10,9
FM,FM,25CAFD97-6514-11D9-0DE2-39D163297A17,MAJURO,11,10
FM,FM,28E93CD7-BE58-38B7-85B5-39D163297A5D,PAGO PAGO,10,152
FM,FM,28E93CD7-BE58-38B7-85B5-39D163297A5D,PAGO PAGO,11,38
FM,FM,A4072172-A4F1-0B05-D6B4-39D163297A7B,POHNPEI,9,601
FM,FM,A4072172-A4F1-0B05-D6B4-39D163297A7B,POHNPEI,10,5267
FM,FM,A4072172-A4F1-0B05-D6B4-39D163297A7B,POHNPEI,11,1237
FM,FM,824A3738-8B1F-40D6-B6C2-D4772E4DDCED,SHIDAO,9,293
FM,FM,824A3738-8B1F-40D6-B6C2-D4772E4DDCED,SHIDAO,10,595
FM,FM,824A3738-8B1F-40D6-B6C2-D4772E4DDCED,SHIDAO,11,34
FM,FM,45EFF196-73FA-CDBA-0261-39D163297A67,SUVA,9,29
FM,FM,45EFF196-73FA-CDBA-0261-39D163297A67,SUVA,10,1072
FM,FM,45EFF196-73FA-CDBA-0261-39D163297A67,SUVA,11,259
FM,FM,C3BBC065-7064-C429-0720-39D163297A7B,YAP,9,42
FM,FM,C3BBC065-7064-C429-0720-39D163297A7B,YAP,10,194
FM,FM,C3BBC065-7064-C429-0720-39D163297A7B,YAP,11,2
FM,GL,24637B8A-3709-6521-E4CB-39D163297A71,APIA,11,1
FM,GL,24637B8A-3709-6521-E4CB-39D163297A71,APIA,12,75
FM,GL,25CAFD97-6514-11D9-0DE2-39D163297A17,MAJURO,11,1
FM,GL,25CAFD97-6514-11D9-0DE2-39D163297A17,MAJURO,12,1
FM,GU,824A3738-8B1F-40D6-B6C2-D4772E4DDCED,SHIDAO,10,1
FM,H4,24637B8A-3709-6521-E4CB-39D163297A71,APIA,-12,3
FM,H4,19489DE6-985E-ACF6-F326-39D163297A7B,KOSRAE,-12,25
FM,H5,,,-11,9
FM,H5,24637B8A-3709-6521-E4CB-39D163297A71,APIA,-11,133
FM,H5,19489DE6-985E-ACF6-F326-39D163297A7B,KOSRAE,-11,61
FM,H5,45EFF196-73FA-CDBA-0261-39D163297A67,SUVA,-11,1
FM,I1,D1BFBDFD-CEA3-911C-69E8-39D163297AB7,HONG KONG,9,1
FM,I1,3387B088-2D33-67CB-7C56-39D1632979D1,KAOHSIUNG,10,1
FM,I1,19489DE6-985E-ACF6-F326-39D163297A7B,KOSRAE,10,2
FM,I1,A4072172-A4F1-0B05-D6B4-39D163297A7B,POHNPEI,10,2
FM,I2,24637B8A-3709-6521-E4CB-39D163297A71,APIA,11,23
FM,I2,930A973D-68AE-57FC-DD15-39D163297A7B,AT SEA,11,6
FM,I2,19489DE6-985E-ACF6-F326-39D163297A7B,KOSRAE,11,134
FM,I2,25CAFD97-6514-11D9-0DE2-39D163297A17,MAJURO,11,1
FM,I2,A4072172-A4F1-0B05-D6B4-39D163297A7B,POHNPEI,11,111
FM,I2,45EFF196-73FA-CDBA-0261-39D163297A67,SUVA,11,668
FM,I2,C3BBC065-7064-C429-0720-39D163297A7B,YAP,11,2
FM,I3,3387B088-2D33-67CB-7C56-39D1632979D1,KAOHSIUNG,9,4
FM,I3,25CAFD97-6514-11D9-0DE2-39D163297A17,MAJURO,12,35
FM,I3,A4072172-A4F1-0B05-D6B4-39D163297A7B,POHNPEI,9,4
FM,I3,A4072172-A4F1-0B05-D6B4-39D163297A7B,POHNPEI,10,28
FM,I3,A4072172-A4F1-0B05-D6B4-39D163297A7B,POHNPEI,11,8
FM,I4,24637B8A-3709-6521-E4CB-39D163297A71,APIA,12,15
FM,I4,25CAFD97-6514-11D9-0DE2-39D163297A17,MAJURO,12,30
FM,I5,24637B8A-3709-6521-E4CB-39D163297A71,APIA,-10,46
FM,I5,24637B8A-3709-6521-E4CB-39D163297A71,APIA,-9,121
FM,I5,EF3F4CD8-EC59-46E9-7887-39D1632979D1,HONIARA,-9,1
FM,I5,19489DE6-985E-ACF6-F326-39D163297A7B,KOSRAE,-10,10
FM,I8,A4072172-A4F1-0B05-D6B4-39D163297A7B,POHNPEI,12,3
FM,I8,45EFF196-73FA-CDBA-0261-39D163297A67,SUVA,12,4
FM,IW,24637B8A-3709-6521-E4CB-39D163297A71,APIA,-9,63
FM,IW,24637B8A-3709-6521-E4CB-39D163297A71,APIA,-8,377
FM,IW,930A973D-68AE-57FC-DD15-39D163297A7B,AT SEA,12,1
FM,LN,24637B8A-3709-6521-E4CB-39D163297A71,APIA,-11,3
FM,LN,24637B8A-3709-6521-E4CB-39D163297A71,APIA,-10,64
FM,MH,24637B8A-3709-6521-E4CB-39D163297A71,APIA,11,51
FM,MH,EB0EFE4E-8BB8-AF40-937A-39D163297A7B,KIRITIMATI,11,10
FM,MH,19489DE6-985E-ACF6-F326-39D163297A7B,KOSRAE,11,9
FM,MH,25CAFD97-6514-11D9-0DE2-39D163297A17,MAJURO,11,7214
FM,MH,25CAFD97-6514-11D9-0DE2-39D163297A17,MAJURO,12,546
FM,NR,45EFF196-73FA-CDBA-0261-39D163297A67,SUVA,11,3
FM,PG,713E3822-942F-BF0F-AE72-39D163297A8F,ALOTAU,10,2179
FM,PG,713E3822-942F-BF0F-AE72-39D163297A8F,ALOTAU,11,8
FM,PG,930A973D-68AE-57FC-DD15-39D163297A7B,AT SEA,10,409
FM,PG,19489DE6-985E-ACF6-F326-39D163297A7B,KOSRAE,9,7
FM,PG,19489DE6-985E-ACF6-F326-39D163297A7B,KOSRAE,10,806
FM,PG,19489DE6-985E-ACF6-F326-39D163297A7B,KOSRAE,11,298
FM,PG,A4072172-A4F1-0B05-D6B4-39D163297A7B,POHNPEI,10,5
FM,PG,A4072172-A4F1-0B05-D6B4-39D163297A7B,POHNPEI,11,35
FM,PG,DFB46F49-6001-8A6B-230A-39D163297A5D,PORT MORESBY,10,420
FM,PG,824A3738-8B1F-40D6-B6C2-D4772E4DDCED,SHIDAO,10,177
FM,PG,824A3738-8B1F-40D6-B6C2-D4772E4DDCED,SHIDAO,11,35
FM,PG,45EFF196-73FA-CDBA-0261-39D163297A67,SUVA,10,1
FM,PX,24637B8A-3709-6521-E4CB-39D163297A71,APIA,-12,8
FM,PX,24637B8A-3709-6521-E4CB-39D163297A71,APIA,-11,29
FM,PX,19489DE6-985E-ACF6-F326-39D163297A7B,KOSRAE,-12,5
FM,PX,19489DE6-985E-ACF6-F326-39D163297A7B,KOSRAE,-11,34
FM,SB,EF3F4CD8-EC59-46E9-7887-39D1632979D1,HONIARA,11,71
FM,SB,19489DE6-985E-ACF6-F326-39D163297A7B,KOSRAE,11,1
FM,SB,C43CE854-3BF9-913C-F33A-39D163297A53,NORO,10,7
FM,SB,C43CE854-3BF9-913C-F33A-39D163297A53,NORO,11,45
FM,TK,24637B8A-3709-6521-E4CB-39D163297A71,APIA,-11,2
FM,VU,930A973D-68AE-57FC-DD15-39D163297A7B,AT SEA,11,31
FM,VU,930A973D-68AE-57FC-DD15-39D163297A7B,AT SEA,12,6
FM,VU,A4072172-A4F1-0B05-D6B4-39D163297A7B,POHNPEI,11,83
FM,VU,A4072172-A4F1-0B05-D6B4-39D163297A7B,POHNPEI,12,8
FM,VU,45EFF196-73FA-CDBA-0261-39D163297A67,SUVA,11,165
FM,VU,45EFF196-73FA-CDBA-0261-39D163297A67,SUVA,12,18
FM,WS,24637B8A-3709-6521-E4CB-39D163297A71,APIA,-11,1
JP,AU,930A973D-68AE-57FC-DD15-39D163297A7B,AT SEA,10,1
JP,AU,B79DECAC-1015-7AC8-D3B2-39D1632979D1,KESENNUMA,10,1
JP,AU,AE8971CD-290F-A4CF-BA8E-39D163297A71,YAIZU,10,1
JP,FM,930A973D-68AE-57FC-DD15-39D163297A7B,AT SEA,10,189
JP,FM,930A973D-68AE-57FC-DD15-39D163297A7B,AT SEA,11,117
JP,FM,34C8DDAD-3FD0-6EAA-25F9-39D1632979C7,GUAM,9,578
JP,FM,34C8DDAD-3FD0-6EAA-25F9-39D1632979C7,GUAM,10,4232
JP,FM,34C8DDAD-3FD0-6EAA-25F9-39D1632979C7,GUAM,11,34
JP,FM,84CF5DE6-1770-3A12-1404-39D1632979D1,KAMAISHI,10,42
JP,FM,E0F680C1-07E6-1DEC-67E5-39D1632979D1,KATSUURA,10,12
JP,FM,B79DECAC-1015-7AC8-D3B2-39D1632979D1,KESENNUMA,9,7
JP,FM,B79DECAC-1015-7AC8-D3B2-39D1632979D1,KESENNUMA,10,3363
JP,FM,B79DECAC-1015-7AC8-D3B2-39D1632979D1,KESENNUMA,11,1330
JP,FM,43972A23-3D11-4CA4-5341-39D163297A21,MISAKI,10,360
JP,FM,43972A23-3D11-4CA4-5341-39D163297A21,MISAKI,11,206
JP,FM,6782F4C3-AFCA-ACA5-605C-3A05F924339A,MOTUEKA,10,73
JP,FM,E6318C21-09E6-A4E4-E8D4-39D163297A53,NAHA,9,36
JP,FM,5D368176-877B-C7AC-B46D-39DE0B905130,NANGO,11,9
JP,FM,18B1875B-654C-938A-806A-39EA4FE13D19,NICHINAN,10,51
JP,FM,18B1875B-654C-938A-806A-39EA4FE13D19,NICHINAN,11,130
JP,FM,A4072172-A4F1-0B05-D6B4-39D163297A7B,POHNPEI,10,57
JP,FM,A4072172-A4F1-0B05-D6B4-39D163297A7B,POHNPEI,11,99
JP,FM,462B7EBB-30AD-7A0A-F881-39D163297A5D,RABAUL,10,5
JP,FM,462B7EBB-30AD-7A0A-F881-39D163297A5D,RABAUL,11,28
JP,FM,71A6C4C2-5E7D-BC1D-D29B-39D163297A5D,SHIMIZU,10,155
JP,FM,71A6C4C2-5E7D-BC1D-D29B-39D163297A5D,SHIMIZU,11,260
JP,FM,D181BB9A-ECF9-0A85-E679-39D163297A5D,SHIOGAMA,9,1
JP,FM,D181BB9A-ECF9-0A85-E679-39D163297A5D,SHIOGAMA,10,166
JP,FM,D181BB9A-ECF9-0A85-E679-39D163297A5D,SHIOGAMA,11,35
JP,FM,03F9CDC7-0D77-391A-C98C-39D163297A67,SHIZUOKA,10,37
JP,FM,03F9CDC7-0D77-391A-C98C-39D163297A67,SHIZUOKA,11,20
JP,FM,AE8971CD-290F-A4CF-BA8E-39D163297A71,YAIZU,10,507
JP,FM,AE8971CD-290F-A4CF-BA8E-39D163297A71,YAIZU,11,314
JP,I0,45ED2048-2A42-3F33-2312-39D163297A53,NACHIKATSU,9,9
JP,I0,E6318C21-09E6-A4E4-E8D4-39D163297A53,NAHA,9,8
JP,I1,34C8DDAD-3FD0-6EAA-25F9-39D1632979C7,GUAM,9,9
JP,I1,34C8DDAD-3FD0-6EAA-25F9-39D1632979C7,GUAM,10,43
JP,I1,E0F680C1-07E6-1DEC-67E5-39D1632979D1,KATSUURA,10,5
JP,I2,B79DECAC-1015-7AC8-D3B2-39D1632979D1,KESENNUMA,10,1
JP,I2,AE8971CD-290F-A4CF-BA8E-39D163297A71,YAIZU,11,1
JP,I3,D9D37706-1768-6E72-40E3-39D1632979D1,ITOMAN,9,237
JP,I3,E0F680C1-07E6-1DEC-67E5-39D1632979D1,KATSUURA,9,9
JP,I3,E0F680C1-07E6-1DEC-67E5-39D1632979D1,KATSUURA,10,1
JP,I3,E6318C21-09E6-A4E4-E8D4-39D163297A53,NAHA,9,1932
JP,I3,AE8971CD-290F-A4CF-BA8E-39D163297A71,YAIZU,10,1
JP,I8,45EFF196-73FA-CDBA-0261-39D163297A67,SUVA,12,2
JP,IW,E6318C21-09E6-A4E4-E8D4-39D163297A53,NAHA,1,1
JP,JP,D9D37706-1768-6E72-40E3-39D1632979D1,ITOMAN,8,3
JP,JP,D9D37706-1768-6E72-40E3-39D1632979D1,ITOMAN,9,17
JP,JP,B79DECAC-1015-7AC8-D3B2-39D1632979D1,KESENNUMA,9,1
JP,JP,E6318C21-09E6-A4E4-E8D4-39D163297A53,NAHA,8,4
JP,JP,E6318C21-09E6-A4E4-E8D4-39D163297A53,NAHA,9,121
JP,MH,B79DECAC-1015-7AC8-D3B2-39D1632979D1,KESENNUMA,11,357
JP,MH,B79DECAC-1015-7AC8-D3B2-39D1632979D1,KESENNUMA,12,19
JP,MH,43972A23-3D11-4CA4-5341-39D163297A21,MISAKI,11,334
JP,MH,5D368176-877B-C7AC-B46D-39DE0B905130,NANGO,11,112
JP,MH,18B1875B-654C-938A-806A-39EA4FE13D19,NICHINAN,11,567
JP,MH,18B1875B-654C-938A-806A-39EA4FE13D19,NICHINAN,12,14
JP,MH,A4072172-A4F1-0B05-D6B4-39D163297A7B,POHNPEI,11,19
JP,MH,71A6C4C2-5E7D-BC1D-D29B-39D163297A5D,SHIMIZU,11,355
JP,MH,71A6C4C2-5E7D-BC1D-D29B-39D163297A5D,SHIMIZU,12,21
JP,MH,D181BB9A-ECF9-0A85-E679-39D163297A5D,SHIOGAMA,11,32
JP,MH,D181BB9A-ECF9-0A85-E679-39D163297A5D,SHIOGAMA,12,12
JP,MH,03F9CDC7-0D77-391A-C98C-39D163297A67,SHIZUOKA,11,57
JP,MH,03F9CDC7-0D77-391A-C98C-39D163297A67,SHIZUOKA,12,1
JP,MH,AE8971CD-290F-A4CF-BA8E-39D163297A71,YAIZU,11,296
JP,NR,A4072172-A4F1-0B05-D6B4-39D163297A7B,POHNPEI,11,59
JP,PG,930A973D-68AE-57FC-DD15-39D163297A7B,AT SEA,9,1
JP,PG,930A973D-68AE-57FC-DD15-39D163297A7B,AT SEA,10,2919
JP,PG,930A973D-68AE-57FC-DD15-39D163297A7B,AT SEA,11,101
JP,PG,E8A37D81-2761-88F5-AEDB-39D163297A71,BENOA,10,149
JP,PG,EF3F4CD8-EC59-46E9-7887-39D1632979D1,HONIARA,10,1
JP,PG,84CF5DE6-1770-3A12-1404-39D1632979D1,KAMAISHI,10,42
JP,PG,B79DECAC-1015-7AC8-D3B2-39D1632979D1,KESENNUMA,10,2213
JP,PG,B79DECAC-1015-7AC8-D3B2-39D1632979D1,KESENNUMA,11,138
JP,PG,52608492-6C6D-57F7-4800-39D1632979D1,KOCHI,10,139
JP,PG,43972A23-3D11-4CA4-5341-39D163297A21,MISAKI,10,123
JP,PG,036E9869-AD91-9046-3C3B-39D163297A53,NOUMEA,10,22
JP,PG,DFB46F49-6001-8A6B-230A-39D163297A5D,PORT MORESBY,10,52
JP,PG,462B7EBB-30AD-7A0A-F881-39D163297A5D,RABAUL,10,456
JP,PG,462B7EBB-30AD-7A0A-F881-39D163297A5D,RABAUL,11,27
JP,PG,71A6C4C2-5E7D-BC1D-D29B-39D163297A5D,SHIMIZU,10,288
JP,PG,71A6C4C2-5E7D-BC1D-D29B-39D163297A5D,SHIMIZU,11,24
JP,PG,D181BB9A-ECF9-0A85-E679-39D163297A5D,SHIOGAMA,10,222
JP,PG,D181BB9A-ECF9-0A85-E679-39D163297A5D,SHIOGAMA,11,21
JP,PG,AE8971CD-290F-A4CF-BA8E-39D163297A71,YAIZU,10,1057
JP,PG,AE8971CD-290F-A4CF-BA8E-39D163297A71,YAIZU,11,11
JP,PW,D9D37706-1768-6E72-40E3-39D1632979D1,ITOMAN,9,370
JP,PW,E0F680C1-07E6-1DEC-67E5-39D1632979D1,KATSUURA,9,70
JP,PW,E6318C21-09E6-A4E4-E8D4-39D163297A53,NAHA,9,8011
JP,SB,930A973D-68AE-57FC-DD15-39D163297A7B,AT SEA,10,2
JP,SB,930A973D-68AE-57FC-DD15-39D163297A7B,AT SEA,11,3
JP,SB,E8A37D81-2761-88F5-AEDB-39D163297A71,BENOA,11,1
JP,SB,462B7EBB-30AD-7A0A-F881-39D163297A5D,RABAUL,11,1
JP,VU,45EFF196-73FA-CDBA-0261-39D163297A67,SUVA,11,1
KI,AS,24637B8A-3709-6521-E4CB-39D163297A71,APIA,-11,4
KI,AS,A4072172-A4F1-0B05-D6B4-39D163297A7B,POHNPEI,-11,1
KI,AS,45EFF196-73FA-CDBA-0261-39D163297A67,SUVA,-11,1
KI,AU,45EFF196-73FA-CDBA-0261-39D163297A67,SUVA,10,1
KI,CK,24637B8A-3709-6521-E4CB-39D163297A71,APIA,-11,9116
KI,CK,24637B8A-3709-6521-E4CB-39D163297A71,APIA,-10,1277
KI,CK,930A973D-68AE-57FC-DD15-39D163297A7B,AT SEA,-11,3349
KI,CK,930A973D-68AE-57FC-DD15-39D163297A7B,AT SEA,-10,401
KI,CK,39203748-8A43-65A9-ECB9-39D163297A85,AVATIU,-11,42
KI,CK,39203748-8A43-65A9-ECB9-39D163297A85,AVATIU,-10,23
KI,CK,9738C423-8F37-3002-672C-39D1632979C7,BUSAN,-11,55
KI,CK,9738C423-8F37-3002-672C-39D1632979C7,BUSAN,-10,4
KI,CK,9CBF38F2-100F-0471-5B62-3A079497E443,Faaa,-11,25
KI,CK,9CBF38F2-100F-0471-5B62-3A079497E443,Faaa,-10,59
KI,CK,1B39CD7D-806F-D2D7-A400-39D163297A99,GAMCHEON,-11,1
KI,CK,19489DE6-985E-ACF6-F326-39D163297A7B,KOSRAE,-11,391
KI,CK,19489DE6-985E-ACF6-F326-39D163297A7B,KOSRAE,-10,51
KI,CK,6B06F558-1070-2939-C232-39D163297A7B,MALAKAL,-11,85
KI,CK,28E93CD7-BE58-38B7-85B5-39D163297A5D,PAGO PAGO,-11,107
KI,CK,DD1590E6-430E-BAAE-817D-39D163297A67,PAPEETE,-11,937
KI,CK,DD1590E6-430E-BAAE-817D-39D163297A67,PAPEETE,-10,404
KI,CK,A4072172-A4F1-0B05-D6B4-39D163297A7B,POHNPEI,-11,537
KI,CK,A4072172-A4F1-0B05-D6B4-39D163297A7B,POHNPEI,-10,52
KI,CK,45EFF196-73FA-CDBA-0261-39D163297A67,SUVA,-11,1010
KI,CK,45EFF196-73FA-CDBA-0261-39D163297A67,SUVA,-10,154
KI,CK,6DDD2482-A35A-74A8-13BF-39D163297A99,ZHOUSHAN,-11,745
KI,CK,6DDD2482-A35A-74A8-13BF-39D163297A99,ZHOUSHAN,-10,133
KI,FJ,45EFF196-73FA-CDBA-0261-39D163297A67,SUVA,-12,31
KI,FJ,45EFF196-73FA-CDBA-0261-39D163297A67,SUVA,12,819
KI,FM,24637B8A-3709-6521-E4CB-39D163297A71,APIA,10,213
KI,FM,24637B8A-3709-6521-E4CB-39D163297A71,APIA,11,124
KI,FM,930A973D-68AE-57FC-DD15-39D163297A7B,AT SEA,10,20
KI,FM,930A973D-68AE-57FC-DD15-39D163297A7B,AT SEA,11,25
KI,FM,9738C423-8F37-3002-672C-39D1632979C7,BUSAN,10,57
KI,FM,9738C423-8F37-3002-672C-39D1632979C7,BUSAN,11,1
KI,FM,4B77DC13-146F-C85A-CC46-39FDFC1438C1,JAYAPURA,10,5
KI,FM,4B77DC13-146F-C85A-CC46-39FDFC1438C1,JAYAPURA,11,4
KI,FM,19489DE6-985E-ACF6-F326-39D163297A7B,KOSRAE,9,70
KI,FM,19489DE6-985E-ACF6-F326-39D163297A7B,KOSRAE,10,1216
KI,FM,19489DE6-985E-ACF6-F326-39D163297A7B,KOSRAE,11,335
KI,FM,A4072172-A4F1-0B05-D6B4-39D163297A7B,POHNPEI,9,70
KI,FM,A4072172-A4F1-0B05-D6B4-39D163297A7B,POHNPEI,10,1826
KI,FM,A4072172-A4F1-0B05-D6B4-39D163297A7B,POHNPEI,11,534
KI,FM,45EFF196-73FA-CDBA-0261-39D163297A67,SUVA,9,1
KI,FM,45EFF196-73FA-CDBA-0261-39D163297A67,SUVA,10,281
KI,FM,45EFF196-73FA-CDBA-0261-39D163297A67,SUVA,11,14
KI,FM,C3BBC065-7064-C429-0720-39D163297A7B,YAP,10,14
KI,FM,C3BBC065-7064-C429-0720-39D163297A7B,YAP,11,49
KI,FM,6DDD2482-A35A-74A8-13BF-39D163297A99,ZHOUSHAN,10,202
KI,FM,6DDD2482-A35A-74A8-13BF-39D163297A99,ZHOUSHAN,11,20
KI,GL,,,11,78
KI,GL,,,12,41
KI,GL,24637B8A-3709-6521-E4CB-39D163297A71,APIA,11,3
KI,GL,24637B8A-3709-6521-E4CB-39D163297A71,APIA,12,122
KI,GL,930A973D-68AE-57FC-DD15-39D163297A7B,AT SEA,-12,1
KI,GL,930A973D-68AE-57FC-DD15-39D163297A7B,AT SEA,11,162
KI,GL,930A973D-68AE-57FC-DD15-39D163297A7B,AT SEA,12,471
KI,GL,2E3F192F-8E61-8B54-3749-39D45313458A,BETIO,11,17
KI,GL,2E3F192F-8E61-8B54-3749-39D45313458A,BETIO,12,31
KI,GL,9738C423-8F37-3002-672C-39D1632979C7,BUSAN,-12,1
KI,GL,9738C423-8F37-3002-672C-39D1632979C7,BUSAN,11,23
KI,GL,9738C423-8F37-3002-672C-39D1632979C7,BUSAN,12,30
KI,GL,076BEEA5-D1E3-DAD1-443F-39D163297A8F,DALIAN,11,35
KI,GL,076BEEA5-D1E3-DAD1-443F-39D163297A8F,DALIAN,12,6
KI,GL,9CBF38F2-100F-0471-5B62-3A079497E443,Faaa,-12,1
KI,GL,9CBF38F2-100F-0471-5B62-3A079497E443,Faaa,11,5
KI,GL,9CBF38F2-100F-0471-5B62-3A079497E443,Faaa,12,153
KI,GL,43FC97BD-A735-F85C-2ABA-39D163297A85,FUNAFUTI,-12,1
KI,GL,43FC97BD-A735-F85C-2ABA-39D163297A85,FUNAFUTI,11,6
KI,GL,43FC97BD-A735-F85C-2ABA-39D163297A85,FUNAFUTI,12,43
KI,GL,1B39CD7D-806F-D2D7-A400-39D163297A99,GAMCHEON,-12,8
KI,GL,1B39CD7D-806F-D2D7-A400-39D163297A99,GAMCHEON,11,8
KI,GL,1B39CD7D-806F-D2D7-A400-39D163297A99,GAMCHEON,12,320
KI,GL,F6085155-38E5-B5BE-3EBF-39DCDAB84C3D,JAPAN,11,1
KI,GL,F6085155-38E5-B5BE-3EBF-39DCDAB84C3D,JAPAN,12,2
KI,GL,D4EDD97E-F4BF-2E21-835F-39D163297A99,SHANGHAI,-12,1
KI,GL,D4EDD97E-F4BF-2E21-835F-39D163297A99,SHANGHAI,11,22
KI,GL,D4EDD97E-F4BF-2E21-835F-39D163297A99,SHANGHAI,12,16
KI,GL,824A3738-8B1F-40D6-B6C2-D4772E4DDCED,SHIDAO,-12,4
KI,GL,824A3738-8B1F-40D6-B6C2-D4772E4DDCED,SHIDAO,12,64
KI,GL,45EFF196-73FA-CDBA-0261-39D163297A67,SUVA,-12,10
KI,GL,45EFF196-73FA-CDBA-0261-39D163297A67,SUVA,11,352
KI,GL,45EFF196-73FA-CDBA-0261-39D163297A67,SUVA,12,1411
KI,GL,50040146-02A1-822F-C370-3A1124735ECA,TAOHUA,-12,1
KI,GL,50040146-02A1-822F-C370-3A1124735ECA,TAOHUA,11,93
KI,GL,50040146-02A1-822F-C370-3A1124735ECA,TAOHUA,12,81
KI,GL,FF656E17-3CDE-418A-6BAD-39D163297A7B,TARAWA,11,939
KI,GL,FF656E17-3CDE-418A-6BAD-39D163297A7B,TARAWA,12,1932
KI,GL,6DDD2482-A35A-74A8-13BF-39D163297A99,ZHOUSHAN,11,1
KI,GL,6DDD2482-A35A-74A8-13BF-39D163297A99,ZHOUSHAN,12,23
KI,H4,24637B8A-3709-6521-E4CB-39D163297A71,APIA,-12,21
KI,H4,930A973D-68AE-57FC-DD15-39D163297A7B,AT SEA,-12,80
KI,H4,9738C423-8F37-3002-672C-39D1632979C7,BUSAN,-12,223
KI,H4,8F4EB6B4-503D-2F1B-2C39-39D163297A85,CALLAO,-12,34
KI,H4,9CBF38F2-100F-0471-5B62-3A079497E443,Faaa,-12,22
KI,H4,43FC97BD-A735-F85C-2ABA-39D163297A85,FUNAFUTI,-12,5
KI,H4,1B39CD7D-806F-D2D7-A400-39D163297A99,GAMCHEON,-12,59
KI,H4,19489DE6-985E-ACF6-F326-39D163297A7B,KOSRAE,-12,2
KI,H4,A4072172-A4F1-0B05-D6B4-39D163297A7B,POHNPEI,-12,3
KI,H4,D4EDD97E-F4BF-2E21-835F-39D163297A99,SHANGHAI,-12,10
KI,H4,824A3738-8B1F-40D6-B6C2-D4772E4DDCED,SHIDAO,-12,28
KI,H4,45EFF196-73FA-CDBA-0261-39D163297A67,SUVA,-12,539
KI,H4,FF656E17-3CDE-418A-6BAD-39D163297A7B,TARAWA,-12,29
KI,H5,,,-11,55
KI,H5,24637B8A-3709-6521-E4CB-39D163297A71,APIA,-11,312
KI,H5,930A973D-68AE-57FC-DD15-39D163297A7B,AT SEA,-11,1038
KI,H5,9738C423-8F37-3002-672C-39D1632979C7,BUSAN,-11,110
KI,H5,8F4EB6B4-503D-2F1B-2C39-39D163297A85,CALLAO,-11,6
KI,H5,9CBF38F2-100F-0471-5B62-3A079497E443,Faaa,-11,113
KI,H5,1B39CD7D-806F-D2D7-A400-39D163297A99,GAMCHEON,-11,232
KI,H5,F6085155-38E5-B5BE-3EBF-39DCDAB84C3D,JAPAN,-11,1
KI,H5,EB0EFE4E-8BB8-AF40-937A-39D163297A7B,KIRITIMATI,-11,78
KI,H5,19489DE6-985E-ACF6-F326-39D163297A7B,KOSRAE,-11,26
KI,H5,DD1590E6-430E-BAAE-817D-39D163297A67,PAPEETE,-11,43
KI,H5,45EFF196-73FA-CDBA-0261-39D163297A67,SUVA,-11,774
KI,H5,FF656E17-3CDE-418A-6BAD-39D163297A7B,TARAWA,-11,8
KI,H5,6DDD2482-A35A-74A8-13BF-39D163297A99,ZHOUSHAN,-11,79
KI,HB,930A973D-68AE-57FC-DD15-39D163297A7B,AT SEA,-12,3
KI,HB,1B39CD7D-806F-D2D7-A400-39D163297A99,GAMCHEON,-12,2
KI,HB,45EFF196-73FA-CDBA-0261-39D163297A67,SUVA,-12,1
KI,HB,FF656E17-3CDE-418A-6BAD-39D163297A7B,TARAWA,-12,6
KI,I2,,,12,3
KI,I2,10114913-113E-0C8E-909A-39D1632979BD,ABURATSU,11,2
KI,I2,10114913-113E-0C8E-909A-39D1632979BD,ABURATSU,12,14
KI,I2,24637B8A-3709-6521-E4CB-39D163297A71,APIA,11,21
KI,I2,24637B8A-3709-6521-E4CB-39D163297A71,APIA,12,1
KI,I2,930A973D-68AE-57FC-DD15-39D163297A7B,AT SEA,11,69
KI,I2,930A973D-68AE-57FC-DD15-39D163297A7B,AT SEA,12,130
KI,I2,9738C423-8F37-3002-672C-39D1632979C7,BUSAN,11,13
KI,I2,076BEEA5-D1E3-DAD1-443F-39D163297A8F,DALIAN,11,41
KI,I2,076BEEA5-D1E3-DAD1-443F-39D163297A8F,DALIAN,12,4
KI,I2,1B39CD7D-806F-D2D7-A400-39D163297A99,GAMCHEON,11,14
KI,I2,19489DE6-985E-ACF6-F326-39D163297A7B,KOSRAE,11,24
KI,I2,19489DE6-985E-ACF6-F326-39D163297A7B,KOSRAE,12,6
KI,I2,A4072172-A4F1-0B05-D6B4-39D163297A7B,POHNPEI,11,42
KI,I2,824A3738-8B1F-40D6-B6C2-D4772E4DDCED,SHIDAO,11,29
KI,I2,824A3738-8B1F-40D6-B6C2-D4772E4DDCED,SHIDAO,12,50
KI,I2,45EFF196-73FA-CDBA-0261-39D163297A67,SUVA,11,480
KI,I2,45EFF196-73FA-CDBA-0261-39D163297A67,SUVA,12,224
KI,I2,FF656E17-3CDE-418A-6BAD-39D163297A7B,TARAWA,11,43
KI,I2,FF656E17-3CDE-418A-6BAD-39D163297A7B,TARAWA,12,37
KI,I2,6DDD2482-A35A-74A8-13BF-39D163297A99,ZHOUSHAN,11,1
KI,I3,930A973D-68AE-57FC-DD15-39D163297A7B,AT SEA,12,5
KI,I3,A4072172-A4F1-0B05-D6B4-39D163297A7B,POHNPEI,10,1
KI,I3,45EFF196-73FA-CDBA-0261-39D163297A67,SUVA,12,1
KI,I3,6DDD2482-A35A-74A8-13BF-39D163297A99,ZHOUSHAN,12,9
KI,I4,930A973D-68AE-57FC-DD15-39D163297A7B,AT SEA,-12,188
KI,I4,930A973D-68AE-57FC-DD15-39D163297A7B,AT SEA,-11,110
KI,I4,930A973D-68AE-57FC-DD15-39D163297A7B,AT SEA,12,74
KI,I4,9738C423-8F37-3002-672C-39D1632979C7,BUSAN,-12,31
KI,I4,9738C423-8F37-3002-672C-39D1632979C7,BUSAN,-11,2
KI,I4,9738C423-8F37-3002-672C-39D1632979C7,BUSAN,12,2
KI,I4,9CBF38F2-100F-0471-5B62-3A079497E443,Faaa,-12,22
KI,I4,9CBF38F2-100F-0471-5B62-3A079497E443,Faaa,-11,3
KI,I4,9CBF38F2-100F-0471-5B62-3A079497E443,Faaa,12,1
KI,I4,1B39CD7D-806F-D2D7-A400-39D163297A99,GAMCHEON,-12,14
KI,I4,1B39CD7D-806F-D2D7-A400-39D163297A99,GAMCHEON,-11,15
KI,I4,1B39CD7D-806F-D2D7-A400-39D163297A99,GAMCHEON,12,20
KI,I4,DD1590E6-430E-BAAE-817D-39D163297A67,PAPEETE,-12,128
KI,I4,DD1590E6-430E-BAAE-817D-39D163297A67,PAPEETE,-11,16
KI,I4,DD1590E6-430E-BAAE-817D-39D163297A67,PAPEETE,12,27
KI,I4,45EFF196-73FA-CDBA-0261-39D163297A67,SUVA,-12,87
KI,I4,45EFF196-73FA-CDBA-0261-39D163297A67,SUVA,-11,18
KI,I4,45EFF196-73FA-CDBA-0261-39D163297A67,SUVA,12,160
KI,I4,FF656E17-3CDE-418A-6BAD-39D163297A7B,TARAWA,-12,10
KI,I4,FF656E17-3CDE-418A-6BAD-39D163297A7B,TARAWA,12,25
KI,I4,6DDD2482-A35A-74A8-13BF-39D163297A99,ZHOUSHAN,-12,39
KI,I4,6DDD2482-A35A-74A8-13BF-39D163297A99,ZHOUSHAN,-11,3
KI,I4,6DDD2482-A35A-74A8-13BF-39D163297A99,ZHOUSHAN,12,6
KI,I5,24637B8A-3709-6521-E4CB-39D163297A71,APIA,-11,1
KI,I5,24637B8A-3709-6521-E4CB-39D163297A71,APIA,-10,138
KI,I5,24637B8A-3709-6521-E4CB-39D163297A71,APIA,-9,58
KI,I5,930A973D-68AE-57FC-DD15-39D163297A7B,AT SEA,-11,355
KI,I5,930A973D-68AE-57FC-DD15-39D163297A7B,AT SEA,-10,508
KI,I5,930A973D-68AE-57FC-DD15-39D163297A7B,AT SEA,-9,640
KI,I5,9738C423-8F37-3002-672C-39D1632979C7,BUSAN,-11,29
KI,I5,9738C423-8F37-3002-672C-39D1632979C7,BUSAN,-10,66
KI,I5,9738C423-8F37-3002-672C-39D1632979C7,BUSAN,-9,33
KI,I5,8F4EB6B4-503D-2F1B-2C39-39D163297A85,CALLAO,-10,2
KI,I5,8F4EB6B4-503D-2F1B-2C39-39D163297A85,CALLAO,-9,1
KI,I5,9CBF38F2-100F-0471-5B62-3A079497E443,Faaa,-11,100
KI,I5,9CBF38F2-100F-0471-5B62-3A079497E443,Faaa,-10,89
KI,I5,9CBF38F2-100F-0471-5B62-3A079497E443,Faaa,-9,232
KI,I5,1B39CD7D-806F-D2D7-A400-39D163297A99,GAMCHEON,-11,159
KI,I5,1B39CD7D-806F-D2D7-A400-39D163297A99,GAMCHEON,-10,76
KI,I5,1B39CD7D-806F-D2D7-A400-39D163297A99,GAMCHEON,-9,129
KI,I5,F6085155-38E5-B5BE-3EBF-39DCDAB84C3D,JAPAN,-9,1
KI,I5,28E93CD7-BE58-38B7-85B5-39D163297A5D,PAGO PAGO,-9,2
KI,I5,DD1590E6-430E-BAAE-817D-39D163297A67,PAPEETE,-11,17
KI,I5,DD1590E6-430E-BAAE-817D-39D163297A67,PAPEETE,-10,312
KI,I5,DD1590E6-430E-BAAE-817D-39D163297A67,PAPEETE,-9,419
KI,I5,45EFF196-73FA-CDBA-0261-39D163297A67,SUVA,-11,76
KI,I5,45EFF196-73FA-CDBA-0261-39D163297A67,SUVA,-10,404
KI,I5,45EFF196-73FA-CDBA-0261-39D163297A67,SUVA,-9,24
KI,I5,BEC17B8B-DF68-1724-77B0-39E5C3D1774E,VACAMONTE,-9,7
KI,I5,6DDD2482-A35A-74A8-13BF-39D163297A99,ZHOUSHAN,-11,18
KI,I5,6DDD2482-A35A-74A8-13BF-39D163297A99,ZHOUSHAN,-10,73
KI,I5,6DDD2482-A35A-74A8-13BF-39D163297A99,ZHOUSHAN,-9,39
KI,I6,DD1590E6-430E-BAAE-817D-39D163297A67,PAPEETE,-11,5
KI,I7,930A973D-68AE-57FC-DD15-39D163297A7B,AT SEA,-11,6
KI,I7,930A973D-68AE-57FC-DD15-39D163297A7B,AT SEA,-9,7
KI,I7,45EFF196-73FA-CDBA-0261-39D163297A67,SUVA,-12,147
KI,I7,45EFF196-73FA-CDBA-0261-39D163297A67,SUVA,-11,148
KI,I7,45EFF196-73FA-CDBA-0261-39D163297A67,SUVA,-10,5
KI,I7,45EFF196-73FA-CDBA-0261-39D163297A67,SUVA,-9,9
KI,I7,45EFF196-73FA-CDBA-0261-39D163297A67,SUVA,11,635
KI,I7,45EFF196-73FA-CDBA-0261-39D163297A67,SUVA,12,461
KI,I8,10114913-113E-0C8E-909A-39D1632979BD,ABURATSU,12,4
KI,I8,930A973D-68AE-57FC-DD15-39D163297A7B,AT SEA,11,2
KI,I8,930A973D-68AE-57FC-DD15-39D163297A7B,AT SEA,12,25
KI,I8,45EFF196-73FA-CDBA-0261-39D163297A67,SUVA,11,43
KI,I8,45EFF196-73FA-CDBA-0261-39D163297A67,SUVA,12,539
KI,I8,FF656E17-3CDE-418A-6BAD-39D163297A7B,TARAWA,12,13
KI,I9,24637B8A-3709-6521-E4CB-39D163297A71,APIA,-11,1
KI,I9,24637B8A-3709-6521-E4CB-39D163297A71,APIA,-10,5
KI,I9,930A973D-68AE-57FC-DD15-39D163297A7B,AT SEA,-11,21
KI,I9,930A973D-68AE-57FC-DD15-39D163297A7B,AT SEA,-10,6
KI,I9,DD1590E6-430E-BAAE-817D-39D163297A67,PAPEETE,-10,6
KI,I9,A4072172-A4F1-0B05-D6B4-39D163297A7B,POHNPEI,-11,1
KI,I9,45EFF196-73FA-CDBA-0261-39D163297A67,SUVA,-11,157
KI,I9,45EFF196-73FA-CDBA-0261-39D163297A67,SUVA,-10,31
KI,I9,6DDD2482-A35A-74A8-13BF-39D163297A99,ZHOUSHAN,-10,1
KI,IW,24637B8A-3709-6521-E4CB-39D163297A71,APIA,-10,2
KI,IW,24637B8A-3709-6521-E4CB-39D163297A71,APIA,-9,134
KI,IW,24637B8A-3709-6521-E4CB-39D163297A71,APIA,-8,801
KI,IW,930A973D-68AE-57FC-DD15-39D163297A7B,AT SEA,-10,53
KI,IW,930A973D-68AE-57FC-DD15-39D163297A7B,AT SEA,-9,478
KI,IW,930A973D-68AE-57FC-DD15-39D163297A7B,AT SEA,-8,3127
KI,IW,930A973D-68AE-57FC-DD15-39D163297A7B,AT SEA,-7,893
KI,IW,930A973D-68AE-57FC-DD15-39D163297A7B,AT SEA,-6,63
KI,IW,9738C423-8F37-3002-672C-39D1632979C7,BUSAN,-9,9
KI,IW,9738C423-8F37-3002-672C-39D1632979C7,BUSAN,-8,272
KI,IW,9738C423-8F37-3002-672C-39D1632979C7,BUSAN,-7,63
KI,IW,9738C423-8F37-3002-672C-39D1632979C7,BUSAN,-6,16
KI,IW,8F4EB6B4-503D-2F1B-2C39-39D163297A85,CALLAO,-9,5
KI,IW,8F4EB6B4-503D-2F1B-2C39-39D163297A85,CALLAO,-8,37
KI,IW,8F4EB6B4-503D-2F1B-2C39-39D163297A85,CALLAO,-7,62
KI,IW,8F4EB6B4-503D-2F1B-2C39-39D163297A85,CALLAO,-6,1
KI,IW,9CBF38F2-100F-0471-5B62-3A079497E443,Faaa,-9,107
KI,IW,9CBF38F2-100F-0471-5B62-3A079497E443,Faaa,-8,1305
KI,IW,9CBF38F2-100F-0471-5B62-3A079497E443,Faaa,-7,382
KI,IW,1B39CD7D-806F-D2D7-A400-39D163297A99,GAMCHEON,-9,105
KI,IW,1B39CD7D-806F-D2D7-A400-39D163297A99,GAMCHEON,-8,867
KI,IW,1B39CD7D-806F-D2D7-A400-39D163297A99,GAMCHEON,-7,174
KI,IW,F6085155-38E5-B5BE-3EBF-39DCDAB84C3D,JAPAN,-8,8
KI,IW,F6085155-38E5-B5BE-3EBF-39DCDAB84C3D,JAPAN,-7,33
KI,IW,F6085155-38E5-B5BE-3EBF-39DCDAB84C3D,JAPAN,-6,12
KI,IW,28E93CD7-BE58-38B7-85B5-39D163297A5D,PAGO PAGO,-9,2
KI,IW,28E93CD7-BE58-38B7-85B5-39D163297A5D,PAGO PAGO,-8,59
KI,IW,DD1590E6-430E-BAAE-817D-39D163297A67,PAPEETE,-9,304
KI,IW,DD1590E6-430E-BAAE-817D-39D163297A67,PAPEETE,-8,1908
KI,IW,DD1590E6-430E-BAAE-817D-39D163297A67,PAPEETE,-7,453
KI,IW,DD1590E6-430E-BAAE-817D-39D163297A67,PAPEETE,-6,30
KI,IW,B50075FC-2937-DA80-D8E4-39F3DDDB8B38,PUERTO CAIMITO,-6,13
KI,IW,45EFF196-73FA-CDBA-0261-39D163297A67,SUVA,-10,53
KI,IW,45EFF196-73FA-CDBA-0261-39D163297A67,SUVA,-9,52
KI,IW,45EFF196-73FA-CDBA-0261-39D163297A67,SUVA,-8,152
KI,IW,45EFF196-73FA-CDBA-0261-39D163297A67,SUVA,-7,56
KI,IW,45EFF196-73FA-CDBA-0261-39D163297A67,SUVA,-6,18
KI,IW,FF656E17-3CDE-418A-6BAD-39D163297A7B,TARAWA,1,5
KI,IW,BEC17B8B-DF68-1724-77B0-39E5C3D1774E,VACAMONTE,-9,25
KI,IW,BEC17B8B-DF68-1724-77B0-39E5C3D1774E,VACAMONTE,-8,127
KI,IW,BEC17B8B-DF68-1724-77B0-39E5C3D1774E,VACAMONTE,-7,209
KI,IW,BEC17B8B-DF68-1724-77B0-39E5C3D1774E,VACAMONTE,-6,201
KI,IW,6DDD2482-A35A-74A8-13BF-39D163297A99,ZHOUSHAN,-10,3
KI,IW,6DDD2482-A35A-74A8-13BF-39D163297A99,ZHOUSHAN,-9,25
KI,IW,6DDD2482-A35A-74A8-13BF-39D163297A99,ZHOUSHAN,-8,315
KI,IW,6DDD2482-A35A-74A8-13BF-39D163297A99,ZHOUSHAN,-7,102
KI,IW,6DDD2482-A35A-74A8-13BF-39D163297A99,ZHOUSHAN,-6,13
KI,JV,930A973D-68AE-57FC-DD15-39D163297A7B,AT SEA,-11,3
KI,JV,930A973D-68AE-57FC-DD15-39D163297A7B,AT SEA,-10,1
KI,JV,9738C423-8F37-3002-672C-39D1632979C7,BUSAN,-11,8
KI,JV,1B39CD7D-806F-D2D7-A400-39D163297A99,GAMCHEON,-11,2
KI,JV,1B39CD7D-806F-D2D7-A400-39D163297A99,GAMCHEON,-10,1
KI,JV,45EFF196-73FA-CDBA-0261-39D163297A67,SUVA,-11,3
KI,LN,,,-10,7
KI,LN,24637B8A-3709-6521-E4CB-39D163297A71,APIA,-11,3
KI,LN,24637B8A-3709-6521-E4CB-39D163297A71,APIA,-10,635
KI,LN,930A973D-68AE-57FC-DD15-39D163297A7B,AT SEA,-11,2358
KI,LN,930A973D-68AE-57FC-DD15-39D163297A7B,AT SEA,-10,8609
KI,LN,9738C423-8F37-3002-672C-39D1632979C7,BUSAN,-11,337
KI,LN,9738C423-8F37-3002-672C-39D1632979C7,BUSAN,-10,1176
KI,LN,9CBF38F2-100F-0471-5B62-3A079497E443,Faaa,-11,283
KI,LN,9CBF38F2-100F-0471-5B62-3A079497E443,Faaa,-10,916
KI,LN,1B39CD7D-806F-D2D7-A400-39D163297A99,GAMCHEON,-11,546
KI,LN,1B39CD7D-806F-D2D7-A400-39D163297A99,GAMCHEON,-10,779
KI,LN,F6085155-38E5-B5BE-3EBF-39DCDAB84C3D,JAPAN,-10,3
KI,LN,EB0EFE4E-8BB8-AF40-937A-39D163297A7B,KIRITIMATI,-10,9
KI,LN,DD1590E6-430E-BAAE-817D-39D163297A67,PAPEETE,-11,62
KI,LN,DD1590E6-430E-BAAE-817D-39D163297A67,PAPEETE,-10,3600
KI,LN,45EFF196-73FA-CDBA-0261-39D163297A67,SUVA,-11,978
KI,LN,45EFF196-73FA-CDBA-0261-39D163297A67,SUVA,-10,3400
KI,LN,FF656E17-3CDE-418A-6BAD-39D163297A7B,TARAWA,-10,22
KI,LN,6DDD2482-A35A-74A8-13BF-39D163297A99,ZHOUSHAN,-11,292
KI,LN,6DDD2482-A35A-74A8-13BF-39D163297A99,ZHOUSHAN,-10,785
KI,MH,A4072172-A4F1-0B05-D6B4-39D163297A7B,POHNPEI,11,1
KI,NC,45EFF196-73FA-CDBA-0261-39D163297A67,SUVA,11,1
KI,PA,BEC17B8B-DF68-1724-77B0-39E5C3D1774E,VACAMONTE,-5,1
KI,PF,930A973D-68AE-57FC-DD15-39D163297A7B,AT SEA,-10,2
KI,PG,45EFF196-73FA-CDBA-0261-39D163297A67,SUVA,10,10
KI,PX,24637B8A-3709-6521-E4CB-39D163297A71,APIA,-12,78
KI,PX,24637B8A-3709-6521-E4CB-39D163297A71,APIA,-11,276
KI,PX,930A973D-68AE-57FC-DD15-39D163297A7B,AT SEA,-12,1285
KI,PX,930A973D-68AE-57FC-DD15-39D163297A7B,AT SEA,-11,1871
KI,PX,9738C423-8F37-3002-672C-39D1632979C7,BUSAN,-12,97
KI,PX,9738C423-8F37-3002-672C-39D1632979C7,BUSAN,-11,72
KI,PX,8F4EB6B4-503D-2F1B-2C39-39D163297A85,CALLAO,-12,1
KI,PX,9CBF38F2-100F-0471-5B62-3A079497E443,Faaa,-12,261
KI,PX,9CBF38F2-100F-0471-5B62-3A079497E443,Faaa,-11,291
KI,PX,43FC97BD-A735-F85C-2ABA-39D163297A85,FUNAFUTI,-12,16
KI,PX,1B39CD7D-806F-D2D7-A400-39D163297A99,GAMCHEON,-12,419
KI,PX,1B39CD7D-806F-D2D7-A400-39D163297A99,GAMCHEON,-11,624
KI,PX,F6085155-38E5-B5BE-3EBF-39DCDAB84C3D,JAPAN,-12,1
KI,PX,19489DE6-985E-ACF6-F326-39D163297A7B,KOSRAE,-11,63
KI,PX,DD1590E6-430E-BAAE-817D-39D163297A67,PAPEETE,-12,4
KI,PX,DD1590E6-430E-BAAE-817D-39D163297A67,PAPEETE,-11,69
KI,PX,D4EDD97E-F4BF-2E21-835F-39D163297A99,SHANGHAI,-12,19
KI,PX,D4EDD97E-F4BF-2E21-835F-39D163297A99,SHANGHAI,-11,21
KI,PX,824A3738-8B1F-40D6-B6C2-D4772E4DDCED,SHIDAO,-12,31
KI,PX,45EFF196-73FA-CDBA-0261-39D163297A67,SUVA,-12,1018
KI,PX,45EFF196-73FA-CDBA-0261-39D163297A67,SUVA,-11,808
KI,PX,50040146-02A1-822F-C370-3A1124735ECA,TAOHUA,-12,68
KI,PX,50040146-02A1-822F-C370-3A1124735ECA,TAOHUA,-11,26
KI,PX,FF656E17-3CDE-418A-6BAD-39D163297A7B,TARAWA,-12,120
KI,PX,FF656E17-3CDE-418A-6BAD-39D163297A7B,TARAWA,-11,23
KI,PX,6DDD2482-A35A-74A8-13BF-39D163297A99,ZHOUSHAN,-12,67
KI,PX,6DDD2482-A35A-74A8-13BF-39D163297A99,ZHOUSHAN,-11,71
KI,PY,45EFF196-73FA-CDBA-0261-39D163297A67,SUVA,-11,1
KI,SB,3B4A6ABE-8656-0F5F-135B-39D163297A8F,MOOREA,11,95
KI,SB,45EFF196-73FA-CDBA-0261-39D163297A67,SUVA,11,372
KI,SB,45EFF196-73FA-CDBA-0261-39D163297A67,SUVA,12,4
KI,SB,FF656E17-3CDE-418A-6BAD-39D163297A7B,TARAWA,12,3
KI,TK,9738C423-8F37-3002-672C-39D1632979C7,BUSAN,-12,1
KI,TK,8F4EB6B4-503D-2F1B-2C39-39D163297A85,CALLAO,-12,1
KI,TK,45EFF196-73FA-CDBA-0261-39D163297A67,SUVA,-12,2
KI,TK,6DDD2482-A35A-74A8-13BF-39D163297A99,ZHOUSHAN,-11,1
KI,TV,10114913-113E-0C8E-909A-39D1632979BD,ABURATSU,12,1
KI,TV,930A973D-68AE-57FC-DD15-39D163297A7B,AT SEA,-12,58
KI,TV,930A973D-68AE-57FC-DD15-39D163297A7B,AT SEA,12,112
KI,TV,9738C423-8F37-3002-672C-39D1632979C7,BUSAN,-12,33
KI,TV,9738C423-8F37-3002-672C-39D1632979C7,BUSAN,12,209
KI,TV,8F4EB6B4-503D-2F1B-2C39-39D163297A85,CALLAO,-12,47
KI,TV,9CBF38F2-100F-0471-5B62-3A079497E443,Faaa,12,1
KI,TV,43FC97BD-A735-F85C-2ABA-39D163297A85,FUNAFUTI,-12,9
KI,TV,43FC97BD-A735-F85C-2ABA-39D163297A85,FUNAFUTI,12,16
KI,TV,1B39CD7D-806F-D2D7-A400-39D163297A99,GAMCHEON,-12,43
KI,TV,1B39CD7D-806F-D2D7-A400-39D163297A99,GAMCHEON,12,119
KI,TV,824A3738-8B1F-40D6-B6C2-D4772E4DDCED,SHIDAO,-12,35
KI,TV,824A3738-8B1F-40D6-B6C2-D4772E4DDCED,SHIDAO,12,114
KI,TV,45EFF196-73FA-CDBA-0261-39D163297A67,SUVA,-12,567
KI,TV,45EFF196-73FA-CDBA-0261-39D163297A67,SUVA,12,980
KI,TV,50040146-02A1-822F-C370-3A1124735ECA,TAOHUA,-12,7
KI,TV,50040146-02A1-822F-C370-3A1124735ECA,TAOHUA,12,43
KI,TV,FF656E17-3CDE-418A-6BAD-39D163297A7B,TARAWA,-12,25
KI,TV,FF656E17-3CDE-418A-6BAD-39D163297A7B,TARAWA,12,86
KI,VU,45EFF196-73FA-CDBA-0261-39D163297A67,SUVA,11,2960
KI,VU,45EFF196-73FA-CDBA-0261-39D163297A67,SUVA,12,147
KI,VU,6DDD2482-A35A-74A8-13BF-39D163297A99,ZHOUSHAN,11,61
KI,WS,24637B8A-3709-6521-E4CB-39D163297A71,APIA,-11,1
KR,FJ,45EFF196-73FA-CDBA-0261-39D163297A67,SUVA,12,2
KR,FM,930A973D-68AE-57FC-DD15-39D163297A7B,AT SEA,11,3
KR,GL,930A973D-68AE-57FC-DD15-39D163297A7B,AT SEA,11,16
KR,GL,930A973D-68AE-57FC-DD15-39D163297A7B,AT SEA,12,159
KR,GL,9738C423-8F37-3002-672C-39D1632979C7,BUSAN,11,14
KR,GL,9738C423-8F37-3002-672C-39D1632979C7,BUSAN,12,225
KR,GL,EB0EFE4E-8BB8-AF40-937A-39D163297A7B,KIRITIMATI,12,2
KR,GL,25CAFD97-6514-11D9-0DE2-39D163297A17,MAJURO,12,11
KR,GL,A4072172-A4F1-0B05-D6B4-39D163297A7B,POHNPEI,11,2
KR,GL,A4072172-A4F1-0B05-D6B4-39D163297A7B,POHNPEI,12,8
KR,GL,45EFF196-73FA-CDBA-0261-39D163297A67,SUVA,11,6
KR,GL,45EFF196-73FA-CDBA-0261-39D163297A67,SUVA,12,38
KR,GL,FF656E17-3CDE-418A-6BAD-39D163297A7B,TARAWA,12,3
KR,H4,930A973D-68AE-57FC-DD15-39D163297A7B,AT SEA,-12,737
KR,H4,930A973D-68AE-57FC-DD15-39D163297A7B,AT SEA,12,3
KR,H4,9738C423-8F37-3002-672C-39D1632979C7,BUSAN,-12,357
KR,H4,9738C423-8F37-3002-672C-39D1632979C7,BUSAN,12,1
KR,H4,43FC97BD-A735-F85C-2ABA-39D163297A85,FUNAFUTI,-12,50
KR,H4,EB0EFE4E-8BB8-AF40-937A-39D163297A7B,KIRITIMATI,-12,2
KR,H4,25CAFD97-6514-11D9-0DE2-39D163297A17,MAJURO,-12,12
KR,H4,A4072172-A4F1-0B05-D6B4-39D163297A7B,POHNPEI,-12,30
KR,H4,45EFF196-73FA-CDBA-0261-39D163297A67,SUVA,-12,253
KR,H4,45EFF196-73FA-CDBA-0261-39D163297A67,SUVA,12,2
KR,H5,930A973D-68AE-57FC-DD15-39D163297A7B,AT SEA,-11,1189
KR,H5,9738C423-8F37-3002-672C-39D1632979C7,BUSAN,-11,181
KR,H5,43FC97BD-A735-F85C-2ABA-39D163297A85,FUNAFUTI,-11,21
KR,H5,25CAFD97-6514-11D9-0DE2-39D163297A17,MAJURO,-11,27
KR,H5,45EFF196-73FA-CDBA-0261-39D163297A67,SUVA,-11,517
KR,H5,FF656E17-3CDE-418A-6BAD-39D163297A7B,TARAWA,-11,6
KR,HB,9738C423-8F37-3002-672C-39D1632979C7,BUSAN,-12,5
KR,I0,930A973D-68AE-57FC-DD15-39D163297A7B,AT SEA,9,1
KR,I1,AE8971CD-290F-A4CF-BA8E-39D163297A71,YAIZU,10,1
KR,I2,930A973D-68AE-57FC-DD15-39D163297A7B,AT SEA,11,1605
KR,I2,930A973D-68AE-57FC-DD15-39D163297A7B,AT SEA,12,177
KR,I2,9738C423-8F37-3002-672C-39D1632979C7,BUSAN,11,627
KR,I2,9738C423-8F37-3002-672C-39D1632979C7,BUSAN,12,25
KR,I2,25CAFD97-6514-11D9-0DE2-39D163297A17,MAJURO,11,30
KR,I2,A4072172-A4F1-0B05-D6B4-39D163297A7B,POHNPEI,11,31
KR,I2,A4072172-A4F1-0B05-D6B4-39D163297A7B,POHNPEI,12,6
KR,I2,45EFF196-73FA-CDBA-0261-39D163297A67,SUVA,11,349
KR,I2,45EFF196-73FA-CDBA-0261-39D163297A67,SUVA,12,67
KR,I3,930A973D-68AE-57FC-DD15-39D163297A7B,AT SEA,10,6
KR,I3,930A973D-68AE-57FC-DD15-39D163297A7B,AT SEA,11,4
KR,I3,930A973D-68AE-57FC-DD15-39D163297A7B,AT SEA,12,181
KR,I3,9738C423-8F37-3002-672C-39D1632979C7,BUSAN,12,57
KR,I3,EB0EFE4E-8BB8-AF40-937A-39D163297A7B,KIRITIMATI,12,1
KR,I3,45EFF196-73FA-CDBA-0261-39D163297A67,SUVA,12,20
KR,I4,930A973D-68AE-57FC-DD15-39D163297A7B,AT SEA,-12,908
KR,I4,930A973D-68AE-57FC-DD15-39D163297A7B,AT SEA,-11,242
KR,I4,930A973D-68AE-57FC-DD15-39D163297A7B,AT SEA,12,1864
KR,I4,9738C423-8F37-3002-672C-39D1632979C7,BUSAN,-12,921
KR,I4,9738C423-8F37-3002-672C-39D1632979C7,BUSAN,-11,130
KR,I4,9738C423-8F37-3002-672C-39D1632979C7,BUSAN,12,1177
KR,I4,EB0EFE4E-8BB8-AF40-937A-39D163297A7B,KIRITIMATI,-12,5
KR,I4,EB0EFE4E-8BB8-AF40-937A-39D163297A7B,KIRITIMATI,12,32
KR,I4,25CAFD97-6514-11D9-0DE2-39D163297A17,MAJURO,-12,10
KR,I4,25CAFD97-6514-11D9-0DE2-39D163297A17,MAJURO,-11,2
KR,I4,25CAFD97-6514-11D9-0DE2-39D163297A17,MAJURO,12,102
KR,I4,A4072172-A4F1-0B05-D6B4-39D163297A7B,POHNPEI,-12,76
KR,I4,A4072172-A4F1-0B05-D6B4-39D163297A7B,POHNPEI,-11,18
KR,I4,A4072172-A4F1-0B05-D6B4-39D163297A7B,POHNPEI,12,72
KR,I4,45EFF196-73FA-CDBA-0261-39D163297A67,SUVA,-12,137
KR,I4,45EFF196-73FA-CDBA-0261-39D163297A67,SUVA,-11,20
KR,I4,45EFF196-73FA-CDBA-0261-39D163297A67,SUVA,12,400
KR,I4,FF656E17-3CDE-418A-6BAD-39D163297A7B,TARAWA,12,6
KR,I5,930A973D-68AE-57FC-DD15-39D163297A7B,AT SEA,-11,538
KR,I5,930A973D-68AE-57FC-DD15-39D163297A7B,AT SEA,-10,300
KR,I5,930A973D-68AE-57FC-DD15-39D163297A7B,AT SEA,-9,6
KR,I5,9738C423-8F37-3002-672C-39D1632979C7,BUSAN,-11,233
KR,I5,9738C423-8F37-3002-672C-39D1632979C7,BUSAN,-10,86
KR,I5,9738C423-8F37-3002-672C-39D1632979C7,BUSAN,-9,26
KR,I5,25CAFD97-6514-11D9-0DE2-39D163297A17,MAJURO,-11,26
KR,I5,A4072172-A4F1-0B05-D6B4-39D163297A7B,POHNPEI,-11,1
KR,I5,A4072172-A4F1-0B05-D6B4-39D163297A7B,POHNPEI,-10,16
KR,I5,45EFF196-73FA-CDBA-0261-39D163297A67,SUVA,-11,60
KR,I5,45EFF196-73FA-CDBA-0261-39D163297A67,SUVA,-10,49
KR,I6,930A973D-68AE-57FC-DD15-39D163297A7B,AT SEA,10,2
KR,I7,45EFF196-73FA-CDBA-0261-39D163297A67,SUVA,-10,1
KR,I7,45EFF196-73FA-CDBA-0261-39D163297A67,SUVA,12,1
KR,I8,45EFF196-73FA-CDBA-0261-39D163297A67,SUVA,11,1
KR,I8,45EFF196-73FA-CDBA-0261-39D163297A67,SUVA,12,6
KR,IW,930A973D-68AE-57FC-DD15-39D163297A7B,AT SEA,-10,202
KR,IW,930A973D-68AE-57FC-DD15-39D163297A7B,AT SEA,-9,91
KR,IW,930A973D-68AE-57FC-DD15-39D163297A7B,AT SEA,-8,8
KR,IW,9738C423-8F37-3002-672C-39D1632979C7,BUSAN,-10,91
KR,IW,9738C423-8F37-3002-672C-39D1632979C7,BUSAN,-9,84
KR,IW,9738C423-8F37-3002-672C-39D1632979C7,BUSAN,-8,58
KR,IW,9738C423-8F37-3002-672C-39D1632979C7,BUSAN,-7,36
KR,IW,43FC97BD-A735-F85C-2ABA-39D163297A85,FUNAFUTI,-10,34
KR,IW,45EFF196-73FA-CDBA-0261-39D163297A67,SUVA,-10,54
KR,JP,930A973D-68AE-57FC-DD15-39D163297A7B,AT SEA,9,1
KR,JP,930A973D-68AE-57FC-DD15-39D163297A7B,AT SEA,10,1
KR,JP,9738C423-8F37-3002-672C-39D1632979C7,BUSAN,9,1
KR,JV,930A973D-68AE-57FC-DD15-39D163297A7B,AT SEA,-11,1
KR,JV,930A973D-68AE-57FC-DD15-39D163297A7B,AT SEA,-10,2
KR,JV,9738C423-8F37-3002-672C-39D1632979C7,BUSAN,-11,5
KR,JV,9738C423-8F37-3002-672C-39D1632979C7,BUSAN,-10,4
KR,JV,45EFF196-73FA-CDBA-0261-39D163297A67,SUVA,-10,2
KR,JV,FF656E17-3CDE-418A-6BAD-39D163297A7B,TARAWA,-10,1
KR,LN,930A973D-68AE-57FC-DD15-39D163297A7B,AT SEA,-11,53
KR,LN,930A973D-68AE-57FC-DD15-39D163297A7B,AT SEA,-10,113
KR,LN,9738C423-8F37-3002-672C-39D1632979C7,BUSAN,-11,36
KR,LN,9738C423-8F37-3002-672C-39D1632979C7,BUSAN,-10,76
KR,LN,25CAFD97-6514-11D9-0DE2-39D163297A17,MAJURO,-11,2
KR,LN,25CAFD97-6514-11D9-0DE2-39D163297A17,MAJURO,-10,17
KR,LN,45EFF196-73FA-CDBA-0261-39D163297A67,SUVA,-11,4
KR,LN,45EFF196-73FA-CDBA-0261-39D163297A67,SUVA,-10,22
KR,LN,FF656E17-3CDE-418A-6BAD-39D163297A7B,TARAWA,-11,2
KR,LN,FF656E17-3CDE-418A-6BAD-39D163297A7B,TARAWA,-10,1
KR,MH,930A973D-68AE-57FC-DD15-39D163297A7B,AT SEA,11,1
KR,PG,930A973D-68AE-57FC-DD15-39D163297A7B,AT SEA,10,264
KR,PG,AE8971CD-290F-A4CF-BA8E-39D163297A71,YAIZU,10,228
KR,PG,AE8971CD-290F-A4CF-BA8E-39D163297A71,YAIZU,11,3
KR,PX,930A973D-68AE-57FC-DD15-39D163297A7B,AT SEA,-12,21
KR,PX,930A973D-68AE-57FC-DD15-39D163297A7B,AT SEA,-11,16
KR,PX,9738C423-8F37-3002-672C-39D1632979C7,BUSAN,-12,55
KR,PX,9738C423-8F37-3002-672C-39D1632979C7,BUSAN,-11,3
KR,PX,EB0EFE4E-8BB8-AF40-937A-39D163297A7B,KIRITIMATI,-12,20
KR,PX,45EFF196-73FA-CDBA-0261-39D163297A67,SUVA,-12,2
KR,PX,FF656E17-3CDE-418A-6BAD-39D163297A7B,TARAWA,-12,5
KR,SB,930A973D-68AE-57FC-DD15-39D163297A7B,AT SEA,11,4
KR,SB,45EFF196-73FA-CDBA-0261-39D163297A67,SUVA,11,5
KR,SB,45EFF196-73FA-CDBA-0261-39D163297A67,SUVA,12,2
KR,TV,930A973D-68AE-57FC-DD15-39D163297A7B,AT SEA,-12,331
KR,TV,930A973D-68AE-57FC-DD15-39D163297A7B,AT SEA,12,1286
KR,TV,9738C423-8F37-3002-672C-39D1632979C7,BUSAN,-12,100
KR,TV,9738C423-8F37-3002-672C-39D1632979C7,BUSAN,12,553
KR,TV,43FC97BD-A735-F85C-2ABA-39D163297A85,FUNAFUTI,-12,42
KR,TV,43FC97BD-A735-F85C-2ABA-39D163297A85,FUNAFUTI,12,60
KR,TV,25CAFD97-6514-11D9-0DE2-39D163297A17,MAJURO,12,22
KR,TV,A4072172-A4F1-0B05-D6B4-39D163297A7B,POHNPEI,12,50
KR,TV,45EFF196-73FA-CDBA-0261-39D163297A67,SUVA,-12,187
KR,TV,45EFF196-73FA-CDBA-0261-39D163297A67,SUVA,12,320
KR,VU,45EFF196-73FA-CDBA-0261-39D163297A67,SUVA,12,1
LK,IW,9EC1BF9C-088E-44D2-4CD9-39D163297A5D,PANAMA,-7,80
LK,IW,9EC1BF9C-088E-44D2-4CD9-39D163297A5D,PANAMA,-6,176
LK,IW,BEC17B8B-DF68-1724-77B0-39E5C3D1774E,VACAMONTE,-7,15
LK,IW,BEC17B8B-DF68-1724-77B0-39E5C3D1774E,VACAMONTE,-6,2
MH,AS,930A973D-68AE-57FC-DD15-39D163297A7B,AT SEA,-11,1
MH,CK,24637B8A-3709-6521-E4CB-39D163297A71,APIA,-11,431
MH,CK,24637B8A-3709-6521-E4CB-39D163297A71,APIA,-10,2
MH,CK,930A973D-68AE-57FC-DD15-39D163297A7B,AT SEA,-11,52
MH,FM,930A973D-68AE-57FC-DD15-39D163297A7B,AT SEA,10,33
MH,FM,930A973D-68AE-57FC-DD15-39D163297A7B,AT SEA,11,61
MH,FM,1CFC5B19-3A18-51F5-AFBC-39D163297A7B,KOROR,10,50
MH,FM,1CFC5B19-3A18-51F5-AFBC-39D163297A7B,KOROR,11,16
MH,FM,19489DE6-985E-ACF6-F326-39D163297A7B,KOSRAE,10,3102
MH,FM,19489DE6-985E-ACF6-F326-39D163297A7B,KOSRAE,11,1271
MH,FM,25CAFD97-6514-11D9-0DE2-39D163297A17,MAJURO,10,42
MH,FM,25CAFD97-6514-11D9-0DE2-39D163297A17,MAJURO,11,196
MH,FM,A4072172-A4F1-0B05-D6B4-39D163297A7B,POHNPEI,9,17
MH,FM,A4072172-A4F1-0B05-D6B4-39D163297A7B,POHNPEI,10,3993
MH,FM,A4072172-A4F1-0B05-D6B4-39D163297A7B,POHNPEI,11,1930
MH,FM,C3BBC065-7064-C429-0720-39D163297A7B,YAP,9,48
MH,FM,C3BBC065-7064-C429-0720-39D163297A7B,YAP,10,76
MH,FM,C3BBC065-7064-C429-0720-39D163297A7B,YAP,11,4
MH,GL,2E3F192F-8E61-8B54-3749-39D45313458A,BETIO,11,14
MH,GL,2E3F192F-8E61-8B54-3749-39D45313458A,BETIO,12,13
MH,GL,25CAFD97-6514-11D9-0DE2-39D163297A17,MAJURO,11,4
MH,GL,25CAFD97-6514-11D9-0DE2-39D163297A17,MAJURO,12,1
MH,GL,FF656E17-3CDE-418A-6BAD-39D163297A7B,TARAWA,11,2494
MH,GL,FF656E17-3CDE-418A-6BAD-39D163297A7B,TARAWA,12,1146
MH,H5,24637B8A-3709-6521-E4CB-39D163297A71,APIA,-11,1
MH,I1,19489DE6-985E-ACF6-F326-39D163297A7B,KOSRAE,10,2
MH,I1,A4072172-A4F1-0B05-D6B4-39D163297A7B,POHNPEI,10,5
MH,I2,930A973D-68AE-57FC-DD15-39D163297A7B,AT SEA,11,2
MH,I2,1CFC5B19-3A18-51F5-AFBC-39D163297A7B,KOROR,11,8
MH,I2,19489DE6-985E-ACF6-F326-39D163297A7B,KOSRAE,11,35
MH,I2,25CAFD97-6514-11D9-0DE2-39D163297A17,MAJURO,11,2
MH,I2,A4072172-A4F1-0B05-D6B4-39D163297A7B,POHNPEI,11,118
MH,I2,FF656E17-3CDE-418A-6BAD-39D163297A7B,TARAWA,11,4
MH,I3,930A973D-68AE-57FC-DD15-39D163297A7B,AT SEA,10,1
MH,I3,19489DE6-985E-ACF6-F326-39D163297A7B,KOSRAE,10,34
MH,I3,19489DE6-985E-ACF6-F326-39D163297A7B,KOSRAE,11,1
MH,I3,25CAFD97-6514-11D9-0DE2-39D163297A17,MAJURO,12,111
MH,I3,A4072172-A4F1-0B05-D6B4-39D163297A7B,POHNPEI,10,107
MH,I3,A4072172-A4F1-0B05-D6B4-39D163297A7B,POHNPEI,11,13
MH,I3,FF656E17-3CDE-418A-6BAD-39D163297A7B,TARAWA,11,1
MH,I4,25CAFD97-6514-11D9-0DE2-39D163297A17,MAJURO,12,150
MH,I6,FF656E17-3CDE-418A-6BAD-39D163297A7B,TARAWA,11,2
MH,IW,FF656E17-3CDE-418A-6BAD-39D163297A7B,TARAWA,11,6
MH,MH,930A973D-68AE-57FC-DD15-39D163297A7B,AT SEA,11,8
MH,MH,19489DE6-985E-ACF6-F326-39D163297A7B,KOSRAE,11,433
MH,MH,F71578B6-128A-4359-8A54-3A06E6CA7B13,MAHE,11,8
MH,MH,25CAFD97-6514-11D9-0DE2-39D163297A17,MAJURO,11,47304
MH,MH,25CAFD97-6514-11D9-0DE2-39D163297A17,MAJURO,12,4244
MH,MH,A4072172-A4F1-0B05-D6B4-39D163297A7B,POHNPEI,11,63
MH,MH,FF656E17-3CDE-418A-6BAD-39D163297A7B,TARAWA,11,4
MH,NR,25CAFD97-6514-11D9-0DE2-39D163297A17,MAJURO,11,1
NC,FJ,45EFF196-73FA-CDBA-0261-39D163297A67,SUVA,-12,24
NC,FJ,45EFF196-73FA-CDBA-0261-39D163297A67,SUVA,12,42
NC,I7,BBDEEDC7-5279-944C-3FCB-39D163297A8F,KOUMAC,11,2
NC,I7,036E9869-AD91-9046-3C3B-39D163297A53,NOUMEA,11,21
NC,MA,036E9869-AD91-9046-3C3B-39D163297A53,NOUMEA,11,117
NC,MA,036E9869-AD91-9046-3C3B-39D163297A53,NOUMEA,12,6
NC,NC,BBDEEDC7-5279-944C-3FCB-39D163297A8F,KOUMAC,10,99
NC,NC,BBDEEDC7-5279-944C-3FCB-39D163297A8F,KOUMAC,11,3795
NC,NC,036E9869-AD91-9046-3C3B-39D163297A53,NOUMEA,10,370
NC,NC,036E9869-AD91-9046-3C3B-39D163297A53,NOUMEA,11,18392
NC,NC,05B8073A-00F7-4A1B-0721-39D8A0C98CDC,WE,11,103
PF,AU,DD1590E6-430E-BAAE-817D-39D163297A67,PAPEETE,10,8
PF,FM,DD1590E6-430E-BAAE-817D-39D163297A67,PAPEETE,9,23
PF,FM,DD1590E6-430E-BAAE-817D-39D163297A67,PAPEETE,10,3
PF,GU,DD1590E6-430E-BAAE-817D-39D163297A67,PAPEETE,9,4
PF,GU,DD1590E6-430E-BAAE-817D-39D163297A67,PAPEETE,10,6
PF,I5,DD1590E6-430E-BAAE-817D-39D163297A67,PAPEETE,-10,2
PF,LN,DD1590E6-430E-BAAE-817D-39D163297A67,PAPEETE,-10,4
PF,MP,DD1590E6-430E-BAAE-817D-39D163297A67,PAPEETE,10,6
PF,PF,,,-10,33
PF,PF,71FBDF58-EE5A-C3F0-E5A5-3A1B3B9D481A,BORA BORA,-10,62
PF,PF,43B82A18-DFC9-C27E-171E-3A082A734D37,FARE UTE,-10,9
PF,PF,99F9453F-358D-5621-F3A7-39DBF29188A2,HIVA OA,-9,19
PF,PF,DD1590E6-430E-BAAE-817D-39D163297A67,PAPEETE,-10,77655
PF,PF,DD1590E6-430E-BAAE-817D-39D163297A67,PAPEETE,-9,19631
PF,PF,8E4AFFDF-663A-67BD-9E49-3A1A6351C442,Rangiroa,-10,26
PF,PG,DD1590E6-430E-BAAE-817D-39D163297A67,PAPEETE,9,3
PF,PG,DD1590E6-430E-BAAE-817D-39D163297A67,PAPEETE,10,2
PG,AU,DFB46F49-6001-8A6B-230A-39D163297A5D,PORT MORESBY,10,1
PG,I8,45EFF196-73FA-CDBA-0261-39D163297A67,SUVA,12,2
PG,PG,930A973D-68AE-57FC-DD15-39D163297A7B,AT SEA,10,1
PG,PG,DFB46F49-6001-8A6B-230A-39D163297A5D,PORT MORESBY,10,4095
PG,SB,EF3F4CD8-EC59-46E9-7887-39D1632979D1,HONIARA,11,3
PG,SB,45EFF196-73FA-CDBA-0261-39D163297A67,SUVA,11,3
PG,VU,45EFF196-73FA-CDBA-0261-39D163297A67,SUVA,11,1
PH,FJ,45EFF196-73FA-CDBA-0261-39D163297A67,SUVA,-12,18
PH,FJ,45EFF196-73FA-CDBA-0261-39D163297A67,SUVA,12,158
PH,GL,45EFF196-73FA-CDBA-0261-39D163297A67,SUVA,11,104
PH,GL,45EFF196-73FA-CDBA-0261-39D163297A67,SUVA,12,27
PH,I2,45EFF196-73FA-CDBA-0261-39D163297A67,SUVA,11,50
PH,I2,45EFF196-73FA-CDBA-0261-39D163297A67,SUVA,12,7
PH,I8,45EFF196-73FA-CDBA-0261-39D163297A67,SUVA,12,1
PH,PX,45EFF196-73FA-CDBA-0261-39D163297A67,SUVA,-12,2
PH,PX,45EFF196-73FA-CDBA-0261-39D163297A67,SUVA,-11,1
PH,TK,45EFF196-73FA-CDBA-0261-39D163297A67,SUVA,-12,1
PW,PW,1F5DF3CD-876D-1075-4E33-39F4D5F68184,AIRAI,9,31
PW,PW,6B06F558-1070-2939-C232-39D163297A7B,MALAKAL,9,334
SB,AU,EF3F4CD8-EC59-46E9-7887-39D1632979D1,HONIARA,10,1
SB,AU,EF3F4CD8-EC59-46E9-7887-39D1632979D1,HONIARA,11,1
SB,AU,C43CE854-3BF9-913C-F33A-39D163297A53,NORO,10,1
SB,AU,C43CE854-3BF9-913C-F33A-39D163297A53,NORO,11,2
SB,AU,45EFF196-73FA-CDBA-0261-39D163297A67,SUVA,11,1
SB,FJ,45EFF196-73FA-CDBA-0261-39D163297A67,SUVA,-12,7
SB,FJ,45EFF196-73FA-CDBA-0261-39D163297A67,SUVA,12,4
SB,FM,EF3F4CD8-EC59-46E9-7887-39D1632979D1,HONIARA,10,1
SB,GL,EF3F4CD8-EC59-46E9-7887-39D1632979D1,HONIARA,12,1
SB,H4,45EFF196-73FA-CDBA-0261-39D163297A67,SUVA,-12,3
SB,H5,45EFF196-73FA-CDBA-0261-39D163297A67,SUVA,-11,138
SB,I1,6F1A00DB-0936-E0F7-AB39-39D163297A85,DAVAO,9,1
SB,I1,6F1A00DB-0936-E0F7-AB39-39D163297A85,DAVAO,10,1
SB,I1,38E25C97-D802-4149-1927-39D163297AB7,DONGGANG,9,1
SB,I1,38E25C97-D802-4149-1927-39D163297AB7,DONGGANG,10,14
SB,I1,EF3F4CD8-EC59-46E9-7887-39D1632979D1,HONIARA,10,3
SB,I1,F8D486E5-9362-A16E-B968-39D163297A7B,MANILA,10,3
SB,I2,8CA14930-AFD4-C101-F1B9-39FEABD51A06,DONGGANG,11,63
SB,I2,EF3F4CD8-EC59-46E9-7887-39D1632979D1,HONIARA,11,845
SB,I2,EF3F4CD8-EC59-46E9-7887-39D1632979D1,HONIARA,12,1
SB,I2,25CAFD97-6514-11D9-0DE2-39D163297A17,MAJURO,11,24
SB,I2,25CAFD97-6514-11D9-0DE2-39D163297A17,MAJURO,12,1
SB,I2,C43CE854-3BF9-913C-F33A-39D163297A53,NORO,11,163
SB,I2,C43CE854-3BF9-913C-F33A-39D163297A53,NORO,12,3
SB,I2,45EFF196-73FA-CDBA-0261-39D163297A67,SUVA,11,72
SB,I2,45EFF196-73FA-CDBA-0261-39D163297A67,SUVA,12,8
SB,I3,8CA14930-AFD4-C101-F1B9-39FEABD51A06,DONGGANG,10,1
SB,I3,EF3F4CD8-EC59-46E9-7887-39D1632979D1,HONIARA,10,44
SB,I3,EF3F4CD8-EC59-46E9-7887-39D1632979D1,HONIARA,11,56
SB,I3,EF3F4CD8-EC59-46E9-7887-39D1632979D1,HONIARA,12,79
SB,I3,25CAFD97-6514-11D9-0DE2-39D163297A17,MAJURO,11,4
SB,I3,25CAFD97-6514-11D9-0DE2-39D163297A17,MAJURO,12,15
SB,I3,C43CE854-3BF9-913C-F33A-39D163297A53,NORO,11,22
SB,I3,45EFF196-73FA-CDBA-0261-39D163297A67,SUVA,12,14
SB,I4,EF3F4CD8-EC59-46E9-7887-39D1632979D1,HONIARA,-12,126
SB,I4,EF3F4CD8-EC59-46E9-7887-39D1632979D1,HONIARA,12,234
SB,I4,25CAFD97-6514-11D9-0DE2-39D163297A17,MAJURO,12,13
SB,I4,45EFF196-73FA-CDBA-0261-39D163297A67,SUVA,-12,10
SB,I4,45EFF196-73FA-CDBA-0261-39D163297A67,SUVA,12,21
SB,I5,45EFF196-73FA-CDBA-0261-39D163297A67,SUVA,-11,2
SB,I6,EF3F4CD8-EC59-46E9-7887-39D1632979D1,HONIARA,-12,3
SB,I6,EF3F4CD8-EC59-46E9-7887-39D1632979D1,HONIARA,11,61
SB,I6,EF3F4CD8-EC59-46E9-7887-39D1632979D1,HONIARA,12,154
SB,I6,45EFF196-73FA-CDBA-0261-39D163297A67,SUVA,-11,48
SB,I6,45EFF196-73FA-CDBA-0261-39D163297A67,SUVA,-10,2
SB,I6,45EFF196-73FA-CDBA-0261-39D163297A67,SUVA,10,8
SB,I6,45EFF196-73FA-CDBA-0261-39D163297A67,SUVA,11,9
SB,I7,EF3F4CD8-EC59-46E9-7887-39D1632979D1,HONIARA,-12,159
SB,I7,EF3F4CD8-EC59-46E9-7887-39D1632979D1,HONIARA,-11,140
SB,I7,EF3F4CD8-EC59-46E9-7887-39D1632979D1,HONIARA,11,2
SB,I7,EF3F4CD8-EC59-46E9-7887-39D1632979D1,HONIARA,12,6
SB,I7,C43CE854-3BF9-913C-F33A-39D163297A53,NORO,-12,65
SB,I7,C43CE854-3BF9-913C-F33A-39D163297A53,NORO,-11,33
SB,I7,C43CE854-3BF9-913C-F33A-39D163297A53,NORO,11,129
SB,I7,C43CE854-3BF9-913C-F33A-39D163297A53,NORO,12,292
SB,I7,45EFF196-73FA-CDBA-0261-39D163297A67,SUVA,-12,154
SB,I7,45EFF196-73FA-CDBA-0261-39D163297A67,SUVA,-11,200
SB,I7,45EFF196-73FA-CDBA-0261-39D163297A67,SUVA,-10,8
SB,I7,45EFF196-73FA-CDBA-0261-39D163297A67,SUVA,11,47
SB,I7,45EFF196-73FA-CDBA-0261-39D163297A67,SUVA,12,503
SB,I8,EF3F4CD8-EC59-46E9-7887-39D1632979D1,HONIARA,11,29
SB,I8,EF3F4CD8-EC59-46E9-7887-39D1632979D1,HONIARA,12,28
SB,I8,45EFF196-73FA-CDBA-0261-39D163297A67,SUVA,11,30
SB,I8,45EFF196-73FA-CDBA-0261-39D163297A67,SUVA,12,171
SB,IW,EF3F4CD8-EC59-46E9-7887-39D1632979D1,HONIARA,1,11
SB,IW,45EFF196-73FA-CDBA-0261-39D163297A67,SUVA,-11,18
SB,IW,45EFF196-73FA-CDBA-0261-39D163297A67,SUVA,-10,12
SB,NF,C43CE854-3BF9-913C-F33A-39D163297A53,NORO,11,1
SB,NF,45EFF196-73FA-CDBA-0261-39D163297A67,SUVA,11,6
SB,NR,EF3F4CD8-EC59-46E9-7887-39D1632979D1,HONIARA,11,8
SB,NZ,45EFF196-73FA-CDBA-0261-39D163297A67,SUVA,-12,1
SB,PG,EF3F4CD8-EC59-46E9-7887-39D1632979D1,HONIARA,10,4
SB,PG,EF3F4CD8-EC59-46E9-7887-39D1632979D1,HONIARA,11,16
SB,PG,C43CE854-3BF9-913C-F33A-39D163297A53,NORO,10,4
SB,PG,45EFF196-73FA-CDBA-0261-39D163297A67,SUVA,10,1
SB,SB,6F1A00DB-0936-E0F7-AB39-39D163297A85,DAVAO,11,61
SB,SB,38E25C97-D802-4149-1927-39D163297AB7,DONGGANG,10,5
SB,SB,8CA14930-AFD4-C101-F1B9-39FEABD51A06,DONGGANG,10,12
SB,SB,38E25C97-D802-4149-1927-39D163297AB7,DONGGANG,11,33
SB,SB,8CA14930-AFD4-C101-F1B9-39FEABD51A06,DONGGANG,11,165
SB,SB,D5F81D29-560F-D993-0056-39FC89D49F08,Hai Phong,11,19
SB,SB,D1BFBDFD-CEA3-911C-69E8-39D163297AB7,HONG KONG,11,100
SB,SB,EF3F4CD8-EC59-46E9-7887-39D1632979D1,HONIARA,10,1667
SB,SB,EF3F4CD8-EC59-46E9-7887-39D1632979D1,HONIARA,11,24606
SB,SB,EF3F4CD8-EC59-46E9-7887-39D1632979D1,HONIARA,12,22
SB,SB,3387B088-2D33-67CB-7C56-39D1632979D1,KAOHSIUNG,10,8
SB,SB,3387B088-2D33-67CB-7C56-39D1632979D1,KAOHSIUNG,11,60
SB,SB,25CAFD97-6514-11D9-0DE2-39D163297A17,MAJURO,11,40
SB,SB,F8D486E5-9362-A16E-B968-39D163297A7B,MANILA,11,31
SB,SB,C43CE854-3BF9-913C-F33A-39D163297A53,NORO,10,1693
SB,SB,C43CE854-3BF9-913C-F33A-39D163297A53,NORO,11,13574
SB,SB,C43CE854-3BF9-913C-F33A-39D163297A53,NORO,12,2
SB,SB,A4072172-A4F1-0B05-D6B4-39D163297A7B,POHNPEI,10,5
SB,SB,A4072172-A4F1-0B05-D6B4-39D163297A7B,POHNPEI,11,65
SB,SB,45EFF196-73FA-CDBA-0261-39D163297A67,SUVA,10,168
SB,SB,45EFF196-73FA-CDBA-0261-39D163297A67,SUVA,11,3819
SB,SB,45EFF196-73FA-CDBA-0261-39D163297A67,SUVA,12,54
SB,SB,444D9BF3-F4D8-9B73-7FBE-39D163297AAD,TAICHUNG,10,4
SB,SB,444D9BF3-F4D8-9B73-7FBE-39D163297AAD,TAICHUNG,11,67
SB,SB,054462ED-ADC0-A812-C7E6-39D1730C264C,TAIWAN,10,2
SB,SB,054462ED-ADC0-A812-C7E6-39D1730C264C,TAIWAN,11,61
SB,SB,4F10F6F6-2156-145B-0BE4-39D163297A67,TULAGI,10,6
SB,SB,4F10F6F6-2156-145B-0BE4-39D163297A67,TULAGI,11,54
SB,SB,3750EE63-B38A-278B-C556-39D163297A67,TUNGKANG,11,72
SB,TO,45EFF196-73FA-CDBA-0261-39D163297A67,SUVA,-12,1
SB,VU,45EFF196-73FA-CDBA-0261-39D163297A67,SUVA,11,421
SB,VU,45EFF196-73FA-CDBA-0261-39D163297A67,SUVA,12,48
TO,AS,28E93CD7-BE58-38B7-85B5-39D163297A5D,PAGO PAGO,-11,8
TO,CK,28E93CD7-BE58-38B7-85B5-39D163297A5D,PAGO PAGO,-11,533
TO,FJ,BD821F56-3B81-9C26-2649-39D163297A53,NUKU'ALOFA,-12,1
TO,I4,BD821F56-3B81-9C26-2649-39D163297A53,NUKU'ALOFA,-12,2
TO,I7,BD821F56-3B81-9C26-2649-39D163297A53,NUKU'ALOFA,-12,12
TO,IW,BD821F56-3B81-9C26-2649-39D163297A53,NUKU'ALOFA,-12,1
TO,TO,BD821F56-3B81-9C26-2649-39D163297A53,NUKU'ALOFA,-12,5647
TO,TO,BD821F56-3B81-9C26-2649-39D163297A53,NUKU'ALOFA,-11,72
TO,TO,28E93CD7-BE58-38B7-85B5-39D163297A5D,PAGO PAGO,-12,26
TO,TO,28E93CD7-BE58-38B7-85B5-39D163297A5D,PAGO PAGO,-11,6
TV,AU,45EFF196-73FA-CDBA-0261-39D163297A67,SUVA,11,1
TV,H4,45EFF196-73FA-CDBA-0261-39D163297A67,SUVA,-12,105
TV,HB,45EFF196-73FA-CDBA-0261-39D163297A67,SUVA,-12,1
TV,I2,45EFF196-73FA-CDBA-0261-39D163297A67,SUVA,11,81
TV,I2,45EFF196-73FA-CDBA-0261-39D163297A67,SUVA,12,55
TV,I7,45EFF196-73FA-CDBA-0261-39D163297A67,SUVA,-12,16
TV,I7,45EFF196-73FA-CDBA-0261-39D163297A67,SUVA,-11,3
TV,I7,45EFF196-73FA-CDBA-0261-39D163297A67,SUVA,11,90
TV,I7,45EFF196-73FA-CDBA-0261-39D163297A67,SUVA,12,58
TV,I8,45EFF196-73FA-CDBA-0261-39D163297A67,SUVA,11,6
TV,I8,45EFF196-73FA-CDBA-0261-39D163297A67,SUVA,12,37
TV,PX,45EFF196-73FA-CDBA-0261-39D163297A67,SUVA,-12,1
TV,TV,45EFF196-73FA-CDBA-0261-39D163297A67,SUVA,-12,338
TV,TV,45EFF196-73FA-CDBA-0261-39D163297A67,SUVA,12,704
TW,AU,C43CE854-3BF9-913C-F33A-39D163297A53,NORO,10,2
TW,AU,45EFF196-73FA-CDBA-0261-39D163297A67,SUVA,10,1
TW,CK,8CA14930-AFD4-C101-F1B9-39FEABD51A06,DONGGANG,-11,113
TW,CK,8CA14930-AFD4-C101-F1B9-39FEABD51A06,DONGGANG,-10,5
TW,FM,930A973D-68AE-57FC-DD15-39D163297A7B,AT SEA,9,3
TW,FM,930A973D-68AE-57FC-DD15-39D163297A7B,AT SEA,10,17
TW,FM,6F1A00DB-0936-E0F7-AB39-39D163297A85,DAVAO,9,62
TW,FM,6F1A00DB-0936-E0F7-AB39-39D163297A85,DAVAO,10,122
TW,FM,6F1A00DB-0936-E0F7-AB39-39D163297A85,DAVAO,11,32
TW,FM,6B06F558-1070-2939-C232-39D163297A7B,MALAKAL,9,34
TW,FM,A4072172-A4F1-0B05-D6B4-39D163297A7B,POHNPEI,9,23
TW,FM,A4072172-A4F1-0B05-D6B4-39D163297A7B,POHNPEI,10,435
TW,FM,A4072172-A4F1-0B05-D6B4-39D163297A7B,POHNPEI,11,204
TW,FM,C3BBC065-7064-C429-0720-39D163297A7B,YAP,9,21
TW,GL,930A973D-68AE-57FC-DD15-39D163297A7B,AT SEA,12,1
TW,H4,24637B8A-3709-6521-E4CB-39D163297A71,APIA,-12,4
TW,H4,930A973D-68AE-57FC-DD15-39D163297A7B,AT SEA,-12,77
TW,H4,8CA14930-AFD4-C101-F1B9-39FEABD51A06,DONGGANG,-12,35
TW,H4,45EFF196-73FA-CDBA-0261-39D163297A67,SUVA,-12,24
TW,H5,930A973D-68AE-57FC-DD15-39D163297A7B,AT SEA,-11,10
TW,H5,8CA14930-AFD4-C101-F1B9-39FEABD51A06,DONGGANG,-11,13
TW,H5,3387B088-2D33-67CB-7C56-39D1632979D1,KAOHSIUNG,-11,15
TW,H5,9EC1BF9C-088E-44D2-4CD9-39D163297A5D,PANAMA,-11,16
TW,HB,930A973D-68AE-57FC-DD15-39D163297A7B,AT SEA,-12,20
TW,I1,930A973D-68AE-57FC-DD15-39D163297A7B,AT SEA,9,16
TW,I1,930A973D-68AE-57FC-DD15-39D163297A7B,AT SEA,10,52
TW,I1,6F1A00DB-0936-E0F7-AB39-39D163297A85,DAVAO,9,7
TW,I1,6F1A00DB-0936-E0F7-AB39-39D163297A85,DAVAO,10,2
TW,I1,8CA14930-AFD4-C101-F1B9-39FEABD51A06,DONGGANG,10,14
TW,I1,EF3F4CD8-EC59-46E9-7887-39D1632979D1,HONIARA,10,27
TW,I1,6B06F558-1070-2939-C232-39D163297A7B,MALAKAL,9,346
TW,I1,6B06F558-1070-2939-C232-39D163297A7B,MALAKAL,10,15
TW,I1,A4072172-A4F1-0B05-D6B4-39D163297A7B,POHNPEI,10,25
TW,I1,45EFF196-73FA-CDBA-0261-39D163297A67,SUVA,10,8
TW,I1,444D9BF3-F4D8-9B73-7FBE-39D163297AAD,TAICHUNG,9,8
TW,I1,444D9BF3-F4D8-9B73-7FBE-39D163297AAD,TAICHUNG,10,7
TW,I2,930A973D-68AE-57FC-DD15-39D163297A7B,AT SEA,11,168
TW,I2,6F1A00DB-0936-E0F7-AB39-39D163297A85,DAVAO,11,50
TW,I2,8CA14930-AFD4-C101-F1B9-39FEABD51A06,DONGGANG,11,70
TW,I2,D1BFBDFD-CEA3-911C-69E8-39D163297AB7,HONG KONG,11,31
TW,I2,EF3F4CD8-EC59-46E9-7887-39D1632979D1,HONIARA,11,247
TW,I2,EF3F4CD8-EC59-46E9-7887-39D1632979D1,HONIARA,12,3
TW,I2,3387B088-2D33-67CB-7C56-39D1632979D1,KAOHSIUNG,11,98
TW,I2,3387B088-2D33-67CB-7C56-39D1632979D1,KAOHSIUNG,12,1
TW,I2,C43CE854-3BF9-913C-F33A-39D163297A53,NORO,11,264
TW,I2,DD1590E6-430E-BAAE-817D-39D163297A67,PAPEETE,12,4
TW,I2,A4072172-A4F1-0B05-D6B4-39D163297A7B,POHNPEI,11,31
TW,I2,45EFF196-73FA-CDBA-0261-39D163297A67,SUVA,11,277
TW,I2,45EFF196-73FA-CDBA-0261-39D163297A67,SUVA,12,28
TW,I2,444D9BF3-F4D8-9B73-7FBE-39D163297AAD,TAICHUNG,11,20
TW,I2,3750EE63-B38A-278B-C556-39D163297A67,TUNGKANG,11,9
TW,I3,930A973D-68AE-57FC-DD15-39D163297A7B,AT SEA,10,3
TW,I3,8CA14930-AFD4-C101-F1B9-39FEABD51A06,DONGGANG,10,10
TW,I3,8CA14930-AFD4-C101-F1B9-39FEABD51A06,DONGGANG,11,6
TW,I3,EF3F4CD8-EC59-46E9-7887-39D1632979D1,HONIARA,9,9
TW,I3,3387B088-2D33-67CB-7C56-39D1632979D1,KAOHSIUNG,10,4
TW,I3,6B06F558-1070-2939-C232-39D163297A7B,MALAKAL,9,347
TW,I3,A4072172-A4F1-0B05-D6B4-39D163297A7B,POHNPEI,10,43
TW,I3,444D9BF3-F4D8-9B73-7FBE-39D163297AAD,TAICHUNG,10,4
TW,I4,,,-12,22
TW,I4,,,-11,1
TW,I5,,,-11,10
TW,I5,,,-10,21
TW,I5,930A973D-68AE-57FC-DD15-39D163297A7B,AT SEA,-10,5
TW,I5,3387B088-2D33-67CB-7C56-39D1632979D1,KAOHSIUNG,-11,5
TW,I5,3387B088-2D33-67CB-7C56-39D1632979D1,KAOHSIUNG,-10,4
TW,I5,BEC17B8B-DF68-1724-77B0-39E5C3D1774E,VACAMONTE,-9,10
TW,I6,3387B088-2D33-67CB-7C56-39D1632979D1,KAOHSIUNG,-12,12
TW,I6,3387B088-2D33-67CB-7C56-39D1632979D1,KAOHSIUNG,-11,2
TW,I6,3387B088-2D33-67CB-7C56-39D1632979D1,KAOHSIUNG,-10,6
TW,I6,3387B088-2D33-67CB-7C56-39D1632979D1,KAOHSIUNG,10,3
TW,I6,3387B088-2D33-67CB-7C56-39D1632979D1,KAOHSIUNG,11,19
TW,I7,EF3F4CD8-EC59-46E9-7887-39D1632979D1,HONIARA,-12,22
TW,I7,EF3F4CD8-EC59-46E9-7887-39D1632979D1,HONIARA,11,62
TW,I7,EF3F4CD8-EC59-46E9-7887-39D1632979D1,HONIARA,12,107
TW,I7,3387B088-2D33-67CB-7C56-39D1632979D1,KAOHSIUNG,-11,8
TW,I7,3387B088-2D33-67CB-7C56-39D1632979D1,KAOHSIUNG,-10,29
TW,I7,3387B088-2D33-67CB-7C56-39D1632979D1,KAOHSIUNG,-9,59
TW,I7,BD821F56-3B81-9C26-2649-39D163297A53,NUKU'ALOFA,-12,1
TW,I7,45EFF196-73FA-CDBA-0261-39D163297A67,SUVA,-12,23
TW,I7,45EFF196-73FA-CDBA-0261-39D163297A67,SUVA,-11,31
TW,I7,45EFF196-73FA-CDBA-0261-39D163297A67,SUVA,12,19
TW,I8,EF3F4CD8-EC59-46E9-7887-39D1632979D1,HONIARA,12,9
TW,I8,C43CE854-3BF9-913C-F33A-39D163297A53,NORO,12,1
TW,I8,45EFF196-73FA-CDBA-0261-39D163297A67,SUVA,11,4
TW,I8,45EFF196-73FA-CDBA-0261-39D163297A67,SUVA,12,18
TW,I9,DD1590E6-430E-BAAE-817D-39D163297A67,PAPEETE,-11,16
TW,ID,6B06F558-1070-2939-C232-39D163297A7B,MALAKAL,9,11
TW,IW,,,-10,3
TW,IW,930A973D-68AE-57FC-DD15-39D163297A7B,AT SEA,-10,35
TW,IW,930A973D-68AE-57FC-DD15-39D163297A7B,AT SEA,-9,13
TW,IW,930A973D-68AE-57FC-DD15-39D163297A7B,AT SEA,-8,1
TW,IW,930A973D-68AE-57FC-DD15-39D163297A7B,AT SEA,-7,2
TW,IW,930A973D-68AE-57FC-DD15-39D163297A7B,AT SEA,-6,196
TW,IW,3387B088-2D33-67CB-7C56-39D1632979D1,KAOHSIUNG,-12,6
TW,IW,3387B088-2D33-67CB-7C56-39D1632979D1,KAOHSIUNG,-11,9
TW,IW,3387B088-2D33-67CB-7C56-39D1632979D1,KAOHSIUNG,-10,8
TW,IW,3387B088-2D33-67CB-7C56-39D1632979D1,KAOHSIUNG,-9,17
TW,IW,3387B088-2D33-67CB-7C56-39D1632979D1,KAOHSIUNG,-8,12
TW,IW,C43CE854-3BF9-913C-F33A-39D163297A53,NORO,1,8
TW,IW,DD6B232F-C32D-2907-F82E-39D1632979BD,UNKNOWN PORT,-7,1
TW,IW,DD6B232F-C32D-2907-F82E-39D1632979BD,UNKNOWN PORT,-6,6
TW,IW,BEC17B8B-DF68-1724-77B0-39E5C3D1774E,VACAMONTE,-10,16
TW,IW,BEC17B8B-DF68-1724-77B0-39E5C3D1774E,VACAMONTE,-9,14
TW,IW,BEC17B8B-DF68-1724-77B0-39E5C3D1774E,VACAMONTE,-8,186
TW,IW,BEC17B8B-DF68-1724-77B0-39E5C3D1774E,VACAMONTE,-7,33
TW,IW,BEC17B8B-DF68-1724-77B0-39E5C3D1774E,VACAMONTE,-6,203
TW,LN,3387B088-2D33-67CB-7C56-39D1632979D1,KAOHSIUNG,-11,7
TW,LN,3387B088-2D33-67CB-7C56-39D1632979D1,KAOHSIUNG,-10,27
TW,LN,3B4A6ABE-8656-0F5F-135B-39D163297A8F,MOOREA,-10,10
TW,MH,25CAFD97-6514-11D9-0DE2-39D163297A17,MAJURO,11,84
TW,NC,EF3F4CD8-EC59-46E9-7887-39D1632979D1,HONIARA,11,10
TW,NF,EF3F4CD8-EC59-46E9-7887-39D1632979D1,HONIARA,11,35
TW,NR,930A973D-68AE-57FC-DD15-39D163297A7B,AT SEA,11,2
TW,PG,713E3822-942F-BF0F-AE72-39D163297A8F,ALOTAU,10,399
TW,PG,930A973D-68AE-57FC-DD15-39D163297A7B,AT SEA,9,22
TW,PG,930A973D-68AE-57FC-DD15-39D163297A7B,AT SEA,10,418
TW,PG,930A973D-68AE-57FC-DD15-39D163297A7B,AT SEA,11,86
TW,PG,8CA14930-AFD4-C101-F1B9-39FEABD51A06,DONGGANG,10,1
TW,PG,EF3F4CD8-EC59-46E9-7887-39D1632979D1,HONIARA,10,4
TW,PG,EF3F4CD8-EC59-46E9-7887-39D1632979D1,HONIARA,11,1
TW,PG,C43CE854-3BF9-913C-F33A-39D163297A53,NORO,10,3
TW,PG,C43CE854-3BF9-913C-F33A-39D163297A53,NORO,11,2
TW,PG,DFB46F49-6001-8A6B-230A-39D163297A5D,PORT MORESBY,10,720
TW,PG,45EFF196-73FA-CDBA-0261-39D163297A67,SUVA,10,270
TW,PG,45EFF196-73FA-CDBA-0261-39D163297A67,SUVA,11,14
TW,PG,444D9BF3-F4D8-9B73-7FBE-39D163297AAD,TAICHUNG,10,4
TW,PW,930A973D-68AE-57FC-DD15-39D163297A7B,AT SEA,9,153
TW,PW,3387B088-2D33-67CB-7C56-39D1632979D1,KAOHSIUNG,9,6
TW,PW,1CFC5B19-3A18-51F5-AFBC-39D163297A7B,KOROR,9,10
TW,PW,6B06F558-1070-2939-C232-39D163297A7B,MALAKAL,9,13280
TW,PX,930A973D-68AE-57FC-DD15-39D163297A7B,AT SEA,-12,14
TW,PX,930A973D-68AE-57FC-DD15-39D163297A7B,AT SEA,-11,6
TW,PX,3387B088-2D33-67CB-7C56-39D1632979D1,KAOHSIUNG,-11,22
TW,SB,930A973D-68AE-57FC-DD15-39D163297A7B,AT SEA,10,8
TW,SB,8CA14930-AFD4-C101-F1B9-39FEABD51A06,DONGGANG,10,10
TW,SB,38E25C97-D802-4149-1927-39D163297AB7,DONGGANG,11,18
TW,SB,8CA14930-AFD4-C101-F1B9-39FEABD51A06,DONGGANG,11,359
TW,SB,D1BFBDFD-CEA3-911C-69E8-39D163297AB7,HONG KONG,11,15
TW,SB,EF3F4CD8-EC59-46E9-7887-39D1632979D1,HONIARA,10,289
TW,SB,EF3F4CD8-EC59-46E9-7887-39D1632979D1,HONIARA,11,7496
TW,SB,3387B088-2D33-67CB-7C56-39D1632979D1,KAOHSIUNG,11,175
TW,SB,F8D486E5-9362-A16E-B968-39D163297A7B,MANILA,11,36
TW,SB,C43CE854-3BF9-913C-F33A-39D163297A53,NORO,10,672
TW,SB,C43CE854-3BF9-913C-F33A-39D163297A53,NORO,11,8949
TW,SB,DD1590E6-430E-BAAE-817D-39D163297A67,PAPEETE,10,3
TW,SB,DD1590E6-430E-BAAE-817D-39D163297A67,PAPEETE,11,17
TW,SB,45EFF196-73FA-CDBA-0261-39D163297A67,SUVA,10,68
TW,SB,45EFF196-73FA-CDBA-0261-39D163297A67,SUVA,11,354
TW,SB,45EFF196-73FA-CDBA-0261-39D163297A67,SUVA,12,1
TW,SB,444D9BF3-F4D8-9B73-7FBE-39D163297AAD,TAICHUNG,10,4
TW,SB,444D9BF3-F4D8-9B73-7FBE-39D163297AAD,TAICHUNG,11,150
TW,SB,054462ED-ADC0-A812-C7E6-39D1730C264C,TAIWAN,10,28
TW,SB,054462ED-ADC0-A812-C7E6-39D1730C264C,TAIWAN,11,76
TW,SB,3750EE63-B38A-278B-C556-39D163297A67,TUNGKANG,11,144
TW,TK,24637B8A-3709-6521-E4CB-39D163297A71,APIA,-12,145
TW,TK,24637B8A-3709-6521-E4CB-39D163297A71,APIA,-11,225
TW,TO,BD821F56-3B81-9C26-2649-39D163297A53,NUKU'ALOFA,-12,8276
TW,TO,BD821F56-3B81-9C26-2649-39D163297A53,NUKU'ALOFA,-11,141
TW,TO,45EFF196-73FA-CDBA-0261-39D163297A67,SUVA,-12,280
TW,TO,45EFF196-73FA-CDBA-0261-39D163297A67,SUVA,-11,2
TW,TO,444D9BF3-F4D8-9B73-7FBE-39D163297AAD,TAICHUNG,-12,46
TW,TO,054462ED-ADC0-A812-C7E6-39D1730C264C,TAIWAN,-12,53
TW,TW,054462ED-ADC0-A812-C7E6-39D1730C264C,TAIWAN,8,1
TW,VU,45EFF196-73FA-CDBA-0261-39D163297A67,SUVA,11,1
TW,WF,24637B8A-3709-6521-E4CB-39D163297A71,APIA,-12,1
TW,WF,BD821F56-3B81-9C26-2649-39D163297A53,NUKU'ALOFA,-12,1
TW,WS,1752EEC0-E409-DC75-3943-39D163297A99,AITUTAKI,-11,1
TW,WS,24637B8A-3709-6521-E4CB-39D163297A71,APIA,-12,163
TW,WS,24637B8A-3709-6521-E4CB-39D163297A71,APIA,-11,84
US,TO,BD821F56-3B81-9C26-2649-39D163297A53,NUKU'ALOFA,-12,18
US,TO,28E93CD7-BE58-38B7-85B5-39D163297A5D,PAGO PAGO,-12,16
VU,AS,24637B8A-3709-6521-E4CB-39D163297A71,APIA,-11,2
VU,AU,3387B088-2D33-67CB-7C56-39D1632979D1,KAOHSIUNG,10,1
VU,AU,3387B088-2D33-67CB-7C56-39D1632979D1,KAOHSIUNG,11,1
VU,CK,24637B8A-3709-6521-E4CB-39D163297A71,APIA,-11,99
VU,F1,BEC17B8B-DF68-1724-77B0-39E5C3D1774E,VACAMONTE,-7,2
VU,FM,24637B8A-3709-6521-E4CB-39D163297A71,APIA,10,39
VU,FM,24637B8A-3709-6521-E4CB-39D163297A71,APIA,11,5
VU,FM,930A973D-68AE-57FC-DD15-39D163297A7B,AT SEA,10,45
VU,FM,A4072172-A4F1-0B05-D6B4-39D163297A7B,POHNPEI,10,70
VU,FM,A4072172-A4F1-0B05-D6B4-39D163297A7B,POHNPEI,11,43
VU,FM,45EFF196-73FA-CDBA-0261-39D163297A67,SUVA,10,3
VU,FM,45EFF196-73FA-CDBA-0261-39D163297A67,SUVA,11,10
VU,GL,,,11,1
VU,GL,,,12,1
VU,GL,24637B8A-3709-6521-E4CB-39D163297A71,APIA,12,11
VU,GL,A4072172-A4F1-0B05-D6B4-39D163297A7B,POHNPEI,12,1
VU,GL,45EFF196-73FA-CDBA-0261-39D163297A67,SUVA,11,6
VU,GL,45EFF196-73FA-CDBA-0261-39D163297A67,SUVA,12,30
VU,H4,24637B8A-3709-6521-E4CB-39D163297A71,APIA,-12,38
VU,H4,930A973D-68AE-57FC-DD15-39D163297A7B,AT SEA,-12,71
VU,H4,43FC97BD-A735-F85C-2ABA-39D163297A85,FUNAFUTI,-12,1
VU,H4,EF3F4CD8-EC59-46E9-7887-39D1632979D1,HONIARA,-12,3
VU,H4,3387B088-2D33-67CB-7C56-39D1632979D1,KAOHSIUNG,-12,83
VU,H4,DD1590E6-430E-BAAE-817D-39D163297A67,PAPEETE,-12,49
VU,H4,A4072172-A4F1-0B05-D6B4-39D163297A7B,POHNPEI,-12,11
VU,H4,45EFF196-73FA-CDBA-0261-39D163297A67,SUVA,-12,61
VU,H5,24637B8A-3709-6521-E4CB-39D163297A71,APIA,-11,65
VU,H5,930A973D-68AE-57FC-DD15-39D163297A7B,AT SEA,-11,1171
VU,H5,9738C423-8F37-3002-672C-39D1632979C7,BUSAN,-11,290
VU,H5,3387B088-2D33-67CB-7C56-39D1632979D1,KAOHSIUNG,-11,805
VU,H5,E425E0FD-D4C0-EA7A-CD5F-39D163297A8F,LAUTOKA,-11,39
VU,H5,F8D486E5-9362-A16E-B968-39D163297A7B,MANILA,-11,30
VU,H5,18B1875B-654C-938A-806A-39EA4FE13D19,NICHINAN,-11,19
VU,H5,28E93CD7-BE58-38B7-85B5-39D163297A5D,PAGO PAGO,-11,7
VU,H5,DD1590E6-430E-BAAE-817D-39D163297A67,PAPEETE,-11,42
VU,H5,A4072172-A4F1-0B05-D6B4-39D163297A7B,POHNPEI,-11,36
VU,H5,96FEA121-C4F8-31D9-15A3-39D163297A67,SINGAPORE,-11,32
VU,H5,45EFF196-73FA-CDBA-0261-39D163297A67,SUVA,-11,211
VU,H5,DD6B232F-C32D-2907-F82E-39D1632979BD,UNKNOWN PORT,-11,13
VU,HB,3387B088-2D33-67CB-7C56-39D1632979D1,KAOHSIUNG,-12,2
VU,HB,45EFF196-73FA-CDBA-0261-39D163297A67,SUVA,-12,1
VU,HW,930A973D-68AE-57FC-DD15-39D163297A7B,AT SEA,-12,15
VU,HW,930A973D-68AE-57FC-DD15-39D163297A7B,AT SEA,-11,2
VU,HW,3387B088-2D33-67CB-7C56-39D1632979D1,KAOHSIUNG,-12,9
VU,HW,3387B088-2D33-67CB-7C56-39D1632979D1,KAOHSIUNG,-11,2
VU,HW,3387B088-2D33-67CB-7C56-39D1632979D1,KAOHSIUNG,12,2
VU,HW,45EFF196-73FA-CDBA-0261-39D163297A67,SUVA,-12,26
VU,HW,45EFF196-73FA-CDBA-0261-39D163297A67,SUVA,-11,10
VU,HW,45EFF196-73FA-CDBA-0261-39D163297A67,SUVA,12,1
VU,I1,24637B8A-3709-6521-E4CB-39D163297A71,APIA,10,15
VU,I1,930A973D-68AE-57FC-DD15-39D163297A7B,AT SEA,10,22
VU,I1,3387B088-2D33-67CB-7C56-39D1632979D1,KAOHSIUNG,10,1
VU,I1,DD6B232F-C32D-2907-F82E-39D1632979BD,UNKNOWN PORT,10,4
VU,I2,930A973D-68AE-57FC-DD15-39D163297A7B,AT SEA,11,63
VU,I2,930A973D-68AE-57FC-DD15-39D163297A7B,AT SEA,12,18
VU,I2,43FC97BD-A735-F85C-2ABA-39D163297A85,FUNAFUTI,11,3
VU,I2,3387B088-2D33-67CB-7C56-39D1632979D1,KAOHSIUNG,11,27
VU,I2,3387B088-2D33-67CB-7C56-39D1632979D1,KAOHSIUNG,12,8
VU,I2,F8D486E5-9362-A16E-B968-39D163297A7B,MANILA,12,5
VU,I2,A4072172-A4F1-0B05-D6B4-39D163297A7B,POHNPEI,11,66
VU,I2,A4072172-A4F1-0B05-D6B4-39D163297A7B,POHNPEI,12,3
VU,I2,45EFF196-73FA-CDBA-0261-39D163297A67,SUVA,11,52
VU,I2,45EFF196-73FA-CDBA-0261-39D163297A67,SUVA,12,35
VU,I2,DD6B232F-C32D-2907-F82E-39D1632979BD,UNKNOWN PORT,11,29
VU,I3,930A973D-68AE-57FC-DD15-39D163297A7B,AT SEA,9,1
VU,I3,930A973D-68AE-57FC-DD15-39D163297A7B,AT SEA,10,7
VU,I3,930A973D-68AE-57FC-DD15-39D163297A7B,AT SEA,11,9
VU,I3,930A973D-68AE-57FC-DD15-39D163297A7B,AT SEA,12,113
VU,I3,9738C423-8F37-3002-672C-39D1632979C7,BUSAN,11,4
VU,I3,9738C423-8F37-3002-672C-39D1632979C7,BUSAN,12,39
VU,I3,EF3F4CD8-EC59-46E9-7887-39D1632979D1,HONIARA,10,2
VU,I3,EF3F4CD8-EC59-46E9-7887-39D1632979D1,HONIARA,11,1
VU,I3,F6085155-38E5-B5BE-3EBF-39DCDAB84C3D,JAPAN,12,8
VU,I3,3387B088-2D33-67CB-7C56-39D1632979D1,KAOHSIUNG,10,26
VU,I3,3387B088-2D33-67CB-7C56-39D1632979D1,KAOHSIUNG,11,43
VU,I3,3387B088-2D33-67CB-7C56-39D1632979D1,KAOHSIUNG,12,69
VU,I3,45EFF196-73FA-CDBA-0261-39D163297A67,SUVA,10,1
VU,I3,45EFF196-73FA-CDBA-0261-39D163297A67,SUVA,11,8
VU,I3,45EFF196-73FA-CDBA-0261-39D163297A67,SUVA,12,34
VU,I3,DD6B232F-C32D-2907-F82E-39D1632979BD,UNKNOWN PORT,12,5
VU,I4,,,-12,44
VU,I4,,,-11,5
VU,I4,24637B8A-3709-6521-E4CB-39D163297A71,APIA,-12,25
VU,I4,930A973D-68AE-57FC-DD15-39D163297A7B,AT SEA,-12,2364
VU,I4,930A973D-68AE-57FC-DD15-39D163297A7B,AT SEA,-11,938
VU,I4,930A973D-68AE-57FC-DD15-39D163297A7B,AT SEA,12,813
VU,I4,9738C423-8F37-3002-672C-39D1632979C7,BUSAN,-12,475
VU,I4,9738C423-8F37-3002-672C-39D1632979C7,BUSAN,-11,202
VU,I4,9738C423-8F37-3002-672C-39D1632979C7,BUSAN,12,377
VU,I4,076BEEA5-D1E3-DAD1-443F-39D163297A8F,DALIAN,-12,2
VU,I4,6F1A00DB-0936-E0F7-AB39-39D163297A85,DAVAO,-12,29
VU,I4,6F1A00DB-0936-E0F7-AB39-39D163297A85,DAVAO,12,3
VU,I4,D1BFBDFD-CEA3-911C-69E8-39D163297AB7,HONG KONG,-12,1
VU,I4,F6085155-38E5-B5BE-3EBF-39DCDAB84C3D,JAPAN,-12,28
VU,I4,F6085155-38E5-B5BE-3EBF-39DCDAB84C3D,JAPAN,-11,5
VU,I4,F6085155-38E5-B5BE-3EBF-39DCDAB84C3D,JAPAN,12,11
VU,I4,3387B088-2D33-67CB-7C56-39D1632979D1,KAOHSIUNG,-12,1159
VU,I4,3387B088-2D33-67CB-7C56-39D1632979D1,KAOHSIUNG,-11,333
VU,I4,3387B088-2D33-67CB-7C56-39D1632979D1,KAOHSIUNG,12,247
VU,I4,E425E0FD-D4C0-EA7A-CD5F-39D163297A8F,LAUTOKA,-11,2
VU,I4,25CAFD97-6514-11D9-0DE2-39D163297A17,MAJURO,-12,27
VU,I4,25CAFD97-6514-11D9-0DE2-39D163297A17,MAJURO,-11,19
VU,I4,25CAFD97-6514-11D9-0DE2-39D163297A17,MAJURO,12,19
VU,I4,18B1875B-654C-938A-806A-39EA4FE13D19,NICHINAN,-12,2
VU,I4,18B1875B-654C-938A-806A-39EA4FE13D19,NICHINAN,-11,2
VU,I4,18B1875B-654C-938A-806A-39EA4FE13D19,NICHINAN,12,5
VU,I4,28E93CD7-BE58-38B7-85B5-39D163297A5D,PAGO PAGO,-12,150
VU,I4,28E93CD7-BE58-38B7-85B5-39D163297A5D,PAGO PAGO,12,14
VU,I4,DD1590E6-430E-BAAE-817D-39D163297A67,PAPEETE,-12,34
VU,I4,DD1590E6-430E-BAAE-817D-39D163297A67,PAPEETE,-11,37
VU,I4,A4072172-A4F1-0B05-D6B4-39D163297A7B,POHNPEI,-12,13
VU,I4,A4072172-A4F1-0B05-D6B4-39D163297A7B,POHNPEI,-11,5
VU,I4,A4072172-A4F1-0B05-D6B4-39D163297A7B,POHNPEI,12,9
VU,I4,45EFF196-73FA-CDBA-0261-39D163297A67,SUVA,-12,576
VU,I4,45EFF196-73FA-CDBA-0261-39D163297A67,SUVA,-11,61
VU,I4,45EFF196-73FA-CDBA-0261-39D163297A67,SUVA,12,299
VU,I4,DD6B232F-C32D-2907-F82E-39D1632979BD,UNKNOWN PORT,-11,36
VU,I4,DD6B232F-C32D-2907-F82E-39D1632979BD,UNKNOWN PORT,12,24
VU,I5,,,-10,8
VU,I5,,,-9,124
VU,I5,24637B8A-3709-6521-E4CB-39D163297A71,APIA,-10,5
VU,I5,24637B8A-3709-6521-E4CB-39D163297A71,APIA,-9,16
VU,I5,930A973D-68AE-57FC-DD15-39D163297A7B,AT SEA,-11,1579
VU,I5,930A973D-68AE-57FC-DD15-39D163297A7B,AT SEA,-10,3124
VU,I5,930A973D-68AE-57FC-DD15-39D163297A7B,AT SEA,-9,3345
VU,I5,9738C423-8F37-3002-672C-39D1632979C7,BUSAN,-11,228
VU,I5,9738C423-8F37-3002-672C-39D1632979C7,BUSAN,-10,730
VU,I5,9738C423-8F37-3002-672C-39D1632979C7,BUSAN,-9,379
VU,I5,6F1A00DB-0936-E0F7-AB39-39D163297A85,DAVAO,-11,2
VU,I5,6F1A00DB-0936-E0F7-AB39-39D163297A85,DAVAO,-10,65
VU,I5,D1BFBDFD-CEA3-911C-69E8-39D163297AB7,HONG KONG,-11,55
VU,I5,F6085155-38E5-B5BE-3EBF-39DCDAB84C3D,JAPAN,-11,25
VU,I5,3387B088-2D33-67CB-7C56-39D1632979D1,KAOHSIUNG,-11,719
VU,I5,3387B088-2D33-67CB-7C56-39D1632979D1,KAOHSIUNG,-10,1537
VU,I5,3387B088-2D33-67CB-7C56-39D1632979D1,KAOHSIUNG,-9,1138
VU,I5,E425E0FD-D4C0-EA7A-CD5F-39D163297A8F,LAUTOKA,-11,9
VU,I5,E425E0FD-D4C0-EA7A-CD5F-39D163297A8F,LAUTOKA,-10,12
VU,I5,25CAFD97-6514-11D9-0DE2-39D163297A17,MAJURO,-11,10
VU,I5,25CAFD97-6514-11D9-0DE2-39D163297A17,MAJURO,-10,37
VU,I5,25CAFD97-6514-11D9-0DE2-39D163297A17,MAJURO,-9,124
VU,I5,18B1875B-654C-938A-806A-39EA4FE13D19,NICHINAN,-11,30
VU,I5,18B1875B-654C-938A-806A-39EA4FE13D19,NICHINAN,-10,1
VU,I5,18B1875B-654C-938A-806A-39EA4FE13D19,NICHINAN,-9,10
VU,I5,28E93CD7-BE58-38B7-85B5-39D163297A5D,PAGO PAGO,-11,1
VU,I5,28E93CD7-BE58-38B7-85B5-39D163297A5D,PAGO PAGO,-10,1
VU,I5,28E93CD7-BE58-38B7-85B5-39D163297A5D,PAGO PAGO,-9,23
VU,I5,DD1590E6-430E-BAAE-817D-39D163297A67,PAPEETE,-11,66
VU,I5,DD1590E6-430E-BAAE-817D-39D163297A67,PAPEETE,-10,254
VU,I5,DD1590E6-430E-BAAE-817D-39D163297A67,PAPEETE,-9,302
VU,I5,A4072172-A4F1-0B05-D6B4-39D163297A7B,POHNPEI,-11,8
VU,I5,45EFF196-73FA-CDBA-0261-39D163297A67,SUVA,-11,90
VU,I5,45EFF196-73FA-CDBA-0261-39D163297A67,SUVA,-10,710
VU,I5,45EFF196-73FA-CDBA-0261-39D163297A67,SUVA,-9,352
VU,I5,DD6B232F-C32D-2907-F82E-39D1632979BD,UNKNOWN PORT,-11,56
VU,I5,DD6B232F-C32D-2907-F82E-39D1632979BD,UNKNOWN PORT,-10,118
VU,I5,DD6B232F-C32D-2907-F82E-39D1632979BD,UNKNOWN PORT,-9,364
VU,I5,BEC17B8B-DF68-1724-77B0-39E5C3D1774E,VACAMONTE,-10,7
VU,I5,BEC17B8B-DF68-1724-77B0-39E5C3D1774E,VACAMONTE,-9,8
VU,I6,24637B8A-3709-6521-E4CB-39D163297A71,APIA,10,2
VU,I6,24637B8A-3709-6521-E4CB-39D163297A71,APIA,11,7
VU,I6,930A973D-68AE-57FC-DD15-39D163297A7B,AT SEA,-12,220
VU,I6,930A973D-68AE-57FC-DD15-39D163297A7B,AT SEA,-11,1346
VU,I6,930A973D-68AE-57FC-DD15-39D163297A7B,AT SEA,-10,700
VU,I6,930A973D-68AE-57FC-DD15-39D163297A7B,AT SEA,10,250
VU,I6,930A973D-68AE-57FC-DD15-39D163297A7B,AT SEA,11,1258
VU,I6,930A973D-68AE-57FC-DD15-39D163297A7B,AT SEA,12,466
VU,I6,9738C423-8F37-3002-672C-39D1632979C7,BUSAN,-12,45
VU,I6,9738C423-8F37-3002-672C-39D1632979C7,BUSAN,-11,64
VU,I6,9738C423-8F37-3002-672C-39D1632979C7,BUSAN,-10,65
VU,I6,9738C423-8F37-3002-672C-39D1632979C7,BUSAN,10,53
VU,I6,9738C423-8F37-3002-672C-39D1632979C7,BUSAN,11,180
VU,I6,9738C423-8F37-3002-672C-39D1632979C7,BUSAN,12,138
VU,I6,EF3F4CD8-EC59-46E9-7887-39D1632979D1,HONIARA,11,21
VU,I6,3387B088-2D33-67CB-7C56-39D1632979D1,KAOHSIUNG,-12,263
VU,I6,3387B088-2D33-67CB-7C56-39D1632979D1,KAOHSIUNG,-11,869
VU,I6,3387B088-2D33-67CB-7C56-39D1632979D1,KAOHSIUNG,-10,355
VU,I6,3387B088-2D33-67CB-7C56-39D1632979D1,KAOHSIUNG,10,285
VU,I6,3387B088-2D33-67CB-7C56-39D1632979D1,KAOHSIUNG,11,1062
VU,I6,3387B088-2D33-67CB-7C56-39D1632979D1,KAOHSIUNG,12,461
VU,I6,E425E0FD-D4C0-EA7A-CD5F-39D163297A8F,LAUTOKA,-11,25
VU,I6,79410188-A6B1-7B0D-CBAA-39D163297A17,LEVUKA,-12,15
VU,I6,79410188-A6B1-7B0D-CBAA-39D163297A17,LEVUKA,-11,54
VU,I6,79410188-A6B1-7B0D-CBAA-39D163297A17,LEVUKA,-10,53
VU,I6,79410188-A6B1-7B0D-CBAA-39D163297A17,LEVUKA,10,56
VU,I6,79410188-A6B1-7B0D-CBAA-39D163297A17,LEVUKA,11,92
VU,I6,79410188-A6B1-7B0D-CBAA-39D163297A17,LEVUKA,12,38
VU,I6,28E93CD7-BE58-38B7-85B5-39D163297A5D,PAGO PAGO,-10,5
VU,I6,DD1590E6-430E-BAAE-817D-39D163297A67,PAPEETE,-12,1
VU,I6,DD1590E6-430E-BAAE-817D-39D163297A67,PAPEETE,-11,9
VU,I6,DD1590E6-430E-BAAE-817D-39D163297A67,PAPEETE,-10,51
VU,I6,DD1590E6-430E-BAAE-817D-39D163297A67,PAPEETE,12,1
VU,I6,45EFF196-73FA-CDBA-0261-39D163297A67,SUVA,-12,117
VU,I6,45EFF196-73FA-CDBA-0261-39D163297A67,SUVA,-11,690
VU,I6,45EFF196-73FA-CDBA-0261-39D163297A67,SUVA,-10,396
VU,I6,45EFF196-73FA-CDBA-0261-39D163297A67,SUVA,10,124
VU,I6,45EFF196-73FA-CDBA-0261-39D163297A67,SUVA,11,437
VU,I6,45EFF196-73FA-CDBA-0261-39D163297A67,SUVA,12,274
VU,I6,444D9BF3-F4D8-9B73-7FBE-39D163297AAD,TAICHUNG,-12,8
VU,I6,444D9BF3-F4D8-9B73-7FBE-39D163297AAD,TAICHUNG,-11,4
VU,I6,444D9BF3-F4D8-9B73-7FBE-39D163297AAD,TAICHUNG,12,16
VU,I6,DD6B232F-C32D-2907-F82E-39D1632979BD,UNKNOWN PORT,-12,3
VU,I6,DD6B232F-C32D-2907-F82E-39D1632979BD,UNKNOWN PORT,-11,41
VU,I6,DD6B232F-C32D-2907-F82E-39D1632979BD,UNKNOWN PORT,-10,34
VU,I6,DD6B232F-C32D-2907-F82E-39D1632979BD,UNKNOWN PORT,10,28
VU,I6,DD6B232F-C32D-2907-F82E-39D1632979BD,UNKNOWN PORT,11,136
VU,I6,DD6B232F-C32D-2907-F82E-39D1632979BD,UNKNOWN PORT,12,34
VU,I7,24637B8A-3709-6521-E4CB-39D163297A71,APIA,-12,5
VU,I7,24637B8A-3709-6521-E4CB-39D163297A71,APIA,-11,34
VU,I7,24637B8A-3709-6521-E4CB-39D163297A71,APIA,-10,10
VU,I7,930A973D-68AE-57FC-DD15-39D163297A7B,AT SEA,-12,469
VU,I7,930A973D-68AE-57FC-DD15-39D163297A7B,AT SEA,-11,2258
VU,I7,930A973D-68AE-57FC-DD15-39D163297A7B,AT SEA,-10,1322
VU,I7,930A973D-68AE-57FC-DD15-39D163297A7B,AT SEA,-9,700
VU,I7,930A973D-68AE-57FC-DD15-39D163297A7B,AT SEA,10,1
VU,I7,930A973D-68AE-57FC-DD15-39D163297A7B,AT SEA,11,64
VU,I7,930A973D-68AE-57FC-DD15-39D163297A7B,AT SEA,12,11
VU,I7,9738C423-8F37-3002-672C-39D1632979C7,BUSAN,-12,24
VU,I7,9738C423-8F37-3002-672C-39D1632979C7,BUSAN,-11,166
VU,I7,9738C423-8F37-3002-672C-39D1632979C7,BUSAN,-10,72
VU,I7,9738C423-8F37-3002-672C-39D1632979C7,BUSAN,-9,54
VU,I7,9738C423-8F37-3002-672C-39D1632979C7,BUSAN,10,3
VU,I7,9738C423-8F37-3002-672C-39D1632979C7,BUSAN,11,21
VU,I7,9738C423-8F37-3002-672C-39D1632979C7,BUSAN,12,2
VU,I7,3387B088-2D33-67CB-7C56-39D1632979D1,KAOHSIUNG,-12,783
VU,I7,3387B088-2D33-67CB-7C56-39D1632979D1,KAOHSIUNG,-11,2200
VU,I7,3387B088-2D33-67CB-7C56-39D1632979D1,KAOHSIUNG,-10,2047
VU,I7,3387B088-2D33-67CB-7C56-39D1632979D1,KAOHSIUNG,-9,589
VU,I7,3387B088-2D33-67CB-7C56-39D1632979D1,KAOHSIUNG,10,108
VU,I7,3387B088-2D33-67CB-7C56-39D1632979D1,KAOHSIUNG,11,401
VU,I7,3387B088-2D33-67CB-7C56-39D1632979D1,KAOHSIUNG,12,249
VU,I7,79410188-A6B1-7B0D-CBAA-39D163297A17,LEVUKA,-12,31
VU,I7,79410188-A6B1-7B0D-CBAA-39D163297A17,LEVUKA,-11,65
VU,I7,79410188-A6B1-7B0D-CBAA-39D163297A17,LEVUKA,-10,54
VU,I7,F8D486E5-9362-A16E-B968-39D163297A7B,MANILA,-12,3
VU,I7,F8D486E5-9362-A16E-B968-39D163297A7B,MANILA,-11,92
VU,I7,F8D486E5-9362-A16E-B968-39D163297A7B,MANILA,-10,9
VU,I7,28E93CD7-BE58-38B7-85B5-39D163297A5D,PAGO PAGO,-11,10
VU,I7,28E93CD7-BE58-38B7-85B5-39D163297A5D,PAGO PAGO,-10,41
VU,I7,28E93CD7-BE58-38B7-85B5-39D163297A5D,PAGO PAGO,-9,38
VU,I7,DD1590E6-430E-BAAE-817D-39D163297A67,PAPEETE,-12,10
VU,I7,DD1590E6-430E-BAAE-817D-39D163297A67,PAPEETE,-11,121
VU,I7,DD1590E6-430E-BAAE-817D-39D163297A67,PAPEETE,-10,263
VU,I7,DD1590E6-430E-BAAE-817D-39D163297A67,PAPEETE,-9,88
VU,I7,45EFF196-73FA-CDBA-0261-39D163297A67,SUVA,-12,250
VU,I7,45EFF196-73FA-CDBA-0261-39D163297A67,SUVA,-11,888
VU,I7,45EFF196-73FA-CDBA-0261-39D163297A67,SUVA,-10,710
VU,I7,45EFF196-73FA-CDBA-0261-39D163297A67,SUVA,-9,227
VU,I7,45EFF196-73FA-CDBA-0261-39D163297A67,SUVA,10,13
VU,I7,45EFF196-73FA-CDBA-0261-39D163297A67,SUVA,11,176
VU,I7,45EFF196-73FA-CDBA-0261-39D163297A67,SUVA,12,469
VU,I7,DD6B232F-C32D-2907-F82E-39D1632979BD,UNKNOWN PORT,-11,54
VU,I7,DD6B232F-C32D-2907-F82E-39D1632979BD,UNKNOWN PORT,-10,56
VU,I7,DD6B232F-C32D-2907-F82E-39D1632979BD,UNKNOWN PORT,-9,24
VU,I7,DD6B232F-C32D-2907-F82E-39D1632979BD,UNKNOWN PORT,12,4
VU,I8,9738C423-8F37-3002-672C-39D1632979C7,BUSAN,11,1
VU,I8,3387B088-2D33-67CB-7C56-39D1632979D1,KAOHSIUNG,12,1
VU,I8,45EFF196-73FA-CDBA-0261-39D163297A67,SUVA,11,14
VU,I8,45EFF196-73FA-CDBA-0261-39D163297A67,SUVA,12,208
VU,I8,DD6B232F-C32D-2907-F82E-39D1632979BD,UNKNOWN PORT,12,1
VU,I9,930A973D-68AE-57FC-DD15-39D163297A7B,AT SEA,-11,15
VU,I9,930A973D-68AE-57FC-DD15-39D163297A7B,AT SEA,-10,14
VU,I9,3387B088-2D33-67CB-7C56-39D1632979D1,KAOHSIUNG,-11,4
VU,I9,28E93CD7-BE58-38B7-85B5-39D163297A5D,PAGO PAGO,-11,2
VU,I9,DD1590E6-430E-BAAE-817D-39D163297A67,PAPEETE,-11,10
VU,I9,DD1590E6-430E-BAAE-817D-39D163297A67,PAPEETE,-10,1
VU,I9,45EFF196-73FA-CDBA-0261-39D163297A67,SUVA,-11,7
VU,I9,45EFF196-73FA-CDBA-0261-39D163297A67,SUVA,-10,1
VU,IW,,,-10,43
VU,IW,24637B8A-3709-6521-E4CB-39D163297A71,APIA,-10,57
VU,IW,24637B8A-3709-6521-E4CB-39D163297A71,APIA,-9,1
VU,IW,24637B8A-3709-6521-E4CB-39D163297A71,APIA,-8,30
VU,IW,930A973D-68AE-57FC-DD15-39D163297A7B,AT SEA,-12,6
VU,IW,930A973D-68AE-57FC-DD15-39D163297A7B,AT SEA,-11,303
VU,IW,930A973D-68AE-57FC-DD15-39D163297A7B,AT SEA,-10,2687
VU,IW,930A973D-68AE-57FC-DD15-39D163297A7B,AT SEA,-9,2382
VU,IW,930A973D-68AE-57FC-DD15-39D163297A7B,AT SEA,-8,1879
VU,IW,930A973D-68AE-57FC-DD15-39D163297A7B,AT SEA,-7,864
VU,IW,930A973D-68AE-57FC-DD15-39D163297A7B,AT SEA,-6,1197
VU,IW,930A973D-68AE-57FC-DD15-39D163297A7B,AT SEA,1,164
VU,IW,930A973D-68AE-57FC-DD15-39D163297A7B,AT SEA,11,1
VU,IW,930A973D-68AE-57FC-DD15-39D163297A7B,AT SEA,12,2
VU,IW,9738C423-8F37-3002-672C-39D1632979C7,BUSAN,-12,11
VU,IW,9738C423-8F37-3002-672C-39D1632979C7,BUSAN,-11,71
VU,IW,9738C423-8F37-3002-672C-39D1632979C7,BUSAN,-10,392
VU,IW,9738C423-8F37-3002-672C-39D1632979C7,BUSAN,-9,138
VU,IW,9738C423-8F37-3002-672C-39D1632979C7,BUSAN,-8,12
VU,IW,9738C423-8F37-3002-672C-39D1632979C7,BUSAN,10,2
VU,IW,9738C423-8F37-3002-672C-39D1632979C7,BUSAN,11,7
VU,IW,9738C423-8F37-3002-672C-39D1632979C7,BUSAN,12,10
VU,IW,8F4EB6B4-503D-2F1B-2C39-39D163297A85,CALLAO,-9,65
VU,IW,8F4EB6B4-503D-2F1B-2C39-39D163297A85,CALLAO,-8,39
VU,IW,8F4EB6B4-503D-2F1B-2C39-39D163297A85,CALLAO,-7,82
VU,IW,3387B088-2D33-67CB-7C56-39D1632979D1,KAOHSIUNG,-12,37
VU,IW,3387B088-2D33-67CB-7C56-39D1632979D1,KAOHSIUNG,-11,247
VU,IW,3387B088-2D33-67CB-7C56-39D1632979D1,KAOHSIUNG,-10,1318
VU,IW,3387B088-2D33-67CB-7C56-39D1632979D1,KAOHSIUNG,-9,679
VU,IW,3387B088-2D33-67CB-7C56-39D1632979D1,KAOHSIUNG,-8,687
VU,IW,3387B088-2D33-67CB-7C56-39D1632979D1,KAOHSIUNG,-7,133
VU,IW,3387B088-2D33-67CB-7C56-39D1632979D1,KAOHSIUNG,-6,40
VU,IW,3387B088-2D33-67CB-7C56-39D1632979D1,KAOHSIUNG,-1,30
VU,IW,3387B088-2D33-67CB-7C56-39D1632979D1,KAOHSIUNG,11,5
VU,IW,3387B088-2D33-67CB-7C56-39D1632979D1,KAOHSIUNG,12,22
VU,IW,E425E0FD-D4C0-EA7A-CD5F-39D163297A8F,LAUTOKA,-11,1
VU,IW,E425E0FD-D4C0-EA7A-CD5F-39D163297A8F,LAUTOKA,-10,11
VU,IW,E425E0FD-D4C0-EA7A-CD5F-39D163297A8F,LAUTOKA,-9,5
VU,IW,79410188-A6B1-7B0D-CBAA-39D163297A17,LEVUKA,-12,19
VU,IW,79410188-A6B1-7B0D-CBAA-39D163297A17,LEVUKA,-11,42
VU,IW,79410188-A6B1-7B0D-CBAA-39D163297A17,LEVUKA,-10,183
VU,IW,79410188-A6B1-7B0D-CBAA-39D163297A17,LEVUKA,-9,8
VU,IW,79410188-A6B1-7B0D-CBAA-39D163297A17,LEVUKA,12,5
VU,IW,25CAFD97-6514-11D9-0DE2-39D163297A17,MAJURO,-10,41
VU,IW,25CAFD97-6514-11D9-0DE2-39D163297A17,MAJURO,-9,14
VU,IW,25CAFD97-6514-11D9-0DE2-39D163297A17,MAJURO,-8,31
VU,IW,E74748B0-32B0-6A04-80A3-39FC1D62280E,NAMIBIA,-2,196
VU,IW,E74748B0-32B0-6A04-80A3-39FC1D62280E,NAMIBIA,-1,71
VU,IW,E74748B0-32B0-6A04-80A3-39FC1D62280E,NAMIBIA,0,428
VU,IW,E74748B0-32B0-6A04-80A3-39FC1D62280E,NAMIBIA,1,683
VU,IW,E74748B0-32B0-6A04-80A3-39FC1D62280E,NAMIBIA,2,12
VU,IW,E74748B0-32B0-6A04-80A3-39FC1D62280E,NAMIBIA,3,11
VU,IW,E74748B0-32B0-6A04-80A3-39FC1D62280E,NAMIBIA,4,6
VU,IW,18B1875B-654C-938A-806A-39EA4FE13D19,NICHINAN,-10,2
VU,IW,18B1875B-654C-938A-806A-39EA4FE13D19,NICHINAN,-9,7
VU,IW,28E93CD7-BE58-38B7-85B5-39D163297A5D,PAGO PAGO,-10,9
VU,IW,28E93CD7-BE58-38B7-85B5-39D163297A5D,PAGO PAGO,-9,72
VU,IW,28E93CD7-BE58-38B7-85B5-39D163297A5D,PAGO PAGO,-8,30
VU,IW,9EC1BF9C-088E-44D2-4CD9-39D163297A5D,PANAMA,-10,11
VU,IW,9EC1BF9C-088E-44D2-4CD9-39D163297A5D,PANAMA,-9,9
VU,IW,9EC1BF9C-088E-44D2-4CD9-39D163297A5D,PANAMA,-8,84
VU,IW,9EC1BF9C-088E-44D2-4CD9-39D163297A5D,PANAMA,-7,161
VU,IW,9EC1BF9C-088E-44D2-4CD9-39D163297A5D,PANAMA,-6,411
VU,IW,DD1590E6-430E-BAAE-817D-39D163297A67,PAPEETE,-11,13
VU,IW,DD1590E6-430E-BAAE-817D-39D163297A67,PAPEETE,-10,157
VU,IW,DD1590E6-430E-BAAE-817D-39D163297A67,PAPEETE,-9,81
VU,IW,DD1590E6-430E-BAAE-817D-39D163297A67,PAPEETE,-8,231
VU,IW,DD1590E6-430E-BAAE-817D-39D163297A67,PAPEETE,-7,37
VU,IW,DD1590E6-430E-BAAE-817D-39D163297A67,PAPEETE,-6,1
VU,IW,45EFF196-73FA-CDBA-0261-39D163297A67,SUVA,-12,48
VU,IW,45EFF196-73FA-CDBA-0261-39D163297A67,SUVA,-11,171
VU,IW,45EFF196-73FA-CDBA-0261-39D163297A67,SUVA,-10,885
VU,IW,45EFF196-73FA-CDBA-0261-39D163297A67,SUVA,-9,385
VU,IW,45EFF196-73FA-CDBA-0261-39D163297A67,SUVA,-8,464
VU,IW,45EFF196-73FA-CDBA-0261-39D163297A67,SUVA,-7,197
VU,IW,45EFF196-73FA-CDBA-0261-39D163297A67,SUVA,10,1
VU,IW,45EFF196-73FA-CDBA-0261-39D163297A67,SUVA,12,4
VU,IW,DD6B232F-C32D-2907-F82E-39D1632979BD,UNKNOWN PORT,-11,7
VU,IW,DD6B232F-C32D-2907-F82E-39D1632979BD,UNKNOWN PORT,-10,224
VU,IW,DD6B232F-C32D-2907-F82E-39D1632979BD,UNKNOWN PORT,-9,138
VU,IW,DD6B232F-C32D-2907-F82E-39D1632979BD,UNKNOWN PORT,-8,27
VU,IW,DD6B232F-C32D-2907-F82E-39D1632979BD,UNKNOWN PORT,-6,7
VU,IW,DD6B232F-C32D-2907-F82E-39D1632979BD,UNKNOWN PORT,-1,32
VU,IW,DD6B232F-C32D-2907-F82E-39D1632979BD,UNKNOWN PORT,0,211
VU,IW,DD6B232F-C32D-2907-F82E-39D1632979BD,UNKNOWN PORT,1,627
VU,IW,BEC17B8B-DF68-1724-77B0-39E5C3D1774E,VACAMONTE,-10,61
VU,IW,BEC17B8B-DF68-1724-77B0-39E5C3D1774E,VACAMONTE,-9,41
VU,IW,BEC17B8B-DF68-1724-77B0-39E5C3D1774E,VACAMONTE,-8,244
VU,IW,BEC17B8B-DF68-1724-77B0-39E5C3D1774E,VACAMONTE,-7,498
VU,IW,BEC17B8B-DF68-1724-77B0-39E5C3D1774E,VACAMONTE,-6,1218
VU,IW,BEC17B8B-DF68-1724-77B0-39E5C3D1774E,VACAMONTE,-5,14
VU,IW,2D4DF1C6-60D6-D09B-7241-3A08AFA69172,Walvis Bay,0,45
VU,JP,930A973D-68AE-57FC-DD15-39D163297A7B,AT SEA,10,1
VU,JP,45EFF196-73FA-CDBA-0261-39D163297A67,SUVA,10,1
VU,JV,930A973D-68AE-57FC-DD15-39D163297A7B,AT SEA,-11,1
VU,JV,9738C423-8F37-3002-672C-39D1632979C7,BUSAN,-11,1
VU,JV,3387B088-2D33-67CB-7C56-39D1632979D1,KAOHSIUNG,-11,1
VU,JV,F8D486E5-9362-A16E-B968-39D163297A7B,MANILA,-11,35
VU,KR,9738C423-8F37-3002-672C-39D1632979C7,BUSAN,8,1
VU,LN,930A973D-68AE-57FC-DD15-39D163297A7B,AT SEA,-11,13
VU,LN,930A973D-68AE-57FC-DD15-39D163297A7B,AT SEA,-10,49
VU,LN,9738C423-8F37-3002-672C-39D1632979C7,BUSAN,-11,1
VU,LN,9738C423-8F37-3002-672C-39D1632979C7,BUSAN,-10,2
VU,LN,3387B088-2D33-67CB-7C56-39D1632979D1,KAOHSIUNG,-11,22
VU,LN,3387B088-2D33-67CB-7C56-39D1632979D1,KAOHSIUNG,-10,177
VU,LN,F8D486E5-9362-A16E-B968-39D163297A7B,MANILA,-11,12
VU,LN,DD1590E6-430E-BAAE-817D-39D163297A67,PAPEETE,-10,1
VU,LN,45EFF196-73FA-CDBA-0261-39D163297A67,SUVA,-10,3
VU,LN,DD6B232F-C32D-2907-F82E-39D1632979BD,UNKNOWN PORT,-11,1
VU,LN,DD6B232F-C32D-2907-F82E-39D1632979BD,UNKNOWN PORT,-10,2
VU,MA,3387B088-2D33-67CB-7C56-39D1632979D1,KAOHSIUNG,12,1
VU,MH,DD6B232F-C32D-2907-F82E-39D1632979BD,UNKNOWN PORT,12,4
VU,NF,3387B088-2D33-67CB-7C56-39D1632979D1,KAOHSIUNG,11,2
VU,NU,24637B8A-3709-6521-E4CB-39D163297A71,APIA,-11,537
VU,NU,45EFF196-73FA-CDBA-0261-39D163297A67,SUVA,-11,123
VU,NZ,3387B088-2D33-67CB-7C56-39D1632979D1,KAOHSIUNG,-12,3
VU,PA,DD6B232F-C32D-2907-F82E-39D1632979BD,UNKNOWN PORT,-6,1
VU,PF,930A973D-68AE-57FC-DD15-39D163297A7B,AT SEA,-10,2
VU,PF,930A973D-68AE-57FC-DD15-39D163297A7B,AT SEA,-9,3
VU,PF,3387B088-2D33-67CB-7C56-39D1632979D1,KAOHSIUNG,-10,1
VU,PF,DD1590E6-430E-BAAE-817D-39D163297A67,PAPEETE,-10,1
VU,PF,45EFF196-73FA-CDBA-0261-39D163297A67,SUVA,-10,1
VU,PF,DD6B232F-C32D-2907-F82E-39D1632979BD,UNKNOWN PORT,-9,1
VU,PG,713E3822-942F-BF0F-AE72-39D163297A8F,ALOTAU,10,560
VU,PG,930A973D-68AE-57FC-DD15-39D163297A7B,AT SEA,10,9
VU,PG,EF3F4CD8-EC59-46E9-7887-39D1632979D1,HONIARA,10,78
VU,PG,EF3F4CD8-EC59-46E9-7887-39D1632979D1,HONIARA,11,1
VU,PG,3387B088-2D33-67CB-7C56-39D1632979D1,KAOHSIUNG,11,2
VU,PG,45EFF196-73FA-CDBA-0261-39D163297A67,SUVA,10,72
VU,PG,45EFF196-73FA-CDBA-0261-39D163297A67,SUVA,11,2
VU,PN,930A973D-68AE-57FC-DD15-39D163297A7B,AT SEA,-9,1
VU,PN,3387B088-2D33-67CB-7C56-39D1632979D1,KAOHSIUNG,-8,3
VU,PN,28E93CD7-BE58-38B7-85B5-39D163297A5D,PAGO PAGO,-8,1
VU,PX,24637B8A-3709-6521-E4CB-39D163297A71,APIA,-11,23
VU,PX,930A973D-68AE-57FC-DD15-39D163297A7B,AT SEA,-11,13
VU,PX,3387B088-2D33-67CB-7C56-39D1632979D1,KAOHSIUNG,-12,23
VU,PX,3387B088-2D33-67CB-7C56-39D1632979D1,KAOHSIUNG,-11,76
VU,PX,E425E0FD-D4C0-EA7A-CD5F-39D163297A8F,LAUTOKA,-11,1
VU,PX,F8D486E5-9362-A16E-B968-39D163297A7B,MANILA,-11,2
VU,PX,18B1875B-654C-938A-806A-39EA4FE13D19,NICHINAN,-11,1
VU,PX,96FEA121-C4F8-31D9-15A3-39D163297A67,SINGAPORE,-11,1
VU,PY,9738C423-8F37-3002-672C-39D1632979C7,BUSAN,-11,3
VU,PY,3387B088-2D33-67CB-7C56-39D1632979D1,KAOHSIUNG,-11,3
VU,SB,EF3F4CD8-EC59-46E9-7887-39D1632979D1,HONIARA,11,238
VU,SB,45EFF196-73FA-CDBA-0261-39D163297A67,SUVA,11,89
VU,SB,45EFF196-73FA-CDBA-0261-39D163297A67,SUVA,12,1
VU,TK,24637B8A-3709-6521-E4CB-39D163297A71,APIA,-12,374
VU,TK,24637B8A-3709-6521-E4CB-39D163297A71,APIA,-11,485
VU,TK,EF3F4CD8-EC59-46E9-7887-39D1632979D1,HONIARA,-12,4
VU,TK,3387B088-2D33-67CB-7C56-39D1632979D1,KAOHSIUNG,-12,11
VU,TK,3387B088-2D33-67CB-7C56-39D1632979D1,KAOHSIUNG,-11,8
VU,TK,A4072172-A4F1-0B05-D6B4-39D163297A7B,POHNPEI,-12,2
VU,TK,45EFF196-73FA-CDBA-0261-39D163297A67,SUVA,-12,72
VU,TK,45EFF196-73FA-CDBA-0261-39D163297A67,SUVA,-11,21
VU,TO,24637B8A-3709-6521-E4CB-39D163297A71,APIA,-12,1
VU,TV,930A973D-68AE-57FC-DD15-39D163297A7B,AT SEA,-12,2
VU,TV,930A973D-68AE-57FC-DD15-39D163297A7B,AT SEA,12,14
VU,TV,43FC97BD-A735-F85C-2ABA-39D163297A85,FUNAFUTI,-12,21
VU,TV,43FC97BD-A735-F85C-2ABA-39D163297A85,FUNAFUTI,12,33
VU,TV,A4072172-A4F1-0B05-D6B4-39D163297A7B,POHNPEI,-12,31
VU,TV,A4072172-A4F1-0B05-D6B4-39D163297A7B,POHNPEI,12,69
VU,TV,45EFF196-73FA-CDBA-0261-39D163297A67,SUVA,12,1
VU,VU,EF3F4CD8-EC59-46E9-7887-39D1632979D1,HONIARA,11,68
VU,VU,1950C31A-A738-8100-50AC-39D163297A85,PORT VILA,11,85
VU,VU,45EFF196-73FA-CDBA-0261-39D163297A67,SUVA,11,199
VU,VU,45EFF196-73FA-CDBA-0261-39D163297A67,SUVA,12,23
VU,WF,24637B8A-3709-6521-E4CB-39D163297A71,APIA,-12,1
VU,WS,24637B8A-3709-6521-E4CB-39D163297A71,APIA,-12,687
VU,WS,24637B8A-3709-6521-E4CB-39D163297A71,APIA,-11,299
VU,WS,3387B088-2D33-67CB-7C56-39D1632979D1,KAOHSIUNG,-12,20
VU,WS,45EFF196-73FA-CDBA-0261-39D163297A67,SUVA,-12,36
WS,AS,24637B8A-3709-6521-E4CB-39D163297A71,APIA,-12,7
WS,AS,24637B8A-3709-6521-E4CB-39D163297A71,APIA,-11,47
WS,AS,930A973D-68AE-57FC-DD15-39D163297A7B,AT SEA,-11,1
WS,AS,28E93CD7-BE58-38B7-85B5-39D163297A5D,PAGO PAGO,-12,2
WS,AS,45EFF196-73FA-CDBA-0261-39D163297A67,SUVA,-11,2
WS,CK,24637B8A-3709-6521-E4CB-39D163297A71,APIA,-11,2
WS,FM,930A973D-68AE-57FC-DD15-39D163297A7B,AT SEA,10,27
WS,H4,24637B8A-3709-6521-E4CB-39D163297A71,APIA,-12,134
WS,H4,E425E0FD-D4C0-EA7A-CD5F-39D163297A8F,LAUTOKA,-12,5
WS,H4,F8D486E5-9362-A16E-B968-39D163297A7B,MANILA,-12,5
WS,H4,45EFF196-73FA-CDBA-0261-39D163297A67,SUVA,-12,26
WS,H5,24637B8A-3709-6521-E4CB-39D163297A71,APIA,-11,111
WS,I1,930A973D-68AE-57FC-DD15-39D163297A7B,AT SEA,10,15
WS,I2,930A973D-68AE-57FC-DD15-39D163297A7B,AT SEA,11,8
WS,I7,24637B8A-3709-6521-E4CB-39D163297A71,APIA,-12,2
WS,I7,24637B8A-3709-6521-E4CB-39D163297A71,APIA,-11,166
WS,I7,45EFF196-73FA-CDBA-0261-39D163297A67,SUVA,-12,4
WS,I7,45EFF196-73FA-CDBA-0261-39D163297A67,SUVA,-11,8
WS,I8,24637B8A-3709-6521-E4CB-39D163297A71,APIA,11,7
WS,I8,24637B8A-3709-6521-E4CB-39D163297A71,APIA,12,10
WS,I8,45EFF196-73FA-CDBA-0261-39D163297A67,SUVA,11,1
WS,I8,45EFF196-73FA-CDBA-0261-39D163297A67,SUVA,12,9
WS,I9,24637B8A-3709-6521-E4CB-39D163297A71,APIA,-11,63
WS,I9,930A973D-68AE-57FC-DD15-39D163297A7B,AT SEA,-11,30
WS,IW,930A973D-68AE-57FC-DD15-39D163297A7B,AT SEA,1,87
WS,IW,E74748B0-32B0-6A04-80A3-39FC1D62280E,NAMIBIA,1,22
WS,IW,DD6B232F-C32D-2907-F82E-39D1632979BD,UNKNOWN PORT,-1,30
WS,IW,DD6B232F-C32D-2907-F82E-39D1632979BD,UNKNOWN PORT,0,130
WS,IW,DD6B232F-C32D-2907-F82E-39D1632979BD,UNKNOWN PORT,1,138
WS,IW,2D4DF1C6-60D6-D09B-7241-3A08AFA69172,Walvis Bay,0,58
WS,IW,2D4DF1C6-60D6-D09B-7241-3A08AFA69172,Walvis Bay,1,151
WS,KR,24637B8A-3709-6521-E4CB-39D163297A71,APIA,9,1
WS,LN,24637B8A-3709-6521-E4CB-39D163297A71,APIA,-10,2
WS,NU,24637B8A-3709-6521-E4CB-39D163297A71,APIA,-11,1347
WS,NU,45EFF196-73FA-CDBA-0261-39D163297A67,SUVA,-11,13
WS,SB,24637B8A-3709-6521-E4CB-39D163297A71,APIA,11,17
WS,SB,EF3F4CD8-EC59-46E9-7887-39D1632979D1,HONIARA,11,183
WS,SB,45EFF196-73FA-CDBA-0261-39D163297A67,SUVA,11,113
WS,TK,24637B8A-3709-6521-E4CB-39D163297A71,APIA,-12,2681
WS,TK,24637B8A-3709-6521-E4CB-39D163297A71,APIA,-11,4987
WS,TK,930A973D-68AE-57FC-DD15-39D163297A7B,AT SEA,-12,32
WS,TK,930A973D-68AE-57FC-DD15-39D163297A7B,AT SEA,-11,62
WS,TK,E425E0FD-D4C0-EA7A-CD5F-39D163297A8F,LAUTOKA,-12,12
WS,TK,F8D486E5-9362-A16E-B968-39D163297A7B,MANILA,-12,1
WS,TK,45EFF196-73FA-CDBA-0261-39D163297A67,SUVA,-12,88
WS,TK,45EFF196-73FA-CDBA-0261-39D163297A67,SUVA,-11,167
WS,TO,24637B8A-3709-6521-E4CB-39D163297A71,APIA,-12,32
WS,TO,24637B8A-3709-6521-E4CB-39D163297A71,APIA,-11,6
WS,VU,EF3F4CD8-EC59-46E9-7887-39D1632979D1,HONIARA,11,20
WS,VU,45EFF196-73FA-CDBA-0261-39D163297A67,SUVA,11,130
WS,VU,45EFF196-73FA-CDBA-0261-39D163297A67,SUVA,12,5
WS,WF,24637B8A-3709-6521-E4CB-39D163297A71,APIA,-12,8
WS,WS,24637B8A-3709-6521-E4CB-39D163297A71,APIA,-12,8179
WS,WS,24637B8A-3709-6521-E4CB-39D163297A71,APIA,-11,6280
WS,WS,930A973D-68AE-57FC-DD15-39D163297A7B,AT SEA,-12,65
WS,WS,930A973D-68AE-57FC-DD15-39D163297A7B,AT SEA,-11,15
WS,WS,F8D486E5-9362-A16E-B968-39D163297A7B,MANILA,-12,1
WS,WS,28E93CD7-BE58-38B7-85B5-39D163297A5D,PAGO PAGO,-12,43
WS,WS,28E93CD7-BE58-38B7-85B5-39D163297A5D,PAGO PAGO,-11,16
WS,WS,45EFF196-73FA-CDBA-0261-39D163297A67,SUVA,-12,269
WS,WS,45EFF196-73FA-CDBA-0261-39D163297A67,SUVA,-11,40
WS,WS,50040146-02A1-822F-C370-3A1124735ECA,TAOHUA,-12,4