log_trip_id,vessel_flag,primary_eez_code,departure_month,modal_offset
1EBA0E64-A042-6540-B860-0008619D1969,PF,PF,4,-10
1F0172D9-8A73-6EF0-77B3-00ECCD0D18BA,WS,WS,4,-11
1EBB37C0-4825-68E0-B19B-01337CA49A88,FJ,TO,5,-11
18E8E998-B16C-42B4-8924-0163E15BD663,PF,PF,12,-10
6FCEFA65-35A9-4F4B-8C16-016E237687C0,PF,PF,2,-10
1EDBE853-967D-6FB0-E4D4-024817030015,PF,PF,1,-10
1EC5BD09-F834-6C30-A160-025180E76713,PF,PF,12,-10
B4B15836-DB8D-4E9A-81E1-02C4A3D6AEAA,FJ,FJ,6,12
1F1037E2-CAE7-6770-A2C3-02FCD3B2ECD5,PF,PF,1,-10
1EF34C90-29EB-6100-1489-033A899C2590,FJ,TO,6,-11
38F2074E-29CD-4983-99B9-03DF3B5B23AA,WS,WS,9,-11
1EC0DECE-59E6-6A10-C1EB-0428D0AD6D44,PF,PF,9,-10
1F0854F7-4342-6390-4BA7-05185D1AE7EE,PF,PF,8,-10
1EEB74F6-70E3-6DB0-47A2-059A9DA27EA9,PF,PF,1,-10
1EE8CF85-58CC-6150-9BCF-05BE4B256095,PF,PF,11,-10
1EE71D67-96DC-60C0-9789-061287418A5D,PF,PF,10,-10
1F0CBA50-3BD3-67E0-540D-06B01A07BF04,PF,PF,11,-10
1EE2667C-28B2-6550-4768-074CAA8020F5,PF,PF,7,-10
1EAD0FFF-6C84-67A0-AB54-075E7FC3C408,PF,PF,7,-10
1EF5DCA3-D74B-6390-71D6-07728085851B,NC,NC,8,11
1EBDF18A-E128-62F0-A7D1-07D8977407C1,PF,PF,6,-10
1EE1D002-1E18-6F60-12FF-07F215FDA714,PF,PF,7,-10
1F10D00D-80D7-6E00-F849-0860A1D1D589,TO,TO,2,-11
908F1F3E-7ED0-47B4-B147-08EFBFB82619,PF,PF,1,-10
1EB4C683-CCE6-60C0-450D-0986AADF4FD9,FJ,TO,5,-11
1EDF50A2-57A6-6610-E488-09A778380BA8,PF,PF,5,-10
1F044147-5BB0-61B0-7088-0A6A18BFDC8B,NC,NC,6,11
1EE9AC8E-EF11-6DE0-65A8-0A7D7BA2F239,NC,NC,12,11
1EBB9CB5-0E35-6EF0-1F35-0A86AD3B423C,PF,PF,5,-10
1EEFA9D3-0EA8-6770-DBCC-0B1F7451B510,TO,TO,4,-11
BA51FBB3-7EA6-4706-8AEE-0B4BC230E513,PF,PF,1,-10
1EC1F6A2-5F88-6080-D143-0B56827612FD,TO,TO,9,-11
66D75C01-E202-47CA-8B56-0B9F7351997D,PF,PF,10,-10
1ECA84FC-98B3-68F0-2E36-0C7B450D780A,PF,PF,3,-10
1EF7F973-BCC5-61D0-F333-0CAF8B6A914D,TO,TO,9,-11
1EDA986F-E959-60C0-396C-0CE613701E59,PF,PF,2,-10
1F042098-8117-6630-5871-0D1914CBB023,PF,PF,6,-10
1ECD7418-96CA-6E90-BC2F-0D25F95D572E,TO,TO,5,-11
64917E0D-8444-42E5-A66B-0D2CC19FD74A,PF,PF,7,-10
1EC2011F-18C9-6D60-1A61-0DE9811CAFDB,FJ,TO,10,-11
1EC091A2-FE72-6580-3FA6-0E0132AFA22B,FJ,TO,6,-11
1EFFD517-ED54-68A0-C046-0E4A25170CFB,FJ,TO,2,-11
1EFEEEC1-3D42-6EE0-1286-0E932C187E85,NC,NC,2,11
1EF000F0-115A-6580-F564-0EB1C3704E81,TO,TO,5,-11
1F0C5BB1-A722-65D0-BE8B-0F126D7FB94C,PF,PF,11,-10
1EC2F918-4A3E-6660-421F-0F1E13C7D7EC,TO,TO,10,-11
1ECAB04C-7B4D-6A60-981A-0F33B0F8634C,PF,PF,3,-10
1EE47BD1-46AD-6200-E52D-0F48F66DF6E7,PF,PF,1,-10
1EFF4575-4EAC-69A0-604A-0F686ED6C0D0,PF,PF,2,-10
1F121832-A9D4-6BA0-C6B6-1033A9EF54BE,TO,TO,3,-11
95BB8A81-5622-4A50-A65F-103C3569D6DF,PF,PF,10,-10
1ED11028-D2EE-6160-3A1F-10905C064511,TW,TO,8,-11
1EFD793B-FF56-66F0-3DF1-11B92EF4CF28,FJ,TO,1,-11
1EEA9B62-309C-6950-BB41-11FC05AF0DC4,TW,TO,1,-11
1EECF6E2-2EFD-6800-40BA-12D5D7D4076C,NC,NC,2,11
1F118D26-7624-6BD0-CAE3-12DC83991AB5,PF,PF,3,-10
1EC991BC-C57D-6E00-2874-12F11CABD34D,TO,TO,3,-11
1EE6227D-B61F-6260-1F33-1304963B8E13,TO,TO,9,-11
B8981D96-062A-46AF-8333-139A69CAA59F,PF,PF,11,-10
84070432-1C3F-4DE2-974D-147CBC771688,TO,TO,12,-11
1EC98F4B-10E2-6860-63A5-1511CD0C7A86,TO,TO,2,-11
1EE4818B-28E2-68A0-72F3-154C203D26B8,PF,PF,8,-10
1F000F7A-C254-6090-E332-1669F2C2B1C1,PF,PF,3,-10
1ECD0E4D-9D63-6DA0-98B7-16A77DF17C75,TO,TO,5,-11
1973D102-F40F-4657-B0EE-1711A09F8022,FJ,FJ,6,12
1EE9ACCD-49C4-6100-CCAD-1731FBDB41BF,PF,PF,12,-10
1EF4D486-1184-67E0-C600-18BC8D480222,PF,PF,7,-10
1EBA6CDE-273A-6BB0-8D08-197B90628A48,TO,TO,4,-11
1EF44D3E-9F5C-6100-44BB-19F7F63D9963,PF,PF,7,-10
1EBADD94-644B-6AF0-E5FD-1B36E7E17AE0,PF,PF,5,-10
1EDA8D70-38D4-6BA0-1122-1B907C211112,NC,NC,2,11
1F03DCD5-2D69-6530-98DB-1BFA2C2FA049,TW,TO,5,-11
1EDEE929-A560-6D00-3450-1C4CAC799407,PF,PF,5,-10
1EED5AD9-21E9-63C0-3C05-1D45FCD32C18,NC,NC,8,11
1EE35847-F69A-6810-2432-1E7062EE0FAA,TW,TO,8,-11
C4102CE4-66F6-4889-9D56-1F32C3ABF6C9,WS,WS,9,-11
1ECC4C89-04AB-6080-32CE-1F783CA1570C,PF,PF,4,-10
1EF9BBAB-74FB-6010-2782-1FE4327590ED,PF,PF,11,-10
1EE0BBE0-6184-6650-E98A-1FEE68DBD66D,PF,PF,5,-10
1F1053A2-9C64-6DE0-C3C8-21DA047FC19B,TW,TO,2,-11
1F09BC54-198C-6940-0C9E-229D89FD3996,TW,TO,9,-11
1EF6A919-018C-67C0-387D-22B959978E37,PF,PF,9,-10
1EEAB3E6-A0B4-66B0-7487-25C152823162,NC,NC,1,11
1F01A908-C733-6A60-C83B-26013E9B9D78,PF,PF,4,-10
1EC026D8-B7E6-6510-35FB-2669EB0AD9AB,TO,TO,8,-11
1EDF4FA4-70FE-69E0-86C1-26AE07F7354E,PF,PF,5,-10
1EAF25BE-4576-6560-56F6-2759DF0F6166,PF,PF,9,-10
1ED63825-AD9E-60C0-960B-2780CCB3A483,PF,PF,11,-10
1EE25C4E-624C-6050-FB0B-27A54706AB8D,PF,PF,7,-10
6674008B-2477-4012-8E89-27DE6FF9EE45,PF,PF,12,-10
1EF92F83-A74C-62D0-A809-28666589D268,NC,NC,10,11
1EB8CF6A-D81A-63D0-8D36-2886DE9CF548,TO,TO,5,-11
1EDD3FC6-F6AC-6140-A3C2-28BEE1B63177,FJ,TO,4,-11
1EE5CC74-7D0A-6F10-79C9-29044C2EC188,TO,TO,9,-11
1F057D6F-25A7-6E00-606A-2A0DBE6FF10E,PF,PF,7,-10
3CAA2235-B50A-494D-9EE4-2A455494F518,CK,CK,7,-10
1EC903B7-AF35-63C0-C950-2A4A82ECACE1,NC,NC,2,11
1EC4C940-1E99-69C0-6C15-2A9617C95C83,PF,PF,11,-10
1D4EE23F-602E-47AE-BFD5-2BC552F6F83C,WS,WS,7,-11
1EC0F356-5E12-6520-7875-2C824B07DE09,PF,PF,5,-10
68DD4374-4ADA-4EEB-9DEE-2D2C50221735,VU,NU,10,12
1ED82334-BEB2-6CC0-65A7-2D750326AB3B,NC,NC,12,11
1F01BE1B-9493-66A0-DFBB-2D9A3540FE02,PF,PF,4,-10
1ECDFD2C-44E3-6A30-F8F3-2E13A5B69117,PF,PF,4,-10
1EFB652A-62C0-6150-984B-2E5F8036A1C2,TW,TO,12,-11
1EE5F49E-5A71-6DD0-285E-2E623A1B123E,PF,PF,9,-10
1EEC47A0-37B4-6AD0-2137-2E9EEC9B1B4C,PF,PF,2,-10
1EFC6D59-7714-6010-E612-2ED658B8A291,PF,PF,12,-10
1EC48DCA-6A8F-6B60-85CD-2F0848819E0A,PF,PF,11,-10
1EDCDB4B-061A-64F0-474C-2FBD9BBEEDE8,TW,TO,6,-11
1EF62F81-B46C-6910-8B21-2FC25A2F9EB2,PF,PF,8,-10
1ED02251-8F83-6A80-E67A-2FF076B1CE5C,TO,TO,7,-11
1ECCA3BC-EA78-68D0-7693-303FE2DC6084,NC,NC,4,11
1ED4722E-1583-6D30-F34A-312EDE849392,PF,PF,10,-10
1F0C5A77-D1F0-62C0-FB03-3131FD274E42,NC,NC,11,11
389D047B-C1A6-48F4-8D28-31CA71988200,TO,TO,2,-11
1EF7F9AF-75B6-6D70-8538-32574152B7F6,NC,NC,10,11
1EC8EAFC-FCAA-6CF0-E5D5-326A34C76374,PF,PF,2,-10
1EC95AF8-F38E-6A10-7E30-327303B645ED,TW,TO,2,-11
1ECEC0AC-703D-6CF0-83CB-32A95E52B407,PF,PF,6,-10
1EEF574E-A210-6CB0-E7C2-333F778B9D60,NC,NC,4,11
1EF8BF7E-5CD6-6180-BD46-33702ABA0143,TW,TO,10,-11
1EFDB404-1A49-6630-8624-33FC4ACF9DD6,PF,PF,1,-10
1EF30785-9388-65E0-3097-34C8BE3997B2,TO,TO,6,-11
AE461AF9-4050-4ABE-A0E2-3532C70C298B,NC,NC,8,11
1EF9C8D7-CDAF-61A0-4020-3548191C3220,FJ,FJ,11,12
1EB71B38-2901-6F20-FFEC-36422E7A53B1,NC,NC,2,11
1EE6BC38-0B20-6850-E2C6-36949A8E1058,TW,TO,10,-11
1F04812E-6D07-6E00-A305-36C95F116723,NC,NC,6,11
1ECE1738-6B39-6F10-8CF7-36E87B1359E6,PF,PF,5,-10
1F11E3B3-CFC5-66B0-B573-37477C72B3FB,PF,PF,3,-10
7FEB6343-81C3-442D-98C0-37854222E21D,WS,WS,6,-11
1ED3E92B-1767-6070-04E1-37BA9D14963D,PF,PF,9,-10
1ECB6A14-A19D-66C0-E954-37CB04F02313,PF,PF,4,-10
1EE4CF9D-A59A-65E0-EB0E-37D4B185C3B1,PF,PF,9,-10
1EC0F2BF-B5F2-6610-A1FE-38539B3000FB,PF,PF,9,-10
88F3D505-0BAE-4B96-91E1-38FB38D601B4,PF,PF,9,-10
1EB127AA-117E-6560-4384-39693234C8A6,PF,PF,10,-10
1F041BD6-8BD5-6BB0-A1E1-39B9D05994BB,PF,PF,9,-10
11081574-4DAE-2655-3221-39DC9CD7FA6E,FJ,FJ,12,12
FC322D2E-70F8-74B8-67EF-39DCC1A1E85C,MH,MH,12,12
B241404D-D7BE-E3FA-2F09-39DCC785488F,FJ,FJ,12,12
2D4DCCC8-7A9E-3050-2096-39DCCA89E596,FJ,FJ,1,-11
51A7E690-0661-329F-B3E4-39DCCAA07668,FJ,FJ,12,12
B9A18AF9-130E-9C29-6123-39DCCAA17A12,FJ,FJ,12,-11
63F2A8D3-3186-ECAA-B570-39DCEB19DA48,FJ,FJ,1,12
15FCCBB9-C114-CC8B-AE1D-39DCEB23FF71,FJ,FJ,1,12
E5C1D765-EF07-58C9-A6E9-39DCEB819070,TO,TO,1,-11
58967FB4-1231-5927-83B3-39DCFFA3836F,FJ,FJ,1,12
0CDC1066-68E7-B182-8BFB-39DD036E54C3,TO,TO,1,-11
A489C203-885A-D37E-A1E0-39DD0876EEB6,FJ,FJ,12,12
D049F76C-D57B-737B-B1A0-39DD32FC22EF,KI,I4,10,12
5BFB533D-B886-B1EF-6D8E-39DD33001507,FJ,FJ,1,12
DC77B6C2-2450-4091-0089-39DD330FE2D4,FJ,FJ,1,12
7289C5F0-8E18-D3C5-85B9-39DD3311127C,FJ,FJ,1,12
DB605C08-A9A8-BD64-7F25-39DD463A154F,FJ,FJ,1,12
57075166-740E-EAB9-BFB2-39DD4B8C87E7,PF,PF,1,-10
76A20BC6-7157-1188-A2B6-39DD572D0C91,FJ,FJ,1,12
133452C5-C367-0926-D4F6-39DD5B05D568,TW,TO,12,-11
7D81BEA4-A80D-8F54-839C-39DD6BFD89E7,TW,TO,11,-11
BE0BF9E1-E955-1599-2C39-39DD7061FEF0,TW,TO,12,-11
274B11D1-BEF2-07CF-795D-39DD7AF8C752,TW,TO,12,-11
32AA4ADC-E03C-613C-50C4-39DD7F094E56,TW,TO,12,12
48839375-D7FA-D383-02AC-39DD7F2CADBD,FJ,FJ,2,12
70B00AE6-ED1C-C30B-D4BA-39DD7F3B015B,FJ,FJ,2,12
E1B6436E-6C0D-8D61-4C6F-39DD80804897,TO,TO,1,-11
AE63CCF8-546A-1151-EA68-39DD8ECF9052,WS,H4,1,12
6B3B00F5-1E71-631C-69B5-39DD90AF1B7C,TO,TO,1,-11
8E4AFD7F-B4A0-74A3-7923-39DDC2A1BCBE,NC,NC,1,11
F712E94E-4BBC-BF2D-5FEC-39DDEB8E370D,VU,NU,12,-12
B4CED174-561E-D11B-2E0D-39DDEBAD58A9,FJ,FJ,2,12
6C713DF5-5C77-F482-2C8E-39DDEBAE7EF9,FJ,FJ,2,12
4025BAF6-5E2F-4DAD-6672-39DDEBB66C59,FJ,FJ,2,12
2DDDEB6A-4EEF-1C34-72C3-39DDEBBEB72B,FJ,FJ,2,12
CB23FD87-4F4D-ADF7-6EBB-39DDEBC3D05B,FJ,FJ,2,12
B52FEF5B-4066-2AD9-DE2F-39DDFBD36B27,NC,NC,3,11
394D1962-2F55-657B-C534-39DE0102DCA1,TW,TO,1,-11
D64F3A1B-D8FB-375E-CD12-39DE0132F8E0,FJ,FJ,1,12
3673BA9C-FC2A-1529-E6BA-39DE0AA04587,KI,GL,1,12
CE52D42D-E07A-F07C-284E-39DE0B582631,TO,TO,3,-11
290301FB-CABD-AF22-A50C-39DE33A2F540,FJ,FJ,2,-12
9D7B069B-55EE-8AFF-6962-39DE33A8795D,FJ,FJ,3,12
11ED5B66-0924-AB91-641A-39DE4276B4DC,FJ,FJ,3,12
0985074B-2CC4-1DE7-E63D-39DE427D8791,FJ,FJ,3,12
C6CB8650-D0B0-E2F8-0DFF-39DE436A81A4,FJ,FJ,1,12
C0286CE6-147D-2870-2881-39DE47A6AC36,FJ,FJ,2,12
D056FE8E-B7C6-D421-4C55-39DE483FC628,FJ,FJ,2,12
F3FC10CB-F1DF-9F58-F279-39DE57952F03,FJ,FJ,2,12
CE6B0521-4337-78AD-94B5-39DE6C51FA2D,FJ,FJ,3,12
642C0207-CB39-60AF-DD2E-39DE6C563A60,FJ,FJ,3,12
C6728E74-0E12-99EC-2032-39DE6C5C7E33,FJ,FJ,3,12
76828701-D674-6FF0-0C33-39DE6C9D3DCB,FJ,FJ,2,12
96189550-86AF-725C-8426-39DE6CAD5464,FJ,FJ,2,12
77696B19-9F4C-33CD-31F7-39DE6D14A04B,FJ,FJ,2,12
544210B7-21FA-492B-8C69-39DE760FB1AA,FJ,FJ,3,12
BFCD5C43-2BA9-936C-2B9C-39DE76127D8C,FJ,FJ,3,12
FF0568AD-00A0-77A7-A9C7-39DE76164061,FJ,FJ,3,12
FAC1431C-0040-580C-C858-39DE76176605,FJ,FJ,2,12
2A0EB5E9-DF0F-3883-B010-39DE762007FC,FJ,FJ,3,12
21A32B33-6127-1F42-CB5B-39DE94AD8BA6,PF,PF,3,-10
1BFBB83C-CD71-250F-C5BC-39DE967B630D,FJ,FJ,2,12
9E487607-5FC7-3097-C00B-39DEFD688E19,TW,TO,2,-11
061AEA30-1784-CFB9-4812-39DF07E33817,JP,PG,12,10
9BA4CA18-2DE1-2D9E-96F7-39DF0B769A83,TW,TO,3,-11
2FEB3F00-2202-83FF-134C-39DF0C20C002,TW,TO,2,-11
E18589E3-3190-8732-5609-39DF201E605F,PF,PF,3,-10
DB0E24B1-1C23-D5A5-3173-39DF20D32154,PF,PF,4,-10
0889A5A3-25AB-30EB-D24D-39DF2521BB38,PF,PF,3,-10
82DA94F4-8DE0-2A55-A211-39DF4B0198E3,TO,TO,5,-11
05250855-E2E3-AD50-42BD-39DF69494122,MH,MH,5,12
E7F73F45-37F8-EC7C-0BFB-39DF6DD31686,FJ,FJ,3,12
576B69B8-30F4-5213-65D2-39DF733C1207,PF,PF,4,-10
5F3884D2-519B-7B04-6405-39DF7964609D,CN,MH,5,12
B9458BBE-9E90-A6FD-AF19-39DF79665365,MH,MH,5,12
EDAD4E36-C879-FFE0-FF74-39DF8C8533C5,FJ,FJ,4,12
6E38B0DD-B692-926F-EC97-39DF8DD768A3,TW,TO,3,-11
A50B787B-FC30-CCE0-C60C-39DFA2729385,TW,TO,5,-11
D652AEE8-C282-933C-BC5C-39DFACB1BF3E,MH,MH,5,12
58B8D992-8481-4593-11F7-39DFACB3D0BA,MH,MH,5,12
4CA02A68-5DF7-43FF-B3DC-39DFBAF81CA3,US,TO,3,-11
A7BA88ED-8228-01AF-3AE1-39DFDF6570AB,PF,PF,5,-10
D5FB95E3-AFDE-5FAE-91BF-39DFE0239736,TW,TO,4,-11
B19B5E4C-A145-FE3F-8108-39DFE8D9DC59,PF,PF,6,-10
09A092DB-A4EA-28C3-5661-39DFF8E211B6,MH,MH,6,12
26779217-C466-2D35-E6A3-39DFF8E38EFF,MH,MH,6,12
7E905C4C-9B23-DBB5-6F57-39DFF8E6C3EB,MH,MH,6,12
AF912F19-1464-8EB9-1C67-39DFF90BE11D,MH,MH,6,12
5B4B056B-9605-CF78-7446-39DFF916DDE3,MH,MH,6,12
2C3B3F13-1977-AF96-F6DA-39DFF91B1460,CN,MH,6,12
E4DECDB8-01BE-B5BB-5D1C-39E01D65CDB9,MH,MH,6,12
6C1648B7-19F9-EB4A-CF86-39E01D670251,MH,MH,6,12
044255EC-B456-0A7B-65DB-39E023975ECC,TW,TO,3,-11
757A5716-F28E-7B9E-BEF1-39E02C276F2A,FJ,FJ,3,12
1E205C92-B532-349E-5A01-39E0421595CD,MH,MH,6,12
003D17C4-4FA7-24AC-24E0-39E04217F3E2,MH,MH,6,12
57BC9C77-39A0-5852-C138-39E04537BA84,PF,PF,6,-10
1BA2C738-470A-B9BD-2C66-39E045F621E5,PF,PF,5,-10
EE0D5356-CF15-A86A-5548-39E04A93F44F,PF,PF,6,-10
82E27B42-E522-F8B2-2E43-39E051A1776F,MH,MH,6,12
89904A7E-60AC-173C-6BFC-39E051A39B88,MH,MH,6,12
7E4C82B2-96B1-F2EF-28B4-39E051A4ED1E,MH,MH,6,12
53AE06AA-3F41-29C4-0D0D-39E06EDBE65A,FJ,FJ,4,12
8FF43912-4193-44D9-F164-39E06EEE94D0,PF,PF,6,-10
63825A95-8459-8599-82EE-39E06F63ACF4,FJ,FJ,4,12
C5F09AD4-7F5E-AF56-8D84-39E0732C7FF7,PF,PF,5,-10
F6CBF9F7-E9E5-8239-6857-39E074284441,MH,MH,7,12
D6C326FD-F785-BCE0-91ED-39E0843FD108,FJ,FJ,3,12
B31AF78E-439E-EB24-0680-39E084D9B0A8,FJ,FJ,6,12
AA32807E-6E79-E39A-C20D-39E085141456,FJ,FJ,3,12
BB48AE6E-7998-70A0-737A-39E094A5C221,CN,MH,7,12
70207626-F81D-AE32-2AE9-39E094A957AC,MH,MH,7,12
1D0AD98C-4A57-71D8-BC86-39E094AAB567,MH,MH,7,12
5DB4640F-8F2B-AB50-59C4-39E098ABBF98,FJ,FJ,4,12
9D463F80-7E61-42B4-52CD-39E0E91AA79A,CN,PW,12,9
7D5F6C07-0B82-8515-12F2-39E0FF47002A,PF,PF,7,-12
FD464AED-FC0A-0C0B-8CD6-39E11A7F0CF1,CN,MH,8,12
A93A58AE-4BE0-66D7-A9C7-39E11A7FF83B,MH,MH,8,12
A08A0C53-9631-B15E-5DDE-39E1250832CA,TW,PW,3,9
4871F97F-02EC-8ABE-08AC-39E1289BACB2,PF,PF,7,-10
FEEC3019-6749-BFEE-09AC-39E128F3AC22,PF,PF,8,-10
98A269D4-1B56-E455-5B89-39E142F650AA,MH,MH,8,12
E52E4074-2D06-BB74-F0F3-39E142F74991,CN,MH,8,12
013697A4-B2EB-4856-1FE5-39E142F9E163,MH,MH,8,12
B8369455-295A-1248-8343-39E143016807,MH,MH,8,12
168D82AC-95CF-7981-3F2C-39E15BF2610D,FJ,FJ,3,12
CEF465B7-440D-E4B3-2262-39E15C1976F3,FJ,FJ,4,12
720405DB-5AC4-89D0-C799-39E15CF281FE,FJ,FJ,3,12
EFE11443-4828-61D2-5C87-39E161816D14,FJ,FJ,4,12
A76C9AD6-F802-B55E-1CA3-39E1620BF293,MH,MH,8,12
9BA0DBC5-B36E-4654-BBC7-39E16251F292,FJ,FJ,4,12
2EE74FDB-37BA-A428-2F6D-39E16B422A9C,MH,MH,8,12
3B803DAA-8C94-DB1E-B9E1-39E170DDA799,PF,PF,4,-10
0EF2E8C1-D7D9-1D46-F7D9-39E170EA3D87,PF,PF,8,-10
6DB19CC9-6C71-4137-8544-39E171D981B9,MH,MH,8,12
0D13DBBC-CD5C-ED26-EB24-39E180E0EB7C,FJ,FJ,4,12
276C29BE-43B6-C7C7-2382-39E186617C3B,FJ,FJ,4,12
E14401EC-1C1F-AF6E-6E38-39E18A1F4C80,PF,PF,8,-10
6ED5104C-6360-52CF-EDD4-39E18B84B40D,TO,TO,8,-11
344793C8-DCC5-A7EF-DCDC-39E18BB28C38,TO,TO,7,-11
3AD2C61D-E6C0-CA7E-910A-39E1AA10CA83,MH,MH,8,12
37B2533F-85AB-D538-8576-39E1AA1498D1,MH,MH,8,12
03BCD819-597A-9DEF-73F4-39E1AABFC7D7,MH,MH,9,12
0F269AFD-2563-275F-6F55-39E1AAC48CBB,MH,MH,9,12
916C65A0-2324-F602-CE4D-39E1AE8FB9AB,PF,PF,6,-10
3801A410-6950-C7D0-E6D9-39E1C7DFE23A,TW,TO,6,12
6582E970-5F56-7539-B4DF-39E1C82A75B6,FJ,FJ,5,12
A51AB6EC-03FC-0D7F-2D25-39E1C8AF665E,MH,MH,9,12
C4E24679-2388-96D4-0B20-39E1CD74AF84,TW,TO,7,-11
BF665C07-9B73-4AB7-4CCD-39E1D8885255,FJ,FJ,4,12
8A9FFFA5-6E50-F071-C4F5-39E1D8B30BEA,FJ,FJ,4,12
AEA06E80-A997-D9AE-8597-39E1D8C7C0E4,FJ,FJ,5,12
5CCA3C8A-784B-9083-5AD9-39E1DC56AF0B,TW,TO,6,-11
96D317FF-C77A-F1C9-BCF1-39E1DC7E1BE5,TO,I7,7,-11
4032359D-7BCB-8766-CE0F-39E1EC858D45,FJ,FJ,5,12
0DF04BB4-0F66-1FAC-A5C2-39E1EC973E84,FJ,FJ,5,12
74210B95-B382-29F6-C9A6-39E1ECB110E1,FJ,FJ,5,12
810F4A18-81D1-9FF3-B55C-39E1ECBDEB3B,FJ,FJ,5,-12
508CC692-72F3-5AA4-CFF6-39E1F179B057,FJ,FJ,4,12
15C5B614-4C3A-63A0-1CB0-39E1F6A06C8C,PF,PF,8,-10
C77B71B8-B7E9-CE2D-F2AB-39E1FBC34D49,FJ,FJ,5,12
1FA7F434-13F4-3C67-5094-39E1FBDDD49F,FJ,FJ,5,-12
8836CD3E-1A2A-C32C-9E00-39E1FC7D28AA,FJ,TV,4,12
A2CB93C2-5E30-87FA-0F6A-39E21126F3F7,FJ,FJ,6,-12
4DD83D28-F563-D3F2-DA8F-39E2113E6DD0,FJ,FJ,6,12
3BA75058-1C4C-91E2-34F0-39E2115A0176,FJ,FJ,6,12
765C9187-3889-84C5-C352-39E216C18FC2,FJ,FJ,5,12
6652DEFF-CF5C-B5D7-F3AC-39E21BBEB0AA,TW,TO,7,-11
1BB2E212-5EDA-7C96-02C9-39E220D2AC47,FJ,FJ,5,12
5EC9F45B-9D53-0350-6F94-39E220F82B46,FJ,FJ,5,12
3CCD1086-9E57-35E1-3D63-39E2250047F8,FJ,FJ,5,12
6FBE71BC-EE88-CA25-1A42-39E22929A4A1,PF,PF,9,-10
0DC71F1E-CED0-1805-AC78-39E234785A4C,FJ,FJ,5,12
C61F2D80-B5C2-4608-F541-39E238F381F6,FJ,FJ,7,12
A3E04CA9-F279-BEA3-79A5-39E23919A1BA,FJ,FJ,7,12
6D5A1039-BA09-2C89-0359-39E23943954F,FJ,FJ,9,12
5534F7B6-D2CA-37B2-98A1-39E239459C99,FJ,FJ,9,12
B28163B7-339E-C6C4-8560-39E239A69F60,FJ,FJ,5,12
1C3448EA-6910-1066-7077-39E23A71A6E4,FJ,FJ,5,12
36226F2A-2BBC-4813-8F6E-39E23EDFF018,FJ,FJ,6,12
AFC5CA2F-0560-D3D9-B5B7-39E23FDED889,SB,SB,6,12
9F535CE6-4431-930A-A048-39E258BF0A06,FJ,FJ,6,12
91BF82C1-D638-FFFB-CA0C-39E26319AD94,FJ,FJ,7,12
A8AFFED1-93C4-6952-215E-39E266D9D58A,PF,PF,9,-10
163E5C3D-01C3-EED8-BCC1-39E26762896D,FJ,FJ,6,-12
203EEFCB-BBA2-1087-7364-39E267AF15F0,FJ,FJ,6,12
2D33F392-73B1-04C0-80A9-39E267C29F6F,FJ,FJ,6,12
EBBAD1C7-E8F0-4948-E9D7-39E268551518,FJ,FJ,7,12
D473152E-5DA2-353D-1CD3-39E28120ADB6,PF,PF,10,-10
1DF4D3A9-9FA7-CA66-8CA9-39E282CBCCAA,FJ,FJ,7,12
7F3D652C-46BF-3801-A9C1-39E286970C75,FJ,FJ,6,12
AFCE0619-1F93-5771-EBF2-39E28DED69B1,TO,TO,9,-11
32160EA5-BA73-C92B-7698-39E291836619,FJ,FJ,9,12
AA72331C-1CCA-D6F5-BE44-39E29189B912,FJ,FJ,8,12
6FBAFEBA-80C4-3D2F-494A-39E2A11D0630,FJ,FJ,8,12
74DC2434-3C19-0210-D38A-39E2A13890E4,FJ,FJ,8,12
A5B8C58A-8A7D-3209-0133-39E2A14E0BF0,FJ,FJ,10,12
B102CB3B-1EF1-118B-7807-39E2A14FA4A1,FJ,FJ,10,-12
B6856AAC-BAE7-F446-ED3B-39E2A543F9FD,FJ,FJ,7,12
20085556-A57E-6C2E-A2BF-39E2A6A584C0,FJ,FJ,5,12
74488B7E-4A43-FF97-FEAE-39E2AA7246AC,FJ,FJ,6,12
AC535BAF-5D33-D057-E980-39E2AA869BEE,PF,PF,10,-10
EA1D706C-890A-AB25-4C51-39E2AB0E36AF,FJ,FJ,7,12
C6B8859A-B109-C68D-D16F-39E2AB6AC97D,FJ,FJ,7,12
1FBBEAAC-6F1C-3D3A-7A5F-39E2AB777143,FJ,FJ,6,12
EFC11490-0B93-57DC-01F1-39E2B0CBC64C,FJ,FJ,7,12
3FECE522-E804-2E28-6B04-39E2B5522DEA,FJ,FJ,7,12
E4BAD935-0C17-6B3A-D52D-39E2B5F80D22,FJ,FJ,7,12
11601DF6-EE63-2956-5749-39E2C571484E,FJ,FJ,10,12
A9298C08-EB43-EBE9-6A22-39E2C575EE54,FJ,FJ,10,12
A71B7056-85DD-6689-6947-39E2C8F9C78D,FJ,FJ,9,12
08373524-CBB4-EF92-CB72-39E2C90AF293,FJ,FJ,8,12
C71AF93E-42D0-DE36-5E77-39E2C9115E15,FJ,FJ,10,12
6E13B51C-4FE6-BC34-D338-39E2C9324BF1,FJ,FJ,10,12
699DB045-747A-A03C-19D1-39E2C9396F74,FJ,FJ,10,12
CCF73F07-8251-D4BF-4BE9-39E2C93BDD49,FJ,FJ,10,12
C3D494C7-14DF-8B98-1426-39E2C942D665,FJ,FJ,10,12
BD836E13-7AD6-161A-7BF1-39E2CA880A29,FJ,FJ,8,12
9103B8B6-88BC-8D8B-2ADC-39E2CEE57D24,FJ,FJ,9,12
746F2465-EDEC-82CC-ABEC-39E2CFB5C190,FJ,FJ,9,12
1C47F086-B1B6-AC8C-7167-39E2D4FC7C3D,FJ,FJ,8,12
EEC29C53-94D1-349C-6064-39E2D50F8B66,FJ,FJ,7,12
C00B5272-A2A7-66FA-1C35-39E2D86D9A4B,FJ,FJ,10,12
AFA9FD70-FB9F-3BA2-90F6-39E2D9FE0B48,FJ,FJ,9,-12
CBC41216-B927-1675-3C8C-39E2DD9CA1BE,FJ,FJ,7,12
6DF64D76-0CBB-7DCE-181B-39E2DF213DE4,FJ,FJ,9,12
E0BA3E53-C5FB-55CB-AFE5-39E2DF79E923,FJ,FJ,8,12
CB7855B1-3EDC-EC70-0C1A-39E2EDFE5AB2,PF,PF,10,-10
9BED8CE5-1933-91DF-0B0D-39E2F319ECAF,TV,I8,9,12
E80EF72C-CCE9-9F98-25E9-39E2F7AC1B2C,TW,TO,9,-11
366DB204-BF77-48B1-1829-39E2F8569621,TW,SB,9,11
8451B7EE-E767-1E7E-8851-39E2FD7FBD39,PF,PF,10,-10
FEC7A62F-AF6A-83E0-3650-39E310DF9B1E,PF,PF,11,-10
CE47FE53-767C-CE35-3A49-39E31703F6DB,FJ,FJ,10,12
EA50566D-8255-A3F1-2E65-39E33558AFBF,FJ,FJ,7,12
EE9AC43E-E639-B530-A367-39E33686A43E,FJ,FJ,8,12
3373290F-5FC9-2D52-38A9-39E34542239E,FJ,I7,6,12
84E6F84C-D82E-D12E-CDE4-39E359DB2C65,PF,PF,11,-10
9C5C5CDD-76D6-E34E-3F07-39E368FFA3FB,FJ,FJ,8,12
63D21899-E2FA-F4BE-1380-39E3692EC37C,FJ,FJ,8,12
EB31D376-AA39-D4DC-FC1A-39E37DEC5057,FJ,FJ,11,-11
6B67E6E4-6642-7064-972C-39E37DF20528,FJ,FJ,11,12
1D278F9D-E72F-3709-AD61-39E37EEE9DF5,FJ,FJ,10,12
E08D0BA8-A822-9D74-3132-39E382917F99,FJ,FJ,11,12
A1A50879-88B1-959C-F17A-39E38346234A,MH,MH,11,12
48527F43-F004-860C-7187-39E387936E17,FJ,FJ,12,12
10FF071D-A7A9-AD58-70F3-39E39D6D8698,TW,TO,10,-11
875BF291-114A-CD24-4384-39E3AC0DABAE,FJ,FJ,9,12
6F2E25B5-E2D5-9338-66B9-39E3AC7C323C,FJ,FJ,8,12
A5865DE1-08A6-47BA-315D-39E3D0988A7A,PF,PF,12,-10
E12C2381-D655-A1DD-0840-39E3E9D86A28,FJ,FJ,9,12
078044D3-B1F1-A2F9-175B-39E3EB0A5076,FJ,FJ,10,12
FAA75B08-E4A8-6C3D-3B97-39E3F509C9B5,FJ,FJ,5,12
DA3AB1E8-D96A-AD4C-D47B-39E3F56145EA,MH,MH,12,12
4158837A-7B46-B61A-E689-39E3F8F61B84,PF,PF,6,-10
F3A38235-6BA0-8AAE-831A-39E3F9275DA1,TW,TO,9,-11
DD66FE3C-2F38-F655-4743-39E3F92B00FA,PF,PF,6,-10
165B39F1-2B74-8A2C-93E6-39E3F9A3512D,PF,PF,7,-10
B5A57BB8-2D37-23EB-168F-39E3F9CF4D2C,PF,PF,8,-10
5DE99806-5AFD-5C41-8A8B-39E40DE35728,TO,TO,10,12
C125F412-C6CE-1AC9-E913-39E40DF11F39,TO,TO,10,-11
80FF5DBE-C133-B308-7D04-39E41444EFC8,FJ,FJ,12,12
1E1C3C6C-7E70-5A50-E267-39E41760E16A,PF,PF,12,-10
5B4B1E16-435C-02E7-7B1E-39E418A726B3,FJ,FJ,12,12
56033606-E918-DCCA-48A8-39E41CD5892D,PF,PF,12,-10
F7BE70F4-4E1E-4484-D87B-39E4237D2ED6,FJ,FJ,8,12
0A5EFA66-54A8-3B99-F460-39E43C2674DB,PF,PF,12,-10
94347760-F7E7-9CD4-EE80-39E43C8D9178,PF,PF,12,-10
7161D696-42CC-943A-17E2-39E43CC28F58,CK,CK,9,-11
4306464E-803C-3483-1D68-39E43CD3094D,FJ,FJ,10,12
A73DF60D-D560-B678-B8C9-39E446CFD1AD,CK,CK,9,-11
2C059A8F-B30E-7665-3606-39E456929DF5,CN,CK,4,-11
AF007464-47A9-7877-4484-39E45B48D3E1,FJ,FJ,1,12
4D1A1F0E-A80A-AF06-F97F-39E45B709915,FJ,FJ,1,12
E1E5C582-5B51-668F-A514-39E45B7E7B59,FJ,FJ,1,12
DC21AEEB-5E84-F89B-E68E-39E45BBA17B8,PF,PF,12,-10
2B1BB97C-CA5E-D187-3873-39E45BDFB8BC,KI,VU,9,-10
1C20A97C-7728-34C9-F048-39E45BF8956B,TO,CK,9,-11
43FA1BAD-43AE-CE89-701B-39E45C227BAA,FJ,VU,9,12
90414445-6990-AC0B-7613-39E47001D376,FJ,FJ,11,12
EECD70A5-3FF7-D1BB-EE59-39E47A110191,FJ,FJ,1,12
45CCE8D2-6479-C820-73CC-39E47A1A4F2C,FJ,FJ,1,12
83B7ECD7-12B7-F579-8842-39E47A3DA84D,FJ,FJ,1,12
48C4538E-6A63-7DD4-F51D-39E47A403E26,FJ,FJ,1,12
FCCCF7C5-6323-2F85-5103-39E47B55CDFB,MH,MH,1,12
F525D116-E05A-7A31-AFCC-39E484DC86E1,FJ,FJ,1,12
70304A72-F7A9-704F-5E51-39E484DED96E,FJ,FJ,12,12
A8E40381-EFC2-9FA3-6C29-39E484DFADC6,FJ,FJ,1,12
91906705-0C16-FDE1-905D-39E484E86977,FJ,FJ,1,12
FB8396EC-434F-5CEF-8774-39E49E5ADE1D,MH,MH,1,12
D7787F15-853D-E170-8E9C-39E49E83746B,MH,MH,1,12
3AB6114B-AFF7-8888-5E5F-39E49E86492F,FM,MH,1,12
FD12332E-75A6-F3D7-DC7E-39E4A8460EE1,FJ,FJ,1,12
9B27A877-5604-4D36-CC52-39E4A8596055,FJ,FJ,1,12
CC429B18-93DA-06B1-BB53-39E4A85CE704,FJ,FJ,1,12
3EA6F3DA-F575-F27C-F404-39E4C2C8ED98,MH,MH,1,12
C05B5D68-3B30-6A8D-98D2-39E4C3CFD20C,NC,NC,12,11
30F3FD05-67AE-6F76-9BB6-39E4C8C390E9,FJ,FJ,12,12
3376FAF3-C249-22AA-EF1C-39E4CC7044D0,FJ,FJ,12,12
A795BB83-C58E-6C1C-1BE3-39E4F106A9C0,FJ,FJ,1,12
B52BBDCC-BE9A-9E3B-F57A-39E4F11BC82D,FJ,FJ,2,12
F30C9BA2-F2E3-E358-0F5A-39E4F11D151E,FJ,FJ,1,12
720F5F16-385E-0917-32BC-39E4F124F44A,FJ,FJ,1,12
8DA85600-7A8A-8B0B-E6AF-39E4F1319D70,FJ,FJ,1,12
ED3FF488-B72B-853F-0A70-39E5061ED40B,FJ,FJ,2,12
F3F8F88D-574E-46C8-EE95-39E50620A86F,FJ,FJ,1,12
BA40568A-331D-EFAC-4046-39E5062679D6,FJ,FJ,2,12
C20E84CA-1255-FA16-29FD-39E5062DB609,FJ,FJ,2,12
F10D9672-69E0-6F4F-FF9D-39E5062F4073,FJ,FJ,2,12
B01D281F-1F35-7CEA-DA49-39E50BC8FBAC,MH,MH,2,12
F0B8C8B5-D8DA-C594-E15F-39E50BCAADF1,MH,MH,2,12
479A874D-0E20-4789-446D-39E50BCB90FE,MH,MH,2,12
B13A3C12-139D-ADF8-3EC6-39E50BCE3748,CN,MH,2,12
9318BB79-829E-1829-2F89-39E50C018BF5,WS,SB,11,11
C311E054-65A7-C77C-427C-39E519A40E40,PF,PF,1,-10
2CAACCB1-D33E-8F59-F5A4-39E51EBF1260,PF,PF,1,-10
8B8D3158-422C-2945-E6C6-39E529830EA1,FJ,FJ,11,12
2471E677-A991-E7FC-D744-39E52A32E662,FJ,FJ,1,12
7DB7B114-5F68-C749-C7D1-39E52A908F4E,FJ,FJ,11,12
F6380883-0FBB-67D1-E423-39E52F8950C4,FJ,FJ,11,-12
02A17C24-D996-5076-5D7D-39E53474EE63,FJ,FJ,2,12
3B1B636A-E8BF-E770-9F1A-39E534762337,FJ,FJ,2,12
5B14BDE3-9D69-0E6B-D21E-39E551C2BA98,PF,PF,2,-10
7252416D-EE5F-F9D3-09FC-39E55CD7000C,MH,MH,1,12
E33D8226-1591-0D00-B309-39E5729B6940,MH,MH,3,12
F8FBF4B0-D7F0-4419-B575-39E572B4D5EE,FM,MH,3,-12
5E866FD8-A3A7-1975-1E98-39E572B7F82A,FM,MH,3,12
F6D6B7A4-7DCF-44DD-0450-39E572D37CE8,MH,MH,3,12
DA1106E5-01D0-E3B3-C8B1-39E572D4B373,CN,MH,3,12
640C8D76-B3DD-2222-B146-39E57CA92662,FJ,FJ,2,12
DC69048B-240B-A416-E638-39E57CAA3178,FJ,FJ,2,12
3D2D4B34-668A-6D0C-54BB-39E5881184FE,TW,TO,1,-11
45393E1D-1993-F0BE-E80E-39E5BEF9858D,PF,PF,1,-10
75B72E2B-596F-FE79-53A7-39E5C3D08712,MH,MH,3,12
7CF6E07C-9875-C0BD-4086-39E5E82B897C,FJ,FJ,12,12
5D762326-3B9F-1DB8-0806-39E5F1AF9A9C,PF,PF,1,-10
955F0690-2DA4-08B7-ACE1-39E5F6F8A7C2,PF,PF,2,-10
0D8A786A-D21D-5FCF-DBFD-39E61177DFD5,FJ,FJ,2,12
71F952BF-645B-A190-8C0F-39E611F1BE70,FJ,FJ,3,12
06EFBD7A-ABB1-828E-9C35-39E611F3EE50,FJ,FJ,3,12
5A92929C-742F-A580-EDB0-39E6120D89D6,FJ,FJ,3,12
EA5CF2C8-AB4D-E90F-886A-39E61212EAEA,FJ,FJ,3,12
2F2BA9D7-D496-B865-1F3E-39E612221EB5,FJ,FJ,3,12
3BACB42B-57C6-7409-77C9-39E61230B630,FJ,FJ,3,12
2DD831C3-277B-EF1E-C286-39E61231AC68,FJ,FJ,3,-12
358168C0-F5C4-8CEE-CAC8-39E6123FA561,CN,FJ,3,12
FC5B8341-F247-DD0F-4B9C-39E61240DC2B,FJ,FJ,3,12
9DA30F34-237A-0FD7-F0D0-39E6124BF55C,FJ,FJ,2,12
18612E1B-77BC-A26F-BF50-39E6125089E9,FJ,FJ,3,12
8E8D267A-2C5A-103D-D47A-39E6125A530B,FJ,FJ,2,12
0EDF8B0E-EF7C-5FAE-583C-39E6125C734B,FJ,FJ,3,12
8DD1EBB6-F753-4109-4029-39E61284FCD8,FJ,GL,12,12
0268B68C-A347-C9A9-698D-39E615FCDE66,FJ,FJ,4,12
97C6DB77-0C09-E717-5BFA-39E615FEBE33,FJ,FJ,3,12
C098AFCD-36DB-CCDC-A96D-39E616016DB3,FJ,FJ,3,12
546858F5-98ED-25AE-B5A0-39E61626195A,FJ,FJ,3,12
C8923BA8-4BAF-0D0B-4618-39E6162774E3,FJ,FJ,3,12
BCE01597-B00D-6C15-2031-39E625F60AD1,FJ,FJ,12,-11
24198E8B-BC22-F2F6-B225-39E626A424F9,FJ,FJ,12,12
6E20EC46-5D67-8358-AAD2-39E649DD718E,FJ,FJ,12,-11
F95D74AA-7C8C-2204-860D-39E64A97F1AE,FJ,FJ,11,12
8DF4EA3A-BDB5-58A0-0B77-39E64B2C32A4,MH,MH,4,12
8EEDDCAE-2C1D-5F51-5FBB-39E64B3C8202,FM,I4,4,12
27A4529C-3767-5C61-E9FC-39E64B3E8CD1,MH,I4,4,-12
EEA16165-0BAA-1ABA-4A0E-39E64FE6E500,FJ,FJ,12,-12
8A24520F-1068-14AE-C8B3-39E654142DCF,FJ,FJ,4,12
19BA39F9-C104-20F4-12FE-39E6541845A8,FJ,FJ,4,12
C7E1FB25-C5E5-6CEE-40C9-39E6541D929A,FJ,FJ,4,12
D7314B46-F541-0D7B-E9C8-39E6541F1275,FJ,FJ,4,12
7C5AF692-2EBF-7EE5-D5B4-39E654274E6B,FJ,FJ,4,12
5AA848DF-DC5E-B06B-2746-39E6545AD386,FJ,FJ,4,12
4EBC4F11-BA07-8ADA-6950-39E6545BEC3A,FJ,FJ,3,12
08CBBC5F-EC9D-E616-D038-39E6545E502A,FJ,FJ,12,12
2C3BF530-C522-BC8B-F7C0-39E65943832A,FJ,FJ,12,12
37B244EC-36B8-66F1-5C03-39E65E7AC222,MH,GL,11,12
5B800D74-E94D-8A16-194C-39E6917E2A53,FJ,FJ,4,12
DBCF30EE-8C76-C0E9-9CDE-39E69183446C,FJ,FJ,5,12
4F210EE0-FB4A-4DE1-B0E9-39E69187D07C,FJ,FJ,4,12
3D24DA23-8A27-9511-FB6C-39E6918A688C,FJ,FJ,4,12
5121901E-F5DF-A1FF-5C1A-39E69194054F,FJ,FJ,3,12
A9142F71-FCAE-6FF6-2452-39E6919FD117,FJ,FJ,4,12
0781492C-7818-0ACB-8103-39E691A0DE12,FJ,FJ,4,12
08BEEB76-78D0-A402-3DB1-39E691A36DB6,FJ,FJ,4,12
6ED046FF-747D-AA55-D9CF-39E696F7BABF,MH,MH,4,12
EFB7A846-D2C9-0284-D2F9-39E6B6BEACEE,FJ,FJ,5,12
E50BC423-D3A1-5E7A-84E5-39E6B6C012C8,FJ,FJ,4,12
A453BD80-F404-CA95-914A-39E6B6C27C85,FJ,FJ,5,12
A6706CE4-A2B0-5EB0-C7F4-39E6B6C37B29,FJ,FJ,5,12
CE9E30BF-7802-8D7D-DB65-39E6B6D32721,FJ,FJ,5,12
B4F70F6D-D0DC-6652-FAA1-39E6B6D46CC1,FJ,VU,3,12
D42C43F0-3CB1-8FE3-E733-39E6B6ED38D9,FJ,FJ,4,12
8A9E4C2E-50AD-F4DC-547F-39E6B6F9EA4E,CN,MH,4,12
CECFE250-0F22-F19E-8C4A-39E6B6FBCBFF,MH,MH,4,12
5272C912-8027-EC6A-79DE-39E6B72A7FA6,FJ,FJ,3,12
2D0CD379-E306-9664-EFC3-39E6B734B453,FJ,H4,1,12
2D0CD379-E306-9664-EFC3-39E6B734B453,FJ,I4,1,12
5D534BAC-4CE8-C8A1-F7B0-39E6C6713AE1,FJ,FJ,1,12
E9166595-AFF8-1350-B7E6-39E6D11C962D,TW,TO,3,-11
B5FFDDD2-C9C4-D549-4C94-39E6DAB46D6A,TW,TO,4,-11
99637B71-B845-7886-1563-39E6E42F6563,MH,MH,5,12
3695AFF0-DF5F-4EAC-EE56-39E6E43C2FB7,FM,MH,5,12
B6C9BA19-8EC7-4AA4-A656-39E7089E2A0B,FJ,FJ,5,12
3AB6C09E-E38A-071B-9A71-39E708AC0689,FJ,FJ,5,12
A6D7D496-664A-F038-4925-39E708BECC8A,FJ,FJ,6,12
82D6A1D8-D05E-007C-862C-39E70EB076BF,VU,SB,3,12
9B3C3795-B076-FCA1-9A8D-39E72190B63E,FJ,FJ,4,12
B972A9E4-10C0-F9B2-946E-39E721970956,FJ,FJ,3,12
81D9AE28-4834-6859-1BB8-39E722FA1854,FJ,FJ,5,12
AF1AB61B-C7BF-941D-AEC8-39E722FB38AA,FJ,FJ,5,12
F24B4CCB-E7B8-57E5-DF58-39E722FE293E,FJ,FJ,5,12
FD32A134-EB4B-7961-56B0-39E7984F352D,FJ,FJ,5,12
8DEC583A-E601-2F7F-05A8-39E79850B31B,FJ,FJ,6,12
6623849E-E0DA-5C04-ABEA-39E79851C242,FJ,FJ,3,12
07985E7B-F94F-D9F9-6B41-39E7985D88CF,FJ,FJ,6,12
399C6B54-BB0E-FAC4-6A61-39E7986EE373,FJ,FJ,6,12
08ED5E90-0FAA-F04E-EC18-39E79871071F,FJ,FJ,6,12
FBAB3CE6-4A49-2E6A-E0B8-39E798740B3F,FJ,FJ,5,12
BF4F4003-1827-872A-5A77-39E79983AC87,FJ,FJ,5,12
93BD058B-C935-87ED-C8B7-39E799ABDC91,FJ,FJ,5,12
9EA7B296-7E3C-D5FD-20C7-39E799AD6D81,FJ,FJ,6,12
C173EFBE-F8F0-A5B0-E705-39E7B3632BE7,FJ,FJ,5,12
680D6C40-061E-8614-7B9E-39E7DC815154,FM,MH,6,12
87085A93-5249-0759-D48B-39E7DCD0B7E7,MH,MH,6,12
AE06C3B3-2EEE-7D69-EA88-39E7DCE2FC34,MH,MH,6,12
CF460943-F50E-29AB-98FB-39E7DCE5B629,FM,MH,6,12
CC6B588A-8DA9-269C-CDFA-39E7E1CFBEEF,FJ,FJ,6,12
403E3E61-E8D9-66E8-7628-39E7E1D26085,FJ,FJ,7,12
A10B55B2-2305-8F56-1E58-39E7E1DD5575,FJ,FJ,7,12
5BDC0221-DE2F-B0C5-B177-39E7E54FA63F,FJ,FJ,6,12
6DA24C33-0C0B-6F08-59E0-39E7E5557B91,FJ,FJ,5,12
4BC897C2-E7D9-34F9-A8CF-39E7E5577884,FJ,FJ,6,12
D25E96E6-9A22-D2E7-E633-39E7E563357C,FJ,FJ,7,12
6F3FB3A8-5BA0-E7A6-C4E1-39E7E5823855,CN,FJ,6,12
1D12C97D-EE17-07CE-EF89-39E7E5842CF7,FJ,FJ,7,12
2EF52476-0AD0-6DA7-0BF4-39E7E5AE481E,FJ,FJ,6,12
26EB3490-E8FF-0116-FE4B-39E7FFF7ED24,FJ,FJ,5,12
D56637DD-2345-FF0B-1882-39E8289FF517,FJ,FJ,7,12
088D0FD6-A4B7-A438-8038-39E828A2C68A,FJ,FJ,7,12
927FCA56-D770-70C6-847E-39E82912AF6B,FJ,I7,5,12
D3BF5F92-98FA-78DD-8951-39E829C5F056,FJ,FJ,7,12
93C34A21-8A6D-64B4-472D-39E829C913B1,FJ,FJ,7,12
E40C02A4-D57D-8D9B-4632-39E82DC2A6CC,FJ,FJ,7,12
5D334DF1-5483-882C-CABC-39E82DC39BCE,KI,I7,4,12
F8896CA8-D77A-E6C1-3829-39E82DC58D3A,FJ,FJ,7,12
F140F4BA-C66A-1DAE-7EEB-39E833DDC3A2,FM,MH,7,12
555D4195-F122-6953-515E-39E833E2F97C,MH,MH,7,12
BF81E476-4793-D71E-8126-39E833F9418B,FM,MH,7,12
10A26130-1D30-307B-45BD-39E833FD93A6,MH,MH,7,12
F193B6D7-17CD-9076-48B1-39E857124B39,WS,WS,6,-11
89B1F003-2E4E-8CDA-2A33-39E86ACB3431,PF,PF,7,-10
F1656582-24D9-614B-B47D-39E86B89F41C,FJ,FJ,7,12
0AB8CABE-09BE-5B02-7B01-39E86B9168D5,FJ,FJ,7,12
D39E3FB6-94A3-BFE9-5230-39E86B92759B,FJ,FJ,7,12
B57CF190-D2AA-4AF0-9C77-39E86B93D65C,FJ,FJ,7,12
908DD7CC-A169-6815-E35F-39E86B9CE11A,FJ,FJ,7,12
702657DF-9480-5B75-C5F5-39E86BA03A87,FJ,FJ,7,12
691665EE-CC2F-E761-322E-39E86BA1BD47,FJ,FJ,5,12
704FF4B5-01B7-4722-6154-39E88BFBB63C,TW,TO,5,-11
F4443EB5-A82C-E0A4-CCAC-39E899C30408,FJ,FJ,6,12
F1612E9C-47B1-509D-5AB2-39E89F4CB189,TW,TO,7,-11
56766FCF-BDB6-8616-D1EF-39E8A01D105A,TO,TO,8,-11
B6BD9BCF-8CDA-F18C-F2D4-39E8AFA8DA5C,TW,TO,7,-11
C4335266-52E7-AFA9-79E2-39E8B318DB9D,PF,PF,8,-10
32960ED4-5166-DFD7-31A1-39E8B800859D,PF,PF,8,-10
D308102C-77A5-0C49-962A-39E8B88C8EF3,PF,PF,7,-10
A78F4C15-37B1-3394-6BF0-39E8B8FD4058,TW,SB,5,11
A03406EA-5335-E55F-2664-39E8BDCBC255,FJ,GL,7,12
F3EEC207-D92D-75F7-CAE5-39E8D8D50A95,FJ,FJ,8,12
36666F84-5CF2-7977-39BF-39E8D8D8F6E8,FJ,FJ,7,12
32CDD5C3-ADEB-2C26-4D23-39E8D8E6FC7F,FJ,FJ,7,12
0D7E719E-E48F-2613-303E-39E8D8F290BC,FJ,FJ,8,12
C23E5078-14B0-394B-3881-39E8D8F4084A,FJ,FJ,8,12
36BA0130-2DD0-4CF0-D158-39E8D8FB4014,FJ,FJ,8,12
8920F967-2212-5CD3-EAC4-39E8D91141CC,FJ,FJ,8,12
537A12A0-2C8B-B946-A8F9-39E8D9125B9C,FJ,FJ,8,12
F86870BC-3F0A-0E43-E926-39E8DC9C9B31,FJ,FJ,7,12
484B73C6-3B3E-618B-897D-39E8DCA979A4,FJ,FJ,8,12
2B8DDDB5-B3E8-6B9A-61EE-39E924549969,CK,CK,9,-10
3D6A5439-7A0C-1016-0981-39E929AD4F3B,PF,PF,8,-10
0310EB0D-1080-CEB0-AB74-39E93F054F23,TW,SB,7,11
EB20A7D8-EBCA-0C13-153B-39E93F999A94,TW,SB,7,11
C6254E38-9DFA-57DD-01BD-39E940136865,FJ,FJ,8,12
590639B4-1C59-B8E4-6DD8-39E940212FBF,FJ,FJ,8,12
E98C0605-2850-ED34-43DD-39E940253300,FJ,FJ,8,12
BAF15D70-78D7-7103-2863-39E948C0C319,FJ,FJ,8,12
2BD466C6-0264-4472-9342-39E948C445E8,FJ,FJ,8,12
5D910533-7339-D478-A85C-39E948C7E445,FJ,I7,7,12
B3F5EEC7-5D1D-1C42-2B76-39E948CB4A68,FJ,FJ,8,12
83B571D4-5B65-EC53-D361-39E948CE3030,FJ,FJ,8,12
6E18C964-221B-6E62-0688-39E948D5564B,FJ,FJ,8,12
72E8C731-9B04-DA73-972A-39E962E86C0D,FJ,FJ,8,12
02D9AEA6-88F4-AA6D-D9ED-39E962EB1205,FJ,FJ,8,12
F62DBBB5-6CD4-F060-67B9-39E96306C667,FJ,FJ,8,12
1AF6977A-E120-CB08-70D8-39E96307C72F,FJ,FJ,9,12
BC136446-6C81-8E42-A319-39E9633B4CFA,FJ,FJ,9,12
1170808A-8A92-B9E2-DC32-39E9633CD3B3,FJ,FJ,8,12
B1D06B44-73CF-C79C-91FD-39E9639A88C4,FJ,FJ,9,12
399CA6C3-8C93-BA0F-F519-39E9639D6BF1,FJ,FJ,9,12
B9598A06-94EF-2D94-D513-39E9639F2373,FJ,FJ,9,12
1CE7B860-E3BD-D09D-D49F-39E963A61D84,FJ,FJ,9,12
47355D47-F86D-372F-D062-39E963C78858,FJ,FJ,9,12
7E238F61-BDF2-5DFD-14FE-39E963CA9FB3,FJ,FJ,9,12
37A1B885-0672-D09D-5CB4-39E963E0FE30,FJ,FJ,8,12
A5DCF50B-F65F-44C1-DE62-39E968DC7793,FJ,FJ,8,12
24626D3B-AB6A-28DD-C838-39E968E32473,FJ,FJ,12,-11
4A8AC64F-220E-21BC-BBCA-39E968E9F79E,FJ,FJ,8,12
B90729D9-6DBA-E287-777B-39E96CB5DB91,TO,TO,9,9
9D8F6AC2-8256-7F63-8E7B-39E96DB133D7,TW,TO,8,-13
888E43BE-E036-2D6B-2FD9-39E9B65C56D7,FJ,FJ,8,12
284813D1-6AB6-2DD9-7511-39E9B65E3CDE,FJ,FJ,8,12
FD9CB484-14AB-F0A5-8E7A-39E9B67E6D3C,FJ,FJ,9,12
9E44BA28-656C-0E0D-FE48-39E9B6948CE8,FJ,FJ,9,12
E3CF3700-552E-5AD4-83DC-39E9B6A28D70,CN,FJ,9,12
7D8D8053-EF4A-EE95-86BD-39E9B6A38A14,FJ,FJ,10,12
B1FFF113-72E0-DE12-83F9-39E9B6A6939F,FJ,FJ,10,12
FDE2B5D4-BF79-82EE-3AD6-39E9B6A88C9D,FJ,FJ,10,12
7C05F7F8-5788-ADDB-B405-39E9B6ADC751,FJ,FJ,10,12
EC63D349-29E0-B58C-93DE-39E9B6B1BD57,FJ,FJ,9,12
A9E92D85-CA43-E476-85B2-39E9B6B2C9A6,FJ,FJ,9,12
E1F67CE7-ABD2-1B71-6EFA-39E9B6B3E062,FJ,FJ,10,12
A713DC03-F4DA-F7B5-556D-39E9BBBA3F0C,FJ,FJ,10,12
9097668E-91EE-2174-4D96-39E9BF123DD0,CK,CK,7,10
C6D4A8F6-C2F1-BABD-2F77-39E9CF2A5828,FJ,FJ,10,12
8273DE5B-8109-E117-B10A-39E9CF2E2C77,FJ,FJ,10,12
3A5808C1-B76C-E80B-1253-39E9D4234AF2,TW,SB,8,11
3DE2E342-5C9A-9967-C5EC-39E9D466E4A9,TW,SB,9,11
91F5E491-0706-8F2C-E069-39E9D9C29D4E,FJ,FJ,10,12
FA0913C2-14F2-6A3D-90C8-39E9DA35A754,FJ,FJ,10,12
F066D1A7-F05E-0FC6-AD06-39E9DA3896D7,FJ,FJ,9,12
D07C66B3-4A27-536B-44E5-39E9DF7DF336,FJ,FJ,10,12
3089A6CB-3B4C-DB1B-34E4-39E9F2FB2425,MH,GL,10,12
BC6C7168-8F19-FB5A-311B-39E9F30AD7DE,CN,GL,10,12
5A1602E3-6350-402E-748F-39E9FDF34B9E,CK,CK,8,-11
26282C4C-C75D-6477-CC55-39EA16B79305,FJ,FJ,9,12
612F288C-D5ED-99BD-0128-39EA1BC2F0AA,MH,CK,6,-11
A5984A57-6C4D-6968-6811-39EA451EA945,VU,VU,5,12
EA5473F3-F370-9F70-69EE-39EA64521937,MH,MH,11,12
2E91B44E-8754-4A3A-1D98-39EA64544565,MH,MH,11,12
2922DCB4-41C3-1B18-E798-39EA645AE316,MH,MH,11,12
AC46ED4C-ACD6-56E1-FC66-39EA73FF3F56,PF,PF,10,-10
8D3311B4-823C-C614-FC31-39EA8825FF0A,FJ,FJ,10,12
835A0A5D-6F2E-5917-4E8C-39EA884E177C,WS,TK,10,12
B4E630B1-C86F-23C9-A67A-39EA88710E38,FJ,FJ,10,12
A49814F9-809C-8E08-E20A-39EA887E353A,FJ,FJ,9,12
916F3BFD-764D-9591-9A0C-39EA88B1C40D,VU,I5,9,-11
1C399CA1-67E6-941A-4E4E-39EA9791B244,FJ,FJ,10,12
08356F95-2141-82B2-49C5-39EA97B8B1E2,FJ,FJ,9,12
6227D333-BC9C-B586-075A-39EA987FF028,FJ,FJ,10,12
048F67DE-60F9-B601-1569-39EAA6E279B9,WS,WS,10,-11
9C16CAA8-EC30-E26D-F7C7-39EAA806B268,FJ,FJ,10,12
67FE292D-C11C-BA02-DF96-39EAAC715555,FJ,FJ,11,-11
6F6F0ED3-7BB1-FE81-2D9C-39EAAD3B3E87,FJ,FJ,11,12
9FC4F7EC-BE42-8471-BEE4-39EAAD6AA75D,SB,SB,9,-11
B65EB581-F6D0-1031-6561-39EAAD8A2A0B,TW,SB,9,12
CEECF649-7F89-35A5-1FB4-39EAB64FCDE9,CN,GL,11,12
4160E8C7-DC60-65DE-8732-39EACAF33994,FJ,FJ,11,12
F14A56D4-FD98-AE65-2466-39EACC4BFD2B,FJ,FJ,10,12
DF1BE8DD-1C21-D0BF-5A85-39EAD00ACD41,FJ,FJ,10,12
2DC11A7C-9828-8D95-F19B-39EAD0DE24C0,PF,PF,11,-10
F19110F1-EDA5-6F2E-3BD7-39EAD524E3D6,FJ,FJ,10,12
01395E09-1D75-BCDC-C490-39EAD698C704,FJ,FJ,11,-11
026AE6B5-B33C-479E-2B4F-39EADB2EB589,VU,,4,5
0389F05E-55EC-6509-1C99-39EADC224DE3,VU,I7,6,5
C6FB4F76-81C1-6141-F736-39EADFD81E07,FJ,FJ,11,12
26BAC252-7906-B107-421D-39EB238E34AB,FJ,FJ,11,12
90FC0B6E-9121-5928-1D6A-39EB23C77174,FJ,FJ,10,12
EC064767-7F37-4321-63A6-39EB38FEB1F5,VU,H5,11,-11
ADDC11C4-B193-8421-2553-39EB3DA721FF,FJ,FJ,12,-11
FF2145CC-035C-F572-613D-39EB41EFF170,FJ,FJ,12,-11
0FB5A809-58AA-835D-93C4-39EB420285D5,FJ,FJ,12,-12
2EF34011-4256-9EA0-CE10-39EB428281E2,FJ,FJ,12,12
A6ADEE03-AEA7-B3C7-5F8B-39EB428F53D8,FJ,FJ,12,-11
AAE5D497-6BFF-3D42-B180-39EB42BE95B3,FJ,FJ,12,12
A768BF25-E8A3-C599-9A56-39EB46C7157C,FJ,FJ,12,12
8DAD933F-87D6-13E6-A750-39EB4AFE8A7E,PF,PF,11,-10
4B5E9E8B-9098-42DB-77CC-39EB4B917AC7,WS,WS,11,-11
229A9DD4-BF2D-BECD-FDD6-39EB4C25AE25,VU,H5,12,-11
196F5360-BF64-4439-ADA4-39EB4CEACB04,FJ,TO,10,-11
12BBFE2D-2546-C0DA-7824-39EB4CED0F6F,FJ,FJ,11,-11
D8E2E5D8-859A-0722-4DAC-39EB61198A21,FJ,FJ,11,12
9F520A78-A959-15C8-F1B4-39EB61AFAF27,FJ,FJ,11,-11
BA2983ED-F3BB-461E-A967-39EB65C040AA,VU,I7,5,5
E26EFC5D-CDFE-F804-72DA-39EB660CD715,FJ,FJ,11,12
B6A34389-2E3B-3F5C-8FAA-39EB6ACD289F,CK,TK,9,12
5FEE53FD-0374-871C-F311-39EB6B366AD2,VU,I7,7,5
EB7CC163-0C75-8E7C-7C82-39EB6B458184,VU,I7,8,5
A98B3C83-2375-B797-BEC1-39EB7045D700,FJ,VU,9,12
0CEC9568-B87D-3E2A-7CB0-39EB80638BAB,FJ,FJ,11,-11
3D0E7082-868F-CA9B-DE33-39EB8A3F7930,WS,WS,11,12
2FEB2D3D-A500-8BFD-DE5D-39EB9374357A,WS,TK,9,-11
30014ECB-0B2C-13E5-F808-39EB94E6D6AA,TW,TO,11,-11
AC326644-44A5-C324-075D-39EBA4973BEB,TV,TV,11,-11
F9016760-FC7D-4FA2-7280-39EBA4A761EE,FJ,FJ,12,-11
18C7859F-D966-DD96-5267-39EBA4ED3FF5,FJ,FJ,12,-11
90B1C000-E64A-90B0-68B7-39EBA848E452,FJ,FJ,12,-11
751DF306-B55D-70B3-9A15-39EBA85740C0,FJ,FJ,12,12
7D911DB7-53DF-E672-9042-39EBAA1D2CC8,CK,WS,11,-11
4D4C46C2-9B34-F717-1346-39EBC7F518C9,CN,SB,4,12
3DFA4231-37AA-B9A1-B0EA-39EBD0E86ECB,PF,PF,1,-10
5B66EEA7-BEB5-DC9D-1BCB-39EC10D9A182,PG,PG,10,10
C8FD5502-49FC-7793-DDF6-39EC2885DF1A,PF,PF,1,-10
D42C461B-1642-1F96-5CDD-39EC3837E1BB,PF,PF,1,-10
06E5001A-BBBB-D629-6106-39EC38533417,PF,PF,1,-10
2442C46E-203B-D855-B82E-39EC3992688D,CN,CK,7,-10
73952ED5-5A72-4AA0-7505-39EC67B8A2CC,TW,MH,1,12
24CC3A19-8A0B-0C9F-44F5-39EC6B5B0AFB,PF,PF,2,-10
BE921616-F55F-F9BF-6A2C-39EC7C351F51,FJ,FJ,1,12
E1D62C1C-B9B6-A61E-0F2A-39EC7C37E9E4,FJ,FJ,1,12
BDCFD8FC-77D3-73EC-3312-39EC87682C0D,FJ,TO,12,-11
4C6210B6-A55D-087A-704F-39ECA5202F21,PF,PF,3,-10
9AE0D384-DCBC-8BA9-B746-39ECA602F058,MH,MH,3,12
90EFB0EC-88D4-8AB5-E432-39ECA6726038,MH,MH,3,12
39D36F79-9389-0B22-E7FD-39ECCE1CFABA,FJ,FJ,10,12
BC96B2A7-0DF6-EC5B-DD9A-39ECCE5000B0,VU,IW,5,-10
F3D1EE2C-68B9-52BC-3E70-39ECD392761B,MH,MH,3,12
A521E71A-9C76-B392-55EA-39ECE8454E1E,MH,FM,5,11
2281E2AB-69C4-6FAE-0BC2-39ECE84E5D6F,MH,FM,6,11
EBA38CA4-FFE8-03DA-1624-39ECECBFD78C,PF,PF,1,-10
241D979E-EDA1-E9E5-306B-39ECF755E647,KI,VU,10,12
B4E54BA8-1608-A8E1-1958-39ECF7609EDE,VU,H5,5,-9
FCE35215-2586-52A5-78D2-39ECF7969C1E,VU,I5,6,-9
BFE16E18-C07A-2D51-DCA8-39ECF7A78988,VU,I5,7,-9
3C0C1A44-C3A3-CA80-A14F-39ED0D641CD4,VU,I5,8,-9
4C95C36F-DF91-0508-9462-39ED1C906F0B,VU,I7,6,12
47735416-07B7-3869-0BA0-39ED3A1B62BE,PF,PF,3,-10
BDBD2653-B8F3-DA48-E282-39ED3C252191,TW,TO,1,-11
0E453EB2-C631-F9F6-2E29-39ED3FC8D0B7,KI,H4,11,12
9B39A548-DA0C-DE95-A694-39ED4000D85A,CN,SB,11,12
A481861C-42DF-37F0-BA26-39ED78739DBA,VU,PG,10,10
C2E1069A-7EEB-32D7-EC81-39ED7E406DDA,VU,PG,10,10
BC55CCDC-2755-0D6F-C31D-39ED88B7736D,VU,I5,9,12
2334871F-4F76-0595-5445-39ED88EE7B6A,FJ,FJ,12,12
A89DEEC7-9EC7-6CCB-7F3D-39ED8C5DA584,FJ,FJ,12,12
9C0204F3-9DE2-5393-363E-39ED8CFA8BAE,VU,I5,8,12
42809657-1770-76C9-CFF7-39ED8D3C746A,FJ,FJ,12,12
854C2282-7B9C-4A03-7BFB-39ED8E5D98AB,VU,I5,6,12
B884E506-2A2E-78FC-E382-39EDA190986B,VU,,5,12
6EA8D6BC-E49A-31C3-C48F-39EDC0C6AC90,VU,I7,3,12
E8527412-491E-6DDB-5A9A-39EDCABACA8D,PF,PF,4,-10
F9A7C127-0784-80DD-FC49-39EDCF676181,FJ,FJ,12,12
19A6B4EF-0F89-8EA2-0558-39EDE9951F3A,MH,MH,5,12
4458F3A1-DB5A-71D8-B657-39EDE99719A2,CN,MH,5,12
BA917C15-D81B-4996-D885-39EDEB0E41AD,FM,MH,5,12
E3DCF81A-5C70-F940-DC6B-39EDEE604818,PF,PF,4,-10
3E78453E-1EA2-4CF5-4739-39EDF306AB57,PF,PF,4,-10
D7F86CF9-7B50-4DE4-85AA-39EE0E8C0A43,FM,MH,5,12
BFDCFFAA-A45D-1545-3739-39EE0E8DD78C,MH,MH,5,12
A9E4CB85-A49B-ED7E-8A15-39EE2E992552,TW,TO,1,-11
D740D06E-D443-8FFC-8CEF-39EE316043DB,FJ,TO,2,-11
1138D2F3-9EBB-6654-2878-39EE3653A023,FJ,FJ,3,12
8174947B-12E8-30BA-3898-39EE36C5DC20,CN,MH,5,12
01C78CC8-F402-0AFB-9C51-39EE36CCA69B,MH,MH,5,12
5A53FB45-87CF-2A87-9AE5-39EE36CFA3B3,FJ,FJ,5,12
800B0CD4-0CFA-4BA0-7D04-39EE36D5EFA2,FJ,FJ,3,12
AF7468C9-95BB-B2A9-36B7-39EE36DA4221,FJ,FJ,4,12
370FAB86-AACE-DBB2-560F-39EE3BE46690,FJ,FJ,12,12
6E39DD06-C8E2-A41A-ED4A-39EE4197A2B1,FJ,FJ,1,12
0910459E-87EE-7A33-B7FF-39EE50D0D223,FJ,FJ,1,12
C79140D7-FC9C-C7ED-8D9A-39EE50E62B1C,FJ,FJ,1,12
D7EA113E-077D-3E7F-AA21-39EE5116DC40,VU,I5,9,-9
01BB218E-F36D-88CD-2626-39EE51D0CF41,VU,IW,10,-9
7B294EA2-8AC4-B593-D683-39EE55A4B7FC,VU,I5,11,-9
3F16189A-9232-E414-109E-39EE55B64711,FJ,FJ,1,12
595F0475-B5F6-2A3D-9BA7-39EE55EBBBE9,FJ,FJ,12,-11
F62A34D2-8A07-F619-2CF6-39EE55F3040D,FJ,FJ,3,12
42098FC7-763B-ABF1-4AAF-39EE55F9BBCE,VU,I5,12,-9
C0ADAB2D-5BEB-72C0-D2F9-39EE571B2E46,MH,MH,5,12
D531AF49-9C32-BA95-736B-39EE57248172,MH,MH,5,12
1ADEF00B-C1CE-8C37-73A9-39EE57268E5A,MH,MH,5,12
1D279025-C4F6-94AF-F62D-39EE5B04AD86,FJ,FJ,1,12
6D1F4F3C-898F-D62D-C58B-39EE749D5711,FJ,I8,1,12
8F2E9673-AD43-7395-8FF1-39EE79616080,FJ,FJ,2,12
162B926A-BBB2-8524-7B12-39EE79AE5359,MH,MH,5,12
45FCDC23-C363-BAFB-6AD8-39EE79BD4331,MH,MH,6,12
960E100A-A379-168F-DF51-39EE79C58702,CN,MH,6,12
AB8F65B5-8521-76AC-4669-39EE7A3A5288,FJ,FJ,1,12
2F164762-DE4E-F5F8-A496-39EE7F2BAB10,FJ,FJ,1,12
DD316C7E-4450-8CF2-8E45-39EE8053D99C,KI,CK,6,5
4A713B75-A465-3E22-9B5F-39EE829DCC71,KI,CK,6,-11
8A4E5C5F-9028-8CFE-B823-39EE9D792414,FJ,FJ,1,12
83EFB772-F2EC-5AA9-6EDE-39EE9DB6B721,FJ,FJ,1,12
D4871462-ECB1-1145-73B5-39EE9DD56C04,FJ,FJ,1,12
61B10765-7C2F-F00E-102E-39EE9E2EE35D,FJ,FJ,2,12
1DE67685-0172-A6EF-942B-39EE9EBDAB41,MH,MH,6,12
26F76B04-CF6F-AF4B-2E97-39EEA291D958,FJ,FJ,1,12
FA9D1DA8-043B-8246-D37F-39EEA34C29F9,FJ,FJ,2,12
7C0D63CC-63EA-EFC0-2B63-39EEA350E8A4,FJ,FJ,1,12
E3F3378A-C688-A854-EBC7-39EEA7F364F5,TW,TO,3,-11
E60607E8-20A5-2252-DBD9-39EEA82B7C09,FJ,FJ,1,12
4E0ACEBB-CFB9-467A-3B11-39EEA8871291,FJ,FJ,2,12
82F5E041-5661-FA1C-DB6D-39EEAD2A3290,TW,MH,3,12
59E8E77D-84BD-A6EA-A3FC-39EEAD8637EE,FJ,FJ,1,12
9D54542D-09C1-0F8B-84E6-39EEC8A803A8,MH,MH,6,12
69A56FA4-B5AB-F218-4E63-39EED58D0F30,PF,PF,5,-10
CF0CAAFF-A69D-A41B-B4D7-39EED5B5BC13,PF,PF,6,-10
0A773901-51D7-168F-E1DD-39EED5D2B87B,PF,PF,6,-10
8AD46920-66B5-FA97-3554-39EEE0919CBE,FJ,FJ,3,12
DB5778BF-934D-F3EE-99E9-39EEE0C93E50,FJ,FJ,2,12
95EEA9F3-4B4F-1E5C-8504-39EEE6D8F5B6,MH,MH,6,12
E23D339E-F06E-3B70-5CDA-39EEE6E2DFFB,MH,MH,6,12
08778F07-E25F-97B8-CD7E-39EEE713353C,FJ,FJ,2,12
71F68585-0CCB-DAD1-BFF5-39EEF03FDA7E,FJ,FJ,2,12
5257C440-987C-B999-D48D-39EEF08C9015,FJ,FJ,2,12
895278D4-CF8E-519C-5D70-39EF098DE3BA,TW,TO,3,-11
1417F46B-F87D-8996-8DE6-39EF0F09ACF4,TW,TO,1,-11
85F4D72D-2A24-4E47-C7FB-39EF13E85C91,WS,WS,5,-11
2D24B660-C1A4-8E7F-2201-39EF1552D05F,SB,SB,3,11
982EE16B-E3AC-53F6-76A1-39EF1591EEE8,SB,SB,10,11
E25A5E18-27D9-8C53-18B4-39EF2869FAF0,FJ,FJ,2,12
3BA3A94C-90A4-AA02-59B4-39EF2DA37BA3,FJ,FJ,3,12
7D34CEBF-AB6D-4248-E5DA-39EF519B63A8,FJ,FJ,3,12
B43A3C47-0F32-C813-A70E-39EF520571FA,FJ,FJ,3,12
318092D7-55F9-8F86-02C1-39EF52F7A85D,MH,MH,7,12
0A8C937D-F7CE-E2F2-8D27-39EF53065AE6,FJ,FJ,3,12
67D569A9-0B1F-F704-2D2A-39EF5D4806B8,FJ,FJ,3,12
ED5A4D64-365A-E0BB-6A5F-39EF5DC9A9CB,VU,I4,2,-11
6866D23B-A22F-95A0-A302-39EF71127762,FJ,FJ,2,12
87FAD6BB-18EA-04F9-A465-39EF726D0A9D,VU,I4,1,-11
A57B2C8E-E352-6764-D2EE-39EF7656B47B,MH,MH,7,4
45D4411B-6757-ECBB-EE0B-39EF77446FB5,MH,MH,7,12
B70CEABC-A8BA-475F-6215-39EF774D1451,MH,MH,7,12
A6D1AA7E-145F-BE25-42B7-39EF775EE73E,MH,MH,7,12
DE848E6E-4669-12C7-C556-39EF85CD0BF9,FM,MH,7,12
B88E4EFB-FA70-94F5-A1E1-39EF9A3B6955,MH,MH,8,12
8B2FC3FA-6E8C-C350-DC46-39EF9F71D31A,TW,TO,3,-11
37997E85-D372-75D5-694B-39EFA4802CAA,FJ,FJ,3,12
45C11645-AA97-27D7-6248-39EFA49268CE,FJ,FJ,3,12
D7C662CD-7951-1B9A-4ED1-39EFA4D3F59C,FJ,FJ,3,12
7A7B2B9E-5F38-5F70-A64E-39EFAA8F87E3,FJ,FJ,2,12
46D9425F-E8AC-3E3E-6AC0-39EFC8A5F51F,FJ,FJ,3,12
E64CC42C-365B-6A0B-BB35-39EFC9B1E8BA,FJ,FJ,3,12
3E83B591-28DA-566D-F42A-39EFE28D49B4,FJ,FJ,5,12
2BA60E31-0AC2-9125-6E99-39F00B775334,TO,TO,7,-11
65CF6FEC-FCED-EE01-8112-39F00BAE9A26,WS,TK,6,-11
C1550475-EB7A-0139-0DA5-39F00C35FB9D,TW,TO,5,-11
0DBFA69D-1CF4-2E86-D3E9-39F011085593,TO,TO,8,-11
B076BAE1-84F4-5C48-F9DE-39F01123DA92,TO,TO,8,-11
F01731A0-B178-4E03-1499-39F0113DA9E5,TO,TO,8,12
4DBF4D2D-8236-81E0-8B3D-39F0114C5B43,TO,TO,7,-11
B3DB6091-17AD-4C65-01BC-39F0115E6B8B,TO,TO,8,-11
A31B3AA2-1019-3080-54EF-39F0118EDDCF,TO,TO,8,-11
EA8E2DEA-4F5D-A5E5-62BC-39F02F40DF8F,FJ,FJ,5,12
D2FD9033-AB14-8588-F4D8-39F02FB8AB72,FJ,FJ,5,12
D1D9D0EB-46BC-7D17-2551-39F02FBFCC26,FJ,FJ,6,12
453F1D9C-42C7-2E5D-85C4-39F02FC2F792,FJ,FJ,3,12
57EBE796-5813-ADC2-EF34-39F034F17BCB,FJ,FJ,5,12
78F01129-7AC8-82D1-21C8-39F0354C31F5,TW,TO,4,-11
944AEF11-2EFE-9FC5-3CE1-39F035BAF5B0,FJ,FJ,5,12
AC0097DA-511B-85A0-7B86-39F0390435E9,PF,PF,8,-10
4B3A319B-E3B3-3E2D-932E-39F039B5716A,FJ,FJ,5,12
A68FCCF1-B3DD-26C7-F15E-39F04A415EBD,FJ,FJ,5,12
BEACCBDE-C9B6-25DE-B213-39F09CA376D5,VU,,4,-10
3CB2D576-5B37-A9A0-9F55-39F0A0B38757,TW,SB,8,-11
1ED939C4-17E6-C514-79F4-39F0A19D81D8,FJ,FJ,2,12
6BF67715-9EA1-B1FF-83D5-39F0B9C935A6,PF,PF,8,-10
477C5DF4-4E77-8197-A012-39F0B9FE5257,PF,PF,8,-10
54A7F16E-FD7B-9198-83C8-39F0BF8B4191,TO,TO,9,-11
149274A5-15A7-5ACE-29C3-39F0BFB7BC0B,PF,PF,8,-10
08313EF3-8D8E-A750-6223-39F0BFC411A5,TW,TO,7,-11
304393EF-726C-2CB4-AA3C-39F0BFC97157,PF,PF,9,-10
045E016F-9B89-8543-B4CC-39F0C4E7D7C3,TW,TO,6,-11
E06260B5-5C13-494F-EA00-39F0C593955E,TW,TO,6,-11
179DFAAC-A85B-E1B7-E3B2-39F0C9AF94E0,FJ,I7,7,12
87D19823-3A83-4164-CA42-39F0CA16E14F,FM,MH,9,12
9FA799F6-DBA0-0D9F-3C43-39F0DA7399B3,FJ,FJ,3,12
BD4EA622-5893-984D-54A1-39F0DE980A7D,FJ,FJ,5,12
AF553366-1D7C-0D2A-94F3-39F0DEE7F411,FJ,FJ,3,12
5FFFCA41-393E-12C9-1F74-39F0E4C8C3BE,MH,GL,9,12
4719429F-0DC4-2A87-862D-39F0E51B5277,MH,GL,8,12
1C267289-486D-A26C-A2BC-39F0E81B91FF,PF,PF,9,-10
E464729E-6F9A-846E-C899-39F1024BEB92,FJ,FJ,5,12
0B61E4E8-5FDE-2516-FFA0-39F103A531CF,FJ,FJ,9,12
82533806-B7A6-F1EB-0D66-39F103B87452,FJ,FJ,6,12
124199DB-1C1E-9BA3-A6D4-39F111E053CC,FJ,FJ,6,12
40244EB7-9D47-9524-0A3A-39F12B6D5912,FJ,FJ,6,12
A3D913DA-8CE1-4738-4FC2-39F14BA86FFB,FJ,FJ,5,12
26F20246-7C8A-857E-0907-39F14BCCE319,FJ,FJ,5,12
2C444914-7180-B7EA-0152-39F15003EAC0,FJ,FJ,5,12
24A397F1-A5FE-206A-B01A-39F151034474,SB,SB,5,11
7C979EDB-C025-4AFD-B6F1-39F1554623DB,FJ,FJ,6,12
F4C731A8-67DF-7D57-C4DC-39F15A2B1FE0,FJ,I7,6,12
86EABECD-C672-8895-FD36-39F15A83FFEF,FJ,FJ,7,12
A05A3958-73E7-4C4D-F87A-39F173A07A6F,FJ,FJ,6,12
EB6C57ED-1274-5BC6-B9D4-39F17E1E7DBE,FJ,FJ,9,12
5CC61F42-C9DE-A080-F77D-39F18D105C16,FJ,FJ,7,12
BE6B906F-57EE-B8B4-8ED2-39F18D36176B,FJ,FJ,7,12
9EED66E4-188B-D3A4-26E1-39F18D9105D4,FJ,FJ,7,12
B301C68A-DF3D-60C5-6127-39F18DD8FA0E,FJ,FJ,7,12
0415E491-0E6B-F314-69D4-39F18E3A71C6,SB,SB,9,11
90A63752-5A9D-08C9-4FDB-39F18E60ADF2,FJ,FJ,7,12
28DBB232-9C07-236B-E03F-39F18EA34D32,FJ,FJ,6,12
AC0B06E9-04F6-8C8A-864E-39F1938D82FE,TW,TO,10,-11
92BF6A42-ECD3-0798-F9D2-39F193BA67AF,TW,TO,7,-11
D2ADDBA1-DA9E-67C1-2085-39F197F9C861,FJ,FJ,6,12
E839D298-D12C-13AC-FCF9-39F1982C2755,FJ,FJ,6,12
79E41A04-CA2B-D70B-9FB8-39F19DBA6DB6,FJ,FJ,8,12
8E38936A-E2FC-AD4D-3255-39F19DC71D26,FJ,FJ,7,12
C116F426-0B39-EA47-5F1C-39F19DF1DAF3,FJ,FJ,6,12
8A832026-B41E-B1BA-BFF8-39F1A20AB453,FJ,FJ,5,12
36AD82B9-0450-1CE0-E79B-39F1A217E6D6,FJ,TO,7,-11
6A307CF3-E0C0-94B4-CE98-39F1A3272C71,FJ,FJ,7,12
8824B162-FD16-3036-4945-39F1A32DAF65,FJ,I7,8,12
0FBDD5C1-0B1F-E412-B22B-39F1B64F52D1,FJ,FJ,8,12
CF1A4535-1C5F-23AA-1F55-39F1B6918A36,FJ,FJ,7,12
64CCFF00-8715-582F-18B0-39F1BB5F0F91,FJ,FJ,7,12
4104F96C-2221-BEF0-0D32-39F1C5A6BED1,FJ,FJ,7,12
19E69F31-4241-71E4-46F3-39F1C5B9D20B,FJ,FJ,7,12
32A76D78-34B7-175F-DE23-39F1C69C2F7D,FJ,FJ,8,12
02DB20F8-2907-0D41-164F-39F1C78EDFDF,SB,SB,8,12
C6FEEE43-ED0D-1AA7-606F-39F1D65CCF6D,FJ,FJ,2,12
86083F07-FECD-A1B0-6E4F-39F1DAEBBF3C,FJ,TV,8,12
8EAD159C-2D75-1983-2902-39F1DBEFBDC5,FJ,FJ,8,12
04FDC6E1-D54F-4081-3BEB-39F1F9EFBC95,FJ,FJ,3,12
DA376590-B7A7-D311-D274-39F1FE81FA67,FJ,FJ,4,12
DCB2AD5D-C3A9-473D-0401-39F2047628F5,MH,GL,11,12
248CF2FE-EEA0-C557-A906-39F208ED37DF,FJ,FJ,5,12
C2576B51-F39D-3F97-0F78-39F20A31BFE1,FJ,FJ,8,12
40464EE9-BBBD-CDC1-D217-39F20E3F3972,KI,I7,6,12
DC0CC862-8572-3E31-2079-39F20E5E318A,FJ,TV,6,12
7C2EE04F-0C6C-5AD9-1672-39F2226C5DE4,FJ,FJ,9,12
9DE9CDA5-6572-6E22-D118-39F22271D7D0,FJ,I7,7,12
F61DD61F-C471-FE09-57D6-39F222C9E2EC,FJ,FJ,8,12
CEEB63A1-23CE-52BF-D5D3-39F227E63F27,FJ,,2,12
ABD24728-AD20-F058-B5FF-39F227E8CC26,FJ,,2,12
D3F4E6DD-F75B-9B84-1DD3-39F22CB952DC,FJ,FJ,11,-11
D3F4E6DD-F75B-9B84-1DD3-39F22CB952DC,FJ,FJ,11,12
93731CEE-2E35-EA54-1371-39F22CDA37A0,FJ,FJ,8,12
0AAA957D-7613-4E30-4D15-39F22CFA94F2,FJ,FJ,8,12
D18CF9FA-A020-68F6-5999-39F22D537656,FJ,FJ,8,12
E7221801-470C-B077-182A-39F22D5ADCEE,FJ,FJ,9,12
29EDBB41-586B-EB23-87B8-39F22E0249C3,FJ,FJ,7,12
AB4718D2-6246-1DBD-013F-39F22E05FEAB,FJ,FJ,9,12
C165F891-E171-7425-8DD5-39F22E099A18,FJ,FJ,9,12
A59730E5-F22E-7099-E678-39F232300647,FJ,FJ,9,12
058FBBE3-CE52-D83A-C629-39F265702B2A,FJ,FJ,9,12
B5427429-F4D6-07A7-B3B9-39F27AD56EBD,FJ,FJ,10,12
F333C7E4-46EF-44C9-24B9-39F2947AE050,FJ,FJ,9,12
5A1F7952-5FBE-166F-31D2-39F29E028666,FJ,TV,8,12
A95B1E3D-1651-098B-CC80-39F29E495B20,FJ,FJ,10,12
0CDA4072-1109-B48E-22DB-39F29FA2D052,SB,SB,5,12
DF2DED89-D5FF-D86F-6236-39F29FDBDACA,TW,SB,2,12
550A14BD-3043-B351-5FAA-39F2ADD8B3D3,MH,GL,12,12
7059AB08-B28A-79DA-AED7-39F2AE35ECC8,KI,I7,5,12
9DF79CEA-B85F-2AE8-D25E-39F2AE52614C,FJ,FJ,10,12
AB684777-F6E6-40CE-E09E-39F2AF08FE1C,FJ,FJ,11,12
73D64FA6-3CE3-9070-B605-39F2B3828E2A,CK,NU,11,-12
CA553E08-BCF2-C9EF-677B-39F2C7223A06,PF,PF,11,-10
14943C1F-398B-6280-ABEF-39F2E1BCF1BB,TW,SB,11,11
00B8EB12-0A7B-52B0-5CD2-39F2E65E5702,TW,TO,9,-11
02BE3B8B-1A23-A7D5-7DD4-39F2E68DC098,PF,PF,11,-10
9926020E-4EAA-1F33-D0D3-39F2E6AE210C,KI,I4,9,12
74B1F67F-0F06-4E96-9E8E-39F2E783EA29,SB,SB,1,11
1B253E87-8B0B-8AD7-99FF-39F2FD8365FD,TW,TO,11,-11
081A8F33-5AE7-19C2-D058-39F31F5121E4,FJ,TO,11,-11
7E1C62E1-53A6-5E41-D13D-39F32518EF19,PF,PF,3,-10
E4E07D12-0B3D-CBD6-5EF4-39F344B8AEEE,SB,SB,9,11
B13882A4-4590-98E8-371A-39F354053136,FJ,FJ,12,12
B03D14ED-F9A5-ACD6-B052-39F357991712,PF,PF,12,-10
8B82E0CE-2D20-4C7C-2C93-39F368555042,FJ,FJ,1,12
BBF168BD-6811-F8C6-62BA-39F3685E8E5C,FJ,FJ,1,12
D12B0343-A3FA-B098-F32D-39F36861D0A7,FJ,FJ,1,12
83DE6899-9D84-E97D-E05F-39F371A358A2,PF,PF,1,-10
E9F586E9-5516-4D5C-5937-39F371DBEEA0,PF,PF,1,-10
1C8612DD-5F8F-EF88-FFE3-39F37B71DE8A,PF,PF,12,-10
A21562F9-3379-9E16-8A1F-39F38C8CB8F0,FM,MH,2,12
8C34B385-38CD-B3F0-F9F3-39F38C8E653E,FM,MH,2,12
E0FB6CB2-6F88-EF80-B632-39F38C903A97,MH,MH,2,12
F49DF0A5-C461-4343-3D0A-39F38C918BD3,FM,MH,2,12
C6828C83-FBDA-AD15-4450-39F38FE88A06,PF,PF,12,-10
70EA0BBA-6807-7476-4494-39F395B28337,FJ,FJ,12,12
47A7946F-1CEB-E8F3-EB3B-39F395B324AF,TW,SB,9,-11
FAE500B5-B0DD-FC99-327C-39F395CE3311,FJ,FJ,1,12
376A1557-7809-92D9-4565-39F395E6670B,FJ,FJ,1,12
65083357-945A-ECCF-3C43-39F3965FC542,SB,SB,9,11
60FBEFA0-F183-D052-0AA9-39F396EB0A13,TW,SB,12,11
994F7130-337B-BD45-9377-39F3A9F86455,FJ,FJ,1,12
6034E3F6-90E0-7862-6844-39F3A9FC1961,FJ,FJ,1,12
58E7E026-B5E3-1E67-B8AC-39F3A9FF0023,FJ,FJ,1,12
1DDBF778-5849-44F7-24EC-39F3AA663FC0,FJ,FJ,1,12
DE8363C5-3148-2284-791B-39F3AABC370E,FJ,FJ,2,12
AD70DCD5-3351-E9BB-D379-39F3AFC314E1,MH,MH,2,12
C3289BD6-60B0-2B04-DAC0-39F3AFC5F3B4,MH,MH,2,12
38CBB08F-BA2F-7498-AE02-39F3AFEBAB73,FM,MH,2,12
4ABD4695-9764-37FF-CD1D-39F3B443AF6B,FJ,FJ,1,12
7BD4D9FB-B548-A093-1022-39F3B45C4E2C,FJ,FJ,1,12
70D4DB7F-C1FF-F7C4-0AEB-39F3BFEC7D2C,FJ,FJ,2,12
32298950-CC00-9D7B-57D5-39F3BFF8330E,FJ,FJ,2,12
3AC89355-3A33-8660-7257-39F3C00E44E8,FJ,FJ,2,12
870A3A18-C081-2BB8-B11C-39F3CE0E1EC7,TO,TO,2,-11
33E2C1B6-BFA3-3524-347A-39F3CE23F359,TO,TO,1,-11
09FD672E-08DB-E5B0-F582-39F3CE62B4C4,TO,TO,1,-11
4B0E68B1-D105-449A-FF10-39F3D85C952E,MH,GL,10,12
EE0C0C48-9A22-460D-71F3-39F3E366716D,TW,TO,11,-11
D43F2CAE-D920-A506-3BD2-39F3F3DCF523,MH,MH,3,12
CF3D0EFA-8643-AAC7-D5D9-39F3F3F2C247,CN,MH,3,12
74DBABD6-F03C-CB61-774B-39F3F3F516EA,MH,MH,3,12
AC24B4AF-1D03-4C89-5DC9-39F402452DB7,CN,SB,11,12
28E1E91E-9765-4224-73FB-39F4165E14BF,TO,TO,2,-11
352E86CE-B8D3-6FDB-D7B8-39F416690396,TO,TO,3,-11
EB4D003C-8A0E-47E1-96E8-39F41746D097,KI,CK,4,12
7468E59B-DC47-80A0-F6C3-39F41796EC61,WS,WS,7,-11
5BDFFB71-DEF5-FEEB-EF53-39F426D074B3,CN,CK,5,-11
C24852F2-D63D-6160-86D6-39F42752CFBA,CN,VU,2,11
1BC100DD-AC77-1F37-C848-39F43BA2446A,CN,SB,9,11
7FE4A2F5-930D-B839-8153-39F43FC9FBC8,CN,SB,10,11
F2D27B9E-29FC-4028-420D-39F44E46D9AA,CK,WS,6,12
82B25275-DFD3-4992-EFF7-39F44FF0D2F7,MH,MH,3,12
808684C4-BEC9-43E4-7918-39F450601CCC,CN,VU,2,11
2AA6008B-DD6B-2272-021B-39F4547E96E9,CK,CK,4,-11
5B2A01B0-2FF8-8602-3E72-39F46F4A869A,FJ,TO,1,-11
8FB6D206-C104-D557-360A-39F480A828E2,TW,TO,1,-11
4DD3A0C1-398D-4BBB-67AE-39F487D56AFA,FM,MH,3,12
87ACD352-E0F1-28D4-19E5-39F48CE92A69,CN,VU,2,11
960CF95D-D4B0-3A7E-C157-39F4A68CFB4A,FJ,FJ,3,12
FEF2F048-7EBF-876A-D69F-39F4AB0F951B,PF,PF,2,-10
40B5C8C6-A0E7-3F3D-84F7-39F4B5CC0B89,TW,TO,3,-11
B7C4311D-EF84-7560-E45C-39F4BB7C561C,FJ,FJ,3,12
120A9032-BA9C-4EC8-22AC-39F4BFD69021,PF,PF,2,-10
B6C73872-82CF-924C-7FF9-39F4CFEDED94,FJ,FJ,2,12
80B171B7-7A7A-790C-8AE3-39F4D02285E5,FJ,FJ,3,12
EF06F207-AFCA-0D34-4BC9-39F4D0D08C17,FJ,FJ,3,12
6ACC4F27-762B-489D-DCEC-39F4D0DD0E75,FJ,FJ,3,12
FC019430-2E71-9623-28E8-39F4D548FD51,FJ,FJ,3,12
34E13755-F401-70D6-4BB7-39F4EFD0B8A1,NC,NC,3,11
798E0080-DC91-F4C7-0512-39F4EFDBC157,WS,NU,5,-11
4C7CA1FE-4E78-DF27-CEFE-39F4F3533629,TW,TO,2,-11
57B85D96-D9EB-93C0-106B-39F4F3A4CB10,TW,TO,2,-11
AFCAEC47-331E-A35D-D77F-39F4FFCAC11B,CN,VU,3,12
CF71E8CD-9CCC-49F6-2A69-39F518723819,JP,PG,3,9
70693E3A-EAD8-FD71-6431-39F5222D70EF,WS,WS,3,-11
6B885286-027D-B84D-1CDA-39F522374AFF,WS,WS,3,-11
BBB252D3-567B-C776-8F23-39F52397BA09,FJ,FJ,3,12
BB9BDC95-B49C-DE3C-969A-39F5239B0DA0,FJ,FJ,2,12
CF740186-0B7B-5CB7-9D2D-39F53C56C041,FJ,TO,3,-11
B09A4219-23BD-3524-B117-39F545F874D0,FJ,TO,3,-11
C4B566AA-048D-61DA-EBF1-39F54B96831B,CN,VU,4,-11
27771FD2-75B3-DD9B-1033-39F566658FBB,CN,VU,4,12
B90153C1-033A-7F82-A7BA-39F5741BAFF5,PF,PF,4,-10
98E4BE74-197E-8741-013D-39F5891F132B,CN,FJ,3,12
8F447538-7DFC-A1D7-ED56-39F593867C7A,FJ,FJ,2,12
F3B7B4A8-9852-B33C-3AC8-39F5938FC38A,FJ,FJ,2,12
770A248E-F983-5241-B9F7-39F59394CEBD,FJ,FJ,3,12
F67569D2-08F4-DCE7-4631-39F593A11F78,FJ,FJ,3,12
F6DCD7CE-E5C7-37FF-0955-39F593A7C5E5,FJ,FJ,3,12
65D2B135-76A3-9584-4481-39F593ABCAD8,FJ,FJ,3,12
4C4E07E6-8BA3-BFF7-A295-39F5AD31B739,TW,TO,3,-11
BE3237E9-66FD-C159-34B9-39F5B81F60D3,VU,I7,4,12
E20160AF-13F3-C9C8-C1C2-39F5C77341A3,FJ,FJ,3,12
707C76D4-A185-3D6A-FD13-39F5C77F8B28,FJ,FJ,3,12
DED49789-7C1E-1E21-708D-39F5CC6E3BC2,TW,TO,4,-11
8FE8C67E-6CE6-B172-C804-39F5CC9CFBC7,CN,VU,4,11
BABA75A1-F4EB-9D7B-6585-39F5CCEAA4C0,CN,VU,5,11
DA4E771B-62C8-3A68-F4DD-39F5D60E2058,PF,PF,2,-10
0930ABBC-88A9-1717-7778-39F5EB26FCF6,FJ,FJ,5,12
152BADFB-733A-C914-89F6-39F5EB3BE723,FJ,FJ,5,12
5154C0C4-A5E7-80CB-E0D9-39F5EB5A0541,FJ,FJ,3,12
E9EF8145-D08D-99A6-CA65-39F5EB6166CB,FJ,FJ,5,12
4F2AA7E8-9A41-D061-7EB2-39F5F0A08165,FJ,FJ,2,12
36B901A7-8D59-155B-0A1F-39F5F0ADC095,FJ,FJ,3,12
C16A6894-6807-B0A7-C591-39F5F0B01C05,FJ,FJ,2,12
4E1EB2F4-AD2A-CDBC-7638-39F5F0E7B4E2,FJ,FJ,5,12
B910D8DB-AD9E-5153-DE93-39F5F11AE8BD,FJ,FJ,3,12
3B934A75-7C1F-00C1-85EE-39F5F11FFD52,FJ,FJ,5,12
2BDA3918-B89F-4A99-AA76-39F5F52B0FC8,FJ,FJ,5,12
FF598046-3B7C-ED15-715B-39F5F56E2B82,FJ,FJ,5,12
A63285DA-7307-A84D-6E66-39F5F5774593,FJ,FJ,5,12
ED90D920-0A21-555A-132E-39F5F589C803,FJ,FJ,5,12
996A5662-F2E7-E5F6-BFF6-39F5FAB2F7D1,CN,VU,4,11
C51496D8-2500-BBAC-E560-39F5FB02EB6F,PF,PF,5,-10
FAC22304-A7A7-81D9-A436-39F614D66F92,FJ,FJ,5,12
3B8C2552-69CC-5F94-7514-39F619B7A772,FJ,FJ,6,12
A6D8053B-2625-3233-7478-39F619BE36FB,FJ,FJ,5,12
E2EC7DC7-1EC2-B2D4-DBD6-39F619CE9346,FJ,FJ,2,12
5CDCAC43-A4C9-4856-BD46-39F61ECC66D0,CN,VU,5,-11
1E569E45-45FA-CA6D-C7FC-39F63841A1CC,FJ,FJ,2,12
C37CF22D-37B1-9341-EE26-39F64C5A87A2,PF,PF,3,-10
54256DD6-CBC5-1D5D-6085-39F64C60A832,PF,PF,5,-10
FDFB7750-3D5D-C82F-D319-39F65C661D73,TO,TO,6,-11
C2CBB28A-6A89-817A-7CA2-39F67BF00DF7,CN,VU,5,11
69320EB5-01B8-77CB-5A1D-39F6AED0D052,TW,TO,4,-11
41F0E255-DCBE-D5AF-951C-39F6AF7B82A2,TW,TO,5,-11
CB992A85-DDD4-8308-8F71-39F6AFA17C74,FJ,TO,5,-11
C461600C-5442-3E95-9FAF-39F6AFBD8A83,FJ,TO,5,-11
ADFB674A-5969-7670-88A0-39F6C82C0282,PF,PF,6,-10
FE79B34D-E1B1-55EF-4CEC-39F6CE9A5053,CN,VU,6,11
B30BED77-F90D-6A0D-0E72-39F6E8134F54,CN,VU,5,11
73BD7320-0B45-D418-98CF-39F6F8005CFC,FJ,FJ,6,12
8EBBA05D-5C4C-9494-930B-39F6F8168A7B,FJ,FJ,6,12
199368A2-DB59-31CD-728A-39F6FC27953E,VU,I5,1,-9
9C14A41B-937B-8CF5-37CC-39F70C7BEB35,CN,VU,6,11
D778E7C9-BB4E-3789-2AEC-39F71C74ED65,VU,I5,7,-10
22760361-4E2E-47EC-A7E4-39F734C11744,FJ,FJ,6,12
FB91B8DE-5E65-C9FA-461D-39F7356542DD,TW,TO,5,-11
00F6797D-B5B4-F67B-2FEE-39F781F4C490,FJ,FJ,7,12
1593EDDD-43B3-F98F-1774-39F78337A7DE,CN,VU,7,12
B5676F36-A8E1-084F-40F7-39F7834A4F37,TO,TO,8,-11
5B47768F-4811-F470-9745-39F783510938,TO,TO,8,-11
734BCB27-CFD7-5219-21D2-39F783AA50B0,TW,TO,7,-11
AA1A5E5E-C3E3-36EA-BA62-39F783E029A8,TW,TO,8,-11
567FBE20-7396-2E00-949E-39F79BADAD6F,KI,I7,5,12
C952EE5F-A25A-A99E-2D40-39F7A1F8BDF3,FJ,FJ,5,12
33F29F3F-B226-C17A-4505-39F7A1FFE346,FJ,FJ,6,12
C0872CB4-4486-81FE-3461-39F7A218170F,FJ,FJ,6,12
7F1BAC29-0D23-EB3A-B2AB-39F7A21AA410,FJ,FJ,5,12
0F725C83-E1CB-07E5-67A3-39F7A22165CB,FJ,FJ,5,12
01637CEF-048E-4440-DA33-39F7A2250B25,FJ,I7,5,12
7E07D3CE-D556-A025-ABF9-39F7C02B5447,TO,TO,8,-11
86A69A95-EED2-4670-D45D-39F7C04B91AF,TO,TO,9,-11
F83F87AA-CBF8-9117-D240-39F7C9E3BE83,CN,VU,7,11
FF7A62E4-ABF3-6A35-61A7-39F7CA2BC177,PF,PF,6,-10
C2071381-D92F-277A-A49C-39F7CA4AD219,FJ,FJ,7,12
6A1B3D34-0C7F-1C51-1F9F-39F7CA4CCEF3,FJ,FJ,7,12
295827FC-8CDD-83D6-C903-39F7CA4F1BAD,FJ,FJ,7,12
742D1CD5-A23A-88C6-92DA-39F7CA555C0B,CN,FJ,6,12
52FDADFD-1130-02B5-9A66-39F7D4C17DEC,PF,PF,9,-10
9BDE6702-ECFD-49A0-AD47-39F7D4D103D0,PF,PF,8,-10
21A14029-BCE0-6687-0692-39F7E44528DD,CN,SB,10,12
38437363-7567-FBDE-F80D-39F7EE312371,CN,VU,8,11
9CEE83E0-EFAD-3F2E-A987-39F7F93E7876,FJ,FJ,9,12
D3632D23-4A1D-C9AC-D12C-39F7F940FA05,FJ,FJ,9,12
BB3A6F96-2B14-32C1-7B34-39F8086C73EA,TW,TO,7,-11
B79127FD-5C96-B3C4-5766-39F8189D82F1,FJ,FJ,8,12
908B1504-7CB8-057D-DF90-39F81CA1D849,CN,VU,6,-11
5DE9C06E-E3B1-8A13-81E4-39F82C3C7B55,CN,VU,8,11
8ED94BAA-964A-FF59-D4EF-39F840CF45BB,CN,VU,8,11
A6ACA710-EC9C-B43E-87B7-39F85172AF16,VU,PG,1,10
B83DD240-B908-3DCC-AFEE-39F8553A78ED,FJ,FJ,6,12
F0D04346-5E55-46F4-78D8-39F864EB0C1D,FJ,FJ,8,12
BD374862-220D-851A-2A7F-39F864ECE80B,FJ,FJ,8,12
E054E025-EC44-57C3-4AD5-39F864EE6F5A,KI,FJ,8,12
4F55F960-F3F6-2E21-EE58-39F865003964,FJ,FJ,6,12
058219E3-2383-E4D6-7B21-39F86500C3B9,FJ,FJ,8,12
7231897E-DAE7-1964-B9AC-39F8650293CE,FJ,FJ,7,12
6CD5125A-3081-52FC-9ED0-39F8650682E8,FJ,FJ,8,12
4EBCDE57-B597-E9C2-783E-39F86506E5D5,FJ,FJ,9,12
B6A354BC-E19F-F131-E992-39F865076CAE,FJ,FJ,8,12
DF36D6CD-0BAD-5D47-093F-39F86507F2D2,FJ,FJ,8,12
2AC52E2C-F24B-B85B-77BE-39F89D1CB87F,CN,VU,9,11
C9A568DC-C50C-B072-D56E-39F8A1EC90EE,FJ,FJ,7,12
F75613C6-2224-7F2D-1A71-39F8A295062C,FJ,FJ,6,12
4A097BE2-3DCC-2860-532C-39F8A2B276DC,CN,VU,10,12
64F77001-4063-B6A1-3721-39F8A2F7BC9A,CN,VU,9,11
4AE58622-9538-E7B5-778B-39F8A7F3AC90,NC,NC,10,11
763A336D-2803-1CE2-2A6D-39F8A890EE86,FJ,FJ,8,12
E2137144-D522-6B47-6511-39F8B1D8CA91,PF,PF,9,-10
758BBA08-1DAD-E48C-A7EF-39F8BD023B3E,WS,TK,8,12
E9B0861C-8830-7577-E9A6-39F8C25BE079,CN,VU,9,11
C8D082D5-7027-5E3A-379F-39F8C786F6AF,FJ,FJ,9,12
D8C61065-CB1C-AE9E-9653-39F8C7891C5F,FJ,FJ,8,12
6F383F72-97A5-6CFC-B486-39F8F4551E1C,TW,TO,9,-11
A05E3FCF-59CC-3CE1-E011-39F9049A391D,FJ,FJ,7,12
EC00F8C0-AC99-9980-58F4-39F90F919E44,FJ,FJ,9,12
ACB37FCF-BD24-6228-CC96-39F90F92BF51,FJ,FJ,9,12
2329CA29-06DB-8877-784E-39F90F97E418,FJ,FJ,9,12
9C710544-8D1A-D298-7BB5-39F90F98E922,FJ,FJ,9,12
A49DE1E4-CF40-0ED4-1C95-39F90F99B962,FJ,FJ,9,12
48C8D8AA-087D-97E5-E07F-39F90F9AD1FD,CN,FJ,9,12
30F0E51C-86A1-F1A1-C68B-39F90F9BF5B7,FJ,FJ,10,12
FF52B3CB-A4EB-CA0B-CC28-39F933BD71D6,FJ,FJ,10,12
1D71DFE6-74F3-5B7A-E01A-39F933BE9735,FJ,FJ,10,12
E0CE048C-F186-E063-AE7B-39F933BF043D,FJ,FJ,10,12
E1952B65-8013-DD49-2B29-39F94C7C3F6D,VU,IW,10,-10
C612E1A5-8009-E73F-9908-39F94D49884E,CN,VU,10,12
380E8C30-12CC-9E55-2270-39F95181F9F4,CN,VU,10,11
B675F688-22B5-8684-1325-39F9704C2569,CN,VU,10,11
79965E73-B67E-1D8E-C640-39F99EE1D5C6,NC,NC,11,11
4C2FAE74-42B3-9F13-ED85-39F9F12D84D2,NC,NC,12,11
58C57189-B15A-222A-C4FF-39FA06B37D54,NC,NC,12,11
44D3AFA9-4539-04ED-FB8F-39FA0706D6BB,CN,VU,11,11
ABB7500C-94DE-9407-980B-39FA0AD6F918,CN,VU,11,11
0178E54B-41B5-EA9D-41D8-39FA0BF63772,CN,VU,11,11
1725DE29-6245-158D-BF27-39FA1018E81E,FJ,FJ,10,12
25F18FC3-4AA4-C22A-11A9-39FA24C2F9B8,FJ,FJ,10,12
503DC71F-29F5-D0C7-F378-39FA25915383,FJ,FJ,10,12
197AA32C-9722-64EC-848F-39FA33F65A5B,CN,VU,7,11
9338CE7E-1102-CB12-BE8D-39FA343F7BDA,CN,VU,8,11
91048FBE-E763-5283-3F22-39FA34A866CE,CN,VU,12,11
485BA873-AF26-89FA-AFEC-39FA38FB6DE1,PF,PF,11,-10
EDA79AB6-E1B0-721F-1453-39FA3E7F8795,PF,PF,12,-10
24CBA6F6-CA77-308C-B96B-39FA537C37B0,FJ,FJ,10,12
F4E9386F-9B1C-044A-3813-39FA5D27D3C8,FJ,FJ,9,12
AE619BDF-2C7C-159F-F8A2-39FA80D79E4D,TO,TO,1,-11
63C8444A-FBF4-C7B1-FE10-39FA95DDBFAD,PF,PF,1,-10
53FACA46-82FD-8D17-DC82-39FAA04089DE,CN,VU,12,11
187B48AA-C0E0-AA54-151D-39FAA0A10494,TO,TO,1,-11
53445135-C0F4-D6BA-1D6B-39FABED0F97E,FJ,FJ,10,12
777E8D77-BFD4-D67D-A9E4-39FAC5487773,FJ,FJ,12,12
DC4217B2-711E-0103-AD20-39FAC9CCCBCE,FJ,FJ,12,12
A6006B8E-E56D-34F1-BE43-39FAF304CDD3,TO,TO,2,-11
D13C55E4-ED1F-12B4-7236-39FAF4470A41,FJ,TO,12,-11
10E7C5D1-FBD0-ACE2-E8C2-39FB06A85DC3,PF,PF,2,-10
4575BDD0-B7BF-8909-2937-39FB0CC196D9,PF,PF,1,-10
3E9B56EF-BA8F-830B-3F20-39FB0CC2B686,PF,PF,2,-10
48E933EF-29F5-B858-30BF-39FB10E6EC0A,PF,PF,2,-10
71A7C8C9-9A99-D871-BFCB-39FB263DBC81,FJ,FJ,11,12
80126C02-346B-F77F-2893-39FB2B2F4801,FJ,FJ,12,12
8E78F47E-38FF-F00A-3AF1-39FB35B58AC7,FJ,FJ,10,12
8C20445A-8CA3-FE76-5D16-39FB44EF543C,FJ,FJ,12,12
DA69CC25-6E5A-12DB-0D51-39FB4563D812,NC,NC,1,11
6D1E298F-1B29-830E-A935-39FB4687EAA6,NC,NC,1,11
C4059F3D-C5AA-82B4-BBA2-39FB4F524979,TO,TO,2,-11
67A57B59-328D-AFB3-D10F-39FB4F6B3FE3,FJ,FJ,11,12
EFBD3C45-E2A2-A0CD-921F-39FB4FAA523C,CN,VU,1,11
3E1CE3E7-5BF5-B915-B69B-39FB557A4972,FJ,FJ,11,12
97560458-3FDB-54AD-C5FB-39FB69062976,FJ,FJ,11,12
13DDA4F7-6745-A4D0-4BEE-39FB69F03C14,FJ,FJ,1,12
8BF1DDEF-4D31-F417-6AE7-39FB6E2FD8AB,FJ,FJ,1,12
61A8DEEB-500F-ACDD-90FE-39FB6E4AFC24,TW,TO,1,-11
2C7A2BBB-F1FE-306D-D9B9-39FB745E6ABF,CN,VU,1,12
327EA9E4-0658-FBAD-BA91-39FB746CFBCC,FJ,FJ,1,12
93F9F225-9615-E7C5-9906-39FB781906A1,FJ,FJ,10,12
3ED3250D-21ED-F0E9-8472-39FB92344D55,FJ,FJ,1,12
934DDEBB-BFB3-6059-971E-39FB9CBE1637,CN,VU,2,11
55F48776-2E01-5BA5-C46F-39FB9CCE73E6,FJ,FJ,12,12
A6603F27-F42F-E7E7-7327-39FBC21EFF7B,CN,VU,2,11
710F2C7E-F0D5-CA23-BFC4-39FBE0615234,TO,TO,4,-11
D7B61F91-6BEF-DC59-84DC-39FBEA576574,FJ,FJ,1,12
1868BC9C-1333-E445-8158-39FBFAA490C2,CN,VU,2,11
6E78607C-3D2C-F3FD-EC7E-39FBFE06CC0A,FJ,TO,2,-11
64E2A3F9-9F86-E5B1-F9A0-39FC033DFCB8,PF,PF,1,-10
5223E38E-A1B2-89B6-CDC8-39FC08CE1EC1,TO,TO,4,-11
5DA8D93B-A4F8-862E-4F24-39FC098ED2BE,FJ,FJ,12,12
548EE62C-F04B-AEF5-6DB7-39FC0D72673A,PF,PF,4,-10
1EECE1D6-18F1-E9CE-0B9E-39FC0D868DF6,PF,PF,3,-10
E32F2A38-265A-74FA-2692-39FC32FE24DB,FJ,FJ,12,-11
6448CE0C-131A-0583-7C08-39FC41A86BA5,FJ,TO,2,-11
2A591BBC-DC5A-FE9A-616A-39FC468794FF,FJ,FJ,1,12
ABE666A1-B7D3-B21C-B256-39FC4BDC5B0D,CN,FJ,12,12
035B9226-D0FD-5B93-376F-39FC5136E0E1,CN,VU,3,11
D5F6CEC1-B4BC-38EB-C639-39FC55593337,FM,CK,12,-11
FD6587CB-94B4-F4FA-1C61-39FC6BF06A6D,CN,VU,3,11
0442F80D-6E53-2F08-E6F2-39FC98F37C30,PF,PF,3,-10
0800993C-6D07-2FBC-E337-39FCDCB25818,CN,VU,4,11
5368C461-A5CB-D2E6-DC73-39FCDD273744,FJ,FJ,2,12
C42E8F27-DB01-7A48-16DC-39FCF68272CF,CN,VU,4,11
4CCC50A7-3C06-BF68-8589-39FCFAA9AABE,TW,TO,3,-11
A71EBC8C-E512-5AF8-B0A3-39FD0632FB07,FJ,FJ,1,12
E75B92FC-2664-B560-7CCD-39FD1DD3BD28,PF,PF,4,-10
661DDB51-B39A-7934-11B7-39FD1DE3A853,PF,PF,5,-10
56EA5D40-5C34-689D-F324-39FD2AEBEC38,FJ,FJ,1,12
12B86822-1A0D-D8F8-B877-39FD3DF8C606,TW,TO,4,-11
4B735FEC-4C18-3BF9-935A-39FD52AB6E03,PF,PF,6,-10
F1FC6E6F-3580-357C-E68B-39FD67611D07,PF,PF,6,-10
C8DD8998-3B48-F4A3-5157-39FD85881945,FJ,FJ,11,12
B67F8FC4-2A1D-A8E6-1F18-39FD85AEBACE,CN,VU,5,12
BA00540E-8B81-4CAF-6782-39FD8B15EC19,FJ,FJ,1,12
12140649-365E-5635-34E1-39FD8B8804EB,NC,NC,5,11
D3700678-6BAE-418E-462E-39FD906A65B7,FJ,FJ,1,12
C02DDFC4-12F5-EB69-DB0B-39FD996E3D8E,PF,PF,4,-10
E2B00203-CA11-A314-2458-39FD9A1CA240,FJ,FJ,3,12
89DE8EDA-7D47-A3BE-844F-39FD9A6FFE84,FJ,FJ,3,12
C16000DB-3F45-7417-0FD1-39FDAFA7F007,FJ,FJ,3,12
0FB8660F-390F-A70B-96F4-39FDB3EC0994,PF,PF,6,-10
655D2ABF-4798-DA94-A40B-39FDBF157238,CN,VU,5,12
8AF9C7FE-00C9-FF2F-09EE-39FDBF6169D4,CN,VU,5,12
32EFE7CA-3B16-9511-17F2-39FE21D65053,CN,VU,6,11
7A0844C7-6BF2-DBE1-B6FC-39FE3F7995BA,NC,NC,6,11
0B30853D-8951-05F0-4502-39FE448B21C6,PF,PF,7,-10
B415A1BD-44A6-9EC8-B0C0-39FE52CD54C2,PF,PF,2,-10
A9C30FB8-DE2F-5691-0668-39FE5ED603EA,TW,TO,5,-11
C23396EF-F507-B954-2419-39FE67780FF7,PF,PF,7,-10
C41DE2C0-D7DE-2085-2281-39FE6CD8D316,PF,PF,7,-10
1E8B3D55-D538-E81D-9EE4-39FE72D22506,NC,NC,7,11
FE117F94-35E1-DE09-619E-39FE9BFA23B7,PF,PF,8,-10
19083C40-A6FC-A3E3-7F9B-39FEB54961AF,FJ,FJ,4,12
36F025B8-DACF-EE8F-CED8-39FEBA189AE7,PF,PF,8,-10
2EB169CC-422E-CE82-3155-39FEF4EB696B,TW,TO,6,-11
65D96182-2B7E-029F-3975-39FF3C6C3349,FM,MH,9,12
51FB39F4-E469-C7A1-26FB-39FF4C30571D,NC,NC,8,11
E2AC23B2-C687-6668-9BB3-39FF4C51886B,NC,NC,8,11
52034AFC-5522-6C46-AC6C-39FF5B93D3E4,FJ,FJ,3,12
F0EBEE75-C153-F1CD-C119-39FF5B94DB68,FJ,FJ,2,-12
7CE5231B-D9DD-4901-B241-39FF5F636629,MH,MH,9,12
F994189A-FCE4-6A3C-EA62-39FF63DD82B2,PF,PF,9,-10
97364370-D0F4-B16E-C44E-39FF6A74277F,PF,PF,9,-10
EBC31AA0-9138-C660-B61D-39FF6F92C8A2,MH,MH,9,12
3EEE9736-E17D-9CFF-C744-39FF7FBB4A99,MH,MH,9,12
3421516D-0868-DF02-3F53-39FF8EE34EFA,FJ,FJ,4,12
8EADA135-61F1-9921-08CB-39FF94332CF0,FM,MH,9,12
AE1F5F25-13B0-82D7-37E9-39FFC7F320ED,MH,MH,10,12
15CEB83D-18BF-1614-1CEA-39FFDAED586D,FJ,FJ,3,12
008E3F21-8850-BE3D-1590-39FFDB6A5452,FJ,FJ,2,12
D1D65BC6-16C0-E9D0-490E-39FFDBFAF1A2,FJ,FJ,3,12
508F476E-5471-1964-848B-39FFDBFE6E22,MH,MH,10,12
53042CD8-7C84-E840-6F83-39FFDC06740B,FM,MH,10,12
1F46C543-8B19-E7EE-99BE-39FFEAB0D38D,FJ,FJ,3,12
642E6DD0-8EC3-3B31-B46C-39FFEB4BCB5A,FJ,FJ,3,12
636E30A4-59F4-1626-F98D-39FFEB796E74,FJ,FJ,4,12
A1311F96-0B71-007F-FCE0-39FFEF96C5A7,MH,MH,10,12
8F5604E8-1725-B377-45F1-39FFF542502D,FJ,FJ,2,12
01D5FEAE-AD8B-C09B-786A-3A000E318E20,FJ,FJ,2,12
6F313047-24B3-DD42-6F89-3A0018B91E6F,FJ,FJ,2,12
9AA7DD6F-4757-0B2D-1704-3A0024252BA7,FM,MH,10,12
4FFB6C4C-7F49-345B-5AAC-3A00242AF64D,MH,MH,10,12
6A678516-2377-D1C0-A0C4-3A0032CDA76C,MH,MH,11,12
895A2759-BC25-89F0-FA83-3A00378F0AEE,FJ,FJ,3,12
03CA942A-B816-755D-0456-3A00579D5564,FJ,TO,9,-11
FFCD9D18-EEFF-F6D3-4976-3A008A4C3A3F,FJ,FJ,4,12
3D334EC7-1AD4-3285-305D-3A008A849607,FJ,FJ,4,12
5D090895-D11A-2A40-7B06-3A009066022B,FJ,FJ,4,12
10ACB69F-EA29-4C27-F669-3A00ADFC5953,MH,MH,11,12
619901D9-EB1F-7B29-04D5-3A00AE140204,PF,PF,10,-10
2E1098A2-C395-E7F6-1B2D-3A00AE150738,PF,PF,11,-10
8AD7604D-8ACF-4DCA-890B-3A00B3277EF4,CK,CK,9,-10
35A30EEF-A18E-0668-F61F-3A00E8729C6A,FM,MH,12,12
31E801A7-EF81-8D09-7E7A-3A00E8769C1B,MH,MH,12,12
E6DACDD9-4E5E-2906-14A6-3A00ED23B95B,FJ,FJ,3,12
AF6D654A-CF0E-A2BB-6B18-3A00F0D9D32A,CN,FJ,1,12
99783DDF-E285-BE99-BB8E-3A00F1C78B74,FJ,FJ,4,12
395D458E-D5FF-A3D3-F789-3A00F6D58F8E,FJ,FJ,2,12
1053ADCC-E87E-A8BE-C7EE-3A0111501EE7,NC,NC,8,11
98AFBE01-5280-C059-1790-3A01115E18C2,NC,NC,11,11
8AB10311-591F-5115-67DB-3A013410E8DF,MH,MH,12,12
054F3776-7D8A-6551-F57A-3A0134159149,MH,MH,12,12
2EDED4DC-E8CB-2A18-DEE4-3A01341AAE7C,MH,MH,12,12
9CD81F71-E9AE-F8A4-900A-3A0134321C2F,FM,MH,12,12
DCAB4620-83EA-7AD1-436E-3A013EDBA84E,NC,NC,7,11
7828979B-5679-D05F-6F39-3A013FF201B2,NC,NC,11,11
8215EBCA-5F82-BE6E-F74B-3A0144DFE9C6,NC,NC,6,11
F8BD7695-9B59-2EA9-BC1D-3A0148CC80ED,PF,PF,12,-10
81CB6E44-A242-4957-455C-3A015D679D8C,NC,NC,12,11
811BF8A2-3C78-33DC-77F5-3A017D704C3D,FJ,FJ,4,12
5AA77D64-CA83-B7DD-D18C-3A0181C679A6,FJ,FJ,4,12
23728094-9D32-0B87-B7B6-3A01877C02D7,NC,NC,11,11
1170287D-AE6E-A5EF-AF93-3A019C1CE755,FJ,FJ,4,12
2DE85244-A76F-4A19-B0E6-3A019CDCB3EE,FJ,FJ,2,12
840FDE73-569A-D3F1-D167-3A01A0991C7C,PF,PF,11,-10
1A68C72B-C176-59F4-7CD5-3A01A5523E04,FJ,FJ,2,12
E4758370-1E7D-83EA-2B2A-3A01A6F5BF6E,NC,NC,12,11
7343C3BF-3FA8-0B23-A4FD-3A01A749D736,NC,NC,8,11
B9F0C1A1-EE6F-7B3A-C40C-3A01AFCED4EB,NC,NC,9,11
37C245A4-EEB4-48CE-985E-3A01B02FCA36,FJ,FJ,11,12
B72EDAD2-C46E-3666-D72C-3A01BF2AE2E4,NC,NC,7,11
FE79BB91-9E6E-A25E-054F-3A01CA52563A,FJ,FJ,3,12
CCE672CB-5D9D-6598-D0F1-3A01ECFE4636,PF,PF,1,-10
FB94086A-2B81-9296-FEBD-3A01F323B429,FJ,FJ,11,-12
12B2D6D4-88A5-5F5F-7284-3A01F3B91BC1,FJ,FJ,11,12
EA3CAC17-C436-237B-E8EE-3A0211749427,FJ,FJ,4,12
B6FB1AA2-04B8-F9A4-446A-3A023BB5C4E2,TO,TO,1,-11
653F88C2-7006-95C3-08C0-3A025F423151,FJ,FJ,4,12
3612FD37-DDDC-6A00-C3ED-3A02ACF56D1C,NC,NC,1,11
B28D329F-7319-E42F-FE2E-3A02C63D7859,FJ,FJ,1,12
ABC1D4F6-54DF-A5CC-FC6E-3A02C6495733,FJ,FJ,12,12
C239DE4A-76E5-A5BC-E7E4-3A02CABA6E1F,PF,PF,1,-10
732163C0-CC75-526E-7C33-3A02E4F27055,FJ,FJ,11,12
2034DBEE-99B2-D077-C66E-3A02E502117A,FJ,FJ,12,12
FD381DCE-3312-2C8C-0D3E-3A02E5053E19,FJ,FJ,12,12
EED9F8BA-CC51-1D63-1214-3A02F483B647,FJ,FJ,2,12
A9BBAF4A-ED9B-382F-9847-3A02F52B8A50,FJ,FJ,1,12
452A688D-16FC-3D3E-247E-3A02F5343522,FJ,FJ,1,12
8697EF55-A1D8-72F2-7B3B-3A02F53B3F33,FJ,FJ,11,12
67696EB8-5597-D3DB-ECF0-3A02F53FA4A5,FJ,FJ,2,-12
B107C4C8-7975-7808-C295-3A030E1FE585,CN,VU,1,11
3265AF4D-B2FD-15E6-1CA0-3A0313848AE7,CK,I7,1,12
731F31CA-E66F-84FB-507E-3A033251F93C,CN,VU,1,11
DF0DF9F9-B115-266C-FF8B-3A037536F0C7,FJ,FJ,2,12
730F12BB-240B-1D1C-1578-3A03753CE9F4,FJ,FJ,1,12
9DDF612D-1E54-0119-BCC6-3A0379A36233,FJ,FJ,2,12
99B10BFC-9FB9-8391-030B-3A037FD0395A,FJ,FJ,2,12
B61C4E09-AED1-DFF9-2CEA-3A0383F08F69,FJ,FJ,2,12
2C989EC8-E0A0-997A-3716-3A0383F48805,FJ,FJ,2,12
0A591509-1268-09C9-88AC-3A0383F7F266,FJ,FJ,3,12
298D99F0-A439-9E5B-5969-3A0383FF9DFC,FJ,FJ,2,12
9BA6A025-B883-BDE7-A0C1-3A0384084AC2,FJ,FJ,2,12
144CBC5D-11FB-998F-E43E-3A03840D1D50,FJ,FJ,2,12
017D993F-638E-EB5C-9E21-3A0384135C72,FJ,FJ,1,12
6CB71EA8-5368-36CA-5FC2-3A03843C4149,FJ,FJ,1,12
E6871AFD-62C2-BC8C-14D3-3A03A3C69D3A,PF,PF,3,-10
98E32B06-AA21-1F44-57C8-3A03A87AF2FD,FJ,FJ,2,12
9F462D59-2BF1-A5ED-B32C-3A03B8149EAB,FJ,FJ,1,12
F051F7AC-461B-52D1-49BE-3A03B8726C4A,FJ,FJ,2,12
A9EA1A0A-F991-651A-A540-3A03BD7D14DD,FJ,FJ,4,12
6A7919BF-C261-EA58-9309-3A03BD89A749,FJ,FJ,3,12
C7B3AF5D-2DC6-C158-D72B-3A03BDF67423,FJ,FJ,3,12
D417D963-1CFE-A02C-FC25-3A03BE06B932,FJ,FJ,3,12
5EE18826-B54C-D32F-3DCD-3A03BE09554E,FJ,FJ,3,12
AA309CD4-09A1-D368-FB2C-3A03BE0F5B32,FJ,FJ,4,12
8A3E8526-A82F-695E-AF74-3A03CC7E75EA,FJ,FJ,2,12
CA52D843-0C2A-A4B1-2B4F-3A03E24B79D7,NC,NC,3,11
0EB5CF6A-1D44-BD7D-DE52-3A03E69D2ED8,NC,NC,4,11
270F61EB-D9D3-F91D-F38C-3A03EB4CD8A9,FJ,FJ,3,12
81401106-4F84-C1A7-8BCA-3A03EB55A873,FJ,FJ,4,12
623E96D7-E243-1F72-04FD-3A03EB59EF79,FJ,FJ,3,12
2E7FA1A7-B10F-B4C3-13A4-3A03EB645240,FJ,FJ,4,12
23787C86-FF6F-2E21-9692-3A03EB6F6D13,FJ,FJ,3,12
4A3ABCF5-C10B-26A3-C4D0-3A03EB75E7A2,FJ,FJ,4,12
8BAA6403-3F8B-9636-8F40-3A0429FF5C33,CN,VU,4,12
A850AFC8-66E9-3C28-1B34-3A0438457AFB,PF,PF,3,-10
08C3B6FF-708B-95F9-18BC-3A044843E62F,FJ,FJ,4,12
44403FD6-BDBD-2388-4A00-3A04485ADDCC,FJ,FJ,4,12
545613D1-D897-F274-CFF1-3A04492FB6C5,FJ,FJ,4,12
568DC393-EE80-1658-C65F-3A044935C520,FJ,FJ,4,12
C029EC8E-48D4-47D2-98AE-3A0449431794,FJ,FJ,4,12
45C6828B-BACC-1F20-EF9B-3A044DB31A18,FJ,FJ,4,12
D4E8F694-EA81-DA32-F56C-3A0452D19DC9,PF,PF,5,-10
E91EF7CA-3426-7928-77B0-3A0456928E2B,PF,PF,4,-10
8BFB19A1-5E21-B7C1-3305-3A046D36CAF7,FJ,FJ,4,12
0ED83BAF-9CA0-C4AF-1146-3A046D4ABD5F,FJ,FJ,5,12
0545C6C8-8278-D669-2049-3A04819D1D57,CN,VU,4,11
E4546873-1287-3516-3120-3A0495CFC37E,CN,VU,5,12
A336F23A-A8BF-1AE4-8799-3A049AB53021,PF,PF,5,-10
C2E182FE-5365-803B-04C0-3A04A00E8FB7,CN,VU,5,12
D21B1329-8147-9E0B-B2B8-3A04BE93AA4E,FJ,FJ,4,12
7D7DA3DD-0018-05E2-6A0E-3A04E2D9A223,FJ,FJ,5,12
E76979F1-A6A0-F32C-BC66-3A04ECF216D1,TW,TO,4,-11
705AE579-15D5-6C77-A478-3A0520DB5F2F,NC,NC,5,11
E974A60E-D586-C200-DEF1-3A0529A3E777,PF,PF,6,-10
AE88D955-766C-952D-BA73-3A052A93E89E,FJ,FJ,5,12
5D23E245-1712-8520-4478-3A0544317DA5,FJ,FJ,3,12
B886184E-857E-2D8B-06FC-3A05687CE33B,FJ,FJ,6,12
A5D207E4-7E79-3E84-FC65-3A05689F00AC,FJ,FJ,6,12
AD07D588-9C98-BF58-D227-3A0568E0A4E0,FJ,FJ,5,12
CADF7815-D332-86AD-6BD2-3A056EC3298C,FJ,FJ,6,12
B93F3111-409F-A214-1EC2-3A056EE04C0A,FJ,FJ,5,12
233BE827-55D8-77CC-35DA-3A0572E6AA7A,FJ,FJ,5,12
8B1E1D71-6E90-8DB2-3B63-3A057400F959,FJ,FJ,6,12
075D94BF-20BB-2905-2B5A-3A0578632F7D,FJ,FJ,6,12
49A32DE5-F9D3-69BA-57FF-3A058CC78283,FJ,FJ,6,12
1FF6CA8E-9463-13C9-4017-3A058D865F67,FJ,FJ,4,12
29E4A475-1AF0-7AAF-6D75-3A05914E7E27,FJ,FJ,5,12
AF9349DB-4D07-7DD2-D3D2-3A0591AA7523,FJ,FJ,6,12
6E55D504-FCFC-E24E-5D1A-3A05A19051E2,FJ,FJ,5,12
636C3120-CB9C-2860-46BF-3A05B5BC9393,FJ,FJ,5,12
ED4FE595-8519-94F8-D03B-3A05B5D47452,FJ,FJ,6,12
A156B831-6991-B075-D4BE-3A05B6236B12,FJ,FJ,6,12
93650E5E-3FF1-5308-BF23-3A05B6988F57,FJ,FJ,5,12
8F03C54B-9B9F-42F8-0592-3A05BAA99402,FJ,FJ,5,12
B132C73B-3AC5-AF5F-4A77-3A05C063B830,PF,PF,7,-10
C20B2B6A-43A4-6CBD-522A-3A05D9A63C4C,TW,TO,7,-11
4BA0B50A-31A6-9D3D-5834-3A05DA1F8F31,FJ,FJ,6,12
3384EBEC-50F1-3ACD-84F5-3A05DA377073,FJ,FJ,6,12
0D8CC80A-15FD-BFC2-8E5A-3A05EA66CD52,FJ,FJ,7,12
4908533C-2728-37AB-296F-3A05F896968C,FJ,FJ,6,12
F8CEFF28-89DF-BB37-4B5F-3A062782C4CB,CN,VU,7,12
ED2D9279-1937-AD58-0097-3A06319B99E9,FJ,FJ,6,12
FC5FF445-0793-00AD-CEF7-3A06323CF956,FJ,FJ,6,12
3EC0571A-0A02-1D60-D843-3A0651A5B1C7,CN,VU,7,11
7CDFECD1-1C9D-3315-8821-3A066593E91B,CN,VU,7,11
7BD9E1F2-D3EE-ACBA-A52D-3A06B20EEC94,CN,VU,8,11
8848E931-BB64-B23D-9493-3A06B2FCCA9A,FJ,TO,7,-11
B00F8969-D36A-6DA9-499E-3A06B3365030,TW,TO,7,-11
282A98DA-DE5B-6FD7-8F54-3A06D20E97E1,TW,TO,8,-11
FBEEE558-E724-724A-0875-3A06DB9BB2E3,CN,VU,8,12
6619D2CC-A6C7-1B4E-EF8E-3A06FA440FA6,FJ,FJ,8,12
35A6BBFD-EB7B-27DB-A44F-3A06FA52CD47,FJ,FJ,8,12
AD2E8E3E-1763-7D6D-03B9-3A06FA7D4D9C,FJ,FJ,8,12
DDED8367-6080-5895-33B1-3A06FAABB6CA,FJ,FJ,8,12
63A2FA41-DB2D-A9B5-5F72-3A06FABB5540,FJ,FJ,8,12
B1EDA8D7-9B72-F83A-D99B-3A074239A715,CN,VU,9,11
2EA13328-4102-A017-C910-3A0776F672EA,CN,VU,9,11
01225881-240F-D2DA-6416-3A079AE43C59,FJ,FJ,10,12
F286C8EF-C852-5EB1-E14E-3A079B2D7C35,FJ,FJ,6,12
596E4C5D-DDFE-2917-0E4C-3A079B4E7EE0,FJ,FJ,8,12
EC466B4B-2314-1DB8-1572-3A079B5219D1,FJ,FJ,10,12
27E5688F-4832-0CC9-0E98-3A07E213DE95,FJ,FJ,8,12
33472C29-A614-093B-D486-3A07E23EDA03,CN,VU,10,11
CDD6C721-29D7-88AB-8F84-3A07E30328B7,NC,NC,7,11
CC72F69A-5D4C-1225-EF0D-3A07F24E8EC9,FJ,FJ,8,12
E98AA8CF-0CCD-BF4B-09AE-3A07FB5D989A,FJ,FJ,8,12
7AA8D829-0A7D-5FDA-C829-3A07FBBE66C5,NC,NC,10,11
69B4DEF7-E399-EAAB-6E59-3A07FC9EB24D,FJ,FJ,8,12
8AA5FB01-4379-4446-C436-3A07FCA1739B,FJ,FJ,9,12
85FE7DB3-432F-BF51-80E4-3A0806DA34DA,FJ,FJ,8,12
B826CA89-92B5-3842-BEA1-3A082096CB8D,CN,VU,6,12
7D453248-C6A2-E6EB-FFE6-3A0825D66C20,NC,NC,7,11
7493EE4C-8F4E-3C64-1ADA-3A0829FE1827,PF,PF,8,-10
6A0B7B97-A7BE-CD8E-1AAC-3A082A4B7E45,PF,PF,10,-10
D05A72EA-88EC-2174-A3C7-3A0839E91C87,FJ,FJ,11,12
05A33970-B2B6-F35B-83E9-3A083FD7E679,FJ,FJ,10,12
7A539E92-BE93-83A1-D237-3A0843C430C2,FJ,FJ,9,12
050F62BB-5584-9E77-3DB5-3A0843D25EDB,NC,NC,8,11
480E9BB6-C72C-B002-63C5-3A0848D0F801,FJ,FJ,9,12
6A5B7732-72D2-03A7-CA67-3A0849040DD3,FJ,FJ,9,12
88291B17-9627-D0C8-0B92-3A0849DEEC35,FJ,FJ,10,12
BA32E07D-8901-49E6-02E3-3A084A3F4294,CN,VU,6,12
2E06E382-9266-BE37-A9C6-3A08870850B9,NC,NC,4,11
8352A9B5-3A79-55D3-60D5-3A088D0248BA,NC,NC,12,11
34FC785E-54C9-0287-DE63-3A0890E59A1E,FJ,FJ,9,12
B5A043FC-6DA3-A092-471F-3A0891A1270F,NC,NC,11,11
2A1A3FCB-FED5-7C8D-1526-3A08974BDA91,NC,NC,11,11
BA407B5D-569D-7AFB-9E5C-3A08977D2C51,NC,NC,9,11
ADF1FFDE-B8B7-2867-7809-3A08AA83C9DE,NC,NC,12,11
BDFBA556-2544-3BB1-B787-3A08DF062977,FJ,TO,9,-11
7D61899D-58AC-9509-06CD-3A08ED762E31,FJ,FJ,8,12
0D009AF6-DB62-52E3-5902-3A08EDF6D915,FJ,FJ,9,12
6405CD46-E1E3-8547-30C9-3A08FD11B6A8,FJ,FJ,10,12
A6AFADD6-4F6F-FAEE-148B-3A091BA2C3FE,FJ,FJ,10,12
43E37DE1-46A9-B5A3-9A53-3A0936D39D9A,CN,VU,11,11
9E8CBB49-C739-BC36-E5A1-3A09371B9FFC,FJ,FJ,11,12
A2D744E5-812D-2812-B248-3A093A84AF40,FJ,TO,8,-11
A21A7B37-9D64-4AAF-244B-3A094053F49E,FJ,FJ,10,12
1BF9DA88-DB46-2FE7-BEA2-3A0941039B8C,FJ,TO,11,-11
74CBDA97-C227-9DF0-C718-3A09455C4B26,CN,VU,12,12
D48C72A6-E8D0-E620-61C9-3A094B261FAE,TW,TO,10,-11
EECD23BE-4A4B-B00C-12CD-3A095AE4DEFF,FJ,FJ,10,12
24AB095A-096A-1FA1-9778-3A096427B513,FJ,FJ,12,12
57D9DB15-17DC-C236-FB13-3A09643019D0,FJ,FJ,11,12
23C2D0FD-30DB-42B1-343C-3A09643800D2,FJ,FJ,11,12
A4467669-57D6-626D-0584-3A0964835178,FJ,FJ,12,12
77E96F2B-E1BE-8194-3DC1-3A0964AB6F54,FJ,FJ,11,12
B77B9615-C436-953E-FEBE-3A097ED16DEB,FJ,FJ,12,12
13531B27-C2D3-EEFD-C2CE-3A098D9EE93F,FJ,FJ,11,12
3628E498-DD69-FF7F-3A00-3A09A2477FA1,FJ,FJ,12,12
3789EB67-A5BD-84A6-948D-3A09A88B7EDD,FJ,TO,12,-11
7BB54183-4E8A-CF03-69E8-3A09A8A399C2,TW,TO,12,-11
7BA5B8F3-81A5-A991-2C2E-3A09AC4C4FE5,FJ,TO,11,-11
B224568E-93CD-B69F-3879-3A09ACD50DD6,FJ,TO,11,-11
661DF484-6B2B-4416-F8F2-3A09AD11B1E5,TW,TO,11,-11
7F556941-005D-7F3A-99AA-3A09B68D767A,FJ,FJ,11,12
8F1302D9-EC46-E4D0-60C8-3A09B7AE89AC,FJ,FJ,11,12
F3C03BA4-28C3-3222-3222-3A09CC2C875C,FJ,TO,1,-11
A2F0D821-A0DC-BD19-2D89-3A09DA43D3B9,FJ,TO,1,-11
D3A6C220-D96E-7269-C4CD-3A0A5FDD6845,FJ,TO,1,-11
508A6BE4-C9BC-E7CA-3421-3A0A65B86457,CN,VU,1,12
0641C504-A046-0EB3-B347-3A0A6633A62A,CN,VU,1,11
011C8ED1-8281-B1F6-A014-3A0A8488985F,CN,VU,2,-12
865886B5-7F97-DF87-E2C4-3A0A8EFD89B0,FJ,FJ,4,12
C8FD9184-81CD-0108-04B1-3A0AA8C37D5B,FJ,FJ,12,12
D1F19A1F-32E4-A2F6-2A91-3A0AC7049F4A,FJ,FJ,1,12
5F039604-85C2-4C9F-02C2-3A0AC7F31014,FJ,FJ,1,12
44A40221-AB2F-744D-7698-3A0AD18030BE,MH,FM,7,11
4818D9DC-A1AC-6797-77AF-3A0AECA28208,FJ,FJ,1,12
14CE157B-2B03-01B3-AC12-3A0AFB4F5A31,FJ,FJ,3,12
0BFFB6E5-41A4-D4FA-D2F6-3A0B0AE3816D,CN,VU,3,12
DF7EFC20-D2CA-B18F-4123-3A0B0B835A46,CN,VU,3,11
BF715E6B-5F0D-9643-B037-3A0B102D2D03,CN,VU,3,11
D8DB4128-A5E0-AF7E-D921-3A0B33815F8C,MH,FM,7,11
C5187F0E-CA9B-379E-59C4-3A0B57861806,FJ,FJ,1,12
EB7D6EEB-B6AE-999A-5DED-3A0B5C6C67A0,FJ,FJ,2,12
39632E54-B48B-C88F-407A-3A0B6303BB5A,FJ,FJ,3,12
4ECF6317-DD68-D3AC-7D65-3A0B6826AAED,FJ,FJ,3,12
DA63A117-7FD6-3A4F-7138-3A0B7BDC9166,FJ,FJ,3,12
AD97D389-12B9-898E-7162-3A0B8619C53C,FJ,FJ,3,12
2A01316F-36C1-7BAF-C5CE-3A0B9A133110,FJ,FJ,3,12
C1178C37-A0E7-00F9-E874-3A0B9A2B5310,FJ,FJ,1,12
726286A0-76A7-6921-A4B6-3A0BA0342021,FJ,FJ,1,12
E1358650-1EFD-0744-5DA3-3A0BA4A3E0A6,FJ,FJ,1,-12
5BFF7399-53AE-D79D-D190-3A0BA4E2D414,FJ,FJ,4,12
CB9E2BA2-ADED-337C-500B-3A0BA51D3668,FJ,FJ,3,12
AE524778-CFE5-7BF7-9077-3A0BA5F3C692,PF,PF,3,-10
0BEA3F46-8BB8-1280-57CF-3A0BAFAC45AA,FJ,FJ,3,12
A08620C5-34B1-91DB-DA10-3A0BE2E1FD55,FJ,FJ,4,12
7F043EA8-76FF-7792-FE4F-3A0BE30E9FF4,FJ,FJ,4,12
A0BD160D-9557-D5BF-F277-3A0BE7D49AC6,FJ,FJ,5,12
A310C64F-C4D4-6C75-FC78-3A0BE80966C3,FJ,FJ,4,12
3C3A2B9A-AE92-B7C0-0050-3A0BE80EF835,NC,NC,3,11
261E8A9F-1835-C7FF-692C-3A0BE8FCDC34,FJ,FJ,4,12
ADCAC17F-9434-F4BF-DE05-3A0BECFE2CED,FJ,FJ,4,12
C95631D3-D4E4-D6F4-D41D-3A0BF27CDC34,FJ,FJ,4,12
A25A7A8C-1DB4-6C41-358F-3A0BF702B719,FJ,FJ,4,12
74324708-19C1-3A3A-3AB5-3A0C16549050,FJ,FJ,4,12
56DD7431-E776-D7DE-7CC3-3A0C1C8CB21A,FJ,FJ,5,12
EABA551B-94DE-910E-607C-3A0C2BEEE4AC,CN,VU,5,11
98C6CE12-0C45-A75F-EF26-3A0C7D84ABFE,FJ,FJ,3,12
A52F3C31-14E0-6A62-B05A-3A0CBC9B493C,FJ,TO,3,-11
81A6FC71-4CCF-CF5A-6519-3A0CC5F4CC32,CK,CK,7,-10
FDE50087-CBE8-FC99-18AF-3A0CE0882983,MH,MH,7,-12
2BDCC2F3-93BD-556E-D167-3A0D12B56E97,CK,CK,7,-10
7097A577-93F4-6C7A-C3F0-3A0D12BE4556,CK,CK,7,-10
CA40E272-1B48-7838-4AAF-3A0D12C4F0B2,CK,CK,7,-10
FE31DE2F-F40C-16EC-129A-3A0D18487FE8,NC,NC,7,11
2640A23F-5CE6-2A99-664F-3A0D18BF6DF2,NC,NC,5,11
FAFB22D5-5383-60DC-C8D8-3A0D19919E7F,NC,NC,6,11
5029B61B-AA82-BFBC-4397-3A0D1E3D99FA,NC,NC,4,11
CD2B730B-E63D-AC33-92B9-3A0D27181992,NC,NC,5,11
04FE4B45-8453-D0F4-8C58-3A0D278B85A4,NC,NC,1,11
765BEF04-F863-58E5-9D1B-3A0D51524F12,MH,MH,8,12
66404F62-0705-0B66-D668-3A0D5153BCBC,MH,MH,8,12
5E994A76-2C78-E873-C5D8-3A0D515791F0,MH,MH,8,12
11F6B19D-4885-3501-5E4C-3A0D515AE4B3,MH,MH,8,12
771ABC6A-A7A5-F2EF-4B02-3A0D74F34610,NC,NC,8,11
E229F63C-C7C3-E86A-BD94-3A0DC2ECFEA4,PF,PF,6,-10
628B3DD8-9717-0797-6844-3A0DE53CE55F,FJ,TO,5,-11
BA562388-F569-775F-44E3-3A0E1406F56C,MH,MH,9,12
EFF4EDA4-FA65-558B-7275-3A0E2DFF7182,MH,MH,9,12
5F339EE5-2FB3-2AA2-F777-3A0E2ECEA25A,NC,NC,8,11
9AF4F1BD-CA92-CECC-AA2C-3A0E2EF7B671,NC,NC,9,11
EEFC9FD9-EE7E-142F-33D5-3A0E32E16770,FJ,FJ,1,12
40B494DD-AA2A-664B-4071-3A0E3321F5B9,FJ,FJ,3,12
25DD3427-EDC7-4E91-EE05-3A0E33DC710F,FJ,FJ,1,12
5C5A2756-E674-3BDF-8383-3A0E342E028A,MH,MH,9,12
90D09A57-804E-E1FE-0A78-3A0E7621D043,MH,MH,10,12
FBF4A9E6-EB6C-5824-A667-3A0E773648F2,NC,NC,7,11
31124244-E726-85F6-A9E7-3A0E9003D047,TW,TO,8,-11
FFA0E6D7-8A90-D0EA-326D-3A0E90E3B42A,TW,SB,7,11
AF6F3852-5835-8098-5077-3A0E951F10A8,FJ,FJ,6,12
E9DBAF75-88FB-A19F-655B-3A0EA0476578,MH,MH,10,12
07BFF73B-90D1-E801-8E21-3A0EA4ADDF7E,FJ,FJ,6,12
B62FAB1A-E41C-ACA1-97E2-3A0EB9FAC292,NC,NC,9,11
88AB7F66-B894-0816-D1E7-3A0EBE33710E,FJ,FJ,6,12
4621C4FB-2A02-E39E-DF00-3A0EC4063860,MH,MH,10,12
311BEE15-77B6-74C2-3EA0-3A0EFC165DF9,FJ,FJ,6,12
67992C93-D461-B117-8EE1-3A0EFCBB0C93,FJ,FJ,6,12
A15876E8-AFE0-6BEA-ED85-3A0F1FDD12A0,FJ,FJ,6,12
FCE12144-02A3-C49E-92B9-3A0F1FFF76F1,MH,MH,9,-12
C7C0F42D-54B0-AFDC-BD1C-3A0F2001ED01,MH,MH,9,12
88093E34-D639-A44C-38CB-3A0F24F482BB,MH,FM,10,11
0306A2CD-5073-1B84-F466-3A0F25EC1AB2,MH,MH,9,12
143C410E-BAA0-72E9-104E-3A0F43CFB6BF,MH,MH,11,12
9BD480AB-4D28-F781-8B46-3A0F43D6DB92,MH,MH,11,-12
F99BA520-C146-7D6A-F3A7-3A0F586108FC,MH,FM,10,10
627F48E7-E448-A8BE-34AF-3A0F692C2BF9,FJ,FJ,5,12
2893A758-0901-F37F-25A6-3A0F6D5D68D7,FJ,FJ,6,12
8AD06149-EE7C-F8BE-C93B-3A0F74361CA5,FJ,FJ,5,12
141AF80B-304B-AD66-583A-3A0F8C674C27,FM,CK,10,1
4F5DA224-9BAD-7BFA-EAC3-3A0F8D104C68,MH,MH,12,12
F2EA012D-F228-1270-50EB-3A0F8D1175E1,FM,MH,12,-12
1E865179-BA55-E774-87AF-3A0FBBF61FA0,FJ,FJ,8,12
E4905F60-862C-B1CA-9181-3A0FFCFB301C,NC,NC,12,11
E026E0C3-A796-068B-FC85-3A0FFDA48BEB,FJ,FJ,11,12
C767C218-1FC5-C64C-DF20-3A0FFE28AB32,MH,MH,12,12
C39FE84F-E195-F02A-5504-3A1003581846,MH,MH,12,12
5E5C4C55-0AEE-0BE8-0AFA-3A10036347E1,MH,MH,12,12
625C9D49-2F4E-50CD-8392-3A1007FF1F4C,KI,CK,9,-11
82F7E0A5-2908-C576-4E72-3A10081F3AF9,FJ,FJ,9,12
30841D87-B892-ADD3-A600-3A100CE69332,MH,MH,12,-12
DB001C07-4EE3-3D66-FB04-3A100D1037AC,MH,MH,12,12
9D7BAD06-106A-08E4-E14B-3A100DE25B84,NC,NC,11,11
0B73C327-1281-DECF-0215-3A101CE6214F,FJ,FJ,8,12
948E4FF7-5060-3124-CA61-3A101CEC76FC,FJ,FJ,8,12
5137501E-7492-1D05-F824-3A101CFBBFE2,FJ,FJ,9,12
015877BB-F036-EA07-201A-3A10224BF5FE,NC,NC,10,11
7AADBBBB-7734-C12A-DABF-3A102B8BBC24,NC,NC,11,10
67C6FA97-E443-DAFA-23D7-3A102CD87305,FJ,FJ,12,12
14C1C6A8-6326-67C5-76A4-3A10417C078F,NC,NC,11,11
DDDD7CE7-69C7-57DE-27C6-3A104B1EAB8A,FJ,FJ,9,12
D58EA180-1328-E39B-B18B-3A10791A5E2B,FJ,FJ,12,12
7A98F636-261F-3EAC-875D-3A1088799934,FJ,FJ,11,12
F86E9B7A-334C-CC6E-F65F-3A1098F65729,FJ,FJ,11,12
06B07835-1728-F9DE-6E1B-3A10A1695FEC,PF,PF,10,-10
74007CF5-2C76-EFA7-AD71-3A10B1D47EB9,FJ,FJ,11,12
F38C7007-D3B0-30FD-18C5-3A10BBC7F624,FJ,FJ,11,12
BCEF4961-424B-53F8-65C7-3A10D516CBBA,CK,CK,9,-11
6321534B-CE83-2A24-2400-3A10D53B1FF1,CK,CK,10,-11
E83C4768-78C7-7955-C0D4-3A10D6B32F36,FJ,FJ,3,12
CEBC9EDD-2FFB-B432-686D-3A10E122D48E,TW,SB,8,11
F0743025-BBD9-1C4A-0F50-3A10FEBEF816,CN,SB,10,11
C593E249-16B5-7C39-92B2-3A11095B6292,KI,FM,11,-10
148C4756-3115-C96F-EFE8-3A11194A6948,FJ,FJ,2,12
A9790C62-9AB8-E0BC-EEFD-3A11231ACD41,FJ,FJ,3,12
0CE3BE8B-1E10-A42C-F685-3A112889D2AC,KI,CK,11,12
7451CC1C-FE76-5923-BBCA-3A1142062762,FJ,FJ,12,12
98986F8F-5631-C9AC-2B86-3A1142CD976B,FJ,FJ,11,-12
4D7094BF-ED3E-02A1-8962-3A114C04DA72,FJ,FJ,12,12
362782B0-4AAE-A780-F582-3A115FF620FC,FJ,FJ,11,12
0C68B351-F7EA-2E84-C2BD-3A1166B8FF3B,CN,CK,12,-10
6C4E17BF-B0C9-84A4-5F18-3A116AD759C3,FJ,FJ,10,12
C02886E1-C4E3-5F58-F216-3A117052D058,FJ,FJ,11,12
9EB6761B-BA4C-8819-4FDA-3A118F41EA5A,MH,MH,12,12
6449D60A-1CBE-40D5-E358-3A11F18A236D,FJ,TO,3,-11
967BBEFE-6A31-C1E4-F31F-3A11F241BCDC,JP,FM,7,10
5A2FA269-180B-9279-C0BF-3A11F69D0019,FJ,FJ,2,12
FFC9A0AC-2A9C-A784-97DC-3A11F6B7DA48,FJ,FJ,1,12
377D9AA2-B081-5AB6-5C83-3A11F735D900,FJ,FJ,2,12
69DA432E-C8FE-C401-3D29-3A120693D395,SB,SB,7,11
966DE802-3CCE-0A8E-B26E-3A12163A060F,FJ,FJ,1,12
70E3B171-82F2-FC5E-DAE7-3A121B04189C,FJ,FJ,1,12
7472FC9E-CE5C-4305-9300-3A121B07EEEE,FJ,FJ,5,12
CF0AF279-96F8-56CD-E563-3A121FB24FFC,FJ,FJ,6,12
A7496AE5-0580-B352-D4A1-3A123A4217FD,CN,SB,7,11
F2B73457-5C05-ED8A-CA4A-3A12483DD11F,FJ,FJ,2,12
7B8D9A8C-EE68-9B78-DBD0-3A124DBD9578,TO,TO,4,-11
81F9F705-822A-093B-E71B-3A125D0A4A8D,FJ,FJ,1,12
46E10FC7-6336-3745-9EC3-3A1262871BEC,FJ,FJ,2,12
604BA8D5-237D-7063-96E6-3A1262B82C03,FJ,FJ,3,12
6D7C5115-3C82-4BC7-2E76-3A12630DDCEA,FJ,FJ,2,12
6DE35A21-4BB4-80C6-79A8-3A126323A705,FJ,FJ,3,12
B0573DED-2092-64B1-2A43-3A12672B6D0F,FJ,FJ,2,12
E24A4888-7F6E-DE75-AF2A-3A12673A39F3,FJ,TO,3,-11
7B52520A-E94F-00E5-1CF8-3A126774F2AC,FJ,FJ,2,12
F094A469-405D-70CD-0954-3A12717088A2,FJ,FJ,3,12
9703C48D-92DA-0E90-0F9A-3A12717BC769,FJ,FJ,3,12
B28869F0-426A-7BE7-D843-3A12718ECEC4,FJ,FJ,3,12
17ADD228-7B0D-9ADA-789F-3A1271D5B0D3,FJ,FJ,2,12
77A18D5C-D541-0341-30B9-3A12726DC22B,FJ,FJ,2,12
A5FB79E5-C1E3-CB57-56BA-3A1272891BB0,FJ,FJ,2,12
B248136A-27F2-FBA0-230A-3A12AA3E6D23,FJ,FJ,3,12
A54F1875-49C2-8ABC-71CA-3A12AA881D8A,FJ,FJ,3,12
0C302E66-CFE4-7666-F2E4-3A12AAD09C8B,FJ,FJ,3,12
6A565704-14A1-04B8-C52F-3A12AB1F9903,VU,IW,10,11
1C9CA0F4-CBB9-2677-A652-3A12AB80F69A,FJ,FJ,2,12
17BDBBB2-04DA-BC75-3D41-3A12AC2256F3,VU,I4,10,12
9F01FB23-5B39-F46C-3970-3A12AFA7658A,FJ,FJ,2,12
FF7639D6-BFC9-26DE-7336-3A12B9BB2676,FJ,FJ,3,12
7A5CA8AA-62F4-A976-F24B-3A12BA058B11,FJ,FJ,4,12
DF50171E-C6D7-9DF4-CAA9-3A12CDDAC4DE,FJ,FJ,3,12
6FB27CB8-94F7-29E6-7BCD-3A12CE181BD4,FJ,FJ,4,12
8A72FC4F-11FF-9589-1B28-3A12CEAD3FB7,FJ,FJ,3,12
44091051-E6CA-FCB9-ADF8-3A12CEC256A7,FJ,FJ,3,12
B383138C-7BDB-555F-63D4-3A12F247AAB6,FJ,TO,4,-11
D0EBD0D1-AF14-FC52-40F5-3A12FCBB90CC,FJ,TO,5,-11
92C9599F-782E-2104-C45B-3A13595D4D42,FJ,FJ,4,12
7997B8C8-EEEE-6BBC-E867-3A1359949B98,FJ,FJ,4,12
CD9DAD6C-7335-B30D-740E-3A135AA7E214,NC,NC,4,11
D7FD8045-BFB0-6F20-5406-3A135DB8E4B7,PF,PF,3,-10
138BBB78-4A3A-2602-6CC6-3A135E4DE1D4,NC,NC,4,11
15ADDD00-7EE7-6B4E-2F6E-3A135E8FB2B6,NC,NC,3,11
918C6BCA-5E52-0A1B-2682-3A13639CAA05,NC,NC,4,11
7FD6727A-73B1-78F7-37B5-3A13646E0B4F,NC,NC,4,11
22671294-3515-C23E-0119-3A1365080915,MH,MH,5,12
2D8BFEA9-AE01-733D-F005-3A1368CE20CC,FM,MH,5,12
C9825D3B-4E73-2D81-E35A-3A13690F9E29,MH,MH,6,12
0F4513B9-E484-890B-3E68-3A13691415A8,NC,NC,5,11
6CDD847E-AF53-8335-D621-3A13695E5A51,FJ,FJ,5,12
337591CF-3BED-0829-2E07-3A1369D1BD3D,NC,NC,3,11
C942EA2E-E0C5-DC23-4131-3A136A3A89DE,FM,MH,5,12
FDCC32B1-8F6D-0BF1-43B0-3A136DFCBFCA,MH,MH,5,12
C7B99D49-D984-11CD-0BCF-3A136E16ED6A,NC,NC,3,11
A90BF862-4450-7C37-3D61-3A136E21EB6C,FJ,FJ,4,12
563FB150-B3E7-46CC-709D-3A136E8606E5,NC,NC,4,11
308346D9-A1E2-9024-3BCE-3A138CEAAC8C,MH,MH,5,12
D7C7A7A6-AE8B-AD2A-47EE-3A13ABB0CA26,PF,PF,1,-10
8A69C805-9014-D0EB-5D5B-3A13ABEBACCB,MH,MH,5,12
D7BD3679-26C2-5485-8651-3A13AC380C5A,PF,PF,4,-10
9C92B5BA-8F6D-052C-7A19-3A13B0D17FFF,FJ,FJ,4,12
6CECF701-E12F-82F3-E7A1-3A13B5F295D8,FJ,FJ,3,12
05112940-2E58-87CC-DE1A-3A13B6140AE3,MH,MH,5,12
24F3C96A-974B-5383-6E47-3A13B64CDC66,FJ,FJ,4,12
BE143FC8-45F7-20C1-4B9A-3A13B75EDD3B,MH,MH,5,12
A9728C02-9B38-AAA8-B670-3A13C5889C86,FJ,FJ,4,12
0A432C6F-0DBD-3467-F0D7-3A13C5F6CF97,FJ,FJ,2,12
E36FE1F9-ACD4-6575-9FEF-3A13CAACFD8B,MH,MH,4,12
ADFC5D79-2DF7-C358-4B15-3A13CAF73605,MH,MH,4,-12
0163BC6C-DEF0-F9DD-341B-3A13CB02E4F1,MH,MH,6,11
0B319479-F6D8-256C-A684-3A13CB64E7EC,MH,MH,4,12
D57F6271-38CE-2CCD-FEC2-3A13CB943F28,FJ,FJ,5,12
E1985EAD-3D68-E157-308C-3A13CBD25609,FJ,FJ,5,12
F890837E-04D3-6BEA-2EFE-3A13D4866230,FJ,FJ,5,12
C136DD57-E2B0-8C96-1F3C-3A13D5B78964,MH,MH,5,12
DF9F268D-38ED-15FB-926B-3A13D9CB554F,FJ,FJ,5,12
9DDEB28B-3DBD-CAB3-4230-3A13DA0A918F,FJ,FJ,6,12
5F8A92A0-8BA3-0EE7-0046-3A13E99D19F8,MH,MH,5,12
FAA9941D-26A5-9420-9966-3A13EEAC094C,FJ,FJ,6,12
35FEB57D-972E-E61F-0FA3-3A13EEE14904,MH,MH,6,12
1A1A6E9B-4AEE-65CA-6457-3A13EF09B651,MH,MH,4,12
607225D9-5651-A5A1-7982-3A13EFA1B5E1,FJ,FJ,5,12
D0236FA2-12CA-BE78-F858-3A13EFB5E85B,FJ,FJ,5,12
0326D7EF-B4B1-9238-7F22-3A13F470566D,FM,FM,5,10
51BC05A6-AA2C-818D-2097-3A13F8F5CE3B,MH,MH,4,4
EB9F5190-6DA0-8E38-52EF-3A13FE78F55F,MH,MH,6,12
6BA15F61-E951-0EF7-CD6D-3A13FEE9056D,MH,MH,6,12
8B216144-B756-E42D-0AF0-3A140E89D03D,NC,NC,6,11
6B78DEE4-1A46-FC7D-98E7-3A140E94E6D8,NC,NC,6,11
10FC5BF5-84DE-C672-EB09-3A1412878B32,MH,MH,7,12
2DB5F4CE-87E7-3532-8D1C-3A1412B2FE2E,MH,MH,7,12
F4EC62D3-917A-EFA5-14F6-3A141322F89B,MH,MH,7,12
2752ED55-5621-8353-CCF7-3A1417D459E3,TW,SB,3,11
F98C75F9-142C-F479-216D-3A1418501E06,FJ,FJ,5,12
2E099C86-E408-2F6E-1EA4-3A1422BEE82B,FJ,FJ,6,12
62C05744-F002-959B-029D-3A143143DAB8,FJ,FJ,6,12
6A44F353-C91C-D5BA-D478-3A1437398C50,FJ,FJ,6,12
0D19A228-EDCF-489D-510B-3A1440CE6546,MH,MH,7,12
EF0D26FD-715B-545F-0AB7-3A144171D37C,FJ,FJ,6,12
B17BBBC0-83D7-012C-C565-3A1446228E74,FJ,FJ,6,12
BC5BC5D9-5D8B-8944-A8BF-3A144691D48A,FJ,FJ,7,12
2C62A200-8AE8-4AC7-BCB8-3A145AFC262B,NC,NC,7,11
963F26B2-C67A-E59E-F097-3A146AE4715F,FM,CK,5,-11
D29A7A78-19EB-3CFD-10AA-3A1479DCDBB1,MH,MH,8,12
92378D3E-2C75-5A07-DBD1-3A14A2D0E370,FM,CK,4,-11
5C2410C4-EB2B-D209-CFDA-3A14B3CA4CB3,MH,MH,8,12
533FFD6D-23F2-3381-8E5F-3A14CBECDEA4,FJ,TO,8,-11
BAE8693D-113B-9141-B0D3-3A14CD475B7F,NC,NC,7,11
1C6693D5-62CE-215B-69E0-3A14D1D24D6B,MH,MH,8,12
D92C5D41-57AF-CBFD-D8B0-3A150A8D97A8,MH,MH,9,12
64661135-47EA-1E68-A11B-3A15154A0CAD,NC,NC,8,11
6E0260F3-AC11-40C6-07AA-3A151653B2C3,VU,I4,2,12
8714BA36-251B-68DE-3F56-3A151666887D,VU,,3,11
C73C9BC1-CCAF-4F3A-C4D3-3A151F9D2F6C,MH,MH,9,12
C713B91A-2616-33BC-397D-3A152322DBBE,MH,MH,6,12
FB74AF21-62DC-29A7-F0B9-3A1523234AC7,MH,,7,12
8C981B6B-5B1C-B81A-4B19-3A1553F24298,VU,I7,3,-11
3FD47DBE-2E3B-8602-10D7-3A1553F25C90,VU,I7,7,-11
95FF49D5-6DCA-8E66-2FC2-3A1580A8554B,FJ,TO,9,-11
4339BEC6-79EC-72CB-EA62-3A15AE9F4E72,JP,FM,12,11
8F1DE35E-8450-D022-427D-3A15AFE245CA,MH,MH,10,12
1F6990EA-2E5B-6A63-8699-3A15C33D0666,FM,FM,9,-8
6F03C993-83B1-EA4A-7BA9-3A15D3ABEECE,MH,MH,10,12
FB5B74BF-29CD-C446-F518-3A15E7220BE6,MH,MH,10,12
9A3B5040-768A-ADDD-F992-3A15E7413C31,MH,MH,10,12
5D18ED46-A66C-7D4D-FD3C-3A15E780159A,FM,FM,9,11
9C2D2189-8DA3-48C2-EACB-3A15EC24F605,FJ,FJ,8,12
992ED144-60A4-786C-4C6E-3A15FC1308FF,PF,PF,3,-10
DA2108B1-2C3F-489C-C55D-3A1607B11611,MH,MH,6,12
37729F0C-DD02-A37F-2934-3A160BFB0F10,MH,MH,4,12
0A91403C-1CEE-05FF-6D3B-3A160C318DF4,MH,MH,6,12
6A40DB92-3F6F-8C38-5880-3A1616806540,VU,I7,8,-10
5388EC51-15F5-E4B6-19B7-3A162F2A283F,TO,TO,10,-11
8517F5A3-A130-2815-82DF-3A162F837643,FJ,FJ,8,12
2F68473E-04E0-4958-202B-3A1630ADF648,FJ,FJ,8,12
F2E0FA29-8642-FA61-69A6-3A1639A1FA4B,NC,NC,9,11
7F3CCA38-B28A-754C-C39C-3A1639F2A0C0,FJ,FJ,8,12
814E7893-0899-AFBA-77F4-3A163A29ACC4,FJ,FJ,9,12
21B4E116-73E3-F396-67CB-3A16444DDA71,PF,PF,6,-10
C01016D8-5FF1-CD1A-462C-3A165053A0BD,VU,I7,9,-11
C01016D8-5FF1-CD1A-462C-3A165053A0BD,VU,I7,9,-10
DB8EA290-8322-E4D3-65AD-3A1653D92C99,MH,MH,11,12
072BA05F-3072-D574-FA9D-3A165A1116B0,NC,NC,9,11
C126EC47-C599-F09A-F698-3A165F02B381,MH,MH,11,12
A0CF9A1D-428E-75B5-8778-3A1663CECD12,FJ,FJ,8,12
875A6BD0-6982-83CC-A064-3A1672B518B2,FJ,FJ,9,12
D7A8C76B-BB5C-2223-7F14-3A169B23CE7D,FJ,TO,5,-11
C3BDA728-34A6-C8A6-D2E2-3A16A0C3E56C,PF,PF,9,-10
3A112646-2C6C-60D4-3F7C-3A1703EE077B,MH,MH,12,12
7A513F76-8332-3EC6-A465-3A173C3D080B,NC,NC,12,12
BDCF7BA6-E017-424D-7E64-3A173C6D8610,MH,MH,12,12
ABC26EF5-FC7C-BDBD-F54C-3A174A7EAE7C,PF,PF,10,-10
EF168807-DB89-DE6D-369B-3A174A8304AB,PF,PF,10,-10
8403D30F-E91A-DEBA-0636-3A174AF4D10C,NC,NC,12,11
867EEFE2-FE7B-9EB6-C75E-3A175114008A,NC,NC,11,11
B74CAE63-4FFC-CE98-2936-3A1754CC1E1F,FJ,FJ,9,12
32CB2714-3EAE-F6A8-B33E-3A17554896CF,FJ,FJ,11,12
B082FD74-DB81-57C8-69A7-3A17560BB953,FM,FM,10,11
D87EF695-2254-1F0C-1C91-3A17560DC28B,FM,FM,10,-8
B6803C27-877D-900D-10FD-3A176F0B2935,MH,MH,12,12
6BF79F23-A409-491A-BF78-3A176F15E361,NC,NC,11,11
C4829109-8550-B97D-21E6-3A176F4301D3,NC,NC,10,11
DA1C26F7-F906-C8EA-6DD6-3A1778BC0AEF,NC,NC,12,11
EFC83192-6F6D-0F98-4222-3A1779667402,NC,NC,6,11
F179C9C0-C8BD-2D1F-0862-3A177A04A31B,FJ,FJ,10,12
5F76F35D-2522-77FC-F691-3A177A185EB6,FJ,FJ,8,12
5F9F83D1-F3C7-9559-F700-3A177EB6FF1C,FJ,FJ,9,12
4ED6CAA2-5C74-9EE0-8CA9-3A177F4AFE36,FJ,FJ,10,12
185BA8AB-9C36-BB72-FDD5-3A1793476793,FJ,TO,10,-11
10063683-56AD-01FE-8A4E-3A17A22FF196,FJ,FJ,10,12
9D8EECDC-E298-61D3-D691-3A17A26365F1,FJ,FJ,9,12
5AA90D0F-13C3-9677-A84C-3A17A26BA38F,FJ,FJ,9,12
8C290DA6-DEFC-1880-BE7E-3A17A340F63B,FJ,FJ,11,12
32E34A33-E109-0575-3DD2-3A17A753BCD8,FJ,FJ,10,12
C97252F3-005D-CA46-0D75-3A17A78EF46E,FJ,FJ,11,12
ACE6D55A-DEC7-DE24-90CC-3A17A7DC4074,FJ,FJ,10,12
91C183CA-17B0-1DC7-76AD-3A17BC222B54,FM,CK,11,10
F2A97F28-082F-7CC5-4E2F-3A17BC260D97,FM,CK,9,-11
2D4DD4E6-CA78-41C6-1C9A-3A17BC2EC8A9,FJ,TO,11,-11
71ABAA44-1AA7-244C-801D-3A17C2001BD1,FJ,FJ,11,12
E78A0A99-A54C-61A8-E393-3A17C2376222,FJ,FJ,10,12
B89706AF-09BD-9A0C-0B7C-3A17C6603EE4,FJ,FJ,11,12
2B761ED2-A204-6C9E-6918-3A17E519FE3E,FJ,FJ,10,12
A24AB2F7-C39B-722E-3AA8-3A17E5877EFB,PF,PF,11,-10
8176B5F5-9294-DA46-E3C1-3A17EA4C324A,MH,MH,5,12
716AB802-EBC3-4280-6576-3A17EAA3560F,FJ,FJ,11,12
4C9F5784-633D-6B7F-2F8A-3A17EAA7CA31,MH,MH,1,12
9628DDF6-64DD-21EA-B107-3A17EF901FB5,TO,TO,12,-11
8D90F00B-540A-AAC3-2DAE-3A17EFF5EADE,KI,LN,8,-11
19C27EC2-9BF7-FD1D-23F7-3A17FF346E26,FJ,FJ,11,12
5C425F48-72E8-D677-B21C-3A17FF36B67D,SB,SB,1,12
5BF8B0E3-3D77-82B6-C00D-3A1810C2F87E,VU,I6,11,-11
5BF8B0E3-3D77-82B6-C00D-3A1810C2F87E,VU,I6,11,-10
AFC9EC0F-3368-8B7F-54FB-3A1810C3676E,VU,I6,9,-10
F358B404-7283-9A39-F85B-3A1810CB867E,VU,IW,8,11
74CFDF4C-7D61-FAD6-F14A-3A1814300179,MH,MH,1,12
17FDB68E-17DD-9E03-DBDF-3A18240A0EB6,NC,NC,12,11
919A5C6D-4EFD-9AC0-D43D-3A187A7A4BDA,CN,CK,7,10
DC3D42B4-7C58-69F6-72DB-3A1894362425,FJ,FJ,8,12
6FAACBE8-86EB-2CE7-768E-3A18952CB466,NC,NC,1,11
3F329623-FBF6-1E63-A708-3A189554FFC0,NC,NC,1,12
B7F12B4C-D9E5-B470-F3A0-3A189BE647C1,VU,I6,12,11
5A4D0A6F-CA22-0FCF-5BB1-3A18B318A0F6,MH,MH,2,12
3351C2A6-009A-306C-26C2-3A18BE88ECDA,MH,MH,2,12
834C14BC-D207-666F-92A3-3A18C91B2E72,MH,MH,3,12
0F2824F8-3E0B-834B-8B0B-3A18FBA3053A,MH,MH,3,12
C6304E0F-020F-846E-239F-3A19019F626E,FJ,FJ,12,12
8652258B-8B6D-F329-58B0-3A19304E702F,VU,I6,1,-11
8652258B-8B6D-F329-58B0-3A19304E702F,VU,I6,1,-10
26F77CD0-7675-460B-089A-3A1943A2F505,FJ,FJ,12,12
DC6A02F2-F430-CE4C-E920-3A194D5400C9,FJ,VU,2,-11
AC2BA1EA-64D0-B3F2-20E1-3A1953489E4C,FJ,FJ,12,12
C10976CB-AFCC-0884-6428-3A197C522498,FJ,FJ,12,12
ED92204B-3934-07F0-7D35-3A197C8B9A18,FJ,FJ,12,12
8BE736BF-C481-B795-0833-3A1990273EF5,FJ,TO,1,-11
EA44FD25-F84F-E8A0-C484-3A1995FB9D24,FJ,FJ,1,12
F07B26D5-A8CD-D52C-9B38-3A19AFEB46AF,FJ,FJ,2,12
31584369-CE04-7771-776E-3A19B512EED3,FJ,FJ,1,12
057A8A80-0B39-5FC9-22DA-3A19B53D0D2F,NC,NC,3,11
F222D9B7-0148-CDB3-BC6E-3A19DF4D57AB,FJ,FJ,1,12
F06E71C9-8482-08A8-B3B9-3A1A2265EA41,CN,VU,3,11
80DBAA89-BD53-6CC9-782E-3A1A400FDA16,FJ,FJ,2,12
8AFBFC19-CD58-1CB1-04B4-3A1A4094A00E,FJ,FJ,2,12
662041F3-88B6-1384-E80B-3A1A40CE5D22,FJ,FJ,2,12
A7645852-2C0E-BC6D-B701-3A1A40E77FC8,FJ,FJ,3,12
56588D85-C749-E722-137C-3A1A445C36B4,FJ,FJ,3,12
4365D4E3-8895-2BC6-4B12-3A1A452541D5,FJ,FJ,1,12
7B690C0C-F075-CED9-D24B-3A1A45556D6C,MH,MH,5,12
3C59627E-7490-EDC2-8D84-3A1A458BC3FA,MH,MH,5,12
95D13E66-68AC-BD78-F9CF-3A1A45B44DEF,FJ,FJ,2,12
C3D07D6E-7302-F4AA-9AAA-3A1A45C05171,FJ,FJ,4,12
12F94714-A1C8-5B09-E1A8-3A1A45EF05F7,FJ,FJ,2,12
49304548-3D3A-09AC-288B-3A1A45FA3731,FJ,FJ,2,12
DC80BCA2-CFD1-419E-00CF-3A1A4A1F2ED8,FJ,FJ,1,12
B97658FB-FF18-3115-DF46-3A1A4F219AB8,FJ,FJ,2,12
D39D1702-B5EB-D52E-AC40-3A1A68CFE610,MH,MH,5,12
9726ACDB-F3E9-E7E3-1BD7-3A1A68DD925C,MH,MH,5,12
51E7654F-A569-9319-6CBA-3A1A68F4919A,MH,MH,5,12
0E2E26A9-632E-B091-A09B-3A1A690D2B1F,MH,MH,5,12
0FC4897C-DF3E-7FBB-EF7D-3A1A69CEB036,MH,MH,5,12
A010DA62-11A2-35C4-51E9-3A1A6AADEDB4,FJ,TO,2,-11
F2ED70F4-C648-1A70-CEEA-3A1A7379006D,FJ,FJ,3,12
24A4C3C3-CBDF-5EA6-5AD6-3A1A78695FBF,FJ,FJ,2,12
04346BDE-1E9C-5F91-FD54-3A1A89377E5C,NC,NC,5,11
9CB31661-7CBD-498E-4C07-3A1A8CA45508,MH,MH,6,12
A29693D7-76A8-75C2-0A54-3A1A8D0E850D,MH,MH,6,12
DFF8AC72-85AF-7374-54F8-3A1A8D259D40,MH,MH,6,12
1399CE24-199F-18D4-718B-3A1A8DB4EB97,FJ,FJ,3,12
839DC47F-1854-EB7C-D4FA-3A1A8EF97DFA,CN,CK,2,-11
FBE28961-CFC1-C0D9-9952-3A1A9D44AE66,MH,MH,6,12
413D036E-BCAA-9B3F-FAAA-3A1AAD165519,FJ,FJ,2,12
61A74325-FB35-C1F2-63B3-3A1AB0A8EF38,MH,MH,6,12
70363FF4-9848-4A7C-D107-3A1AB132E54D,MH,MH,6,12
3C238FAE-BEF6-5F42-2356-3A1ACFDC0B45,MH,MH,6,12
125C9926-74C6-9ECD-0C84-3A1AF43CC1BE,FJ,FJ,3,12
4AFAC876-897C-C0C6-E9B1-3A1B1CD6E0F2,PF,PF,5,-10
26BEB4BB-D2DB-E6B9-AE3B-3A1B1D0E9ED7,MH,MH,6,12
28B6E202-A247-5F7D-60F7-3A1B3C581BCD,CN,CK,6,-11
95E71872-1C3E-7EF5-8A88-3A1B6625A66E,VU,,5,-9
6D91CBFF-FC16-26EE-1FB3-3A1B6A949B09,MH,MH,7,12
69D37AEE-1E61-7B40-4060-3A1B74954543,MH,MH,7,12
63247B46-6880-3920-4561-3A1B74D237B4,MH,MH,7,12
C20B09A9-0DD8-0108-3680-3A1BBCCA9206,MH,MH,8,12
016A7BEC-EB50-B842-508A-3A1BCCDFC7A6,CN,SB,5,11
7EBC5BDE-C903-5CFB-8C18-3A1BE0A66EF2,FJ,FJ,6,12
093D6729-7025-6EE9-A4A8-3A1BE1281704,FJ,FJ,4,12
1C1B2765-DD04-D97B-BC02-3A1BF058A9A8,FJ,FJ,5,12
91B4C691-3D04-85FC-ED43-3A1BF087C926,FJ,FJ,4,12
68C4CD3A-88B0-5E00-8671-3A1BF11B490E,MH,MH,8,12
274DE4A5-3F1F-00EA-7E33-3A1C39A9C84C,MH,MH,8,11
FFA322D4-778C-2D71-FCFE-3A1C4E071EBF,MH,MH,8,12
1954E5FE-4DC3-18AE-732A-3A1C61996715,FJ,FJ,5,12
4D38626B-9E43-C4C3-8212-3A1C66784CCE,FJ,FJ,4,12
CA2FC76B-81E3-2163-43BA-3A1C672206A8,VU,I5,6,-9
48E1B5E0-D19C-DAED-79FC-3A1C86C8DF85,FJ,FJ,2,12
B857F8DC-5B49-7057-1905-3A1C90508498,CN,VU,7,12
C6EF3FC1-D272-580A-4C6B-3A1C9631EF37,NC,NC,6,11
E1B6F4F1-50A1-12AD-D059-3A1CA9D1A42F,NC,NC,7,11
4645B161-2235-A0CD-7F79-3A1CAEED042B,TO,TO,9,-11
4DAC8481-2C7D-B104-F099-3A1CAFAF1E78,TO,TO,8,-11
A8AB1E56-BB28-C5B3-8975-3A1CB9DEB9B3,TO,TO,9,-11
1FB5E750-6CCB-D811-79A1-3A1CD7F4E897,TO,TO,9,-11
2D29AB61-702C-777B-FDBB-3A1CEC97207E,TO,TO,10,-11
EADE74F4-5261-07EB-4133-3A1CECEB72A6,FJ,FJ,9,12
F7FC5A13-69F4-479C-6D8E-3A1CED1BA75F,FJ,FJ,9,12
964E496E-CEA9-7BBB-E70D-3A1D43F2F303,PF,PF,7,-10
07AC2ADA-DD3C-2A17-597E-3A1D49529F31,FJ,FJ,8,12
12284FE6-B0FE-2530-9B7B-3A1D5E2E942D,MH,MH,10,12
62AFFB69-E7B7-0FD3-5B29-3A1D6420C3D7,FJ,FJ,8,12
B3DC2258-1377-E3F0-E403-3A1D6D1AB9A1,FJ,FJ,7,12
7271374B-34B5-B2B9-FBBA-3A1D6D8D0299,FJ,FJ,7,12
151905E1-0B80-6F01-A6DC-3A1D7DCD2757,FJ,FJ,5,12
D6DE031B-E46E-EBC3-84DD-3A1D8D693F4E,FJ,FJ,9,12
023D66B6-2D63-3B14-26D2-3A1DA0C5FA25,FJ,FJ,4,12
9566FCEF-542B-EB72-B3BE-3A1DA1DDAE82,FJ,FJ,4,12
3080E661-B56A-BCEB-EA94-3A1DAB47A8B1,CN,SB,5,12
9C43397D-A89F-7C50-EC9A-3A1DAC372F7D,FJ,FJ,9,12
45245273-399F-889A-731E-3A1DC53A8179,FJ,FJ,4,12
0D5A9236-6899-AC99-ACB4-3A1DD00FD3F1,VU,I5,7,-9
6803EF09-18D0-9F18-FEC6-3A1DD450D51F,VU,I5,8,-9
E86E19EA-0622-C5C8-F6A6-3A1DD4B4188E,MH,MH,11,11
72ACE614-51CA-09DB-6715-3A1DD9DF4649,FJ,FJ,10,12
3E3A698F-DA14-1CD9-2789-3A1DDA6D56AE,FJ,FJ,10,12
DAAFD192-89BE-47CA-BD3D-3A1DDABE4B96,VU,I5,9,-9
3CBE901D-240A-0434-948B-3A1DE8CC7C77,MH,MH,11,12
63B58A0B-029A-FAF7-4251-3A1DE943E460,VU,I5,10,-9
823A4CFD-5608-6738-B4EB-3A1DEE6DEECD,MH,MH,11,12
7DF889A9-1BD6-840B-0230-3A1DF88A5E7D,FJ,FJ,11,12
654DB92C-87BF-6F50-AC01-3A1E181CD0AD,MH,MH,11,12
7606EC08-5214-68B7-D001-3A1E21F78153,FJ,FJ,9,12
BD129222-22E2-DC56-FAF4-3A1E22D3674B,FJ,FJ,11,12
85B60A66-3139-E66D-341F-3A1E40BD4356,FJ,FJ,10,12
6B563AD9-2EEB-66E5-1E06-3A1E45B36132,FJ,FJ,12,12
805D3206-8665-ABC2-7C53-3A1EA366B584,NC,NC,6,11
3D467297-EA10-55E5-C775-3A1EAE463E05,NC,NC,9,11
3508857F-6528-2F48-388A-3A1EC7C4BC71,NC,NC,4,10
E5518161-1C12-5B7F-6572-3A1ECB674C3F,FJ,FJ,11,12
15233A16-237B-AC25-DC73-3A1ECC5430CB,NC,NC,12,11
0A7B399D-277E-BF5B-FF21-3A1ECC662324,NC,NC,8,11
328AEBF5-FEAF-99B3-FDD6-3A1ED24229C9,NC,NC,7,11
5352A057-7F64-9510-187C-3A1EEB124705,SB,SB,9,11
A21C8DBC-D970-138F-5238-3A1EEF925ADA,FJ,FJ,9,12
86CB9984-A3C2-87DB-93C8-3A1EF03F7A40,TW,TO,11,-11
D360BF55-BEA3-F245-64DB-3A1EF5548772,NC,NC,9,11
E0D229E8-19E9-0688-05C7-3A1F131D07EA,CN,CK,6,-11
4858BB65-C86C-CEA2-136D-3A1F13917B37,FM,CK,10,-11
504D612B-FC0E-C100-0530-3A1F2D633717,FJ,,7,12
D8E536DF-4F9E-EA80-F6E0-3A1F2D92FA81,TW,TO,12,-11
18169959-AE02-4EE0-6EF9-3A1F327B550F,FJ,FJ,11,12
D3AB674C-BDD9-C126-8804-3A1F330BEED9,FJ,FJ,12,12
BE28BEED-233F-1D1F-F511-3A1F33B23A1C,FJ,FJ,11,-12
1BACF2DF-ABD6-EC40-8C34-3A1F33D1A5CB,NC,NC,3,11
8B4FAB1D-EEE5-2BDB-DCBB-3A1F33DFFD2D,NC,NC,12,11
78391D8B-B792-5B6B-0604-3A1F378122F8,FJ,FJ,5,12
D6B8754F-4233-5D8C-EF35-3A1F38529AFF,FJ,FJ,11,12
3A3217A9-EF8E-A748-7242-3A1F3D4DCD93,NC,NC,11,11
86F40194-4768-F4C1-EDD1-3A1F514110B3,FJ,FJ,12,12
51FBD562-3E6A-FB01-CE65-3A1F51ACD55F,NC,NC,10,11
F7AE83ED-4506-6A64-A277-3A1F56AA0460,FJ,FJ,12,12
801D9796-99CC-C293-4C58-3A1F5BE1B18B,FJ,FJ,12,12
70D787C4-2FB4-D54E-6BA4-3A1F5DD9E12C,FM,CK,2,-11
0884D505-F358-1F51-434A-3A1F61EFDBD2,FJ,TO,4,-11
B4B2F5E1-F0E1-C024-AA66-3A1F7A912CE4,FJ,TO,12,-11
F4AE4120-E03D-6283-6C69-3A1F7FA1F4B1,FJ,FJ,1,12
74328EC3-9327-54D1-AA51-3A1F8A7B8F36,VU,I5,9,-9
A7186FB5-19AE-87D7-EFD7-3A1FC2B5BBB2,CN,VU,11,11
E0D32B79-D8B1-A778-2A67-3A1FE1968D3A,NC,NC,12,11
EA438C01-27D9-1180-3B79-3A1FE3594081,NC,NC,11,11
CE5B44E9-C5A4-9785-C7CC-3A1FEC8B725D,NC,NC,2,11
27F2424B-43D0-E442-5ED5-3A1FECD6A3E6,NC,NC,2,11
4A5C6E05-021E-1B73-7B94-3A1FF2253456,NC,NC,1,11
F429F88B-F919-3569-1973-3A1FF2358495,NC,NC,1,11
02B51574-C4BC-BF27-220C-3A1FF29D418F,NC,NC,10,11
48958DEB-FA06-7185-5451-3A1FF64229B1,CN,VU,5,11
6212140A-2D38-56AE-591B-3A20126FE48F,FM,CK,1,-10
6707DCF1-805E-4220-7BB4-3A2016BDA4B3,NC,NC,10,11
45605075-7467-BA87-8A05-3A201A3AC12F,FJ,TO,10,-11
552B8CCD-9FDB-E2B4-08DF-3A2077276C09,SB,,1,11
4F4D7559-9088-D4AA-2E79-3A207747E3E8,SB,SB,1,11
837BFC37-BBD8-EB2D-71CF-3A208153ADAC,NC,NC,3,11
63A4ABD3-F78C-249E-D3A9-3A2095A94817,FJ,TO,1,-11
5B0C4A91-6A32-60F2-4A4F-3A2095B2EC39,PF,PF,3,-10
4C658EE3-0E74-738E-CF76-3A20A0B392ED,CN,CK,6,-10
8123CE40-AFE6-BCB5-9A5D-3A20BB73BA6D,FJ,FJ,10,12
E27B985B-E148-1963-1F6D-3A20E2C92B4B,CN,CK,2,-10
FC9B8225-58D7-24A7-F913-3A20E2CF8D2E,CN,CK,2,-10
5B0E9630-6583-5713-3CFA-3A20E2D93CC7,CN,CK,2,-10
7807A8AC-2DEB-1620-4B54-3A20ED5D96EC,NC,NC,3,11
4EDB5D32-FC3D-84D9-0F00-3A2135E496B3,FJ,FJ,1,12
B69B083D-3129-6E60-9600-3A213FE46C25,FJ,FJ,3,12
F54D0B59-B31A-3AC6-120C-3A213FFE42EB,FJ,FJ,3,12
B51FE16D-871F-678D-B0F4-3A2141BCC2D2,FJ,FJ,4,12
C5D60346-13A6-0979-0139-3A214A1AD79C,FJ,FJ,3,12
8A6C131E-C884-7081-776E-3A2154391802,JP,FM,8,9
178675D9-5B92-706D-9A78-3A215A9D0BB0,FJ,FJ,2,12
A662279B-2C7A-1380-C72C-3A21A6DAE4B9,FJ,FJ,2,12
1EEEC99A-76E2-68F0-3438-3A76836AA480,PF,PF,3,-10
1ED319BC-C488-64F0-DA0F-3A9009548E55,PF,PF,8,-10
1EF9E152-E1DC-6720-B467-3B1C9FE34733,NC,NC,11,11
1EE119F7-4D5B-6960-0F05-3B98B8DDA106,PF,PF,6,-10
1ED1043C-B7A8-6150-A173-3CE6C8A6B9B6,TW,TO,2,-11
1EDDC039-7DFC-62B0-37FA-3D904A87743F,PF,PF,4,-10
1ED2A892-3E35-62E0-E548-3DA7DAEB1820,PF,PF,9,-10
1ED48E0B-01F5-6130-0933-3E0FDA60D991,PF,PF,10,-10
3F9D4B4D-63DB-4E39-8621-3E8CC402C798,WS,WS,8,-11
1EBAD034-7CDF-6840-13FC-3EDC7843703D,PF,PF,4,-10
1EF80F1F-D6D7-6F20-C5A1-3F3C3622AEF4,PF,PF,10,-10
1ED9B736-329C-66E0-FEEC-3F807FE9FBC0,PF,PF,1,-10
1EF97307-42C2-6810-7640-401B31D1DC46,PF,PF,10,-10
1EE3B316-57F4-6560-455E-405176DE9881,PF,PF,8,-10
1EEC1406-010B-6740-3E35-40DD23671856,TO,TO,1,-11
1EE420D8-073B-69E0-E84B-410D83184562,TW,TO,8,-11
1F09457B-8173-6680-932D-41B36B5DA558,TO,TO,10,-11
1EC98FAB-7731-6020-8337-4201F0BA3C24,TO,TO,2,-11
1EDACE37-31A4-6AD0-D764-4217664F0E55,PF,PF,2,-10
1ED22635-6EE5-6500-CFC2-430FCAB5D921,TO,TO,8,-11
1F020786-80A8-6690-137B-4316FEEA4361,PF,PF,4,-10
1EBD44D7-0850-6C30-32D1-43211BF1F5B1,PF,PF,5,-10
1F07BEAA-63C0-6380-30E3-4356F3F4B3CE,PF,PF,8,-10
1EF149A2-F30C-6860-BCEE-44303366EE17,KI,CK,5,-10
1EEBFB02-F65B-6CD0-D639-443544AD8D8C,TW,TO,1,-11
1EF3353E-6CF9-6280-03B2-4447C8550BFC,TW,TO,6,-11
1EBEFC3C-BBB1-69F0-BD2E-44A1CC920778,PF,PF,7,-10
1EF89D56-A942-6DB0-CF25-4531E8AAB9C7,FJ,FJ,10,12
1EFA6E77-C7DC-6C50-A6D3-4565288F311A,PF,PF,11,-10
1EEC18BF-9B7A-60C0-AC77-45C0FAEE2947,TO,TO,2,-11
1EE06EC9-C61F-6CE0-18AE-4765C2BDA462,PF,PF,5,-10
1F0B4729-383D-6F90-2CF4-4772A31BC0D0,TO,TO,10,-11
1F02EB82-1645-68D0-70C7-47C3825734EB,FJ,TO,5,-11
1ECE012D-10FF-65C0-101C-484251236E72,PF,PF,6,-10
1ECE06BC-CA9D-6F10-5185-49080DDD27AB,TO,TO,6,-11
1ED4E6B4-24C7-6E90-441D-49480064A9B5,NC,NC,10,11
1EF381C5-43F5-6090-9EAB-49DEBCD52854,PF,PF,7,-10
1EBD57C5-2CE3-69C0-6AB1-4A583A36C873,TO,TO,6,-11
1EF12528-36D9-65B0-60C5-4A94226E72C7,PF,PF,5,-10
1F053D1D-CCFC-66C0-52A2-4B386954D83D,PF,PF,6,-10
1F08CEFF-A663-6500-6E57-4C07861BEE10,TO,TO,9,-11
1ED019B3-BB1F-6370-5044-4D06295AC883,NC,NC,7,11
1F072246-C33A-6B40-573E-4D9E7884B7B3,PF,PF,8,-10
1EC95F8F-CE7C-6B00-97F7-4EA0BE3D97B2,PF,PF,2,-10
1EC7A4DC-6DDF-6C30-2AC6-4F1E60CC5380,PF,PF,1,-10
1EC38EF1-17C7-60F0-35D8-4F7F3D7EE6CD,NC,NC,10,11
1EDE5566-959B-6BB0-AA11-4FB551AA4FEC,NC,NC,4,11
C25386DC-BEEB-4A14-A189-500B4466103F,WS,WS,5,-11
1EC64662-BB42-61F0-3EAC-501DD7CFB4CA,PF,PF,12,-10
1F12BA7F-7881-6720-B43B-505100261A2A,TW,TO,4,-11
1EE785CC-AE03-6640-B3A1-50CF3DD9FE3C,PF,PF,10,-10
1EFEA5D5-3E8A-6B70-ADB2-513C3E1F8E54,PF,PF,2,-10
1EF2688E-4DE5-6B00-3549-516266226450,NC,NC,6,11
1ECD59BB-E227-6860-9656-5195644170E2,PF,PF,5,-10
1EF032FC-FB1B-6190-520E-51F66CCE9B5C,PF,PF,4,-10
1EDEF7D4-02BD-6BC0-44E0-52CF9A7945FE,FJ,TO,9,-11
1EE5D3B8-FF8E-6090-F6AE-52D9A6DBED36,FJ,TO,9,-11
1EFAC373-FD8B-6440-1AD6-52E9C2173F8D,NC,NC,11,11
1EDDB078-B71D-62E0-9F31-5306C5F78150,NC,NC,4,11
1EDC53EC-F172-6C40-4FBE-530A62277637,PF,PF,3,-10
1EEFC3B6-E58A-6FC0-F9A6-541F38CA884F,TW,TO,3,-11
1EE779C7-4EFF-6330-5BB3-54721B80624B,TO,TO,10,-11
51A9C7D3-B0E6-4B70-8F11-5537E76C08BF,PF,PF,2,-10
1EF47D25-B1BA-6F60-CF09-5585C873A5C1,PF,PF,6,-10
1ECE96CD-E3B2-62C0-0561-55D38FBC9C63,PF,PF,6,-10
FF93688B-0911-4987-BCCB-56859F5A48F8,WS,WS,7,-11
1EC043A2-09FC-6A80-F73B-569136477DB0,TW,TO,2,-11
1EEFAB71-F3B8-6E60-F951-56A6D88DB4A0,PF,PF,4,-10
1EEC6CD9-D671-6D40-021E-573601F844BA,TO,TO,2,-11
1F0310B3-4AD7-66B0-65F7-57A2DCFBD082,PF,PF,5,-10
1EE6D287-9EF4-6F30-FD4A-57AA303707C4,TO,TO,10,-11
1ED58D71-23C2-6D60-42F3-57E4E3E5CA73,PF,PF,10,-10
1F043542-0233-6EE0-C745-5803BCE056B1,PF,PF,6,-10
1EC039B0-DC1E-6D70-4748-59B4F65A4011,TW,TO,6,-11
1EF0405A-0F0A-6DD0-8788-59C2D4FF8B70,TW,TO,4,-11
1EFD890B-1849-60C0-56F1-5A1E8C822393,PF,PF,1,-10
1F0D1F0D-3442-64A0-FBD6-5A482B12A355,PF,PF,12,-10
1EC24D63-CE3B-6500-E804-5B1D3A127B4D,PF,PF,10,-10
1EDE136A-41BC-63C0-7137-5B2B86AE85F1,NC,NC,4,11
1F0A403A-C3A1-6470-9C2A-5B781923E459,PF,PF,10,-10
1EF52311-2772-6CD0-75FF-5BC5596A21E0,PF,PF,8,-10
1EF8B198-DEBF-6870-1ADF-5C7E5D3B4002,PF,PF,10,-10
855ADE76-4218-4024-AD43-5CBD16F55250,PF,PF,4,-10
1ED0794D-D31D-6C20-9CFD-5D77411BDB6C,PF,PF,7,-10
1F006608-488A-64A0-8477-5E009D3D7BA5,PF,PF,3,-10
1EBAC76A-3CD9-6610-0A01-5ED74A601A4C,TW,TO,5,-11
1EF9A978-198D-61F0-A3E4-5FD6B70754A7,PF,PF,11,-10
1F026D50-93AB-6FA0-8668-60569940D79F,TW,TO,5,-11
1F073088-F11D-6AD0-21A9-60D592A2C62F,WS,WS,7,-11
1EB0B4E4-EE50-6A80-9B98-613FE11EEFAE,PF,PF,10,-10
1EB4BC47-FFC5-6A90-1A20-62EA910B71EA,FJ,TO,6,-11
1EC9D6A9-ECB9-68C0-BFF8-6359D395AEF7,PF,PF,2,-10
1EAC732B-5F18-6CE0-C225-6396AE7DF9AA,PF,PF,7,-10
1ED22BF1-AF7F-68B0-9E27-63DAACAE6DB0,PF,PF,8,-10
1EB15B1C-AB42-6390-9B96-63ED2F78F204,NC,NC,10,11
1EBB2CF7-AA10-6740-FF01-642BE4BDD5CE,FJ,TO,3,-11
1EF827C6-3631-6C50-AD6A-659CBFA4F4EA,WS,WS,10,-11
1F000903-BCE9-63D0-0EDD-666578B92608,PF,PF,3,-10
1EF69C20-80A7-6650-4D63-666B05AC0B6B,KI,CK,9,-10
1EDDE683-F82B-6890-196F-667BB2B0D16F,PF,PF,4,-10
1EF26A56-925A-69B0-917D-68733B8F3641,TW,TO,8,-11
1F12C93A-CDF0-6E30-4FAE-690B895D4222,TW,TO,3,-11
1EC3159A-5754-6860-A980-6B06FD3F8063,TO,TO,10,-11
1EFDD30F-F199-64D0-5C51-6B4FC2CD50BC,PF,PF,1,-10
1F017274-F0B9-6D50-EC5A-6BA66B6AED8A,NC,NC,4,11
1EA90ED8-C35D-6AD0-5279-6D6BAA35A4CA,PF,PF,5,-10
1F0FD40F-4E72-6A50-D6D2-6D89D874E1CD,PF,PF,1,-10
1F05CE05-4931-6380-5D36-6D960CC1E405,WS,WS,7,-11
1ECD94BB-6C82-6F70-8E1B-6DD181BA4D1C,NC,NC,5,11
1EDC533D-7AFA-6590-F77E-6E063187B6C4,PF,PF,3,-10
1F123515-BF85-6300-C8E0-6E33EF539F8C,PF,PF,3,-10
1ECBA6FC-2205-6DC0-0C2B-6E3739DF4649,PF,PF,4,-10
1ED3938B-4052-6020-5627-6EB14D64A51C,PF,PF,9,-10
1F0F5C54-0588-61B0-F5B6-6EDE3E7EC7BE,PF,PF,1,-10
1EC1FEBA-1233-6EE0-82FC-6F5AF37A1438,TW,TO,9,-11
1EAAAE8D-EBCA-6120-3EC7-6F5BF00983A6,PF,PF,6,-10
1EF337B0-B814-6570-8AE0-6FB0AD3B9841,PF,PF,6,-10
1EB074E1-0B45-67B0-B66F-6FCFD167A436,PF,PF,10,-10
1EEF849D-180B-6C00-01F1-70ECFFDEEF19,TO,TO,4,-11
1EC888E4-E7E8-6210-C3DA-7165142A2BD1,PF,PF,1,-10
1F0449BC-75A0-62F0-7229-721B6BB9D179,PF,PF,6,-10
1EC3B703-ECCF-6C40-50CF-72F7BA44954D,TO,TO,11,-11
1F100A72-D2F0-6270-8427-7328B70280E8,TO,TO,1,-11
1EE2670A-246D-6DD0-D941-73970128A7D1,PF,PF,7,-10
1F11E825-91FE-6400-AF9E-742A9E8B1FA5,PF,PF,3,-10
1EBF66DF-8AC6-6D50-C3D0-74598D564671,PF,PF,8,-10
1F082BD1-7CB8-68D0-33A5-74A88CF3F79F,PF,PF,8,-10
1EC04652-AEA9-6F30-2B11-763AAA1BEFDF,TW,TO,6,-11
1F001C07-1DE2-6D60-DCF8-764771838A12,PF,PF,3,-10
1F058803-A469-6DD0-64BA-76C49E13BBA3,PF,PF,7,-10
1EB7A091-DA63-6BE0-9A1B-76FD57600F03,TW,TO,12,-11
1EBA79EE-5E62-6A30-B493-7725B1009BF8,PF,PF,4,-10
1EDD4485-3F14-6CD0-A3EB-777E9BF8AD22,PF,PF,4,-10
1EFD8F3A-48F6-6C10-EAC5-779169BA88EB,TO,TO,1,-11
1EBB2CE6-DD98-60B0-D436-77CE1CA9C497,TO,TO,5,-11
1EE0F145-B0FF-68C0-FF1D-78D749FC1A60,TW,TO,6,-11
1EE8A968-2452-60C0-A270-78DF17B3AC56,PF,PF,11,-10
1EACD00A-D9F3-6E10-8B88-79EE3684F427,PF,PF,7,-10
1F11275D-BDD4-60E0-20D9-79FADC1B1F57,TO,TO,2,-11
1EA03301-B13A-6FD0-4C00-7A3183ED0A08,PF,PF,1,-10
3A7F8B11-CF0D-417F-9BA8-7A8ABD2E1F45,FJ,FJ,8,12
1EBBD976-E245-6BC0-F21D-7AF29597FFD1,TO,TO,5,11
1EFE4091-95B7-6F00-635F-7B285ABAC63A,PF,PF,12,-10
1EFE5233-0AD8-6930-7B28-7B6919BBEADC,PF,PF,5,-10
1ED565BB-F8F5-6DD0-0A5A-7BC318B1536B,NC,NC,10,11
1ECC1B4B-4FF0-6A50-F321-7C13D4C979CE,TW,TO,4,-11
1EFEFB28-6CA8-6090-8AB1-7C5E984F64C1,TW,TO,2,-11
1EE176A3-F92C-66A0-6640-7C6C68655216,PF,PF,6,-10
A5D52128-CBB9-467A-B47B-7D0EFD556F14,FJ,FJ,7,12
1EF63994-B302-6FD0-3D13-7D3DE138B2EE,FJ,TO,9,-11
1ED60A43-BAA1-6A20-E178-7D83D59368E1,PF,PF,11,-10
1F02DC02-99A6-6380-6E95-7D99A8C0320B,PF,PF,5,-10
1F0F5607-7A0F-6C70-F3F5-7E5B8F8733C3,FJ,TO,1,-11
1EC0F331-93D9-6DE0-6903-7EA017F22DCB,PF,PF,10,-10
1EC8BC01-4B26-64E0-925E-7EF09C5BD164,PF,PF,1,-10
1F06DA94-5B0A-6330-9839-7F7451CB91F2,NC,NC,8,11
1EE8ADDA-6FD7-6CE0-B298-80DD11C16C79,PF,PF,10,-10
1E997F22-9B44-62B0-AC01-817D3758A7CA,PF,PF,5,-10
0957906D-165F-4E0F-8B85-81E3CC99640C,WS,WS,5,-11
1F031307-B8CC-6660-DED7-82D61E814948,PF,PF,5,-10
CADD2B63-AFDE-4DCE-8B4E-84130437C543,PF,PF,10,-10
1ECA21EB-2A5C-6650-34B5-844465F5D34D,PF,PF,3,0
1EAA5C84-1B5B-60D0-6DE9-851DCE83FF67,PF,PF,5,-10
1EE72E29-76E0-67D0-A9E5-85A52BD7396E,TO,TO,10,-11
1EBF806B-7475-6650-2B5D-86B503E109DF,TO,TO,8,-11
1ED7A155-EF63-68D0-6C71-87FD8AA8C228,NC,NC,12,10
1EE4C4CF-F3BD-6200-F162-883318A4D524,FJ,FJ,9,12
1EDCA098-3A81-62E0-8444-88809149A29E,PF,PF,3,-10
1EDB0B1D-1AFC-6210-A933-89E53A65AA38,PF,PF,2,-10
1ECF68C0-00BA-6420-F063-8A1FC7B6D9D9,TO,TO,6,-11
1EECD151-8266-6200-8F50-8A73B0048441,FJ,TO,2,-11
1ED5DC7E-B4EA-6BB0-50A5-8AD346EB454A,PF,PF,11,-10
1EE9D442-A72F-6D20-253F-8B1086E38E7F,PF,PF,12,-10
1EED40F2-D74A-6080-5B55-8B2154975335,FJ,TO,2,-11
1EBA6D0F-5A60-6A40-52F9-8B3EC740FCDF,TO,TO,4,-11
1EFF30B8-F08E-6790-91D0-8B6D0399C3D8,CN,CK,2,-10
1EE75311-32DC-6CC0-568D-8C24DB23CA36,TW,TO,10,-11
1EE68648-4023-66E0-7734-8C3AF3247912,TO,TO,10,-11
1F14896F-28AC-6130-9170-8C99DCA8440A,PF,PF,5,-10
1EEA5A8F-BB9C-6A50-B174-8D41B644BEAA,PF,PF,8,-10
1F112B68-4C29-6AD0-4566-8E400FA87338,PF,PF,2,-10
1ED31286-2587-62D0-A0AC-8E92A6D2CE1D,PF,PF,9,-10
1EED0FCB-E278-60E0-4AAB-8EC37B78FC3B,PF,PF,2,-10
1EEBD484-70F6-63F0-E885-8ED89603C07D,NC,NC,1,11
1EE16D07-EE10-69B0-0853-8F43E6BFDD03,TW,TO,6,-11
1EC931F1-AA1E-66D0-F215-8FB5A0A8BA87,PF,PF,2,-10
1EA8CAAF-AB84-6250-B35A-8FB89C589DAC,PF,PF,4,-10
1EE22B6D-8780-62C0-44F5-902606FB4000,FJ,TO,7,-11
1EBEB3D2-CC93-6B90-DF03-909D012FC890,FJ,TO,7,-11
EBE0D42D-6091-494F-838A-90F1F802912C,FJ,FJ,6,12
1EF56204-4919-6AF0-57D6-928E472F0FC7,PF,PF,8,-10
1E6D03FD-A7EF-6810-02A9-9336FC0208D6,NC,NC,8,11
A971858B-1725-4D0B-B571-9425A24B8D81,PF,PF,10,-10
AA491EAB-E2B2-436C-9ECA-9491F78BD25F,PF,PF,5,-10
1EF85EFE-3E8F-6DB0-6450-94D156A15336,PF,PF,10,-10
1EEB9933-F075-6400-B00D-950E4359E4D2,TO,TO,1,-11
1F02F52F-AF6A-6FE0-F6B4-95812EAFCBD4,NC,NC,5,11
1F08EBE1-41A8-6C60-5E57-95A34ADDB77A,FJ,FJ,9,12
1F04E5CD-4322-6820-9A3A-961D41FC8017,PF,PF,6,-10
1EFC608F-6A9D-6CE0-323D-97AF91D6A641,NC,NC,2,11
82D83B61-42D3-43D2-BE06-97CC72A616B2,PF,PF,4,-10
1E6D0564-DB68-6170-6B6F-980C58DC3914,NC,NC,6,11
1EF1421B-8FFC-61A0-9CDA-985DB7506C43,KI,CK,5,-10
1EE5767A-3B72-61C0-5B15-9A5E8D7A888E,PF,PF,9,-10
1EB6C1D6-D360-6400-0267-9B34194AADB4,FJ,TO,3,-11
1EE73AC1-7AF5-6600-8BD5-9BDFA5B4B522,TO,TO,10,-11
1EF7A29B-9B79-6A00-432D-9C2D81E3368B,PF,PF,9,-10
1EF45649-EDAA-64B0-901C-9C9471E2575A,PF,PF,7,-10
1EED0F3F-3C30-6A20-5822-9EA04A5C6838,PF,PF,2,-10
1ED09308-71E8-6D40-D702-9F36F4DF4A94,PF,PF,7,-10
CE416CA8-F631-42AF-9A56-9F951560703E,PF,PF,1,-10
1EEDE804-324A-6800-72E6-9FE0490CA1AD,PF,PF,3,-10
1F152416-51E1-6C20-60FD-A07FF724B941,TO,TO,4,-11
1EAFD292-FC0E-6A80-DCD7-A19E8EA15693,PF,PF,9,-10
1EEA8533-761E-6AE0-2F92-A1A736E56642,TW,TO,12,-11
1F06C952-9BFD-64D0-FE8A-A1FD8818C8EE,PF,PF,7,-10
1EEC225B-9CD4-64C0-DE42-A20868502596,PF,PF,1,-10
1EBEB38F-8E5A-6E70-D814-A2695C47FC20,TW,TO,7,-11
1F0EF8C6-CF7B-6B80-87F8-A38D7E240A35,PF,PF,1,-10
1EEFD9E0-CF05-6080-5D2A-A3A522333EFF,PF,PF,4,-10
1EB44752-736B-6050-26AD-A40835B50B43,PF,PF,12,-10
1EEBE146-75E7-6110-DD81-A4137E1C3CA2,TO,TO,1,-11
1EF2CE59-8FB8-6C90-53B7-A42A6CC8A260,TO,TO,6,-11
1F0BF437-4AB1-6AD0-D07E-A4641DE368D8,CN,CK,11,-11
8CAD91A6-1855-4203-90E1-A56EB84A36EE,FJ,FJ,10,12
1EF7BA2D-E687-6200-221C-A63CF9415D07,TO,TO,9,-11
1EFAB549-8756-6E10-D52B-A658AA9BC3B1,PF,PF,11,-10
1F0C0EA4-6818-6920-25D0-A705BE4AC4C1,PF,PF,11,-10
1EEA3A57-0C78-67C0-3BE1-A78E3B49277A,TW,TO,12,-11
1ED23FA3-D0EA-6700-EF21-A7DB4FDD8DDB,NC,NC,8,11
11008F50-FDC5-41AB-B1B7-A892FB0F4A9B,PF,PF,11,-10
1EE438C5-DF65-6050-A290-A8F773CFD00D,TW,TO,8,-11
1EAAA316-1D8F-67B0-F55D-A945BDD9CC91,PF,PF,6,-10
1EFD1570-0A5A-63B0-1E52-A9C2EC240B4F,FJ,TO,5,-11
1EC9C22B-4BDC-6700-D4A2-AB1D95A508B7,PF,PF,3,-10
1ECC6B9A-C453-6970-B272-AB43ABFD202C,TO,TO,4,-11
FEEBC25E-382F-4840-8601-ABDF4F065484,PF,PF,11,-10
1ECCCB4A-7CC3-63C0-441F-ACFDA1D6CE73,PF,PF,5,-10
1EC457BE-4A2C-6810-EB0D-AD41977BE095,TO,TO,11,-11
1EF38BE9-2DCA-6490-560E-AD87794F010B,NC,NC,7,11
1EECA164-8D6E-6C00-3E1C-AD8CEBAFD0C7,NC,NC,2,11
1F06381C-CC02-61C0-DE40-ADF52C5BE4A6,FJ,TO,7,-11
1F06B5A5-FA47-6F10-64B4-AEA4FCAAB8FC,PF,PF,7,-10
1EE9ED80-9888-6310-5E3F-AFE4B4439EB9,TW,TO,10,-11
1EADE9A9-BB63-6180-2458-B00813D54C81,PF,PF,8,-10
1ECE138C-91B9-6910-8EEF-B039A2D5107F,TW,TO,6,-11
1ED62EFE-E357-6520-2F7C-B039E0003A26,PF,PF,11,-10
1ED1103E-BE12-6B90-C42C-B0DD600CDE2E,PF,PF,7,-10
1ED430BE-E750-60E0-6152-B0FF87AF9A17,PF,PF,10,-10
1EBF2EE3-E05F-6C50-801B-B17B7D8CF335,NC,NC,7,11
1ED5B2FA-2930-6CD0-975B-B1A7CBE2C290,PF,PF,11,-10
1ECF8C8C-0B38-61A0-B1BB-B1B0799DECE8,TO,TO,6,-11
1EEF5B5D-B05C-6C20-5944-B20E7F268FE5,TO,TO,4,-11
1ED920C5-1419-69F0-94AF-B24AFCD0F46A,NC,NC,1,11
1F04B3D6-E156-66F0-9C3E-B2664DE8B3B8,TO,TO,6,12
1F08DED5-4669-6560-00AB-B278327D7215,TO,TO,9,11
E5291700-122C-41E3-9398-B2D4081B4022,PF,PF,10,-10
1EC77CE6-231E-6C50-6E47-B3DD6AC6E4CA,FJ,TO,1,-11
1EC136BB-C13D-6ED0-09F4-B418B73563FC,PF,PF,9,2
1EE68CCE-5B2A-6010-5311-B44789316E2C,NC,NC,10,11
1F054838-1BC8-64F0-E57C-B474FFADE04B,WS,WS,6,-11
1EFB8C5F-27D9-6800-1851-B4C934D9A153,NC,NC,12,11
1EAEFCD4-2E13-6110-DD2C-B613A380FF6C,PF,PF,9,-10
1ECCD1B9-0955-66C0-D288-B7A25A3A50AD,TO,TO,5,-11
1ECBD646-DC55-6170-9DC9-B8B667F6A8BD,PF,PF,4,-10
1EBA189C-BC77-64D0-4F9E-B965492E8A88,PF,PF,4,-10
1EE5F1C5-E045-67D0-3CD3-B9B6F3EC03BD,NC,NC,10,11
1EC7D5B5-EAFD-63C0-65C6-BA40EE0AB038,TW,TO,11,-11
1EC98F0A-54F6-66A0-402F-BA95B334519F,TO,TO,2,-11
1F01FE28-CC0A-6230-EFFF-BADE608059DF,NC,NC,4,10
1F0B3910-3C41-6FA0-D593-BB8D19B21924,TO,TO,10,-11
2915394D-3D5C-41A0-BB32-BBFCC10089C4,WS,TK,10,11
1EC77AF5-101B-6010-08EE-BC51B65B0C79,PF,PF,1,-10
1EC56234-F312-6E30-274D-BC865B78AA88,TO,TO,11,-11
1EE8801A-7AE8-6000-BB62-BCDB0F0FA25B,PF,PF,11,-10
1EDB0C8B-555C-6BC0-0665-BD025D91047F,PF,PF,2,-10
1F12785F-DCC3-6BF0-4307-BD1E6AA60A0A,PF,PF,4,-10
0585291F-962F-4FDB-9FAF-BD600E85A65D,PF,PF,12,-10
1EF4D525-CE89-6C60-C579-BEB116A6C803,FJ,TO,7,-11
1EE983C7-A719-6D70-3DEB-BF3D14F5A280,PF,PF,12,-10
1EEBC74F-9DE7-6CC0-B3AA-BF93BDDD72FE,PF,PF,1,-10
1F108570-3573-65A0-592E-BFAE9A7BBDB0,PF,PF,2,-10
1EDE3221-C050-6E40-E23A-BFB0DEA90DCE,PF,PF,3,-10
1EFE5B8F-28EE-6950-B880-BFC3E46BED31,PF,PF,2,-10
1ECCF318-9BDD-67B0-E49E-BFF23B207CFF,PF,PF,5,-10
1ECBA284-5212-6120-1A04-C0D7B2CD0821,TO,TO,4,-11
1EF4548D-DFA6-6070-85DB-C172BA41C494,NC,NC,7,11
AEB5C89C-1700-4606-B274-C20E3CCD820A,FJ,FJ,9,12
1F009016-EAC0-6570-F2E0-C24CCD978B9F,NC,NC,3,11
759F27AB-E2E3-4A92-A6EF-C28FD4F8C5E5,FJ,FJ,7,12
1F04C8F9-E96E-6990-DEA9-C3D59131D9D0,KI,CK,6,-10
1ECEB501-A00E-64E0-8B74-C3F8E91B1673,TO,TO,6,-11
1F10D43C-0454-60D0-EAE0-C47405C83320,PF,PF,2,-10
1EA9961B-3D15-67A0-F9B6-C48F5C12F52C,PF,PF,5,-10
1EB0D6B2-B68E-6AD0-2BB2-C4BB24282791,PF,PF,10,-10
1EECE191-89DC-60C0-8D9E-C4CAFFAE32C2,PF,PF,2,-10
1EDE0980-39E7-6300-B111-C53FB2A6B09C,PF,PF,4,-10
1F0974F0-838B-64F0-4927-C56B6A57A7D2,PF,PF,9,-10
1F11106E-045C-61E0-9B45-C637533109B0,TO,TO,2,-11
97DEDF19-BAFE-406E-9F0A-C660AFAC3ADE,PF,PF,8,-10
1EC2C916-2A2C-6FC0-4410-C667205ACBAF,PF,PF,10,-10
1EE67B52-C21D-63E0-3462-C68A446DBF43,TO,TO,10,-11
1EC497BC-2ED0-6100-0BFF-C6DC584536B4,TW,TO,11,-11
1EBD7858-3BA2-69D0-AF1F-C6E8FAF36D99,FJ,TO,6,-11
1EF17AB8-49BE-6370-630C-C73DBD8D175F,PF,PF,5,-10
1EEAC36D-D48A-60C0-3555-C74ABC912879,FJ,TO,1,-11
1EDC8149-B25A-64B0-2626-C75635F66299,TW,TO,3,-11
1EEBE27C-F19F-6190-FC14-C77C64A0C9B7,TW,TO,12,-11
1EB0C051-5436-6440-078B-C7B10B2C4703,PF,PF,10,-10
06D0D4BE-8C91-4CEB-B0E9-C7E63717B6C4,WS,TK,7,-11
1EBFC8CF-0492-6AC0-9B5C-C84B08D14213,PF,PF,6,-10
1ED4C5A4-CB15-60D0-DACD-C8CFDB9EA5A5,PF,PF,10,-10
1ED1A9B0-849F-60F0-01AF-C8E36E9D8EE7,PF,PF,8,-10
1EF37101-1487-63A0-1627-C9194071F3E4,NC,NC,5,11
1EB84783-53A7-6EA0-AB70-C935F0394D54,PF,PF,3,-10
1F139EA8-1A2D-69E0-0DD3-C95CB674460D,PF,PF,4,-10
27D6FC98-4ADF-4F47-AB0B-C99C97592FF0,PF,PF,9,-10
1EF96238-073A-68E0-0455-CA989A6D39E7,PF,PF,10,-10
1EFE5649-2B8F-6560-4705-CAD55DC36742,PF,PF,10,-10
271CBF4F-33E8-411D-A7B0-CAD6AEE4BEC6,FJ,FJ,6,12
E0F73A02-629F-4CBE-9F4C-CBD363B27291,TO,TO,2,-11
1F10B589-C7C3-6790-77C6-CC94DA45166B,PF,PF,1,-10
1EE4D322-F3BB-6610-B20F-CCE010246719,PF,PF,9,-10
1EF9DE9D-E8F5-6190-D3F8-CD651F85E985,PF,PF,11,-10
1F029DCD-4E58-6180-2E7B-CE2EB162A490,PF,PF,5,-10
1ECF72FF-4D6B-6C80-B17B-CE49E3CCE53F,PF,PF,6,-10
1EDCE5C9-6EA6-6450-AD4A-CE5F1A3DFF6E,PF,PF,3,-10
1F149234-631D-6530-6117-CE98269DC613,PF,PF,5,-10
1EC35E12-E6D9-6510-68FF-CEA5EFF09788,PF,PF,10,-10
1EF4FC0B-29E0-63F0-EA46-CEFAF2B966AA,PF,PF,7,-10
1ECD151A-5E90-6230-3BDF-CF75E3ABD417,PF,PF,5,-10
1EB4BAF9-9237-6590-B9D2-D1711CE6ADF5,PF,PF,10,-10
1EE7F6A0-2356-6A20-855E-D18BB737E632,NC,NC,11,11
1EB7AD47-09DD-6760-CDEF-D1FCD46017A8,TW,TO,3,-11
1F0D26D0-6636-61D0-786B-D22B6F36836C,PF,PF,12,-10
8ED02F40-B7EA-4197-9DF7-D282466B7EAB,PF,PF,9,-10
1EE5147D-8249-6CB0-8134-D2838024FCB5,PF,PF,9,-10
1EE4089E-5076-6B70-2257-D2EDFB3455C0,PF,PF,8,-10
BB148F0E-004B-4F32-BB65-D3052F156224,PF,PF,9,-10
1EE77BAF-18A7-6730-D056-D30F909F744C,PF,PF,7,-10
1EEC5EC4-6094-6370-C276-D326D9CE2997,TO,TO,2,-11
1ED6E771-F4A4-6CC0-B415-D3472D33EB5E,PF,PF,11,-10
1ECD1FCB-73DD-67D0-DD42-D42D26A9933F,TO,TO,5,-11
0B8C9F41-3B6A-492C-9357-D461C1BDCCC2,FM,CK,5,-11
1EF7E23F-DD89-6740-A9E6-D4BB94325F39,WS,WS,9,-11
527F9E43-E72D-4DC3-A42F-D50524A35B9F,PF,PF,7,-10
1EE2D7F1-3869-6E30-FD8D-D5DE3D7B2B44,PF,PF,7,-10
1ED95FF5-790C-6D20-60C8-D7674DC45C87,FJ,TO,2,-11
1EF28882-D71A-62E0-B7A9-D767970F62F1,PF,PF,6,-10
5E1FCEA3-8587-47C0-B6F1-D7C616F03B53,PF,PF,6,-10
1F0FAE24-EA19-62D0-9372-D92CC3DDC64A,PF,PF,1,-10
1EE0F3C2-C051-68D0-677B-D93CB2601AA9,PF,PF,6,-10
1EF2D009-1C8F-6190-2821-D9F0FD022075,FJ,FJ,6,12
1ECA01E7-BA49-6750-5434-DA1C7128A121,TO,TO,3,-11
1EFD35B6-6619-62D0-6198-DA742E575E7B,PF,PF,1,-10
1EF247C0-69AD-6610-B9B1-DB1B5AAEC3EB,FJ,FJ,6,12
1F0AFC27-9D87-6330-8D8D-DB91382AE67A,PF,PF,10,-10
1EC85725-D805-6460-91E2-DBD73428F8F2,PF,PF,2,-10
1EE20129-EC2F-60E0-AD48-DC4D872C2AE1,FJ,TO,10,-11
1EADB59F-10BD-6C00-286C-DC9E63294AC0,PF,PF,8,-10
1EC4FCF3-611B-6F00-15F2-DCBD0BA97A66,FJ,TO,11,-11
7957483D-63D0-48DB-9293-DD1BB61BDAD5,PF,PF,10,-10
928A03EC-A39B-482B-B566-DE0F2C1723C4,PF,PF,5,-10
1EFEC0B9-3654-6E20-ACF5-DE8540F80F09,PF,PF,2,-10
1EDF1512-BBAA-6290-F0FC-DEEDF1FD6892,PF,PF,5,-10
1F08E35F-24F2-6790-76E8-DEF6DB367C98,TO,TO,9,-11
6C28BDAD-068B-4966-A764-E04D0ECCE3E6,PF,PF,11,-10
1EA8351B-E5BA-6C50-B090-E061FF7A5FE2,PF,PF,4,-10
1EEDB31D-C7EE-6C10-5FD3-E06D9EAEE49B,NC,NC,3,11
1EC2A65D-6FED-6090-5908-E21B3BC7B402,PF,PF,10,-10
1EC410C5-1CB3-6E50-CD36-E25FB7F1D465,PF,PF,11,-10
181374E8-F822-4BC5-AD94-E30CB1394BF3,PF,PF,3,-10
1F0DC5C6-8BAA-6610-D4C2-E3106178E5A5,PF,PF,12,-10
1EBAB2FF-33A2-69E0-B233-E37158C88438,PF,PF,9,-10
1EEC91D4-D5E6-6310-2AFB-E3DA2195ECCD,TO,TO,2,-11
1F1523E9-6C79-6BF0-B578-E3FC1BC246D7,PF,PF,5,-10
1EAF209B-0624-6880-4C36-E54F10F5959D,PF,PF,9,-10
1EFAF344-7C7C-6790-BC57-E55537B32F10,PF,PF,11,-10
1EAD1FAF-A6B3-62E0-0CDA-E77706DDF484,PF,PF,8,-10
1EDA7FD7-6B8F-6230-D0A2-E7905011A2AC,TW,TO,2,-11
1ED9F568-9FB3-6920-EEEE-E82E2908CB70,PF,PF,1,-10
1EF28E73-807B-63C0-2EFE-E83BC63437B6,PF,PF,5,-10
1EC5E279-98A8-63D0-1A99-E87108889EF1,PF,PF,12,-10
1F075749-B8EA-6B80-00FD-E8929961364B,PF,PF,8,-10
1EEF2F03-4746-6460-7020-E89541FBCD04,FJ,TO,6,-11
1EF3E300-BF32-6090-E095-E8D3915327E4,FJ,TO,6,-11
9AB2FE47-F462-4210-A15F-E987C56D4E8A,WS,WS,8,-11
904960EE-02A0-445E-8FD2-E9F423809A27,PF,PF,11,-10
1EF6F480-48C0-6B70-2FB4-EA6F05D565B6,PF,PF,9,-10
1EB2D7C5-4AD4-6BD0-6C18-EA78667297E9,PF,PF,6,-10
BF2EE18E-5B04-4F92-B9C3-EB26DDA01A20,PF,PF,6,-10
1EA6D261-5E2E-6E80-84AF-EBC622C77D49,PF,PF,3,-10
1EA7D6A1-DE12-6080-A4EE-EC0CDD4ECB67,PF,PF,4,-10
1EFCFB61-4616-6760-37E0-ECADD3772BB1,PF,PF,1,-10
1F0AFA99-48F7-69D0-399F-ECF28B9889ED,TO,TO,10,-11
1EC83AB9-EE18-69B0-889B-ED1B89C3DCCC,PF,PF,2,-10
1EBBD975-F454-6A60-8329-EE2F0C7B1901,TO,TO,5,-11
1F10434E-7C00-6E50-408C-EE856F1C4882,PF,PF,2,-10
1EFADF78-3C18-6580-5977-EEBC53DFA2A6,NC,NC,11,11
1F13719F-2EE0-6030-DD0C-EF77CC10F1B0,PF,PF,4,-10
1EEEC674-9C02-65A0-73F0-EF85E3DF1F36,PF,PF,3,-10
1EEC941D-95DE-6290-F3F3-EFA12B42CB76,PF,PF,2,-10
1EE95047-B702-6920-6E51-EFEF19EF0E6E,FJ,TO,12,-11
1F08AB7C-BE11-6720-A911-EFFA9F4F72C4,PF,PF,9,-10
1ECA5150-FC2B-6E80-6D09-F0055F69118E,TO,TO,3,-11
884D8B82-4396-44A6-A47D-F05374546F64,CK,CK,4,11
83F8204E-97A9-4073-9833-F0E3D8478FA3,FM,CK,12,10
1EA40683-29D0-6870-B90A-F17201BD2512,PF,PF,1,-10
1EEBEE99-146A-6E90-C1B2-F1856494763A,FJ,TO,11,-11
1F082A9F-8EA6-6480-CF7B-F1D28F700D87,PF,PF,8,-10
1F0BB5FE-EFF2-6070-A8DF-F2B152EDCA5A,PF,PF,11,-10
1EC847F6-53E5-66A0-C1C7-F2B484BF4C08,PF,PF,1,-10
D747C22F-2FA1-496A-A5A8-F2BC0AFF0059,FJ,FJ,8,12
1EF4F7EC-70EE-6350-C0CF-F2DB86CF127F,TO,CK,7,-11
15F124DA-A625-4851-9B14-F2DD73ABEEA6,FJ,FJ,5,12
1F0431FA-237F-69F0-E8C0-F338796B7F3A,PF,PF,6,-10
1EF7152F-58DE-69B0-EA84-F34594D05E90,NC,NC,9,11
1EDDBBCF-655B-64E0-7564-F40A0BF6AC3C,PF,PF,4,-10
1F0A15B9-43A9-6B10-F201-F444AB9BD6F2,PF,PF,10,-10
1EF2F43F-B9BC-69E0-D7BC-F47779F3ECA9,TO,TO,6,-11
1EC4B475-BE61-67D0-1BDC-F502899DEB93,PF,PF,11,-10
1F11CF91-A164-6EA0-8290-F567ED3C912F,TO,TO,3,-11
1EEAD7CC-EDD8-6CC0-FD9F-F5C4365F57CC,PF,PF,1,-10
1ECA607B-E14F-6870-170A-F63CCFC98324,PF,PF,3,-10
1EFBDF0B-0276-6FF0-3EC0-F6A25145CBE4,NC,NC,12,11
5B65D293-52D1-455B-A231-F6A648B6E010,FJ,FJ,6,12
1ED32327-9543-69F0-8D05-F7EB670449FB,NC,NC,9,11
7CB4DAFF-A998-4400-A9F4-F82C4B3CF819,NC,NC,10,11
1EAEFD87-8425-6950-AA3E-F83A5408E481,PF,PF,9,-10
8006BC45-749A-493D-B3F5-F85EDAA36292,FJ,FJ,2,12
1EE5CC7E-AC8C-6EA0-EB72-F8A797239EB7,TO,TO,9,-11
1EE7F40E-27B9-6B10-18F5-F8CA1EC08554,PF,PF,10,-10
1F0449E2-9763-66A0-D894-F925ED0F1D9F,PF,PF,6,-10
1F103AC1-47D2-64C0-901E-F93EE7EF9D9A,TW,TO,2,-11
1EE97D9E-5D0D-6530-87BE-F9D72EBD16EB,PF,PF,12,-10
1EAA13CA-2C01-6B30-9CBD-F9D99AADB2CC,PF,PF,5,-10
1ED94036-410F-68C0-5A6C-F9DCD9F9D38F,PF,PF,1,-10
1EB8F61A-0260-6CE0-DA64-FAC103D8DFE9,PF,PF,3,-10
1EBFCAB1-D74E-67A0-1258-FB657F4F25E4,PF,PF,8,-10
1F133BD5-EA93-68E0-D259-FCACFDEB8C4F,TW,TO,4,-11
1F06B3F5-558A-65B0-073A-FCE5D30C0E88,FJ,TO,6,-11
1EF11752-FC74-68D0-4E8D-FD8E27D57898,PF,PF,5,-10
1ECD07C5-9A52-6500-52EF-FE122320198A,PF,PF,5,-10
1EE71F98-B5D7-6FA0-B46F-FE5DE19809FF,PF,PF,9,-10
1F06B45E-6F8D-6CF0-C8E6-FEC5CD1FFD88,TW,TO,7,-11
B0F75392-FB90-491F-AD6D-FF361984CB1E,PF,PF,11,-10
1ED98630-429D-6CB0-7D30-FF3897670F71,PF,PF,1,-10
1EF777BB-3622-6090-AD1B-FFE8B4F28793,NC,NC,9,11