log_trip_id,vessel_flag,primary_eez_code,departure_month,modal_offset
40DFCD4F-1A0D-C09B-4762-39DA04F1AD97,KI,GL,1,12
CCBCBDB3-118C-AEF2-4AD3-39DA04F1B88A,PG,PG,1,10
9FCBE677-63D6-8E1D-743F-39DA04F1BC29,PG,PG,1,10
2D1A34D8-7E50-2B4D-1178-39DA04F1BEF2,FM,MH,1,11
B952C176-5BF1-31DE-FFD7-39DA04F1C847,KI,PG,1,10
669B641F-F0DF-5FAA-CFC7-39DA04F1CDC7,NR,FM,1,12
669B641F-F0DF-5FAA-CFC7-39DA04F1CDC7,NR,GL,1,12
76111D1B-0F19-53E1-5A5F-39DA04F1D27B,NR,FM,1,11
CEF34686-227E-4E94-4593-39DA04F1D578,PG,PG,1,10
F1438DB6-AFF1-280F-9256-39DA04F1D8DE,PG,PG,1,10
C1E08113-79FE-4E8D-A98B-39DA04F1D973,PG,PG,1,10
CA6B9BB3-2A02-0450-2D83-39DA04F1E121,TW,PG,1,10
524E52C8-F48D-667D-156C-39DA04F1E9A1,PG,PG,1,10
4F7360CE-D96C-6CBB-9BB9-39DA04F1E9EB,PG,PG,1,10
F59FF418-5CB4-E02D-FD68-39DA04F1EC3A,FM,PG,1,10
4CB0A95A-F001-DE29-8776-39DA04F1ECBF,NR,FM,1,11
EB4EB404-0ED0-9ED5-1C4A-39DA04F1F633,PG,PG,1,10
4EEF1E91-0C28-2FC0-3D50-39DA04F1FC6A,TW,FM,1,11
E73A008C-BAB8-88E9-34A0-39DA04F20248,PG,PG,1,10
5493604F-40F5-637D-68E6-39DA04F208C0,NR,NR,1,11
9C3D2C7F-9DFB-67FB-1556-39DA04F20AEF,PG,PG,5,10
FBCC0195-FF2A-B867-F982-39DA04F2108A,PG,PG,1,10
EE494214-8114-264A-A88A-39DA04F21A54,NR,MH,2,12
CC4E7C78-E663-49FA-A130-39DA04F22C15,FM,FM,2,11
37EC43CA-D7F3-49EC-E517-39DA04F2366C,PG,PG,2,10
AB9F062D-80E3-418C-090F-39DA04F23841,NR,FM,1,11
9EF1BB35-700C-C6DE-089C-39DA04F238CC,NR,FM,2,11
E2B5DC34-8D56-D90E-A502-39DA04F23D26,PG,PG,2,10
261235BA-76CE-DBF4-9836-39DA04F240B2,KI,FM,2,10
F407D4F0-16E8-A818-7D3D-39DA04F24149,PG,PG,1,10
C7A6A33D-4DB9-E3FD-0BB6-39DA04F242B5,FM,PG,2,11
9E3FB6C8-98DF-961F-3521-39DA04F247A5,PG,PG,2,10
7EF93DBB-7BB5-EF37-7A3B-39DA04F2482E,SB,SB,2,-12
884A7498-1E23-FC3C-8301-39DA04F2498C,PG,PG,2,10
0FEF2F23-835D-4ED0-856A-39DA04F24A4E,PG,PG,1,10
08D8C733-92C0-4A1E-74B3-39DA04F24B29,PG,PG,3,10
4962A14F-F4F2-D715-740B-39DA04F24C44,PG,PG,2,10
5A1F2B4C-3F7A-AA25-86FF-39DA04F24E0F,PG,PG,2,10
4BBA7600-0D92-846F-746A-39DA04F250AD,PG,PG,2,10
9B9F6AA7-8DF0-6276-F0BB-39DA04F251F4,MH,PG,2,11
783BCCF6-302E-6134-13C5-39DA04F2550E,PG,PG,2,10
318C82B0-E516-16FD-8511-39DA04F256DF,PG,PG,2,10
6CBC17A0-B824-7FEA-C48E-39DA04F26E95,NR,PG,2,10
6CBC17A0-B824-7FEA-C48E-39DA04F26E95,NR,PG,2,11
027B13F1-844F-5285-9B9E-39DA04F26FF5,PG,PG,2,10
F091A6D3-3A8A-8228-BA08-39DA04F27755,PG,PG,2,10
D323D57D-0569-E90D-022D-39DA04F27A4F,PG,PG,2,10
BCF058D7-9768-2F07-E4B1-39DA04F28B02,PG,PG,2,10
C7709B58-9594-B2B7-A50A-39DA04F290EF,FM,PG,3,10
0570D5E9-C4AC-D11B-BBED-39DA04F29343,KI,GL,3,12
BC85E870-BE13-58B9-DA94-39DA04F2947B,TW,PG,3,10
38762A8A-2102-AF25-5B44-39DA04F29A6B,KI,MH,2,11
38762A8A-2102-AF25-5B44-39DA04F29A6B,KI,NR,2,11
A5C448C8-FF18-ED4A-8E9F-39DA04F29B1A,KI,FM,3,11
CD5953F1-CE59-7602-938D-39DA04F2A306,NR,FM,3,12
278630DD-6DC9-2BDC-6D2E-39DA04F2A36E,SB,SB,3,11
388449EF-6FE2-C32F-95EB-39DA04F2A6E3,PG,SB,3,11
0A85B800-C0E5-272A-F350-39DA04F2A72C,FM,FM,1,12
B8B37AED-4C54-16FB-D1D5-39DA04F2A8BE,SB,PG,1,11
CFDE18EB-EBFE-9437-4883-39DA04F2AE5E,KI,FM,2,11
FF70E39D-44FA-F444-8B2B-39DA04F2B03B,SB,PG,1,10
00B6A1AA-9DEF-98CB-F9FE-39DA04F2B6DE,PG,PG,3,10
8BFD50E1-3BB0-19E0-74DC-39DA04F2C871,PG,PG,3,10
0F03CAD1-EF80-A664-CA78-39DA04F2CA11,PG,PG,2,10
3DC37DDC-8E1F-7FD4-1E7E-39DA04F2CA61,PG,PG,3,10
1B1348BF-0604-E927-FA56-39DA04F2CAC9,PG,PG,3,10
05F1FDF7-64B2-D946-D4C3-39DA04F2CC02,KI,GL,3,12
05F1FDF7-64B2-D946-D4C3-39DA04F2CC02,KI,NR,3,12
F370B14E-D550-99E9-66B8-39DA04F2CF85,PG,PG,2,10
0E782C76-2087-FD8F-4D69-39DA04F2D1FF,PG,PG,3,10
A4D15186-E814-811C-DF79-39DA04F2E042,PG,PG,3,10
95F4E6C6-0594-B051-9CA3-39DA04F2E3DA,NR,FM,3,10
D958735F-9B9E-6959-A32F-39DA04F2EAA8,PH,PG,2,10
61C69227-0799-D17F-5D75-39DA04F2ED2E,PG,PG,2,10
A4979306-EB59-F239-2C9B-39DA04F2EDD2,PG,PG,3,10
1E268261-7769-995D-1FB4-39DA04F2F2BB,PG,PG,3,10
19FE008E-FDCE-5AF1-7801-39DA04F2F5C7,KI,PG,3,10
D494E2EC-F230-27BB-8D36-39DA04F2FF65,PG,NR,3,10
675C94ED-F1C3-4E7E-0328-39DA04F307FD,NR,PG,4,10
DEBB0E1D-C67A-7BA6-AE99-39DA04F30C4F,PG,PG,1,10
9F75A02F-E6AA-2073-6D63-39DA04F30CB7,PG,PG,2,10
D3F56F46-ED80-687E-9793-39DA04F31B96,FM,PG,4,10
A227C766-0337-9D42-A5D7-39DA04F3200E,NR,SB,4,11
65AD254A-EB97-4377-2EA1-39DA04F32DEB,KR,PG,4,10
8BB88D47-F54A-1B62-9945-39DA04F334EC,PH,PG,4,10
D33C5E54-978E-25DF-32EA-39DA04F33971,PG,PG,5,10
7481AB8B-8B38-1969-1502-39DA04F33EB6,TW,GL,4,12
02820E07-4E02-E363-30E8-39DA04F346AA,PG,PG,4,10
A9D9D0DC-E3CA-E0A4-4602-39DA04F347C7,NR,SB,4,11
97A5D074-53DD-94B9-C99A-39DA04F34AAC,PG,PG,4,10
598F9101-7EC3-EA4F-35EB-39DA04F34F03,PG,PG,4,10
94A99DF0-35DA-02D2-47EA-39DA04F34F44,NR,MH,4,12
94A99DF0-35DA-02D2-47EA-39DA04F34F44,NR,SB,4,12
DD045EEB-715D-5AD0-A708-39DA04F34F8A,KI,GL,4,12
B01970D5-692B-59B3-3019-39DA04F35017,FM,FM,3,10
E419DAE3-807E-D8A0-CF3C-39DA04F350E8,FM,FM,4,11
12343641-C407-88C2-6A15-39DA04F351DF,PG,PG,4,10
CEE3003A-59F2-0203-49A6-39DA04F35407,NR,MH,4,12
8E82ED1E-AE43-FA85-A5E0-39DA04F35670,PG,PG,4,10
23DB10C3-9E81-3A25-0BFD-39DA04F35BA0,PG,PG,3,10
EB9388C1-38B1-8B00-C8C7-39DA04F35C1C,PG,SB,4,11
54FB538C-3335-630F-B02D-39DA04F35F10,FM,FM,4,11
F7B8B209-5AB6-9630-F26B-39DA04F35F80,PG,PG,4,10
F2E64756-81FF-9030-7955-39DA04F36A1F,PG,PG,4,10
6EE37268-C784-120E-F4F0-39DA04F36B41,KI,GL,3,12
8A2AD2CE-7C90-239C-771F-39DA04F373B1,PG,FM,5,11
B2560185-4924-0607-241F-39DA04F3748C,FM,FM,5,10
4284BBB0-4CC3-4785-78CB-39DA04F37C51,PG,PG,5,10
65A599DF-AD76-9686-96FD-39DA04F38D53,TW,GL,5,12
6DA36A12-B381-5DFE-631C-39DA04F38E21,SB,FM,4,11
6DA36A12-B381-5DFE-631C-39DA04F38E21,SB,FM,4,12
6DA36A12-B381-5DFE-631C-39DA04F38E21,SB,PG,4,11
6DA36A12-B381-5DFE-631C-39DA04F38E21,SB,PG,4,12
F2D7E181-65AB-C640-3E8C-39DA04F39582,CN,GL,5,12
084F674C-856A-8EFB-7FEE-39DA04F39E40,KR,PG,5,11
51972D9C-94A2-4CC8-B174-39DA04F3A020,NR,MH,5,12
CB4AC60B-19AD-E474-100E-39DA04F3A2A3,PG,PG,5,10
ED0CA024-2A82-B2DC-19A1-39DA04F3B093,PG,PG,5,10
D4C55132-E6C2-C422-D9FA-39DA04F3B4FE,PG,PG,5,10
882C24E7-A19B-CF1D-BAE1-39DA04F3B796,MH,I4,5,12
6925F218-C58D-6533-2CCD-39DA04F3BE09,KI,GL,4,12
D861D3CE-9194-67DE-9366-39DA04F3C346,KI,PG,5,9
CCE9CF3E-0BDE-B326-AC15-39DA04F3D8FC,PH,PG,5,10
AE13DA2C-73C0-E6BD-DB58-39DA04F3E57E,PG,PG,5,10
326FB660-EBA0-C775-AEC4-39DA04F3E6C8,MH,I4,5,12
9E6C02A9-5D2D-E46F-F847-39DA04F3ED0B,PG,PG,5,10
0E7B4E9A-6E31-8DEE-D972-39DA04F3ED6C,PG,FM,5,10
0BC030E3-1683-0DA0-6C93-39DA04F3FBE2,FM,FM,5,11
6106B856-51DF-13AA-14E8-39DA04F40068,KI,GL,6,11
B7197C6C-E049-2199-BB9B-39DA04F40110,KI,FM,5,11
39001EC9-BD6E-4A35-5DC3-39DA04F4033C,PG,PG,5,10
11BDBB21-B189-5D34-C451-39DA04F40376,PG,PG,6,10
B3C33FA0-CC50-3264-6DA4-39DA04F404F5,PG,PG,6,10
C5C6C3CD-D427-61AF-3019-39DA04F40889,PG,PG,6,10
8AFEB4E7-08D0-2E58-14A1-39DA04F41461,PG,PG,6,11
D7CC2051-57AD-B6A0-3948-39DA04F41A4A,PG,PG,6,10
990D9740-4660-6B4F-19BC-39DA04F42293,PG,PG,10,10
4F82BF1D-86E8-EA21-AE9B-39DA04F425DD,KI,PG,10,10
060C9BA6-A5D8-F123-B274-39DA04F437BE,PG,PG,10,10
C12B8C8F-D774-8BF9-57E1-39DA04F487AB,KR,GL,7,12
1B1572D9-241F-8063-779D-39DA04F48806,KR,GL,8,-12
51F72A00-A4CE-6FE9-22F4-39DA04F59D92,PH,PG,1,10
BA67ABE5-4B0F-61E8-BECC-39DA04F5A4D7,FM,SB,1,11
0781059F-9E1A-0E39-C244-39DA04F5BB2E,PG,PG,12,10
D5F60C1D-E4E5-6CF5-285D-39DA04F5BDE1,PG,PG,1,10
933C88CC-D3AB-FBD5-24D6-39DA04F5C0B2,SB,SB,3,11
C97CC3AF-1E7A-5C71-0A85-39DA04F5C3EB,PG,PG,1,10
2116F9CF-6814-832D-451B-39DA04F5C532,PH,FM,1,10
DCF69857-5AF0-5008-65C5-39DA04F5C61D,PG,PG,1,10
D53E153E-8103-0496-4290-39DA04F5CEED,PG,PG,1,10
E95A49FD-4419-EBA8-F0DD-39DA04F5E6F6,KI,PG,2,10
3783E645-C043-9DE1-6C32-39DA04F5EFA1,PG,PG,2,10
B218432C-8FE8-FE00-ED9F-39DA04F5F1FC,PH,PG,1,10
B3692835-72DF-BA50-08D3-39DA04F5F3BF,PG,PG,2,10
E37EC721-0F6B-C186-A06F-39DA04F5F48E,KI,GL,2,12
51591845-D2A2-A9D1-30DD-39DA04F5F91A,PG,PG,1,10
C14C1FD2-7F7A-5D4D-57CD-39DA04F60708,PG,PG,2,10
2154E6F0-EF65-283F-6BF4-39DA04F608DA,KR,PG,2,10
354CA79F-649D-8DDD-1C8F-39DA04F60BA4,PG,PG,2,10
1151BE99-7EFA-027E-478F-39DA04F612AB,PH,PG,2,10
17C21FA3-CF9B-FA76-2B59-39DA04F61B7E,PG,PG,2,10
AE3983B6-67A3-05DD-69D7-39DA04F61C51,FM,GL,2,11
5F9EB879-7B88-6181-EE42-39DA04F62B89,MH,NR,2,12
4B7ACF80-CC7C-ED70-92FD-39DA04F62C31,FM,NR,3,11
25E97924-55DE-B13E-E45F-39DA04F62F4E,FM,MH,2,11
E30E99E2-B2D4-FA6B-815A-39DA04F63484,PG,PG,3,10
10F13C4E-8F97-3C62-48E9-39DA04F65145,PG,PG,3,10
DE7DEFF3-114D-AE40-A908-39DA04F655B8,PG,PG,3,10
27852F32-D49E-36C4-8F64-39DA04F6565F,FM,NR,3,11
EF5C9825-D99B-5D19-E12A-39DA04F656A2,PG,PG,2,10
D8DC9B8A-A770-FD01-F867-39DA04F663F3,PG,PG,3,10
F38C69FD-8D86-8830-7F07-39DA04F67254,KI,PG,3,10
7EE41A47-2CB6-C162-482A-39DA04F67453,PG,PG,3,10
6A51F641-EB35-47A9-B9B9-39DA04F675FE,FM,NR,3,11
D05B5D91-BE27-B8EE-474D-39DA04F67640,PG,PG,3,10
14637552-5653-C20E-E886-39DA04F67C47,PG,PG,3,10
7F4C98C3-F1CC-8F6F-F84C-39DA04F685B9,KI,PG,3,10
C109D214-79AD-43C5-2D55-39DA04F6A058,MH,I4,4,12
974A6418-4D7C-1505-6085-39DA04F6A194,PG,PG,4,10
45C383E0-5445-F9A5-99CB-39DA04F6A44C,PG,PG,3,10
6B7D6A0C-D607-895A-14A1-39DA04F6A9AB,PG,PG,3,10
68AA052A-DC03-803B-ACBB-39DA04F6B5FF,SB,SB,4,11
98C3D3D1-5C7B-AE36-0D17-39DA04F6BCFE,FM,PG,4,11
3962BC69-A203-3BF7-D0D4-39DA04F6C314,PG,PG,4,10
E6F2E5AD-BC97-2449-1328-39DA04F6C58C,FM,PG,4,10
D8A562F2-B3C4-EB56-20C4-39DA04F6DFD5,MH,SB,4,11
5DE654E6-4033-8B35-68F8-39DA04F6E06E,PG,PG,3,10
EC39E283-5BB8-264A-406B-39DA04F6E0F6,PG,PG,4,10
77598590-F29F-17AB-37DF-39DA04F6E25E,PG,PG,4,10
A0E505CC-7DBD-33B7-ED88-39DA04F6E691,MH,I4,4,12
2FA43F31-9A86-3168-660F-39DA04F6EBB3,PG,PG,4,10
495B31DC-674C-3B52-F2C9-39DA04F6F292,MH,I4,5,12
2F8E9557-D2F3-BD4A-EAB3-39DA04F6F786,FM,FM,5,11
2F8E9557-D2F3-BD4A-EAB3-39DA04F6F786,FM,PG,5,11
D32D0C1D-8ECE-8784-9E8E-39DA04F6F9C1,KI,PG,4,10
1285DDD2-A0AF-D822-62CE-39DA04F70613,FM,FM,5,11
3E5F011B-D5D7-D1D4-F9A2-39DA04F70AD0,PG,PG,5,10
EFFA607F-A84E-14AB-1BBF-39DA04F70AFA,PG,PG,5,10
F3EA8AB9-3BE1-A5C5-AFC9-39DA04F7123D,PG,PG,4,10
CFEA65F4-8DEA-9EBE-98FC-39DA04F713DC,PG,FM,5,10
F2FAC60A-4F52-9339-8F9A-39DA04F7159E,SB,GL,4,11
2CFFF402-6592-EC36-95BA-39DA04F7227D,PG,PG,5,10
316C7A29-E9CC-4DFA-7559-39DA04F7258A,PG,PG,5,10
D29676ED-E11D-E240-44B4-39DA04F72D59,MH,GL,5,12
DDF9E480-11BC-AC08-CF97-39DA04F7307F,PG,PG,5,10
DE329687-D741-66E3-1BC8-39DA04F7566F,PG,FM,5,10
DE329687-D741-66E3-1BC8-39DA04F7566F,PG,PG,5,10
D083C5FE-0B3E-C616-7E37-39DA04F75B0D,PG,FM,5,10
1E99D469-485C-9017-50F5-39DA04F75BF5,PG,PG,5,10
70820996-D694-854C-1967-39DA04F75EE3,PH,PG,5,10
FD513D22-0B05-4488-CF88-39DA04F76274,MH,FM,5,12
90E5D618-3140-A364-40AB-39DA04F767BB,PG,PG,6,10
AB6C980B-8121-BD28-B372-39DA04F76935,FM,NR,5,11
D2EEE510-FAF5-F657-7C1D-39DA04F76E6E,KR,FM,6,11
50B61FD7-4150-7C50-3538-39DA04F77059,PG,PG,6,10
8944EEAF-CDB4-0C99-4EF7-39DA04F772E8,PG,FM,6,10
B7F69EE5-FBE5-A9E6-F24D-39DA04F779E7,PG,PG,5,10
EA6C0BF2-C774-2C4B-3508-39DA04F78151,PG,FM,5,10
218E97EC-1291-1993-4FC7-39DA04F7868F,PG,FM,6,10
A061A337-0E36-B5E0-8C85-39DA04F78F27,PG,PG,6,10
3E31FC0F-3900-3F0E-8181-39DA04F79110,PH,PG,6,10
477B92DF-AB31-0633-68BE-39DA04F7953A,PG,PG,6,10
01B9E07B-18E0-C21E-BEC1-39DA04F799BC,KI,NR,6,11
2631B97F-56CA-FFB8-D08F-39DA04F7AA0F,FM,FM,6,11
863FF4C6-8510-9425-DD20-39DA04F7AB85,PG,PG,6,10
5AC2E2BC-95AB-3890-981F-39DA04F7ACD2,PG,PG,6,10
0FC82570-D0A5-74E9-5BDC-39DA04F7B077,KI,FM,6,10
A0C0CD3B-EDB7-A989-33EA-39DA04F7B273,KI,PG,4,10
A0C0CD3B-EDB7-A989-33EA-39DA04F7B273,KI,PG,4,11
746A9AA0-94B3-BF2A-EA4A-39DA04F7B2DF,PG,PG,6,10
B4BB1DFF-A753-82FD-47A6-39DA04F7B63D,FM,FM,6,11
3EE1FA1B-AD58-6059-D45F-39DA04F7B9FD,PG,FM,6,10
4DE4E617-E6CE-B711-A923-39DA04F7BD72,KR,NR,7,10
982146F1-A626-9296-AF86-39DA04F7C23E,FM,PG,6,10
982146F1-A626-9296-AF86-39DA04F7C23E,FM,PG,6,11
9CAEBB44-5D82-E70E-72BD-39DA04F7C5AB,TW,,6,11
9CAEBB44-5D82-E70E-72BD-39DA04F7C5AB,TW,,6,12
1D5567B4-F15F-1B18-359A-39DA04F7C6FC,FM,FM,6,11
DAAF856C-CD96-5969-1AF0-39DA04F7C775,PH,PG,6,10
4737AD82-705D-9484-B527-39DA04F7CA8A,PG,PG,7,10
8E2DDDCC-6731-5117-4A94-39DA04F7D1B0,PG,NR,7,11
506C3A76-B130-E3D4-C26C-39DA04F7DF93,PG,PG,7,10
CA15D0FC-8732-B01E-FE1A-39DA04F7E038,KI,NR,7,11
54644AAC-1A71-0994-6481-39DA04F7E60A,FM,FM,7,11
04E709A4-9698-EEB4-49C4-39DA04F7EB2F,PG,PG,7,10
A39AFFCB-C2B1-E2F7-5803-39DA04F7EC5C,PG,PG,7,10
F5CAF218-13FF-EF8E-3639-39DA04F7F360,PG,PG,7,10
9C8D0174-9A6F-5A76-923D-39DA04F80B47,PG,PG,7,10
6CD82D57-3F58-E9CE-E708-39DA04F80DA2,PG,PG,7,10
5E78F7F4-34ED-AF75-9CBD-39DA04F81355,PG,PG,7,10
9181F880-488B-312E-7E0E-39DA04F813E6,PH,PG,7,10
A4687A9D-B0BF-FD0E-2579-39DA04F8169C,PG,PG,7,10
3BAAC4E0-B1F6-419D-7B93-39DA04F81FDE,PG,PG,6,10
D3BE0F8F-73FE-6508-EEEF-39DA04F8212F,PG,PG,7,10
BE167AF4-AD15-AE40-B1FF-39DA04F8260B,FM,PG,6,10
4E90A424-B3B3-B8AE-75EA-39DA04F830B2,SB,I4,7,12
0D579152-A0B0-71CB-4225-39DA04F83151,TW,PG,2,10
DB2FA0EA-0050-E7DA-1422-39DA04F83346,MH,NR,7,12
9F7FF44F-CE21-B92E-0573-39DA04F83CFE,PH,PG,7,10
4A5DAB0B-8956-68A7-4F76-39DA04F84036,PG,PG,7,10
B4B902FB-2CD6-6041-503A-39DA04F840C6,PG,PG,7,10
758359B6-489F-BA01-0589-39DA04F8416C,PG,PG,7,10
DE9C9710-9192-D319-3157-39DA04F84E22,PG,GL,8,11
F33DFBCB-C629-C55A-00D5-39DA04F859EF,PG,PG,7,10
2122F166-5801-04E7-1633-39DA04F85E18,FM,FM,8,11
693DC429-A598-8456-8D44-39DA04F863D1,PG,PG,7,10
ACFC2A1E-0D33-6147-5147-39DA04F8640B,KR,FM,6,10
58CBA9F3-E3F9-6AA8-010A-39DA04F86C00,PG,PG,8,10
AAE9801A-1A65-2BE5-BFDC-39DA04F8707A,FM,FM,8,-11
DBB5D775-3843-C964-D415-39DA04F88988,PG,PG,9,10
A0A0E95E-4034-C31D-FC6B-39DA04F889ED,TW,,9,12
8ED1BA8D-C5DE-2B16-BB16-39DA04F89110,PH,PG,9,10
640D56DA-DF98-FF3E-DD0E-39DA04F897EC,FM,FM,9,11
752089AE-1811-DB9E-38FA-39DA04F899D8,TW,,9,12
ADDAB804-675F-ACD7-0A86-39DA04F89B33,PG,PG,9,10
0392ABD4-8BFE-4A5A-E6B2-39DA04F89DC2,PG,PG,9,10
A0E7CAFF-2845-3BE0-555C-39DA04F8A580,PH,PG,9,10
177C0A7A-6EAD-15AF-C29B-39DA04F8A9B8,PG,PG,9,10
FC429385-BF9E-3F9C-C652-39DA04F8AB1F,PH,PG,9,10
D868FE70-A621-1878-2083-39DA04F8ABF6,FM,I4,9,-11
3FC485D1-DFCE-3253-1797-39DA04F8ACE9,PG,PG,9,10
6CE03669-9B42-42F6-FA5F-39DA04F8B050,PG,PG,9,10
C4B9572D-B372-AB9A-3BFF-39DA04F8B16D,PG,PG,10,10
17F5CE55-C656-C6C6-2033-39DA04F8C09B,PG,PG,9,10
38D935F5-FAF0-57FB-B654-39DA04F8C83A,KI,PG,5,-10
38D935F5-FAF0-57FB-B654-39DA04F8C83A,KI,SB,5,-10
8C742DEA-74AF-7EE9-B911-39DA04F8CC3B,PG,PG,9,10
9B27497A-A184-9503-4700-39DA04F8D242,FM,GL,9,12
EC449F3A-58DE-DD0B-2110-39DA04F8D638,PG,PG,7,10
13D0A051-FE6C-DDA3-79C5-39DA04F8D699,PG,PG,8,10
45A366CD-754E-E7FF-CE11-39DA04F8F9FC,FM,FM,9,11
45A366CD-754E-E7FF-CE11-39DA04F8F9FC,FM,PG,9,11
20D92611-9F33-7281-C656-39DA04F8FDD3,FM,FM,10,-11
458AB50F-4805-5F1A-635B-39DA04F90073,PG,PG,9,10
6EA7FC17-F06E-BF09-CE03-39DA04F901FA,PG,FM,9,11
1D72BAA9-F2AE-5D3D-E091-39DA04F90EC3,PG,PG,10,10
37A182AD-F768-770F-685C-39DA04F90FEB,FM,FM,9,11
0E1426F1-AE50-3344-232C-39DA04F9108F,PG,PG,10,10
0E1426F1-AE50-3344-232C-39DA04F9108F,PG,PG,10,11
B38A920E-B07F-B1B9-5A33-39DA04F91DAA,PH,PG,10,10
CF3A4EB6-51DB-B42B-F31D-39DA04F91EBB,PG,PG,10,10
8905DE8B-227D-992B-1F50-39DA04F91FA4,PH,PG,10,10
442FF606-E77E-6E86-507B-39DA04F925E7,FM,FM,10,11
76D065BC-4C36-578D-60CA-39DA04F92DEF,PG,PG,10,10
1E9E1793-FD61-0DB3-DB10-39DA04F9356E,PG,PG,10,10
087660F5-9D9C-3879-F28C-39DA04F93A2E,PG,PG,10,10
99E3200C-5F8F-14B5-BE1A-39DA04F93C46,KR,FM,6,11
2150C414-F185-9626-7720-39DA04F9412A,PG,PG,10,10
9A86982D-7206-8516-B6FF-39DA04F9491E,PH,PG,10,10
F88B397A-1CCF-F34B-F2E5-39DA04F94E80,PG,FM,10,10
BD05A741-2736-5299-1413-39DA04F9525F,PG,PG,10,10
3F0E1E7E-7131-0C5F-8B5B-39DA04F954F0,KI,H5,9,11
3F0E1E7E-7131-0C5F-8B5B-39DA04F954F0,KI,H5,9,12
1579F701-53B8-6767-CB16-39DA04F95648,KI,I5,10,-11
92A4D36C-5DFA-7C4B-28B6-39DA04F95A5E,PG,PG,10,10
DD85A2F0-6C18-24DF-83F3-39DA04F95C1E,PG,NR,9,10
1DCB149D-3BB9-572A-6D64-39DA04F95D1C,PG,FM,10,11
331B7C88-562D-55CB-E940-39DA04F96289,PH,PG,10,10
84AD1446-8590-7185-72FD-39DA04F96315,PG,PG,3,10
6858814F-EA91-A512-9556-39DA04F966CF,PG,PG,11,10
3B0AD12F-4C2B-9F46-C2AD-39DA04F96E2D,FM,I5,10,-11
9E11912E-7D76-0C1B-C2C3-39DA04F96E7E,PG,PG,10,10
3C050A90-2FE4-8ACD-FEA0-39DA04F96EA8,PG,PG,10,10
75EE4102-6956-707C-FCDD-39DA04F9706A,PG,SB,10,10
4C37AA9C-433A-6D69-F63E-39DA04F973B9,FM,FM,8,-12
4C37AA9C-433A-6D69-F63E-39DA04F973B9,FM,H5,8,-12
265A421C-FC35-E548-2D55-39DA04F983EB,FM,GL,10,11
265A421C-FC35-E548-2D55-39DA04F983EB,FM,NR,10,11
99C924F2-CF63-CFAD-AD8A-39DA04F98913,PG,PG,5,10
5AE90A31-3D95-3025-C299-39DA04F98996,PG,PG,6,10
132197C6-1E36-6D24-2039-39DA04F989EF,PG,PG,7,10
B9039499-3250-C65B-AE44-39DA04F99227,FM,PG,11,11
9E1A5885-B3A3-4CC6-6DF5-39DA04F9934F,PG,PG,10,10
73065CA0-7FD8-F1A9-D8E5-39DA04F9966C,FM,NR,11,12
2A349087-4AC4-8BE0-BEAE-39DA04F99867,PG,PG,9,11
2B2270E6-E679-37EC-F6BC-39DA04F99BCA,PG,PG,11,10
1558BD0A-AA14-C80E-FDBF-39DA04F99CE2,NR,PG,11,10
202141F8-4D53-F87D-A3E6-39DA04F9A11D,PG,PG,11,10
AB69459A-4E87-9FBA-FC9D-39DA04F9A6E9,PG,PG,11,10
F22FDE84-0FFC-324A-00B6-39DA04F9AB26,PG,PG,11,10
4A9C2C58-EEAD-F9F1-6EA5-39DA04F9ACD7,KI,H5,10,-10
07C3B90D-2268-8A49-4AAE-39DA04F9AD2C,PG,PG,11,10
7D9C417B-BDE2-369A-59BB-39DA04F9B71E,PG,PG,12,10
9741FA9D-30F0-3F4A-C178-39DA04F9BAFC,PG,PG,11,10
95D01A5C-DB04-E5EB-907C-39DA04F9BBB7,TW,NR,6,12
0152473B-2700-8017-1FD9-39DA04F9BC07,KI,H4,11,12
A2B2D31E-17AA-73B5-F11B-39DA04F9C220,FM,PG,11,9
A27D2491-CF8C-25E5-8FA0-39DA04F9C3DE,PG,PG,11,10
FCC02120-3139-0AB9-F2A2-39DA04F9C56A,PG,PG,11,10
C81C5D9B-7B4E-0604-A717-39DA04F9D29D,PG,PG,11,10
77235C4C-E9E1-9C11-1B8E-39DA04F9D3C6,PG,PG,11,10
265AFD15-7873-9C56-703D-39DA04F9D7D4,PG,PG,11,10
3173B049-EC92-503E-9FB5-39DA04F9D8FA,PH,PG,11,10
73A256CC-7CA2-712C-CBE7-39DA04F9DA12,FM,I4,11,12
F8D3DDA6-79B1-2C9A-2269-39DA04F9DE91,PG,PG,11,10
230134FA-D2A9-63C1-FCF1-39DA04F9F662,PG,PG,12,10
E389856E-D2D5-1053-FA0E-39DA04F9FFCD,PG,PG,12,10
631E2D24-DABE-C9AE-92AA-39DA04FA0049,PG,PG,12,10
C0DD7866-E070-4843-1943-39DA04FA04F1,FM,PG,12,11
6573D561-E63F-0D97-3616-39DA04FA0E29,FM,FM,12,11
4B67FD6C-C496-E507-E163-39DA04FA0F6E,FM,PG,11,10
EF72457B-E419-CE83-95C6-39DA04FA13FA,PG,PG,12,10
92629809-5382-7955-7C62-39DA04FA15CF,PH,PG,12,10
6013763D-A1E3-A378-DB00-39DA04FA1616,PG,PG,12,10
DAC32661-D66A-750A-BEF2-39DA04FA24AE,PG,PG,12,10
7F9DB340-2580-D6C0-A5B7-39DA04FA2986,PG,PG,12,10
6811A1E8-4561-691B-CB94-39DA04FA29D3,PG,PG,12,11
16FE2AAD-CBEC-74D5-2D09-39DA04FA2E3C,PG,PG,10,10
2C7AE805-EE0A-8710-5621-39DA04FA2F90,PG,PG,12,10
B877C6CA-6CF8-46D2-13CC-39DA04FA310B,PG,PG,12,10
6F7BD200-159B-9CF4-6C00-39DA04FA3490,PG,PG,12,10
D052A469-4398-F6CF-327F-39DA04FA36A5,PG,PG,12,11
78EA8D1F-373B-AA94-E8A2-39DA04FA3796,KR,CK,12,-11
3B38C048-FD82-99E4-797E-39DA04FA3DCB,PG,PG,12,10
AFFBB00B-3E54-731D-CAC3-39DA04FA4067,FM,FM,12,11
F1E945B0-1A77-98CF-E6F9-39DA04FA4470,PG,PG,12,10
1162C177-D793-76C6-4F45-39DA04FA45CB,PG,PG,12,10
43F4FD9E-18B8-492C-1D30-39DA04FA50A2,PG,PG,12,10
E4055FA0-BBA0-E635-6F40-39DA04FA546B,PG,FM,12,10
E4055FA0-BBA0-E635-6F40-39DA04FA546B,PG,FM,12,11
2E3A3353-8C38-1682-5171-39DA04FA586B,FM,TV,12,12
EBE43946-9EF2-988F-2FD8-39DA04FA5C86,PG,PG,12,10
576CF26A-6335-6475-96EB-39DA04FA5D7C,PG,,12,11
8E1E86D3-CCD1-A9E0-63B5-39DA04FA5EB5,FM,FM,12,10
30906A63-BB94-CE23-7540-39DA04FA5ED6,FM,PG,12,9
56FE2823-BA09-AF40-54DB-39DA04FA6FD4,PG,PG,1,10
4890764B-2A94-125E-731C-39DA04FA71DB,PG,PG,12,10
D34FBAEC-4CA0-33FB-09C9-39DA04FA7361,PG,PG,12,10
C0F6870B-05AC-ADDA-4038-39DA04FA73F1,PG,FM,1,10
F7347D64-89E4-1C78-6C5E-39DA04FA7541,KR,CK,1,-11
18E6AA84-8EB1-10EB-8101-39DA04FA766D,PG,GL,1,11
322BE408-2F16-58F2-55BD-39DA04FA7A7A,PG,PG,1,10
1CB956E8-F592-AAD0-A0E1-39DA04FA7C85,SB,SB,1,11
989E1A02-1693-7D2D-6AD3-39DA04FA7D0F,PG,PG,1,10
AC7ECDF3-C0EE-FF7F-22AD-39DA04FA7D60,FM,PG,1,11
5C13D7F0-758D-B457-6157-39DA04FA7FFF,PH,PG,1,10
777FB9CF-D92E-C92D-E8CA-39DA04FA8085,KR,SB,1,11
71BCA995-2257-5D0C-38D0-39DA04FA812E,MH,GL,1,12
729C0589-285C-3E06-DDA1-39DA04FA976C,KI,GL,1,12
A5549376-59DA-23C6-34DA-39DA04FA9AEF,NR,SB,1,11
F3898D6E-617E-F5A4-9658-39DA04FA9BBB,PG,PG,1,10
701041A3-37F3-19C4-3191-39DA04FA9D0B,PG,PG,1,10
2558CA51-367F-7523-CC76-39DA04FAA08B,NR,NR,1,11
BC5D5AC9-F1F9-275C-D153-39DA04FAA3D7,KR,GL,1,11
993D3765-E889-88B9-FF4D-39DA04FAA419,NR,NR,1,12
1521B794-1B0E-DACF-0F68-39DA04FAA45F,NR,PG,1,11
F99718A7-A25E-FC85-81B2-39DA04FAA740,MH,GL,1,12
4DB4C84C-AF41-DCE9-77B9-39DA04FAA85D,PH,PG,1,10
A2AB4305-D3D1-5C1E-B923-39DA04FAADD7,TV,GL,1,11
C9FEF84C-59B3-BF3E-83E8-39DA04FAB254,PG,PG,1,10
406A3049-4BC2-6D36-43B1-39DA04FAB3F9,TW,PG,1,10
6B5C6386-D215-1BAB-7C0F-39DA04FAB58B,MH,GL,1,12
E334AC44-3067-FC52-9C4A-39DA04FAC177,SB,SB,1,11
564CB242-13A2-06B5-7DE9-39DA04FACC4E,MH,GL,12,12
9741D8BB-3A9A-C400-31A1-39DA04FACF5F,FM,PG,1,11
5BC53BF1-437A-156C-5001-39DA04FAD7C4,KI,PX,1,11
0411FA5A-FA4A-0B78-1E90-39DA04FADCAE,PG,PG,1,10
113D320C-21CE-9C54-B39D-39DA04FADFEC,PG,PG,1,10
966B3025-D47F-4309-0E75-39DA04FAE0F0,PG,PG,1,10
A9A2B4B6-6870-1FB0-B19D-39DA04FAE29E,SB,PG,1,10
A5EE2CFE-A3F5-AC81-812A-39DA04FAE338,SB,SB,1,11
7FAAB549-C51D-B8B5-54B4-39DA04FAE59C,PH,GL,1,12
17B5DF11-1F80-A649-D25F-39DA04FAE8C6,PH,PG,1,10
33FF3675-981F-354B-B8AE-39DA04FAED80,PG,PG,1,10
8A280FB6-4B5B-04B6-2DDA-39DA04FAEE60,FM,PG,4,11
BAC04F39-60ED-29E9-801F-39DA04FAF0A3,MH,H5,1,-11
34143B3F-1978-DA4B-914C-39DA04FAF301,PG,PG,1,10
59447494-9D66-CFE8-581B-39DA04FAF493,MH,NR,2,12
FB0D277F-CF6D-7332-3102-39DA04FAF4DC,MH,H5,2,-11
CE1927FE-31B3-861B-035C-39DA04FAF543,NR,PG,2,11
CE0324BF-9012-FE5A-2EAB-39DA04FAF711,MH,I4,1,12
F56C8985-67AC-FDE8-77F6-39DA04FAFD92,PG,PG,2,10
4829796F-8F07-2CD2-C306-39DA04FB046C,PG,PG,2,10
2E997F62-2B9C-442A-1935-39DA04FB0C8B,SB,PG,2,10
5D187099-5EA8-3EDC-E011-39DA04FB104B,PG,PG,2,10
DABECB7F-29CC-1415-F0BA-39DA04FB234A,PG,PG,2,10
9EB5F0F6-877B-0B14-C328-39DA04FB2A7C,PG,PG,2,10
4849E6CF-CE22-CEF4-5CE3-39DA04FB2B28,KI,GL,1,-12
2FB2925B-FAA4-D3E0-8FE0-39DA04FB2C8B,TW,H5,2,12
F84DC99D-065E-5431-EB26-39DA04FB32E3,MH,H5,2,-11
89A73517-3033-0F15-52A2-39DA04FB3485,PG,PG,2,10
83CE91A8-84A4-E453-5A82-39DA04FB372A,PG,PG,2,10
FB713B9D-78C9-FBF7-4944-39DA04FB3AE1,PG,PG,2,10
94D089A8-9400-19C0-9787-39DA04FB3B57,FM,PG,2,11
93F129C6-76B0-C3C4-8B15-39DA04FB3BE9,NR,PG,2,11
ED881742-84A6-7703-043A-39DA04FB42F3,MH,H5,2,12
49D122EA-F538-923A-DA9C-39DA04FB47FD,PG,PG,2,10
A971F6E8-5DC1-E8C0-44ED-39DA04FB501D,PG,PG,2,10
F0ABC03D-B740-F0DF-E174-39DA04FB53C4,FM,NR,2,11
42DAA8FE-B447-3683-354B-39DA04FB6673,PG,PG,2,10
4358E5A8-A7C0-E823-431D-39DA04FB67FF,PG,PG,2,10
C07C0DCA-86DF-3AE9-415E-39DA04FB6C7A,SB,PG,2,10
E2353BCF-0234-CC09-C732-39DA04FB6FB8,PG,PG,2,10
69A39E9F-0EA4-0606-6600-39DA04FB73B1,PG,PG,1,10
47E4F0AF-0F8C-92BB-41DF-39DA04FB7AC2,PG,PG,2,10
7F638AEA-B378-2F8E-D4C0-39DA04FB7C6C,PH,PG,3,10
B38EF68D-886D-39B8-B248-39DA04FB860C,PG,PG,3,10
52458A54-B92B-775E-4B67-39DA04FB89E0,MH,I5,3,-11
AA997545-7A71-6A27-CF9B-39DA04FB8D00,PG,PG,3,10
7420A7DB-5B18-C80F-BF85-39DA04FB8EE6,KI,GL,3,12
9F14FFD3-818A-95B9-B4D3-39DA04FB8F83,PG,PG,3,10
4FD44A51-5C75-919D-2C57-39DA04FB903F,TW,I5,3,12
3993E755-D387-F360-D0FD-39DA04FB9355,MH,H5,3,-11
DDB0F17F-5B0A-F2ED-CF05-39DA04FB93E2,MH,I5,3,-11
EE427D52-764F-06BE-9B6B-39DA04FB9659,NR,I5,3,-11
CCDE3DE7-DF20-22BB-2DE4-39DA04FB979A,PG,PG,3,10
1590722E-00D2-A1C3-44B8-39DA04FB9B4F,PG,PG,3,10
245059C8-104E-E43A-7E8E-39DA04FB9CBC,SB,SB,3,11
A7385111-A764-2FAA-CC69-39DA04FBB34E,TW,H5,3,-11
B82E6DCE-01BF-810A-5E57-39DA04FBDE26,FM,GL,3,12
A61D0FAF-6F10-AABF-A236-39DA04FBE51D,PG,PG,2,10
3D8B72A3-17FA-2E51-B0B6-39DA04FBE961,PG,PG,3,10
B970730B-22EC-BF41-6B61-39DA04FBEB09,TV,NR,3,12
31FD4F45-2E47-CA10-00D4-39DA04FBED33,FM,GL,3,12
593F0C86-80BD-9C5B-8CD3-39DA04FBF007,TW,GL,3,11
593F0C86-80BD-9C5B-8CD3-39DA04FBF007,TW,GL,3,12
CC886543-6A91-1815-7353-39DA04FBF112,PG,PG,3,10
2AD3A396-64D2-F82D-5E2C-39DA04FBF327,PG,PG,3,10
7FF2D2C4-A460-E6EE-56F7-39DA04FBF4D8,PG,GL,3,10
7FF2D2C4-A460-E6EE-56F7-39DA04FBF4D8,PG,GL,3,12
92772F54-62F2-BBE1-AE2D-39DA04FBF750,TV,GL,3,12
1BEABAD0-C3F4-CD73-E524-39DA04FBF8AA,MH,GL,3,12
3549F89E-C623-0F84-EC65-39DA04FBFCF6,KI,GL,3,12
8E86B742-AE64-AF3A-17AC-39DA04FBFE07,PG,GL,3,12
79367EF3-F6F7-6140-BE92-39DA04FBFFD0,PG,PG,3,10
DE4C6F8C-32F3-91AF-C25C-39DA04FC00B8,TW,GL,3,12
A4A6B868-3AD6-15F3-7F08-39DA04FC01CF,MH,GL,3,12
88CCA959-9977-EFCA-03D0-39DA04FC030B,PG,PG,3,10
CFC1EE5C-D894-B134-E565-39DA04FC0347,NR,H5,3,-11
820EB955-DDE4-E44D-16F2-39DA04FC05B3,PG,PG,3,10
23900017-3593-4C13-26BB-39DA04FC0A35,KR,CK,3,-10
76456BCE-1A17-BF6A-AECF-39DA04FC0E6E,PG,PG,3,10
5A0C0926-D1FA-31CF-301C-39DA04FC0EE0,PG,PG,3,10
9BCDC173-E416-5377-994F-39DA04FC10AC,KR,CK,3,-11
9F42F74F-8CED-12CD-2671-39DA04FC119C,FM,GL,3,12
71A996DE-A1FF-CDEF-3629-39DA04FC159F,SB,GL,3,12
5F6ABD07-77F6-21B2-984C-39DA04FC1659,KI,GL,3,12
A6F31B74-8734-F652-E412-39DA04FC1B85,TW,PG,3,10
30457442-6E51-2AA1-C340-39DA04FC1D2F,PG,PG,4,10
1A849226-394C-D2FD-137B-39DA04FC208F,PG,PG,4,10
5D039A4C-746E-6B40-2C40-39DA04FC2102,PH,PG,3,10
AEEEDFFF-9A1E-7C42-B1AF-39DA04FC24EF,PG,PW,4,10
BFE4EC6B-6FC6-2A26-A512-39DA04FC26C1,PG,PG,4,10
76FB9753-EBC4-65D6-EC19-39DA04FC27F2,FM,GL,4,10
7230AB2B-DC26-C426-8851-39DA04FC2C81,TW,SB,3,11
1092A294-88FC-45B3-235F-39DA04FC2D23,TW,GL,4,12
A4390DEA-5736-DFDD-1BDC-39DA04FC3078,PG,PG,4,10
6179B19B-82C6-05D1-8D2A-39DA04FC3A31,PG,PG,4,10
055DE06F-EC3D-6F06-645F-39DA04FC4045,FM,H5,4,-11
4CFBFFF6-368C-FC43-CE76-39DA04FC4401,FM,H4,4,12
91359641-895C-ECF8-98B7-39DA04FC55DF,PG,PG,3,10
70E5B771-234D-0E94-F611-39DA04FC5BF8,NR,GL,4,12
569F94FB-8A2A-5731-D870-39DA04FC5D40,TW,TV,3,12
4D04CABD-E2CD-E31B-4D47-39DA04FC6075,NR,GL,4,12
ACE7404A-11A4-463D-2BA6-39DA04FC61E0,FM,GL,4,12
82E7F16C-CA75-65DA-3A74-39DA04FC6AC0,PG,PG,4,10
FB34CFCA-66FA-49C0-0674-39DA04FC6C50,TV,GL,4,12
05023352-29BC-1F69-1C8F-39DA04FC717D,KI,GL,4,12
92E0E956-2169-5F3E-5C72-39DA04FC7320,PG,GL,4,11
92E0E956-2169-5F3E-5C72-39DA04FC7320,PG,GL,4,12
2BF03CE0-3BC1-98A0-01A8-39DA04FC75E3,MH,GL,4,12
85A605F7-8F1C-B330-B583-39DA04FC798A,PG,PG,4,10
99DB1302-3594-F1D6-23AB-39DA04FC79FC,TW,GL,4,12
F3ED3C3E-EB90-9B86-E26C-39DA04FC7C9F,MH,GL,4,12
382C2E76-9FA8-C210-A4B5-39DA04FC7DF6,PG,PG,4,10
87D9E184-2CE2-2E56-7C60-39DA04FC8151,MH,GL,4,12
8B323CAD-B65C-84E3-24CA-39DA04FC82F2,PG,PG,4,10
DF9AC1CE-98FA-C769-4BFA-39DA04FC8338,KI,GL,4,12
6E9B401E-A952-C717-8F0D-39DA04FC8756,SB,SB,4,11
DF25511C-B128-7B91-4837-39DA04FC8BF8,MH,GL,5,12
86003DB3-40EA-4FCD-282C-39DA04FC9149,KI,GL,5,12
1F2EF91C-7181-1423-83FA-39DA04FC937B,TW,GL,5,12
564B3217-0DD4-2889-FCE2-39DA04FC9B42,KI,GL,5,12
E9B4296E-714A-04CC-923F-39DA04FC9C6E,FM,GL,5,12
39BE03F7-1291-FFE4-076B-39DA04FCA28E,KR,GL,5,12
4928B9AD-C1B0-DF6D-BD71-39DA04FCA9CA,FM,NR,3,11
DD54CAEF-B17F-FEB7-1CD4-39DA04FCABFE,PG,PG,5,10
555F4856-0608-BF0D-212B-39DA04FCAEFB,FM,NR,3,11
3E13359E-BDEF-207A-2980-39DA04FCB05D,PG,FM,5,10
59C9B4DA-0244-50A6-C7E9-39DA04FCB133,PG,PG,5,10
5ABCF470-0E88-95E9-783D-39DA04FCB2A2,PG,FM,5,11
778FCF9B-B336-E54E-9998-39DA04FCB3EB,FM,FM,5,10
646CEE09-BBD0-39E8-56D5-39DA04FCB5CE,PG,PG,5,10
B3940084-5034-73C1-58EE-39DA04FCB936,KR,PX,5,12
D360E399-B015-641F-6064-39DA04FCBDB1,KI,GL,5,12
BB1B3B8C-A304-98B7-4A7B-39DA04FCBE95,PG,GL,5,12
F049EABC-5BBA-CACC-70DA-39DA04FCC2A3,PG,FM,5,11
0BB08F83-1358-912D-D41E-39DA04FCCC7D,PG,FM,5,10
0DAA1E1C-4438-0E8C-4412-39DA04FCCD1B,MH,GL,5,12
2CA18EFC-6F15-8445-266C-39DA04FCCEE1,PG,PG,5,10
766A8FB7-6F7B-1176-B5E1-39DA04FCEDAC,TW,GL,4,12
43B98E0A-A6B2-8A23-382F-39DA04FCF03F,KI,GL,5,12
05DC4241-1DFE-194C-FF10-39DA04FCFCA3,KI,GL,5,12
694050A1-3935-708A-84B7-39DA04FD0532,PG,PG,5,10
2B70A724-892D-0926-8535-39DA04FD0594,PG,PG,5,10
35507F02-EE67-5C8D-AB95-39DA04FD05FE,FM,GL,5,12
8C5ED07E-0F09-5308-9306-39DA04FD0983,FM,GL,5,12
CD6C1407-D81C-98D4-A0F9-39DA04FD09FC,KI,H5,5,-11
C4A40051-144E-03F3-0A17-39DA04FD12E0,KR,GL,5,12
7268F16E-758F-B1CB-E9AF-39DA04FD1750,KI,GL,5,12
7FFE4636-6DDF-8D62-4212-39DA04FD1D5A,SB,SB,5,11
A91AE329-2454-01E0-B066-39DA04FD1EC7,KI,GL,5,12
D7ECB9A7-5275-737F-29F6-39DA04FD202A,SB,SB,5,11
050528F6-4CC2-ABE9-FCE5-39DA04FD2730,FM,GL,5,12
43883933-98EB-F1B4-8863-39DA04FD28DE,KR,GL,5,12
74D79211-F889-3D1B-9BA1-39DA04FD344B,PG,NR,6,12
AFD7A40B-63EF-FEC0-B77D-39DA04FD3667,KI,GL,6,12
DD7E77B8-0265-EA0F-1C4B-39DA04FD3D24,VU,I4,6,12
64B09B1A-3443-F9D6-1D7A-39DA04FD42E0,TW,GL,6,12
1528F799-C87B-125E-7800-39DA04FD4359,TW,GL,6,12
484E6309-6B16-459D-11DE-39DA04FD4B51,KI,H5,3,-11
484E6309-6B16-459D-11DE-39DA04FD4B51,KI,LN,3,-11
A97D9CC9-94F0-04F1-C68E-39DA04FD4FB8,KR,GL,6,11
8B1E8D4C-4754-FF17-EC3C-39DA04FD5751,PG,GL,6,11
C87696AB-A3DF-41D0-00B7-39DA04FD58F1,KR,GL,6,11
F23C35B3-BF64-A7E6-BC11-39DA04FD5AB9,PG,FM,6,10
E6A922F7-6FBF-CC56-9A5E-39DA04FD5F90,MH,I4,5,12
6C1A138F-8775-23BE-0911-39DA04FD6100,PG,GL,6,12
36F5576F-0F84-8178-7344-39DA04FD6217,PG,PG,6,10
175620D1-295E-0C2C-CF66-39DA04FD63C1,TW,GL,6,12
0C059CC2-7BA3-DF97-32C7-39DA04FD67E8,PG,PG,6,10
CC5B59B4-7557-79E0-EC83-39DA04FD6B82,SB,SB,6,11
5AA2A4BF-1C1B-5E2F-9770-39DA04FD6C3D,SB,SB,6,11
50281B8B-8D02-9BE5-D937-39DA04FD6CA1,FM,GL,6,12
4E263FFF-E094-3E06-6B55-39DA04FD6DB1,KI,GL,6,12
20D67B0D-8DC9-7F22-A00B-39DA04FD6E7A,PG,PG,6,10
FDE4F3B5-D576-8A16-018E-39DA04FD6F08,FM,PG,6,10
2F0DE709-2605-74FA-CEBB-39DA04FD7005,MH,GL,6,12
720ABE9B-235D-8722-9318-39DA04FD704E,SB,GL,6,12
70022C5E-F681-459E-FDEE-39DA04FD876E,PG,PG,7,10
259E53BB-A211-EA48-3CCB-39DA04FD8C27,KI,GL,7,12
3F82F1E9-88F7-00B8-AEE5-39DA04FD8D2A,KR,GL,7,12
60408633-3D77-A29C-BD40-39DA04FD8DB9,KI,GL,6,12
353F9714-44E2-F239-CC7A-39DA04FD905D,PG,PG,7,10
6A8F31E1-C6B3-75C8-DE2D-39DA04FD908A,PG,PG,7,10
1ADB794B-7D01-E331-5EE0-39DA04FD988B,PG,NR,7,11
9A4C96AB-A603-1E1E-45EB-39DA04FD9EAD,FM,FM,7,10
E1FA68F5-6B32-CBA2-B48F-39DA04FD9EF7,KI,GL,6,12
9EF67EEE-73A6-987A-2BB6-39DA04FD9F27,SB,SB,7,11
59998B69-641C-5E73-0162-39DA04FDAC0A,PG,PG,7,10
C94B3F5E-C7E8-A5CE-0F83-39DA04FDAF27,PH,PG,7,10
AA1CEBB2-3D3B-9076-A82E-39DA04FDB70E,KR,GL,7,11
9FEB47A6-5504-3446-8074-39DA04FDB9C7,PG,GL,6,11
3A360118-E2B3-4984-F9D0-39DA04FDBBC9,KR,GL,5,12
F32FDD13-0C8C-DA77-AF50-39DA04FDE5C1,SB,SB,7,11
A76C9D45-C616-52B0-2299-39DB39D5F874,US,,11,12
9AFAA778-05FF-77D9-CF7B-39DBA56D1AA3,US,TV,11,-12
DE77F190-6B7B-6917-86E5-39DBA56EFABA,US,FJ,11,-10
21300E97-46F6-1FF4-FEA5-39DBA57330D4,NR,,11,12
F6E06B03-742A-3CE8-A4BC-39DBB9D49B26,VU,SB,11,11
7E09180B-4500-114E-6205-39DBC5B37515,US,FM,11,10
05543C8C-158A-8F51-F74E-39DC01C8FF9D,NR,,12,12
2FE589CB-DEBB-892F-8113-39DC0804C31A,NR,NR,12,11
EEF69B59-E27C-106F-0FE3-39DC119C84D4,KI,FM,12,11
D7F2665E-6FDF-41BF-AF3D-39DC2798D2D7,KI,NR,12,11
2C3126EB-05F9-01CC-9BD7-39DC2B92615C,LR,FM,12,11
258BC812-5FEF-3C22-8586-39DC320E8957,FM,NR,12,11
427B9902-BE29-E4B3-21C9-39DC369470C0,US,FM,12,10
B8D575CF-16D0-1677-4E6B-39DC786A80C8,NR,NR,12,12
FD851CA0-C40A-FD21-2D9D-39DC786BE6A9,SB,,12,12
833C8DA5-1ED5-50E1-EA07-39DC786E22DD,US,TV,1,-12
11387183-5535-78BF-149F-39DC787016F4,NR,NR,12,12
050D2802-EBC3-66AF-3F1F-39DC7DF1DF39,NR,TK,11,-11
B640E508-7FF3-3C68-0DBC-39DC7DF43358,LR,FM,1,12
BF8528ED-C245-4283-63AD-39DC92255FBF,NR,MH,1,12
86725DCC-7A9A-E2F5-8C94-39DC92262418,US,CK,1,-10
B842E62C-E8C3-34F3-0271-39DC9226D00D,US,TV,1,12
1B0F6620-C293-4A30-FBBD-39DC9229A14D,PG,CK,12,-12
34B06E22-2B91-76F0-D6D9-39DC989ED0F1,NR,MH,1,12
1D6B356F-F458-6C35-937E-39DC98ABCA13,US,TV,12,12
D334EEA7-5A9D-C65F-F7CD-39DC9C8B5B92,NR,MH,1,12
AA705BA9-27EF-873C-EBDB-39DCA6EB8E4A,SB,TV,1,12
171536E0-5DF5-7CAE-8303-39DCB6565E84,US,LN,1,12
644EB9E6-2791-5324-D675-39DCB65738EB,KI,FM,1,12
77FDCC9D-70FD-3821-3FF5-39DCB657F5C3,US,FM,1,12
5AC231C2-A461-C1E0-2378-39DCBC7EEB06,NR,NR,1,12
66BD9AB7-C839-6214-096D-39DCC0EFDC78,TW,GL,12,12
495670B9-F779-C459-8BEF-39DCC0F19692,PG,MH,12,12
2A729EB6-6823-0363-ECDB-39DCC17BFEFF,TV,,12,12
C743ECE0-B279-2B28-5D3B-39DCC180F23B,KI,GL,12,12
76EF842A-1D42-6A76-E69D-39DCC18860C0,MH,GL,12,12
2909B38E-16FE-B018-B496-39DCC1B52D11,KI,,11,12
C69C86B3-8322-31F8-2CD1-39DCC5C00040,CN,GL,12,12
4F3DD217-BAC7-CEA9-0F8C-39DCC5C187AD,TW,GL,11,12
67573061-80D5-1D73-1C2C-39DCC5F60EB8,FM,FM,1,11
91AE4A60-8718-A91B-602D-39DCC628836F,US,TK,1,-11
F54FA393-346B-A46A-D432-39DCC6F9A3E9,FM,,12,9
55DF17D7-6952-7807-0A3E-39DCDAF078A6,KI,FM,1,10
B1B8F7C4-BC46-71A0-6B63-39DCE4640D03,KI,GL,11,12
112F4652-0632-0AF2-0BEC-39DCE4679B24,TV,NR,12,12
BF3A724C-295E-A74E-D934-39DCE6D8919B,NR,CK,1,-10
EC26E626-7150-7AF5-2887-39DCE6D940BD,NR,FM,1,11
EC26E626-7150-7AF5-2887-39DCE6D940BD,NR,NR,1,11
6B26CF8C-4542-CF96-B887-39DCE6D9EAAB,NR,NR,1,12
4C01A0CA-6AA3-88F6-89B7-39DCEECD3EDE,PH,GL,12,12
0A699584-F967-4BDC-4640-39DCEFA59AB1,US,NR,1,12
68E232C4-BA82-6AB4-6D8B-39DCF0788A0E,FM,PG,12,10
ECF33234-6976-4597-3F96-39DCF07A42CA,FM,PG,12,11
47937B28-AD8A-6B8D-7114-39DCFE714170,VU,FJ,1,12
5A31905C-A6BD-2C9B-1D2A-39DCFE71E43A,LR,SB,1,11
5363B665-D8AB-68EF-17F5-39DD035300B3,TW,SB,12,11
9AE8FA48-FCDB-3165-169A-39DD035A403B,KI,GL,12,12
63FFBF98-6A3E-C833-751B-39DD0366C6BF,TW,MH,1,12
3CA5D206-0BC3-AED8-181E-39DD036C3B19,KI,GL,1,12
F0954872-7CC1-1F88-02F0-39DD03756670,KI,PG,12,12
DA2A5C2A-3D3A-EE45-8AC0-39DD03769698,MH,GL,12,12
1DEFB99A-20C1-CB14-4D6D-39DD03793485,CN,MH,1,12
D920A812-3139-EA43-9266-39DD037C75B4,TW,GL,12,12
F578D533-9C9D-E13F-A070-39DD0DBB41CB,FM,FM,12,11
F578D533-9C9D-E13F-A070-39DD0DBB41CB,FM,PG,12,11
6EE9D512-7D27-0F33-C945-39DD0EAC62B7,MH,GL,12,12
E7232CB1-1933-BAA5-CB9F-39DD0EADCC4A,PG,MH,1,12
87E19F89-3F02-A670-D1B4-39DD0EAF1258,MH,NR,12,12
5A374A23-E5E6-5A1B-E256-39DD12F2002C,PG,IW,2,-9
9C56387B-F7C4-0BAC-7F27-39DD22662D7A,NR,NR,2,12
63CA837A-869D-BFBB-4AF3-39DD27A2AD90,US,CK,2,12
8197CB11-AC01-86CD-18C9-39DD27C3D72E,MH,NR,1,12
944845DC-FC1C-A88C-3C4B-39DD27C697C9,KI,GL,1,12
BF804E75-34DB-4050-C6FF-39DD31F16030,SB,NR,12,11
52F5550B-839B-3E98-CC9B-39DD3704807F,NR,FM,2,12
3BBCB18B-19D8-B2E0-400E-39DD376BD43A,NR,FM,2,11
A9661A40-9B74-C9E9-9456-39DD382389BC,KI,GL,12,12
22260A35-57B1-6BF8-83CB-39DD4B660E92,KI,GL,1,12
FE92F433-FD6A-3027-ABBA-39DD4BFCFC6A,PG,,11,11
821DE953-837E-1185-7F58-39DD4C4B62B1,TV,SB,12,12
61C0846B-F511-B7C6-C5CB-39DD4CB15E7B,PG,NR,12,11
296CAAF4-058A-3B49-CF75-39DD508F0411,SB,SB,12,11
247E28A3-2EF8-EBA6-0662-39DD5091E4E6,SB,SB,12,11
6972E0D1-12EE-C31F-0B6A-39DD50B173CE,KR,SB,12,12
0DEA4FC5-F53B-51DC-91CC-39DD50B71221,SB,SB,12,11
F476B3B1-2F3D-2B28-2B33-39DD50C2561A,SB,SB,12,11
1EB8F4E5-BB97-C797-529B-39DD50D67083,SB,SB,12,11
92604B47-03CB-F9F3-2DF5-39DD50D8E9C4,SB,SB,12,11
A485091E-DA14-286D-46FB-39DD5126D1F9,PG,,12,10
8D48C846-59E4-BA14-8366-39DD51397DCC,TW,,12,12
A54B5111-F55C-B8E1-2C54-39DD51517E47,PG,PG,12,10
3303997C-A2BE-E318-E872-39DD51A2355F,PG,FM,2,11
F7918773-CB33-AD2F-C79D-39DD51A44AB6,US,IW,1,-10
ED837AAA-0CE7-815B-DB55-39DD51E69EBE,PG,FM,2,11
4F6356C6-BCEB-D382-70C9-39DD55CD50CB,KR,SB,1,11
80BCF2B5-7A5B-621C-28FF-39DD571DECF4,PG,SB,1,11
40AE99CA-C85D-DA27-2008-39DD5B4AE7BC,TW,GL,1,12
3CD4E277-32AF-6FE6-D621-39DD5B4C3898,TW,MH,1,12
7051402B-EACA-1B11-527D-39DD5BEF3E53,TV,GL,1,12
C5BF8114-5EAD-196A-35CD-39DD6A7EE634,US,PX,2,-11
7CF5C1BE-5B75-E184-F73D-39DD79BCCA96,MH,GL,12,12
2674E714-A89D-5FD4-4FE0-39DD79F12C8D,US,CK,1,-10
9A02314D-B6AB-50C6-A780-39DD7A53178D,TV,NR,11,12
A4E557FA-9B17-C43E-6944-39DD8EB342FD,PG,PG,1,10
6732C51F-1C0A-593B-0376-39DD8FBACB5B,PG,,12,10
2DA6DCC2-85D1-3247-A775-39DD90133537,TV,SB,12,11
05219E8E-AF9D-B2D8-3678-39DD90167FF2,TV,PX,1,12
8DA26821-9363-18EB-BB4A-39DD93D335C4,FM,H4,12,12
6AA29DE2-C490-6302-2054-39DD9A13F1EA,KR,SB,1,-10
B8E8661B-0C10-A5CE-3A12-39DD9DFA0020,CN,NR,2,12
36117100-C20C-8110-CB5B-39DD9E6D5AD7,KR,SB,1,11
CFA6D34C-C73B-E925-65F0-39DD9EA244B8,SB,SB,1,11
97A0E3D1-CA67-CFAD-1B35-39DD9EBFA497,KR,SB,12,11
F8B2AE10-58B0-ABAA-8DB9-39DD9EF5EB8A,KR,SB,1,11
435933FA-5D3A-6DC4-4996-39DD9EFDAA9D,KR,SB,12,11
C47EF3D5-7679-D0B3-8C30-39DD9F1ACD35,KR,SB,1,11
195E1529-DFAA-680B-3881-39DD9F21E17C,KI,GL,12,12
24AA3C45-3734-8726-F019-39DDA368ED93,PG,PG,2,10
46BE62C3-E729-BF98-3EEC-39DDA3958CBB,JP,SB,1,12
008A2CB7-9D6E-DFB9-3515-39DDA396FDB2,PG,SB,1,11
866CDB00-D307-AF1D-1E9B-39DDA3982EC1,MH,NR,12,12
CE0181F7-C440-CF1D-0596-39DDA39988D5,FM,SB,12,11
C23485E4-8FD4-F140-FD52-39DDA3B3A694,TV,NR,1,12
84995BA8-BABB-69DA-DDDB-39DDA42D4FAC,MH,MH,1,12
39FE7693-E5E5-3A02-7FB3-39DDA443625D,TW,SB,1,11
28F868B7-EAF3-5E30-354B-39DDB3FDDAE2,US,FM,2,11
42E18607-9172-079B-B434-39DDB3FEC15B,US,FM,2,11
8F914B70-08BC-7F66-89A3-39DDB4010199,KI,FM,2,11
04AD4231-88C1-C345-CF74-39DDB4047E40,KI,FM,2,10
EE1EA947-BABF-BE1C-8997-39DDB405E851,SB,CK,3,-11
7B743AAF-BDE4-8D2D-71DF-39DDB80E1296,SB,SB,1,11
CE0F221F-A6F9-6B33-0584-39DDB83964D6,SB,SB,2,11
41792122-F8DC-9744-B187-39DDB8A04EFE,VU,FJ,3,12
703FD24C-969B-3262-B6C6-39DDB8F479F1,MH,GL,1,12
2AA72808-953E-D8BF-799C-39DDB8F74A3A,MH,NR,1,12
0CFEE40C-B900-0ED4-8878-39DDB8FC0E76,KI,GL,2,11
4BD72329-2DEA-C860-7BD1-39DDB8FF010C,TV,NR,2,11
C01816D4-C5DE-B877-E539-39DDB9053F76,TW,NR,1,12
2B71F25D-383C-7F6E-D15B-39DDB9078BD9,KI,NR,2,12
13346059-22DB-FE3A-60B4-39DDB90954C4,MH,MH,2,12
DCF949A7-9E06-FAC7-9C59-39DDC2552391,TW,TV,1,12
D0291076-6FBE-6B46-6D92-39DDC86CB145,PG,NR,1,11
E1847C1D-1614-380A-8533-39DDD6F34C03,TW,FM,1,11
1E7AC95E-6B56-289A-B1B8-39DDD7297C13,KR,SB,1,11
BE4412DE-C06B-326B-A227-39DDDC32E92D,SB,GL,1,11
1B91B050-C007-FAA1-67C7-39DDE111A0F0,US,CK,3,-11
804388FC-9CDE-0790-35D8-39DDE17E4BE6,FM,PG,1,9
EC35D181-961F-5D70-4241-39DDE2496B1F,FM,PG,2,9
9A2D06D1-0CDF-BBE3-9CF7-39DDE63E1584,FM,SB,2,11
FBE7BBFD-760C-3523-EB3D-39DDE65B61E2,FM,PG,2,11
3A28C4AF-3536-5B4B-AFCD-39DDE671B738,KI,GL,2,12
326CA428-5FF0-4247-8C87-39DDE711F93C,US,CK,3,-11
AC1FAB5F-DBAB-5B29-2468-39DDE73C1143,FM,PG,2,9
E3ECFAF4-5836-7271-66DD-39DDEB83ACAA,KI,H4,12,12
149795BF-F591-FCA1-9616-39DDEB84DE06,KI,H4,12,12
38C42099-4F6B-0B0D-F151-39DDFAD2CAEC,NR,FM,3,11
F8CF57F3-0506-FB21-4A42-39DDFAD3866C,NR,FM,3,11
0918A69A-FA2B-7E74-3890-39DDFFB0B783,TV,I4,12,12
DEA6FE19-06BD-59BC-9A98-39DE0031E461,NR,FM,3,11
7062C057-2568-3700-F574-39DE0068357A,KR,PG,1,11
33A483BF-B61C-3D15-AC5E-39DE00E441E5,TV,GL,2,12
C2F6E29F-9878-4B61-48A7-39DE00EC7B9D,SB,SB,2,11
6C087C55-E344-B1C7-450F-39DE00F62909,KR,SB,2,-10
D9A57372-05AF-9E64-0F3A-39DE06448D96,FM,PX,12,12
2618F6B2-0570-28C1-A294-39DE0B4CCFF7,KI,GL,12,12
2618F6B2-0570-28C1-A294-39DE0B4CCFF7,KI,I4,12,12
8AAD336B-43A8-A96F-2069-39DE0F2DE71F,KI,TV,12,12
2190C44A-E254-16F9-8F9D-39DE0F3D8396,KI,H4,12,12
AABCBA67-C2FD-FA61-9D93-39DE0F4FBB2C,PG,FM,1,11
6957A158-3A92-CC00-9F92-39DE1EB62D1B,NR,GL,3,11
352F6F40-6A06-B589-3A04-39DE1FA7EBEE,US,IW,3,-9
3A94026E-12B0-C9A7-B3DD-39DE1FA8C631,MH,MH,3,12
8E7D8B94-D3D1-3DF6-DFE0-39DE2465D574,LR,SB,3,12
FFBBE3F9-152A-CFB9-5EB1-39DE2A8C94E0,LR,FM,2,11
001AC543-96ED-91D3-E6DA-39DE2E68A498,PG,FM,1,11
CF83BAFE-D213-0CA0-5584-39DE2FA26DDA,CN,PG,2,10
5CBE5817-8375-26DC-36DA-39DE337AA4BC,PG,PG,1,10
E6811005-56EB-9FFA-CA77-39DE33E694A0,PG,PG,2,11
08960188-03B2-B83B-1CF4-39DE33FC3C27,TV,PG,1,10
1263B0E2-BEB5-E2F3-9557-39DE34D7F80B,PG,PG,2,10
C4E2BAB4-C162-D745-0C1E-39DE42C3F9C8,VU,SB,4,12
6093E9FF-8F5A-9175-6D80-39DE42C62747,NR,FM,2,12
C221373A-F720-DDAE-8331-39DE433660F3,PG,PG,2,10
DA4485EA-8128-FEEB-C7E5-39DE480AB749,PG,PG,12,10
A5F7E114-79FB-E8A0-AB3E-39DE484021F4,NR,NR,12,12
60709995-D7B7-8665-1A74-39DE4855DD90,NR,NR,12,12
BC153746-5C71-AC54-C299-39DE48599087,NR,NR,12,12
3AD9B157-2742-883C-54DA-39DE4863E203,TW,NR,12,11
2C330CF7-C371-4719-849F-39DE48663BA3,NR,FM,11,11
CB388DB6-F721-805A-1565-39DE488613E0,KI,PG,12,11
85018930-76AC-FF65-03A3-39DE488CFAF7,PG,,12,10
C98D2FB9-1FDF-BB59-B76C-39DE499490A3,PG,PG,12,10
0E15CFAF-1010-5429-0782-39DE4D3533B0,PG,GL,2,12
9FDCDEB3-69E6-62AC-D14D-39DE4D7CCB4C,KI,FM,4,11
E9B808DD-253B-0FDA-F989-39DE4D7D580C,US,FM,4,10
D0F33A1E-9795-24B1-7CFC-39DE534CE364,PG,PG,12,10
EB0A1D9D-B932-F1EB-D32B-39DE53504397,PG,PG,12,10
CCCD73A9-EEE1-BE4D-734B-39DE5753F53A,KR,,12,12
7250C40A-B53B-7ED1-58F1-39DE57EF69CC,NR,GL,4,12
4A64C8C4-CAE3-3DB6-8844-39DE6255C32C,FM,,12,11
5F069524-4196-9553-73FC-39DE62D0096B,NR,,12,12
86D5FCCE-552A-FAEE-EF13-39DE66F459F8,FM,,11,8
A82953B0-7625-4A23-01B6-39DE67247AFA,TW,PG,2,10
71C53713-8C71-1FF3-A20D-39DE674D126A,PG,GL,4,11
DAEBF084-32A1-BBF6-7C29-39DE674DB764,US,LN,4,-10
379D30B7-7D5D-B6B1-3C33-39DE674E4A9C,US,MH,4,12
98AE5C0A-E25B-4914-65E4-39DE674EEA28,SB,CK,4,-11
F3846A75-B211-D39E-FA33-39DE68322C7A,TW,FM,2,11
B492B996-4449-D4C0-B412-39DE6C5108D8,NR,H5,4,-10
B492B996-4449-D4C0-B412-39DE6C5108D8,NR,LN,4,-10
783ECAE9-3003-46C0-A35E-39DE6C9DCEC0,PG,PG,2,11
579299F5-FAE3-9046-ACC5-39DE6CFB68D6,SB,SB,2,11
F8AD8BE2-99CE-DA1E-B054-39DE6D1E0B20,KR,SB,3,-10
9D80943B-3CF8-C0AB-1512-39DE715CD16C,FM,PG,12,9
B5E42A78-7BA0-EEA5-F156-39DE71AB0E35,TW,PG,2,11
B5E42A78-7BA0-EEA5-F156-39DE71AB0E35,TW,SB,2,11
338B4DE8-A615-0D66-37EE-39DE725D39BB,KI,,12,11
8679E172-2C67-78EE-A5E5-39DE7285D5AF,PG,NR,12,11
EE96111F-70C2-12B8-1A83-39DE729E9D63,KI,FM,1,10
37FC4174-C5F9-7C6D-A8D2-39DE76D69606,FM,SB,1,9
C637663B-6C48-D2C3-7491-39DE8B9F3304,MH,GL,3,12
D48AE376-21AB-79E2-4217-39DE9012B01B,TW,PG,2,11
E50DA931-C72F-061B-0818-39DE90148FD8,SB,SB,1,11
93E8D79F-0797-6AE6-3E2B-39DE9014FB34,MH,GL,3,12
7DB172C1-9B41-141A-1FD4-39DE90324DFF,PG,GL,4,12
AA927D31-1AD3-0AAF-4899-39DE9032F5F7,US,CK,4,-10
712CBD41-9BCE-F08B-1CA8-39DE9033892E,KI,GL,4,11
0832BF6D-F3F9-95C4-EF33-39DE909B5B84,KI,PG,2,11
3CD994C0-9E96-7CA3-DC11-39DE95A50CDB,KR,TV,12,12
2BD7DB5B-5FDA-13CA-63B3-39DEA02F806C,US,H5,4,-11
FB15960C-A565-0F99-7968-39DEBAB85F82,JP,FM,12,9
5BD4A13F-5DB0-8F27-E3BD-39DED30BDB5C,NR,GL,5,12
642C3062-331E-F6B0-8A9F-39DED8F59AB0,PG,NR,11,12
65B5B12D-8151-F6C3-221F-39DEDDD46C91,US,LN,5,-10
27089C74-6671-7E13-70DA-39DEE2987D30,KI,I4,12,-11
27089C74-6671-7E13-70DA-39DEE2987D30,KI,PX,12,-11
1CA794CB-314B-C93C-AAF8-39DEE2E782F7,EC,,12,-7
D39AAB0E-5278-C27C-1B6F-39DEE3B2C251,PG,PG,12,10
1419C9FD-D9C0-9C61-228B-39DEE3BA00C0,PG,PG,12,10
CB609D20-7BDA-6F6F-52DE-39DEE7CE51C9,TV,PG,3,10
058D9131-73A2-0C63-8F8E-39DEE7D11B88,KR,FM,4,11
05DEA97F-2E2C-8A9A-80BE-39DEE7D26EC4,KR,GL,2,11
05DEA97F-2E2C-8A9A-80BE-39DEE7D26EC4,KR,SB,2,11
D6E9244C-691F-7E08-ECFA-39DEE7D3C2CB,KR,SB,3,11
3D6E2B14-F60F-FE3A-9BB3-39DEF7049E7E,US,LN,3,-10
37D529A7-33D7-0D28-DC61-39DEF707A016,KI,FM,5,11
5F6A2669-3728-11AE-128E-39DEF7085760,US,FM,5,10
FE359027-9CBF-1300-E1B1-39DEF708F8FF,LR,PG,5,12
FE359027-9CBF-1300-E1B1-39DEF708F8FF,LR,SB,5,12
3D5EA623-30C5-6225-49D5-39DEF746EEF7,PG,IW,5,-9
681E4541-CBD9-B549-C2E9-39DEF7DB50F1,KR,TV,12,12
2E208517-130D-09FE-7F5A-39DEF7FADA24,KR,TV,2,12
4CC17284-437F-A85D-31AB-39DEF851CC2D,KR,PX,1,12
73581ED9-E273-67E3-44D3-39DEF8955209,KR,SB,1,11
8C401D1E-D300-8030-A3E3-39DEFC48D386,TW,MH,4,12
6D421901-8FE1-46DA-9C5E-39DEFC5215D8,TW,TV,2,12
B4863AD5-A3F6-B75B-DBCC-39DEFC5440B8,CN,FM,3,11
DD45910A-B629-75DC-354B-39DEFC560C03,TW,SB,4,12
7AAD2FF4-666E-2EDF-0DD9-39DEFC57F65F,KI,GL,4,12
911BBFC6-9D88-2512-DAC9-39DEFD038775,NR,PG,5,11
D7F78CB7-30F6-8D50-798C-39DF016C3C2F,KI,,12,12
34844D59-AA4C-A5ED-27B3-39DF01708DAA,KI,TV,1,12
34F090D3-765F-E6DC-3C83-39DF01864B05,KI,TK,2,12
32935610-BC23-DE8C-B264-39DF01A0594D,KI,PX,1,12
2B359E41-F7AF-BFCC-8CF3-39DF01EC5F01,KI,SB,1,11
F4E555F1-019D-564B-9367-39DF0269FADA,NR,PG,5,-11
4686A232-3330-5D95-4CC4-39DF02CD8BA6,MH,GL,4,12
31D39AF5-DD22-D502-36E5-39DF068F4107,SB,PG,3,10
280FE616-0846-249E-AB67-39DF0711935F,KI,,12,12
B1036A41-D3D3-0EA5-BC6E-39DF07A983D0,PG,,12,9
61B25B9D-22C1-F092-EB6A-39DF07D76C1C,US,FM,5,11
994AE5A0-6B07-BEEF-6E0A-39DF07F6EFFC,VU,PG,5,12
364057F2-FF9A-D715-C085-39DF0BF2CC4D,TV,FM,3,11
4A576568-DAB2-44C4-9617-39DF0C01C670,TV,PG,3,10
71433A98-F445-47D2-0B90-39DF0C07BF71,PG,PG,3,10
A2036A05-8FF5-34F1-0EEC-39DF0C17861D,KR,SB,1,12
132B2AC1-F1D2-0F98-6583-39DF0C5186BF,KI,GL,3,12
F7570FE7-54A7-4087-4149-39DF1C6276D7,JP,FM,3,9
76EADF8F-2023-030C-B218-39DF1C67CBE7,JP,PG,2,9
45A4B3C5-BA3A-F7DD-C251-39DF1C7D076F,PG,PG,2,9
29938CCA-1746-6C25-D0D7-39DF1C82014F,JP,FM,2,9
DFD440CF-3D5F-16F5-5839-39DF1C8A4AE9,JP,PG,1,9
890A4A9A-8B3A-EA06-3529-39DF1CADCFF1,PG,MH,4,12
96D04B4B-B972-54F4-DE15-39DF2012730F,JP,FM,3,9
D3E17927-BF14-3229-5A9A-39DF201867CB,KR,PG,1,9
241701E7-BC5F-A3B5-2B40-39DF201D15BD,JP,PG,1,9
1B6416DD-873F-E1D8-70B6-39DF20275915,PG,PG,2,9
97C361CD-17B6-E658-2DD2-39DF2042671A,JP,PG,2,9
EE62BE6A-315B-DE0F-6D2F-39DF2117BED9,CN,GL,4,-12
71268F8F-54B1-C139-9034-39DF255761CD,KI,PX,2,12
E08F8611-5D7D-5CD2-4B8A-39DF2A8682E2,TV,H4,3,12
853C004D-0CCE-F30D-48FD-39DF2B7036DE,NR,NR,5,12
1C9E92D6-2F6E-7AEB-D83D-39DF2B9A272A,TV,PG,4,11
FD4AF754-0A52-640F-FF80-39DF44595D76,KI,GL,3,12
90340D59-57B1-109D-5203-39DF44656216,TW,GL,3,12
78B41A66-4B57-2186-D8C1-39DF4468A2FB,TW,SB,4,11
78B41A66-4B57-2186-D8C1-39DF4468A2FB,TW,SB,4,12
B80D509F-1825-6008-2FAA-39DF446DF57B,MH,GL,3,12
F33B1F5A-C128-728D-6E20-39DF44705AB4,PG,GL,3,-11
FF233045-3CE3-8078-0BF2-39DF447580F4,PG,GL,4,11
2CB43930-7D68-7F3F-BEB9-39DF44846FEC,TW,GL,4,12
B57400E5-E2B0-A9B4-23B7-39DF4573B72C,FM,FM,3,10
7F77FAF6-B5B5-47ED-CB24-39DF457A5055,TV,PX,2,12
8C7CECF7-0D6E-9D6E-16D3-39DF498E036D,US,PY,4,-10
BC1ACF77-E419-0AB7-E6BF-39DF4A1C213B,US,CK,5,-10
18AD6490-6EB5-E0E9-33DB-39DF4AC4907D,KI,FM,5,10
C1BF5981-8DC7-48F2-04AC-39DF4F3C9772,FM,FM,4,11
89DE2D2C-1E7A-B39E-CA01-39DF5438FF5F,PG,PG,12,10
4B5B37C4-8E09-59B8-49BE-39DF63472C53,PG,FM,5,11
82828699-7930-33EF-1707-39DF6347CB82,LR,FM,5,12
0EF6EFA2-4864-46B6-3A26-39DF6394C3B2,PG,,12,10
AB79C941-D133-95C9-CA61-39DF63BD3339,NR,MH,5,12
AB79C941-D133-95C9-CA61-39DF63BD3339,NR,SB,5,12
10F172D7-F04A-B8B6-D728-39DF72B0B356,US,H5,3,-11
8577AFFD-008B-DA0E-57D4-39DF74170910,US,LN,6,-10
383B9203-2156-D420-35B1-39DF7846A45F,US,FM,6,11
B1DC0C09-037D-43F1-7F09-39DF78E053DC,US,CK,6,-11
E4BDB2D7-8E6D-FE1B-E5E1-39DF8768855C,TV,PX,4,11
C4DE7FAB-7280-4C1F-8C87-39DF87DFD5DD,KR,PG,2,10
72FF3A26-2738-B066-BAC6-39DF8C64C211,NR,,6,12
9BC19A3C-18C7-D261-EF04-39DF8C658974,NR,PG,6,11
DC8D7C9B-CC03-1CD9-6BF1-39DF8C662BDB,US,PX,6,-11
847C9157-FBED-91A4-8209-39DF8C66C730,LR,GL,6,11
ADBD7C26-18CC-7EBF-680E-39DF91ED505B,US,LN,5,-10
D2A010D4-BFBC-AEFF-6E1F-39DF91F10BFE,NR,GL,4,12
6643B4B9-0302-0093-1EB3-39DFAB2526BE,NR,NR,6,12
B32884EC-F2EA-4456-E2E8-39DFB0FC4B90,KR,PG,4,12
7CE02137-4CE5-BF85-7D20-39DFB694F162,KI,GL,5,12
1BA27705-1332-FB35-987F-39DFB6AFA1F6,PG,GL,4,12
87E459FA-D115-605B-C353-39DFB6B5EF31,TW,GL,5,11
87E459FA-D115-605B-C353-39DFB6B5EF31,TW,SB,5,11
87E459FA-D115-605B-C353-39DFB6B5EF31,TW,TV,5,11
3F0DBCDC-D133-3EE0-6A6D-39DFBAF974E1,KR,PX,12,12
3F0DBCDC-D133-3EE0-6A6D-39DFBAF974E1,KR,TV,12,12
B3F827E2-8DA1-165B-17A1-39DFBB035305,KR,GL,4,12
F9D49148-E971-AB76-1A89-39DFBBF9A423,NR,GL,6,11
D3BEBF78-4A1B-FA65-3428-39DFBC4CA381,NR,GL,6,12
E31B9ACC-B0E9-07E6-28E2-39DFCF48B06A,US,CK,6,-11
D5BC66E1-87C9-2DE0-D22F-39DFCF4978BC,US,IW,6,-9
CFC06991-2F4F-1E15-6162-39DFD0135F14,KI,PG,4,11
CC28BF07-3770-B66B-6176-39DFD04EFD33,US,LN,2,-11
10BA092F-0F79-3DF9-CB52-39DFD52F367A,US,LN,2,-10
A9D93C2C-1F03-4904-9053-39DFD9EAADE7,SB,SB,3,11
6AF85D36-8389-9C62-D221-39DFD9F617E3,FM,FM,4,11
F12E911B-BEC4-4D24-6C16-39DFDA4B8878,KR,PG,3,11
2E0A95DF-63C9-7302-5EC6-39DFDA6C6FA7,KI,GL,6,12
74B6DD7B-CB9D-E88A-2DA1-39DFE3CCD76F,US,GL,6,12
06B2354E-7E41-7A84-5F5F-39DFF35FB1FD,PG,GL,6,12
9CA51791-4C33-2AA1-DA37-39DFF3B8B246,CK,I5,12,-10
FF1B2A29-F3EE-BDA2-DC71-39DFFD9B93EB,TV,GL,5,12
FF1B2A29-F3EE-BDA2-DC71-39DFFD9B93EB,TV,PG,5,12
20D35E1B-0DAC-DE78-7B98-39E0036199BC,KI,FM,6,11
6D168B73-AD8C-8006-72D5-39E00374D890,SB,PG,3,11
6465635B-4B13-26B0-21DC-39E003763755,FM,PG,3,10
466616BB-B16E-493C-6A61-39E0037C06C3,JP,PG,1,9
F49F1626-E9A4-F634-190D-39E0037D4C34,JP,,11,9
98402639-D701-D4A5-106D-39E003E74125,TV,PG,3,10
C20BAC05-D819-ED1E-357C-39E003E8C535,PG,FM,3,11
C20BAC05-D819-ED1E-357C-39E003E8C535,PG,PG,3,11
95B3F440-21B2-9E3B-A3FF-39E0040F0E50,JP,PG,12,9
B6F3901A-7DF2-A4DD-4639-39E00411B6FA,JP,PG,12,9
6B2E3457-5184-E3FA-BC72-39E00416A976,PG,PG,12,9
52F79087-B7A7-A428-7CB0-39E0042411E7,PG,PG,12,9
2E037F17-E0AC-F9F5-1222-39E00426627E,JP,FM,3,9
EDB4FE1A-43EE-C814-BD01-39E007E3C890,PG,PG,12,9
776A3FF6-3A69-AAB2-87D7-39E007E81814,JP,PG,1,9
AC297442-B89A-C0FB-CCF1-39E008305094,PG,FM,3,11
98B03CB3-664C-F918-442F-39E00851DEAF,JP,FM,3,9
98B03CB3-664C-F918-442F-39E00851DEAF,JP,PG,3,9
6448FF03-1350-4280-799C-39E0085C5B42,JP,PG,12,9
3808E95F-2A4E-7854-C092-39E008715738,JP,FM,11,9
8A6246B1-A210-7DA8-43F3-39E0173E977E,TW,SB,2,11
232555BE-BDD5-DE86-417E-39E01747EBA5,TW,NR,3,12
BAE832CC-D0DE-C120-3850-39E017790CC9,KR,PG,12,9
4AA43BEE-F944-58E9-9A71-39E017B10E66,FM,FM,5,11
CAF6E388-09D5-AB62-E272-39E017BD58F3,JP,PG,2,9
7A11BE96-EB2A-98FF-9903-39E017BE4B62,JP,PG,12,9
E6FEC252-9D35-00E0-B886-39E017CE3EB4,PG,PG,12,9
C921B817-E2FF-D46D-A950-39E017DE557C,JP,PG,12,9
C0A8C0B3-A41B-FB22-56D6-39E017E09A1D,PG,FM,3,10
393AD6EF-6B56-5F79-9D3F-39E017E45030,JP,FM,1,9
0A01760B-1C32-812A-356C-39E017EEB64D,TW,NR,2,12
51DB862A-674F-A701-C7B7-39E0188330A2,JP,FM,3,11
CA2E1680-5611-E93E-4C68-39E0188FFE2A,JP,,11,9
179586C7-4E63-ACB3-C937-39E0189228CB,JP,FM,1,9
92C13FE7-742E-B2B9-0706-39E018973F87,JP,FM,2,9
190928ED-6DD5-DC3D-4AD2-39E018985D2C,JP,PG,12,9
B2AD08F9-6E08-70D3-C6C2-39E018A4EA51,JP,,11,9
5BF6DC80-FFFF-B59A-7B80-39E018A63DBB,JP,FM,2,9
065199C6-EB3D-2719-A970-39E018B0B56D,JP,PG,12,9
A6E65E52-45B5-73C3-8898-39E018B47851,JP,FM,3,9
9C4BBAAB-96D3-317A-70C2-39E018B9077F,JP,PG,12,9
37823F2A-DC84-D910-D7C5-39E018BA02D7,JP,FM,2,9
4DD071F7-7BDD-B794-5EC1-39E018C17A38,JP,PG,12,9
0CE5AC55-F833-C499-9A77-39E018CF6566,JP,PG,1,9
84B50BF9-2893-8BAF-2F1C-39E018D2EE00,JP,,11,9
BE8B1AED-AF79-39D8-88E9-39E018D4530F,PG,PG,4,10
BED40973-DA78-AD6E-D766-39E01C63754A,PG,FM,3,10
BED40973-DA78-AD6E-D766-39E01C63754A,PG,MH,3,10
9941F58F-656C-B295-9DCA-39E01CAB28CB,FM,PG,1,11
FE47470B-9B2D-B5BF-DEC4-39E01CB29781,VU,NR,6,12
068F43F7-46BF-2D50-748D-39E01CB53474,NR,GL,7,12
71B90AF0-13D3-F665-86D5-39E01CDBF5CC,PG,I2,7,10
4B9858B1-588B-EA48-CC80-39E01DB219CE,KI,GL,5,12
7FD5FCDD-EE65-C929-1905-39E0227D477D,NR,GL,7,12
7FD5FCDD-EE65-C929-1905-39E0227D477D,NR,H5,7,12
0E5BFAA8-A571-FA81-DCD2-39E03B9DA99D,PG,GL,7,12
3B67F447-3D73-5843-4E22-39E03B9F1A64,NR,IW,7,-9
C86CC6D8-AA08-CA12-189D-39E03C3A1805,PG,,3,10
084B56A0-B30B-B3DE-85F8-39E040BB3A26,KI,GL,4,12
C43E1C84-D27E-08FC-2EA4-39E04106FB31,KI,SB,4,11
1E4F0F2B-BC0C-A5D5-244F-39E04111E18A,KR,GL,4,12
721823DB-E2FF-40D7-3462-39E041A295AE,KR,GL,4,11
721823DB-E2FF-40D7-3462-39E041A295AE,KR,TV,4,11
441990D8-1727-BCDD-2BB5-39E043BD9AF6,TW,NR,6,11
53A96E53-A2C9-4EAD-0AA8-39E043DE52D5,PG,GL,6,12
6EF14C39-1D5E-8159-FC6E-39E045EBB7F0,TW,FM,3,11
8181492D-75CD-288E-8884-39E046160E37,KI,GL,5,12
1CC48E4B-99B7-19A2-456C-39E04BF6998C,JP,GL,2,11
5AE53493-E279-203E-8065-39E04BF841FC,NR,PG,2,11
DE96E999-4F2B-9639-7476-39E04BF9A110,NR,PG,3,11
9E467F25-48DA-0D06-F837-39E04BFC7185,PG,SB,4,11
059D018C-FD77-C420-6190-39E04BFE1775,SB,GL,4,11
BC247C4E-42C9-529D-B356-39E04BFFB97A,SB,GL,4,12
5355EF97-E366-1334-8155-39E04C035EE9,KR,PG,5,11
EC1AFDC1-663B-442B-6E92-39E04C058BC2,NR,GL,6,12
20285F3D-40F5-FEAF-B2D9-39E04C06B1ED,NR,MH,5,12
DE485405-F372-8DE7-7C64-39E04C0834FF,NR,PG,5,12
930CB72B-35EA-9796-F32E-39E04C096791,NR,FM,5,11
57D3D29E-9750-3658-67EA-39E04C0AAE28,NR,PG,5,11
D02808E3-92B1-8C81-6972-39E04C0BF7EC,NR,GL,6,12
8FDFB2C3-388C-8824-9F7F-39E04C0D3790,KI,GL,5,12
590DA315-CE22-2D9A-9A2D-39E04C1EE60E,MH,I4,5,12
94BBEEF4-4A4C-6C80-B25E-39E04C40F967,SB,GL,5,11
6EEF17FB-72B3-2369-9F2D-39E04C4CFA68,NR,GL,6,11
E77CBA77-ACCE-AD50-D323-39E05034F8C4,VU,MH,7,12
E77CBA77-ACCE-AD50-D323-39E05034F8C4,VU,TV,7,12
F2510E4E-D4A8-A036-453A-39E05F9E69BB,SB,SB,4,11
0BDFAA69-FC5D-F050-3FC2-39E05FF3A904,SB,GL,5,12
BF0501D4-1D6C-23E3-D9D1-39E060334961,TV,NR,5,-11
BF0501D4-1D6C-23E3-D9D1-39E060334961,TV,PG,5,-11
CACC6F17-B89C-6F91-F75E-39E0605917BE,TW,GL,5,12
D448664F-582C-0467-0F5C-39E0605B6325,PH,MH,4,12
143F9AA8-FCB6-04EF-CA79-39E0605D411D,TW,GL,4,12
113CB9F2-1BEB-CEB4-C6FB-39E060EFE4EC,FM,PG,4,10
8ABBF911-C565-F608-1EBA-39E06124A567,FM,PG,4,11
0CA45793-4EA9-8684-7FB9-39E06472FA18,NR,SB,5,11
86B92FAC-8865-CA63-613A-39E064744EDB,JP,I4,5,12
48A993FB-7477-0B0E-A385-39E064756954,TW,FM,4,11
48A993FB-7477-0B0E-A385-39E064756954,TW,PG,4,11
8205E1E1-72BD-EC77-67A5-39E0647D8E7A,FM,PX,5,12
B62801E8-4D28-B48C-FA2C-39E06480211B,FM,H4,6,12
BBE2CEBA-B6CC-5480-04AD-39E06481D9D8,SB,PG,5,11
7DE1E1D4-9496-F274-FA1B-39E06483AAEE,PG,GL,6,12
2B27ACB2-EB26-5537-9D75-39E06485373C,KI,SB,4,11
832E19FE-60D1-9293-816B-39E065298E5C,US,IW,7,-9
72DDB362-319C-A978-F6A3-39E06F12364E,KI,SB,1,12
48C33254-8465-9A97-7D6C-39E06F12C706,US,HB,7,-10
3B622DF4-BCCA-4315-3BC8-39E06F14E124,KR,PG,4,11
2AC9D5ED-4232-DB9B-1A21-39E06F1E95EE,KR,PX,4,12
07590EB0-9A3E-8ED4-62ED-39E06F1FE29A,KR,GL,5,12
BE8A32DA-1985-40B7-8626-39E06F27452A,KR,PG,4,11
7D0DB057-7034-4AC5-E8EE-39E06F318FE9,KR,GL,6,12
FB7842B8-4A5C-CB05-FBDE-39E0744C259D,CN,GL,5,12
B1EC6E18-B854-B612-6A6F-39E0745D0CFD,TW,GL,5,12
283D9BB2-D63C-B8D2-EEEA-39E074943270,PG,GL,6,12
9DF0016B-B727-83CB-062E-39E074BA38F9,KI,GL,6,12
02112736-F105-06E5-91F7-39E074CAFBF4,KI,I4,6,12
EC330478-8221-1ACC-592D-39E0750876AD,KI,I4,5,12
0756C57A-435E-0FB2-8A30-39E075256E81,TW,FM,5,11
DF76AC2D-DAD8-E0C4-2D22-39E083612FE6,FM,SB,6,11
7E9C6A5E-687A-3E45-ACB9-39E083D4DBD0,NR,,7,12
AA86DFB7-AA12-040E-6441-39E088F6C6BB,KI,GL,5,12
05A74DC7-3027-7AA7-91BA-39E0897CA0D4,TV,PX,6,12
4B98E07A-E75E-B52E-C65A-39E0898E41F8,MH,GL,5,12
2DD4C00A-8132-1BC2-CED1-39E08990B09A,PG,GL,6,12
2DD4C00A-8132-1BC2-CED1-39E08990B09A,PG,NR,6,12
94B19A5A-EF3E-1DC5-44BA-39E08E4CC1DC,US,H5,7,-11
E78552E5-0FD1-9BBB-781D-39E08E628B75,TV,GL,6,12
AA1C9E00-3168-6DE5-6283-39E08E9F5FB1,US,H5,7,-11
AEC4424F-7289-1B59-951B-39E0932D72C6,TW,GL,6,12
141CBBF7-7F41-FB74-C1C6-39E0941A66DB,MH,GL,4,12
3F329176-37BE-FF48-5D26-39E09422D658,KR,GL,1,12
7C30A573-DB3E-A688-0638-39E0943E6D59,FM,GL,5,11
2BBA5B85-C6F4-8108-1067-39E0984A0D1B,PG,FM,3,10
2BBA5B85-C6F4-8108-1067-39E0984A0D1B,PG,PG,3,10
8D86B0B1-B0CE-A5C4-D07C-39E09857273D,KR,PG,3,10
9C1C2A77-60F5-6932-32FE-39E09858DCAE,KR,PG,3,10
16E67238-E287-C959-2E18-39E0985BC3F8,KR,PG,3,12
8675BE48-5AC7-2F88-5449-39E099B44419,FM,PG,2,11
ECDC2DBA-A9C8-12A4-728A-39E0A764DDCC,TW,GL,6,11
B53658A4-6F30-00AF-CFA4-39E0A7667EDA,NR,GL,6,12
3B941215-8FB1-DC37-1B2F-39E0A7AC6C41,NR,MH,7,12
AAEEF6C0-2A7A-FDE2-F859-39E0A8C7BBAD,FM,FM,7,11
7B58F59A-2C65-1B50-6C69-39E0A92B24D5,FM,I4,12,12
78B009EF-C7F4-22AB-3629-39E0AD337DEF,FM,,12,11
ECDD2D4E-EB5E-B058-81C9-39E0ADC459DF,MH,I4,6,12
C6ABFB8B-0008-4882-E3EF-39E0AE3A4781,KI,GL,6,12
EBC06B19-95A3-216A-6A80-39E0AE3C7638,KI,MH,2,12
5FCB3DBB-964C-6398-3B76-39E0AE3E23E9,MH,I4,5,12
C0FABF0F-EE11-BE80-3661-39E0B3111075,FM,,11,11
C0FABF0F-EE11-BE80-3661-39E0B3111075,FM,,11,12
49D5D5D5-A49F-5415-D613-39E0B77AA2C5,CN,GL,5,12
3132D27B-684F-8D95-0AD6-39E0B82E0875,PH,I4,6,12
790CA390-B3B0-BE78-BA56-39E0B82FFFA2,KI,GL,6,12
719ED33A-0408-4C59-D3F6-39E0B831DDC8,TV,GL,6,12
7B3CFFD0-1B61-C081-FA52-39E0B83385EA,TW,GL,6,12
72C3C050-CBB6-A815-83E8-39E0B83C3D3E,KR,GL,6,12
46237BC0-9F98-A9B4-B41B-39E0B855A8F2,KR,FM,4,11
5FA8040F-572C-514E-E9D4-39E0B875741C,NR,GL,6,12
1248EAFE-56B9-C3D2-5144-39E0B87710A4,FM,NR,7,12
AF2A05F0-216A-5979-7F20-39E0B887EF50,KR,SB,3,10
5D4B8D6C-3B7C-BEE3-2154-39E0B8A3217B,KR,FM,2,12
778CDD02-4498-6C2A-BC62-39E0BC86A343,KI,PG,3,11
0A1000BE-1D3C-F24C-31A7-39E0BD9D04F7,FM,FM,11,9
18E947B8-5DBA-FF23-1686-39E0CBFAB436,PG,H5,8,-11
77B0BD41-F487-3077-BCA2-39E0DB44F7FA,US,HB,8,-11
BD7718F6-F422-2D14-3422-39E0EFB4D388,US,H5,8,-11
1E441C9F-4D23-B0B8-A51C-39E0F132E2D3,VU,PX,8,-11
A467ACCC-7A8B-9C3D-E28C-39E0F149A214,MH,I4,6,12
83B875CD-E5C7-9D26-6E72-39E0F556AA53,MH,I4,6,12
257CB710-F230-14BC-6BF8-39E0F66DC015,LR,GL,4,12
0D5C007D-8A4A-CC71-6433-39E0FA0F54D2,KI,I4,11,12
4D84516D-A7F1-6BC6-8037-39E0FAE9639E,US,IW,4,-9
A3FC59F6-7A36-22D2-02BA-39E1009F6C17,NR,H5,8,12
640A755B-6990-BB2A-DCA3-39E113BF5F53,KI,GL,8,12
D182059F-BCD7-00B5-FDD4-39E113C0ADDC,PG,I4,8,12
A26A1293-2AC4-4F8E-48E4-39E113C1DEDA,PG,GL,8,12
E1FFCD22-C9BA-A5FE-919E-39E113C27E47,US,GL,8,12
D9F793D8-3F4F-7178-9930-39E113C31EFB,NR,GL,8,12
238C39E7-43F3-C9D8-2046-39E113C3BC84,NR,I4,8,12
275B095B-1706-BBC5-1013-39E113C46AE4,NR,I4,8,12
06DBE631-786E-FB8F-D1B3-39E1153092FF,MH,NR,2,11
2B44F669-E694-F957-7AD6-39E118D9036B,PG,IW,8,-7
4554CE59-4494-5369-F7E2-39E11951917A,FM,FM,7,11
F022E24F-BDDD-F268-170A-39E11F304299,TW,FM,5,10
A2698B8D-D2FD-D13A-B032-39E1248CEE94,MH,I4,7,12
F87EC059-6F79-7A8E-3B71-39E12880F227,FM,PG,5,9
0713EDB1-F878-9D0C-24D4-39E128CA7837,PG,PG,5,9
6D84F3D6-AD4B-2BF7-257D-39E1393DD498,PG,NR,7,12
9CCDA791-F309-961E-040B-39E13D1C473A,FM,FM,7,8
9CCDA791-F309-961E-040B-39E13D1C473A,FM,FM,7,9
9CCDA791-F309-961E-040B-39E13D1C473A,FM,FM,7,10
9CCDA791-F309-961E-040B-39E13D1C473A,FM,FM,7,11
1CA9AE01-3AB0-33A1-7FC4-39E13D3D5DB1,TW,GL,5,12
FE25CCB1-A632-F595-1E46-39E13E535504,TV,GL,6,12
1A6EE4CE-4E65-67ED-D193-39E1429492A5,MH,I4,7,12
1BADBD6D-4240-E3D0-8A79-39E1432AE03D,PH,MH,8,12
C0434403-D908-7248-04DE-39E14371E80D,PG,FM,7,10
B7A05598-BC58-BBAE-0F96-39E143BFF903,FM,FM,6,11
8A0D95D1-9793-C7F7-90A9-39E147052C47,TV,GL,7,12
D886A3E8-972C-1165-A9A8-39E147662203,US,LN,8,-9
DE1B6483-0F88-7B45-F3D9-39E148741B18,FM,GL,7,12
F1BC81A0-67DD-AFAE-9F9F-39E14CC225AD,TV,PX,4,12
6C43B199-5595-34F4-5451-39E14CC87FB7,PG,PX,5,12
108DA502-6C73-0F43-F34A-39E14CCAFFCB,KR,GL,5,12
820BFE39-F940-CD77-B97D-39E14CCD8F6F,KR,GL,6,12
C1B6EAE2-AD41-E733-00B2-39E14CCF7D16,KR,FM,7,12
A85E796C-7245-5D06-018D-39E14CD1BD91,KR,GL,7,12
1D86CD3A-9E12-AB44-41B9-39E14CD75152,KR,GL,6,12
84BE93D5-BBB5-6957-A3B3-39E15BBAB4B4,TW,GL,7,12
4EADB460-5BB9-CCA7-94C5-39E15C0F3FA6,TW,GL,7,12
59ED742F-5DFC-2083-FC50-39E15C843B6B,KR,FM,7,10
0F912609-1E4B-DCF2-3516-39E161E69CC1,PG,NR,7,12
C3C71C25-4F6B-4CD1-AB7E-39E1621E5FA0,PG,PG,6,10
5EC8DBF6-8AAE-1D1F-C380-39E162965CFE,TV,GL,8,12
D17E0D23-703A-931A-77A6-39E16B4263FC,US,H5,7,-11
37F1EB7F-19AD-8849-212D-39E16C8F5FEF,KR,FM,5,11
6022D264-38FE-5686-4309-39E16C99C32E,KR,GL,6,12
82A15DCB-A718-34B0-EEDB-39E16CD92F0D,FM,FM,7,11
FDD1029B-A476-7A0F-4544-39E170D506EA,FM,FM,8,11
AC926E63-8012-ABFD-467E-39E170D55604,KR,GL,7,12
B6094FC8-B158-157E-B737-39E170EA5DC1,PG,PG,5,10
F381AF93-4453-7A20-2584-39E17122DF2D,KR,GL,6,12
043382C0-106C-83A9-B2AC-39E171A8D540,PG,SB,5,11
503762EF-F3EA-6414-6205-39E18032650D,US,LN,9,-10
8C69AD09-0F92-0B88-72B0-39E1805C2BA7,SB,NR,7,11
5B5E9DC8-CC30-AAF3-1090-39E1807BD66B,FM,NR,7,11
7A8EFB7D-2660-00C3-A0B5-39E185097763,KR,GL,5,12
A355D817-CAC5-593D-5B35-39E185ADA572,KI,GL,8,12
F52A2AB1-3176-BD8D-D3E4-39E18606B720,KR,GL,6,12
5ED65980-0E91-6224-FD2E-39E18607D62C,PG,H5,9,12
38D3132A-1167-6B29-683B-39E18A51C1A4,PG,FM,8,12
DEE64362-63A5-FB11-4547-39E18B7CD110,TV,GL,7,12
DEE64362-63A5-FB11-4547-39E18B7CD110,TV,PX,7,12
A2AF61AE-4ADB-000B-7B9C-39E18B86E3AF,TV,PX,8,12
E9CE56FB-D3E7-ABA0-4B7A-39E18B9380B1,KR,GL,7,12
EA0F2973-6DFB-B5FD-E996-39E18F5A589B,KI,H4,6,12
EA0F2973-6DFB-B5FD-E996-39E18F5A589B,KI,PX,6,12
B92B144E-8FC2-3C42-D973-39E18F817DA0,KR,GL,6,12
126A4224-C0EA-56B2-F220-39E18FE13D16,KI,GL,4,12
6B9E73EC-991B-F5DA-A13F-39E194562E80,KR,TV,5,12
4AB08063-C3E9-19A2-A48D-39E194726923,KR,PX,4,12
B6CE2D59-575E-E9CB-A470-39E19512DCB7,TV,LN,5,-11
6F9DD725-B373-869F-B669-39E1A3EC27B3,JP,FM,4,9
0024124A-A5EE-1237-AF37-39E1A3EDAAB9,KI,PX,9,-12
69C69D2F-5CA2-9A41-264A-39E1A3EEC409,US,PX,9,-11
7D8460EF-9E89-C244-5E66-39E1A3F08A23,PG,H5,9,-11
EEB46B60-2599-EC1B-6CAA-39E1A3F232B3,PG,H5,9,-11
99A5417F-04EF-D936-0DE3-39E1A402BD05,NR,NR,8,12
B0D2D297-19E8-2E73-7759-39E1A455B8D6,JP,FM,6,9
E591F124-723F-A8A6-EE29-39E1A456EDCC,JP,FM,2,9
1950D5C5-C300-E01D-9B0E-39E1A458E7F6,PG,FM,7,9
D673289D-39D3-B9D5-E3E3-39E1A45D88F6,PG,FM,3,9
98340F9A-956A-D985-56D2-39E1A45E7AE8,PG,PG,5,9
7070803E-91BA-AC4F-F25A-39E1A45EC6B6,SB,SB,1,11
786EE871-672B-32AB-202F-39E1A460D4A7,JP,FM,4,9
04D29FCD-26E6-AA5C-769E-39E1A46312DF,JP,PW,8,9
06559348-E47F-BE76-ECB5-39E1A46E1EF1,SB,SB,2,11
DEA94F91-80BB-9402-A6EA-39E1A47D9BFA,SB,SB,2,11
B91CF71D-3EE8-65A9-14C9-39E1A4876B65,SB,SB,3,11
CFDB8599-6BDE-56F0-3926-39E1A493B566,SB,SB,4,11
F0753414-C8A9-E182-3643-39E1A49E027D,SB,SB,4,11
2B0E9194-D37F-EA06-01A5-39E1A4A30F66,SB,SB,5,11
998BF97A-33F6-F3C4-9056-39E1A4B076CD,SB,SB,6,11
7D323E79-341C-8063-114B-39E1A5034752,PG,FM,4,9
AE1BF252-5520-A4B3-6C89-39E1A5056437,PG,FM,7,9
88241EDE-3600-E36E-261F-39E1A506C83C,JP,FM,4,9
F7B1C747-F3F5-4CE4-A467-39E1A50E908C,SB,SB,1,11
53DEE8C3-3CD0-53EA-6934-39E1A515C4DA,SB,SB,3,11
F1E56DA7-5FE8-C2DB-1917-39E1A516EE85,JP,FM,7,10
EF61AEE2-2807-2B88-D493-39E1A51AFECE,JP,FM,7,9
CB108E8A-7122-7533-E3E0-39E1A51C4C2E,JP,FM,8,9
097A12E8-F10C-410E-5D5F-39E1A51C8D4E,SB,SB,3,11
7132D9D9-6C9B-93F1-EB23-39E1A51E0BA1,KI,PG,3,11
791DF09A-16F8-FB67-794B-39E1A5316456,SB,SB,5,11
80A79FE1-2D81-1DFA-6BA5-39E1A5390BC1,SB,SB,7,11
B552A3B7-2A5A-B4C5-0F7D-39E1A54B30F7,SB,SB,7,11
7A19DF7A-93EC-A325-C21D-39E1A5572863,VU,H5,9,-11
13C6EC08-5E80-0EEA-8394-39E1A557A572,PH,I4,8,-11
6E340FC3-2780-CE59-2187-39E1A566FED6,SB,SB,8,11
C83C2BEE-15E8-87CF-8108-39E1A94D1B5E,SB,SB,6,11
4A875B12-9E97-A9CD-E3A1-39E1A94E8231,KI,H5,4,-11
F22670AA-BFD7-6A72-85B3-39E1A9A0E149,SB,SB,8,11
64EB9D06-D4C2-7B4F-22D5-39E1A9BC8838,SB,H5,4,12
64EB9D06-D4C2-7B4F-22D5-39E1A9BC8838,SB,LN,4,12
5BA9966D-C311-3740-0383-39E1A9FE2186,KR,GL,4,12
C0D2F21D-DD02-8076-970A-39E1AA290623,KI,GL,4,12
F7E08560-C5AB-BE80-ACDA-39E1AA3E44DE,MH,H4,7,12
2A283F82-00F9-F577-CC6A-39E1AA43F144,KR,GL,4,12
F8A4AEAD-7518-7D68-3BAD-39E1AA4CF57F,KI,GL,7,12
A234240B-C1A3-5E9E-A31C-39E1AA60830F,PG,GL,8,12
89F8F7F5-FC61-7B36-A067-39E1ADF62727,KR,GL,5,12
D318459A-ADCC-7EC4-23E3-39E1AE6C5156,KR,GL,8,12
5F571E60-7A02-5339-5B0E-39E1AEBA405E,NR,GL,9,12
E9F31A3F-521C-BAC3-C3BB-39E1AEEF5766,KI,H4,5,12
30C999F9-499A-3BC7-544B-39E1AF7A31CB,MH,I4,8,12
B89AC4A7-00CD-3D3C-0C35-39E1B33507AC,KR,GL,4,12
F87B4955-9B83-0A60-5CD4-39E1B3381589,KI,PG,3,10
5553B55B-8B97-0D7F-D92B-39E1B33953C6,KI,H4,5,12
D27C1C9C-E4AC-5716-333E-39E1B33C9499,KI,H5,3,-11
2D5F8719-8985-47D2-5443-39E1B33FF326,FM,PX,4,12
57591728-6E7E-D8E7-5889-39E1B348E11B,PG,GL,7,12
5902C529-9E5F-A7D4-D2DC-39E1B3588534,US,PG,9,12
6D1019F9-4659-399A-4018-39E1B37179D3,KR,GL,8,12
38248E0C-33F9-32D0-204B-39E1B383369B,PG,GL,6,12
DFB7F159-C633-264D-0DB1-39E1B3923EF1,KR,GL,5,12
8D09E423-B3FE-79CB-C955-39E1B3A33DA8,PG,GL,8,12
B0575226-4BBD-75F1-F4E8-39E1B3BAB7BD,PG,GL,6,12
DB2C3BFC-622D-A685-168F-39E1B3CE7EDC,PG,NR,7,11
E043B609-800A-A9AF-A205-39E1B3D5EEDB,SB,SB,4,11
DE0AD539-3D7F-4D66-A7A1-39E1B3D8FA37,KI,PX,4,12
C37D7D35-4888-43B4-B8C1-39E1B3E11645,FM,H4,8,12
DA9F3C1D-D6C4-47C6-E3D0-39E1B4B92063,KR,GL,8,12
BA9D064B-F04C-0F36-315E-39E1B9F88B1A,MH,I4,8,12
AEBF27DA-453E-94D4-8D51-39E1C7EC177B,NR,TV,9,12
6DB1174C-93EC-CB4C-5E3E-39E1C7ED2148,NR,TV,9,12
77E10666-E531-EFF6-00DA-39E1C7EF0AB5,NR,PX,9,12
77E10666-E531-EFF6-00DA-39E1C7EF0AB5,NR,TV,9,12
F971D5AA-5C02-968F-E82D-39E1C7EFEFA5,KI,FM,9,11
B63D845B-C907-4E3A-2004-39E1C7F18D85,US,HB,9,-11
7A1AB634-CD6C-B37C-D0F5-39E1CDBFE0DC,SB,SB,1,11
BEF20FC0-B2C2-47B4-2A7C-39E1CDC562EA,SB,SB,2,11
E80AC3C0-5B2B-FE9F-178B-39E1CDCCDDFF,SB,SB,4,11
0A279C17-0608-4ED0-D2DD-39E1CDD0A2D5,SB,SB,5,11
159C3214-C782-C8B9-6E47-39E1CDFEE802,SB,PX,6,-11
B389A5DA-EF0D-D144-B093-39E1CE75CF95,SB,SB,6,11
A5194FE4-FDBD-1E5E-C681-39E1D26EAA47,KR,GL,5,12
2692D927-2453-7A68-A712-39E1D2711184,KR,GL,4,12
2482EE52-43A7-529C-E8F0-39E1D37610D4,KR,GL,7,12
2482EE52-43A7-529C-E8F0-39E1D37610D4,KR,NR,7,12
36DB8EC4-DF19-142B-09A1-39E1D7C4928A,SB,SB,7,11
26AC80E0-45D3-7C44-18CE-39E1D7FC6D85,PG,PG,6,10
D0373D3B-6BDC-0BB0-3DA1-39E1D808606D,SB,SB,8,11
7EB1F386-D4C4-0DA9-15A4-39E1D80F5BE7,SB,SB,8,11
07B62FB7-1A68-ADB3-11AF-39E1D8D04AEE,TV,GL,6,12
54E5BBB0-4A21-C2A2-7625-39E1D8DEB474,FM,FM,8,9
8B9C8F44-BEBF-4A2F-589B-39E1EC1E417E,US,PX,10,-11
FAC4BF7D-B44F-40B4-A051-39E1EC20168C,LR,H5,8,12
36BCFD14-8888-6079-4E03-39E1EC20287E,KR,GL,8,12
08689824-B18D-A40B-0134-39E1EC814746,KI,GL,9,12
D437BD99-38C8-176E-53AC-39E1ECDE8C75,PG,GL,8,12
2E221D2F-8D56-8A7E-B0BA-39E1ECE0F92F,MH,I4,8,12
E8FE00F3-A9CF-D6E2-1CA7-39E1ED1E6ECA,NR,FM,10,8
44D39D90-5022-A56A-1E23-39E1ED3026CF,KR,GL,9,12
701A7755-581C-54AF-89E8-39E1ED9D023C,US,CK,10,-10
701A7755-581C-54AF-89E8-39E1ED9D023C,US,LN,10,-10
369283C9-E2E6-4A3D-0846-39E1F0FE8C84,PG,PG,1,10
EE63AD83-1154-013C-CFAB-39E1F1010073,PG,PG,1,10
8A46CCFB-3D8B-DA99-0DA7-39E1F10A6E27,PG,PG,1,10
8CF4A934-B40E-9766-52B2-39E1F10E2F85,PG,PG,12,10
EF158284-C376-F91D-0BF6-39E1F10F5076,PG,PG,1,10
4EBA3F1A-7F61-F5F5-27E6-39E1F11281C8,PG,PG,1,10
334D5E90-FF26-7B99-C783-39E1F113930A,PG,PG,12,10
AFA6AE2C-97CE-AE8A-BBE8-39E1F116AF4E,PG,PG,1,10
599C951A-A6F0-785E-8D9B-39E1F18FEC9C,US,IW,7,-11
41F90ED2-56DD-B660-E2C8-39E1F247D63F,TV,GL,7,11
2DB6C698-24B8-5A3C-DF02-39E1F67CC361,SB,SB,5,11
3B34F07E-E011-E5BF-17E1-39E1F680C245,SB,SB,8,11
19FB003F-26F4-8030-BD9F-39E1F695F316,SB,SB,8,11
2D477B68-2FC2-E38E-8E42-39E1F69E030E,SB,SB,4,11
59129740-09D5-092E-D90B-39E1F7A440E8,KI,GL,9,12
1EE5AA23-41D1-DEE3-9A19-39E210720185,PG,PG,2,10
041C2597-F2EC-B695-2793-39E21ACEEBD8,TW,FM,5,11
2F203D81-9B6A-59AD-FAC6-39E21BDA66F5,KI,GL,9,12
FF59476E-0BD8-B564-C78A-39E234251D6A,US,CK,10,-10
55431AAC-7D47-D66E-4F09-39E23425F56B,KI,PG,10,11
F61353C2-1CED-6B2C-D9AC-39E2358D7346,SB,SB,10,11
3B2CBC7A-6621-7152-6182-39E2359CF862,SB,SB,9,11
54ACD481-35C3-CDE7-9FC8-39E23992435F,MH,MH,10,12
5DB640D0-EEEC-8911-C90D-39E2399AAF01,TW,PX,9,12
01224245-1F9F-BB8D-7D22-39E2399CDA52,TW,PX,9,12
00C69AEA-45A1-834E-2666-39E23EED1235,TW,PX,9,12
21B06B3D-01D0-37B7-7B8D-39E243A526F9,MH,SB,3,12
CF413A87-17B2-57E3-BF74-39E243E73CCC,PG,GL,9,12
1D7D95E1-034A-7F36-6974-39E244409965,TV,GL,9,12
9889FFB5-3D78-7206-0006-39E2448D6B50,NR,TK,10,12
2B646FC6-E8C1-773D-5078-39E244D10B77,KI,GL,10,12
F71DB718-B329-2AAE-71F6-39E244E70421,TW,PX,9,12
26C5895A-5E1E-D58F-196C-39E249E8411D,KR,GL,9,12
04EC83AE-ACC3-92B6-6F85-39E249E8B00E,PG,GL,9,12
5B3CF0D3-15D7-4F5A-98D9-39E249FBB0C9,SB,SB,9,11
9D938798-CC24-F31C-6BF9-39E25D735562,KR,GL,9,12
4F41D2F6-3482-FEDC-0DA6-39E25D9FDBD2,KR,GL,9,12
A4734167-F966-E2E5-099C-39E25E81C827,LR,FM,10,11
94E3BBBE-579D-186F-7AFA-39E262A7B50A,PG,TK,10,-11
4F238A93-E594-12E9-BA6A-39E267F4290B,KI,GL,9,12
0FAA8ACD-2A71-C29B-9B86-39E267F78D42,PH,I4,9,-11
EF774D54-3376-9D1A-E13C-39E267FBAB32,MH,H4,9,-11
DE03ED29-B8BA-FE65-F43A-39E268614328,US,LN,10,-10
9AD0EC77-6D16-BFBA-BCB3-39E26D0423D7,SB,GL,8,12
154C5775-D4F0-200E-B36F-39E27C672775,FM,H5,8,-11
3340C021-3A6E-52AF-2EBA-39E27CD6B8E3,VU,SB,10,11
20FE3746-25CF-9781-2B1D-39E27CD7F1F0,NR,NR,10,11
E95AB214-B736-61AD-59B2-39E27CD938F5,NR,PX,10,12
02C83BF2-A06B-D7B1-80B0-39E27CDA21DF,NR,TV,10,12
E9D34292-CAE5-96A0-3189-39E27D3791C8,PG,GL,9,12
E9D34292-CAE5-96A0-3189-39E27D3791C8,PG,PX,9,12
17F121C4-8077-458B-ACA0-39E27D39146D,TW,PX,9,12
37F72F08-0126-13A3-EBEE-39E27D52385C,MH,,8,12
AB380FBF-4E92-600C-F946-39E281B6E639,US,CK,10,-11
58BFFF7F-A83B-6B70-5834-39E282944E40,KI,MH,9,12
6A868AA1-2D05-99DC-AFB9-39E282D33DE5,TV,GL,9,12
EA8CAACB-2FD7-85D8-FF7A-39E282ED260C,NR,NR,10,11
EA8CAACB-2FD7-85D8-FF7A-39E282ED260C,NR,PG,10,11
F7420E66-B652-CD92-4FDF-39E286C18B39,FM,GL,9,12
F7420E66-B652-CD92-4FDF-39E286C18B39,FM,PX,9,12
F7420E66-B652-CD92-4FDF-39E286C18B39,FM,TK,9,12
6DFB7830-13E3-E73D-850D-39E28D103891,SB,SB,10,11
26C27185-0365-7E2E-271A-39E290C94D0C,NR,CK,11,-11
862FF498-2044-7F47-5B00-39E2A0631C04,PG,FM,11,11
A9BA20A8-8D5A-38B6-5E1C-39E2A0642C3C,US,PX,11,-11
AD51414E-9E1C-E03C-FD22-39E2A064D28E,US,CK,11,-11
5C375B3E-3602-19D1-25CF-39E2A0CC76E7,PG,PG,9,10
616DFEC3-1727-FA5C-EDEE-39E2A1CA0705,KI,PX,10,12
BDFA8A42-683E-B5B1-DA32-39E2A55D0DC5,US,PG,11,11
7BF09FB6-BEB6-11FF-2917-39E2AB40A9CC,SB,SB,4,11
456EBA9A-1856-6D88-1B7B-39E2AC1A8549,MH,I4,9,12
1C4A71F6-A78E-D712-7B2D-39E2B05DB09A,SB,SB,10,12
90B4A581-1F1B-622A-CE49-39E2B0B80FC3,KR,TV,10,12
56A180D9-FD7E-4D90-1F87-39E2B723A922,FM,PG,2,11
836B8AE0-D2CB-7A54-A5E1-39E2B72EE5F7,KI,NR,3,12
DD41A010-E0C5-2321-4617-39E2B7595B03,PG,PG,1,10
A73EF3C3-AC73-37AC-198B-39E2C425C2B7,KR,TK,9,12
5204E2F2-0B84-4A80-27A0-39E2C43CF755,US,PX,11,-11
6BBE102E-5C92-74C7-4F5D-39E2C470B933,PG,FM,5,10
AC98C78C-0AE3-D71A-F3B7-39E2C4A0DF2B,KR,SB,4,11
B7DEF6FF-9117-8A80-4918-39E2C4B84793,PG,FM,6,10
A2200CC1-52C7-BF1F-9958-39E2C4CD12DD,TV,GL,9,12
F62E3D16-E73A-671B-12D8-39E2C4DFE291,PG,PG,5,10
A625214D-9847-B51E-0527-39E2C4E1F46B,KI,GL,6,12
A573BEA8-39A5-CC54-B852-39E2C4ECF759,FM,FM,3,11
5B3B4AF1-AD8C-6D11-6BCB-39E2C50EB315,PH,PG,6,10
F984B738-3B89-DE15-C7AD-39E2C5537EEA,KR,FM,3,10
F984B738-3B89-DE15-C7AD-39E2C5537EEA,KR,PG,3,10
6F56CE6E-BB03-6524-62C6-39E2C5552BC4,PG,PG,3,10
D7573D1A-D047-5ACC-B099-39E2C55C1F4E,KR,GL,5,12
48184637-112F-F6A2-0009-39E2C55E04A9,SB,GL,5,12
F73603CF-1937-A1FA-A4AE-39E2C55E4099,KI,GL,7,12
5B170BF8-A9F6-11A8-00C1-39E2C55EFB7D,SB,SB,6,11
00BE43E6-B549-C394-4478-39E2C55F1D1F,PG,PG,6,10
321DE619-A7C2-62B1-5DD2-39E2C561727A,KR,PX,9,12
321DE619-A7C2-62B1-5DD2-39E2C561727A,KR,TV,9,12
520DB41D-D807-08BE-B9C8-39E2C5AE87C7,PG,GL,6,10
AFDEF0EF-EDCB-C64D-469C-39E2C5B0730E,PH,PG,6,10
F1C438CB-AA4F-DD7B-3D0D-39E2C5B0A3F1,PG,PG,6,10
60BC783B-1B9A-B568-81D1-39E2C5B1174D,TW,NR,6,11
43DAC851-165E-D7E0-84A5-39E2C5B166B5,PG,PG,6,10
B2D7F576-2A82-6218-A3C1-39E2C5B2828C,PG,PG,6,10
2792783A-D7A5-6F9E-E5C6-39E2C602212B,PG,PG,6,10
EA181B2A-92C3-F8D0-B319-39E2C60259FE,KI,GL,7,12
C15FA545-758C-0F47-5292-39E2C602842A,PG,PG,6,10
F956CAC6-5E36-0255-F796-39E2C6030300,PG,PG,6,10
14244768-9B1B-E8BA-8E04-39E2C6034ECE,PG,PG,6,10
CE33D3B8-9016-07CA-4143-39E2C603B410,KI,FM,6,11
BC79A12B-FB94-8C82-01D9-39E2C61D8050,PG,PG,7,10
2B075D65-5D0F-A816-D1B1-39E2C61E7A45,KR,PX,7,12
FDD22362-FF09-6E71-B306-39E2C61F7B6A,PG,PG,8,10
F949833B-A22C-84DD-FCF2-39E2C6204727,PG,PG,7,10
E47D5258-6F00-BF85-7C93-39E2C620C05E,PG,FM,7,10
5548B821-A907-626F-6B8B-39E2C621B8A9,PG,PG,7,10
399FDBAF-6788-9123-CF69-39E2C6223953,NR,NR,7,12
05546ADA-F193-6D77-2D36-39E2C62273EB,PG,PG,6,10
D111C60F-2F65-9BC9-8CA0-39E2C622CAA6,PG,PG,7,10
65FC845F-3F0E-E54E-C26E-39E2C62325B7,SB,GL,7,12
44424808-8DFB-26BA-D15E-39E2C6238E26,PG,PG,7,10
A3C7C8CF-3906-C280-9C07-39E2C624140F,KI,GL,7,12
DE9FA8E7-1D76-6EDB-3649-39E2C62494C9,NR,NR,8,12
4FD89C6F-556D-2EDC-14BF-39E2C62556E1,FM,NR,6,11
53825153-D313-A3D5-DC7F-39E2C625BD8A,PG,PG,7,10
AE479436-9F35-1D7D-37FA-39E2C6265DF1,NR,NR,7,12
2EA553F6-5A5D-90A7-AA86-39E2C626C98C,PG,PG,7,10
9D154F4F-5F7D-D41E-608B-39E2C62706F3,KI,GL,7,12
9C8FDFB0-57C0-8E74-DA90-39E2C627319D,PG,PG,6,10
8F197E64-FC31-1AD0-0F67-39E2C62760DD,PG,PG,6,10
9486F040-FCAE-3661-4A74-39E2C627A420,NR,NR,6,12
E5F54CB4-E79A-5596-9686-39E2C960FD5A,KR,PX,10,12
E5F54CB4-E79A-5596-9686-39E2C960FD5A,KR,TK,10,12
E5F54CB4-E79A-5596-9686-39E2C960FD5A,KR,TV,10,12
ADBAA1D6-E62C-E1F3-355B-39E2C97D80BF,KR,TV,10,12
A62F84D7-984B-A040-1BDB-39E2C9B037E7,KR,TK,10,-11
25E81E2E-4C36-7B20-0424-39E2CABB2069,PG,PG,7,10
5A228203-7590-B1F4-C958-39E2CABB568C,KR,GL,8,12
0B2D4008-ECBD-08F1-0A3F-39E2CABC3890,SB,GL,8,12
9E241E94-E6AF-3E65-C6F1-39E2CABFC737,PG,PW,8,9
D04FEAE0-8E37-8C43-5CC6-39E2CAC03A73,PG,PG,8,10
0427E6C4-11F4-6AB2-E742-39E2CAC081CD,PG,GL,8,12
86A5285A-DCBE-C004-1E5F-39E2CAC18209,NR,GL,8,12
E02E7B5B-5697-38D2-301C-39E2CAC219B5,PG,NR,8,11
7519618D-06F6-CA67-1BEB-39E2CAC278AE,KI,NR,8,12
2CF881CA-7DB0-8481-03CD-39E2CAC346FB,FM,PX,8,-11
471B76F7-411C-EAEB-1614-39E2CAC3A72C,PG,PW,8,9
FBF40E46-EF40-5EC5-9B82-39E2CAC3F3C6,SB,SB,8,11
133F0FC7-87F1-A6D5-C8B1-39E2CAC45C87,SB,SB,8,11
B395B710-331A-2550-C09F-39E2CAC4E0DB,PG,PG,8,10
5D3F821D-E851-70E6-8B75-39E2CAC53CE5,NR,NR,7,11
BF3BEFC9-2546-B777-893D-39E2CAC5C734,MH,H4,7,12
9032A26C-8EB9-A1A8-9E97-39E2CAC67A87,PG,PW,8,8
EC0B0A65-B778-0101-59C8-39E2CAC6FCFD,PG,PG,8,10
C7F9D3E6-7C04-2041-8F88-39E2CAC73301,KI,MH,8,12
0826C5F0-6FE5-E7B7-7656-39E2CAC788E1,PG,PG,8,10
C5463168-6881-6F56-9D18-39E2CAC8110D,PG,PG,8,10
4555A03E-9113-2597-E1C3-39E2CAC86930,TW,NR,7,11
DA3E8B9C-D4ED-DDE6-2C9A-39E2CAC8C318,TW,NR,7,12
22836F4A-327F-3E34-264A-39E2CAC93441,PG,NR,7,11
93C17429-6D40-B366-EBFB-39E2CAC9CB70,JP,H4,6,12
6CDA4F8C-DA56-DCC3-2221-39E2CACA7BC5,SB,GL,7,12
0712E371-2CEB-AE0E-4554-39E2CACACD50,MH,H4,8,12
0712E371-2CEB-AE0E-4554-39E2CACACD50,MH,I4,8,12
F06E1A91-0BF9-8B09-8205-39E2CACB18D1,KI,PG,8,10
B4201CD6-2E93-215C-A906-39E2CACB5492,PG,NR,8,12
D774EFFC-6952-D4DF-4829-39E2CAF375F3,US,TK,11,-11
104B5EC4-D591-62BD-747A-39E2CB23F55B,KR,TK,10,12
2235F929-46BA-3567-E443-39E2CB27F1E9,SB,SB,10,11
66321C85-D16B-6F5D-CD88-39E2CB7B8668,PG,PG,10,10
09C99548-591A-DF3E-18FD-39E2CB7D0BA2,FM,FM,9,11
594F4294-0E6E-FB5A-6688-39E2CB7DB540,NR,NR,8,12
8E4FC679-3C89-110A-0A95-39E2CB7ED007,PG,PG,9,10
35A6104C-58D2-12FE-35DE-39E2CB80F4EF,NR,GL,9,12
6D1E46B9-1903-6ED3-2CC1-39E2CB813C39,PG,PG,9,10
1BF5AEE2-7BBA-88F4-9DAA-39E2CB818911,FM,FM,9,11
18010D18-E849-C56A-540B-39E2CB822EC7,FM,H4,9,12
1D64FA70-AB02-9A47-CFB8-39E2CB830755,PG,PW,9,10
92A9A5A4-B4A0-C50B-23C7-39E2CB855FFC,PG,PG,9,10
113D6BB2-9854-36CD-335D-39E2CB85C781,PG,FM,9,10
E1F5CCEF-3E43-78D0-2F73-39E2CB865B48,PG,PG,9,10
F77556DE-8974-8521-0CAF-39E2CB8767E7,PG,PG,8,10
175754F0-A11D-C4E2-9514-39E2CB87D288,PG,PG,8,10
A6B71206-03FE-3809-DD05-39E2CB886A05,KI,PG,9,10
E4D0F904-DB27-3C34-7566-39E2CB8A873D,PG,PG,8,10
988B8FAC-5C3C-8B61-C967-39E2CB8B7382,PG,PG,9,10
954D5403-CCEC-C733-B074-39E2CB8BB8D8,PG,PG,8,10
3C2E6A43-045B-7F56-7DFB-39E2CB8C1456,SB,SB,9,11
3B835178-B06D-11F3-7911-39E2CB8C6A84,SB,SB,9,11
E6A1D9B9-F271-249C-73E1-39E2CB8CE032,FM,NR,8,11
B40E7E79-6EDF-9ABA-66B5-39E2CB8D2440,KI,FM,8,10
A2104CA5-DB6A-DCC6-218B-39E2CB8D945F,PG,PW,9,9
17AAD150-1756-F7C9-8BD9-39E2CB8E049E,PG,PG,8,10
1CBAA02C-67C7-B668-93A6-39E2CB8E8835,PG,PG,9,10
40748436-946C-D56E-AD64-39E2CB8EF41F,PG,PW,9,10
01649105-1EDF-272D-9548-39E2CB8F60F2,MH,MH,10,12
08884588-5645-A1B1-75E3-39E2CB8FAD7C,PH,PG,6,10
55F3CA12-14EE-0440-935C-39E2CB90B6EE,PG,PG,9,10
6947454D-EB3D-1A90-2DDD-39E2CB91B89F,PG,PG,9,10
0BF25504-3B57-1AB5-1DE4-39E2CB927252,PH,PG,9,10
44AFA0E2-5C96-D5AD-F0F7-39E2CB929144,FM,GL,8,12
220C9422-89C6-50A3-6EDE-39E2CEF57F9B,KI,TK,10,12
0F4E404D-1A87-EF36-E75E-39E2CF1626AB,NR,SB,11,12
D9DB08D8-1AF7-B638-2F34-39E2CF3C699F,SB,SB,10,11
DA3A8EE0-402A-0650-E4D6-39E2D40091E1,PG,SB,1,11
175621E3-56F1-E070-BDAA-39E2D43C3340,TV,TV,10,12
2C455C69-3F15-0A7E-A22C-39E2D4F92038,PG,PX,10,-11
2C455C69-3F15-0A7E-A22C-39E2D4F92038,PG,PX,10,12
1BD7C677-E2EC-C6CE-CDAC-39E2D8D35EC7,KI,PX,10,12
1BD7C677-E2EC-C6CE-CDAC-39E2D8D35EC7,KI,TV,10,12
3FBED49C-0BF4-71F8-C789-39E2D93EBA36,PG,FM,11,12
DAC97870-2BA6-B381-FE11-39E2E84E6681,TW,NR,10,12
1B19DE39-AAC2-A4C8-CC2E-39E2E8503E20,MH,H4,10,12
363C491C-1AD2-0531-8221-39E2E8567BB1,PG,NR,10,12
57064B29-9A6A-A47C-3658-39E2E861BD7A,TW,NR,10,12
AB0D9889-FE7F-442B-3CC2-39E2E8702A6C,CN,GL,10,12
87044ADA-61B1-30C4-0460-39E2F813CAFB,TV,TK,10,-11
DD87AA22-BB14-FD70-458C-39E2F8970B5E,TW,NR,10,12
7D9F7DCD-32BC-061B-26D0-39E2F898E2E2,KI,NR,10,12
04D45CA1-8FDD-D925-76C8-39E2F8E7E6EE,KI,GL,10,12
04D45CA1-8FDD-D925-76C8-39E2F8E7E6EE,KI,MH,10,12
85D39337-B700-7A97-87D8-39E2FDB8E107,MH,PG,10,11
11D24363-B2A7-7D16-B6F0-39E2FDC3E5A4,MH,FM,11,11
11D24363-B2A7-7D16-B6F0-39E2FDC3E5A4,MH,FM,11,12
02FEE840-2B3A-2954-0792-39E30C61412B,TW,SB,10,11
E2D1EEC6-E32D-64D9-1F36-39E30C65E5BD,TV,NR,10,11
9E0C7FAA-7212-0749-A497-39E30C6AFAFB,KI,PG,11,11
79493C77-078B-A4AB-5A39-39E30C6C067F,NR,SB,11,12
5D630C20-327A-2423-BFB0-39E30C6CD6FF,NR,SB,11,11
CBD034A7-FDB1-FB48-857C-39E30C6E0978,US,FM,11,8
C22EF00B-CFE5-5A15-3004-39E30C891396,US,PX,9,-11
38C3CCA4-3A46-365F-AC51-39E30CEBB6D8,KR,TV,10,12
ADA866C5-A4AD-C6DF-D7F9-39E30E171676,PG,TK,11,-11
9A1AE4F5-DD97-3BB3-5A3C-39E33AF2A458,TW,SB,10,11
46A82D62-ADBE-C666-764A-39E33AF6284F,KI,FM,11,11
C8ABBD85-3EE6-9972-DD26-39E3406AA951,US,TK,12,-11
50AED294-BEE0-2492-FC66-39E3406BB003,NR,SB,12,11
0E5D8228-B1A8-F124-9C5E-39E34078BCE6,KR,SB,10,11
6AC2ABDA-270D-1D89-85FE-39E3407BE2C0,KR,PG,10,11
6AC2ABDA-270D-1D89-85FE-39E3407BE2C0,KR,TV,10,11
4D51A4D1-AF08-7DF6-12FB-39E3407E6738,TV,TV,11,12
363C3B4A-F0DF-E45D-20AC-39E3408909C2,KR,SB,11,11
0465291F-6869-E3F8-3036-39E3410952D1,SB,SB,11,11
1AA55808-8141-71BF-9CF7-39E34134CDD2,SB,SB,11,11
E5D50B49-10E9-CC93-B530-39E3415A4A27,PG,PG,11,11
E5D50B49-10E9-CC93-B530-39E3415A4A27,PG,PG,11,12
9487F071-FBBC-2B40-25EE-39E341681C10,PG,FM,10,11
F9767852-852D-F2D6-DEAF-39E3457075BC,KR,PG,11,11
1FA51EC6-32F0-6FC0-19FB-39E345A3D0DB,SB,SB,11,12
F7DFC896-0FB2-A0C0-EAC7-39E345BBAA94,TV,PX,10,-11
266666D4-A07D-89D6-9D38-39E3466BEF93,SB,SB,11,11
932835FA-C667-F301-5F36-39E346AD81AD,LR,SB,12,11
9BB64F8E-D2F6-9EFF-497D-39E3559536B4,PG,GL,6,12
230F8F3C-4B60-11BD-B422-39E355A2C8D5,PG,SB,11,11
E8193233-F401-CFB4-2C98-39E355A5FA76,PG,SB,11,11
F0EB210C-EDE8-0B9C-25E3-39E355A75533,KR,SB,11,11
6FB670A9-3D81-FAA8-986B-39E355AABFC6,PG,FM,11,11
135D359E-F945-4F04-45D7-39E355BE0961,KI,PG,10,11
2C61FC25-F32B-C49C-EA19-39E359D62930,TV,SB,10,12
596BF66A-FCD3-2F48-4039-39E359F0C47B,MH,GL,11,12
8B942AB6-C30A-E914-39E3-39E35ACC4CD9,KR,SB,11,11
5D7EE16E-A676-E550-BDA8-39E35F5CEF4C,SB,SB,12,11
EE056D90-50F6-E100-A79A-39E3600A7E72,SB,SB,12,11
4F3D720F-EACE-F11B-02B7-39E360132377,FM,TV,10,12
D1D7116E-1FB7-3BF6-B7A8-39E3644672E0,TW,SB,11,11
280B989B-CD53-376E-1702-39E3645CA68A,KR,GL,11,12
E6052FF3-B676-684D-92FC-39E36982911C,PG,SB,11,11
CB6235AA-E0EC-988E-AF0A-39E3787B0D25,US,H5,12,-11
1F84939E-7E2A-8274-BC14-39E3787BF3CC,NR,FM,12,11
DF0230B3-CC8B-02FE-93CF-39E3787D5E49,PG,FM,12,11
0DDF03EB-A7B2-F751-1C1F-39E37A0F69FF,KI,FM,12,11
E4EDCE58-4124-277D-A016-39E37E49C17C,VU,TV,12,12
9E185D64-4125-B8DB-83A2-39E37F2B512A,KR,SB,11,11
D0744591-AC65-5DFE-F928-39E37F347960,NR,FM,12,11
6D7D1C2A-1C5A-6D86-F2B5-39E38293F157,MH,H4,11,12
67F5F577-CA74-9A5B-24BA-39E382981A8A,TW,SB,11,12
FFA72F97-3CE8-1BAA-E52B-39E38363DF67,KR,SB,11,11
4B558F34-660C-E220-D76D-39E38D6DD0E0,US,FM,12,10
8C95D745-03CA-F97F-44ED-39E3A70DAD17,US,CK,12,-11
8C95D745-03CA-F97F-44ED-39E3A70DAD17,US,H5,12,-11
77216DAA-9152-C84B-EDAB-39E3A769818E,TW,PG,11,12
DC2BD596-59A0-FB2C-0940-39E3A776DE22,FM,PG,11,10
3FB250F2-3A3D-0DA6-A82C-39E3A861BE93,KI,GL,11,12
DCA7A770-46BB-562F-DDB3-39E3A863AA1F,TW,SB,11,12
625F4A44-7921-F178-A26F-39E3A8714498,TV,SB,11,12
017CA80F-6826-D613-128A-39E3AC73EA34,PG,FM,12,11
92886FF6-CB20-D3EB-62A2-39E3AD46DF68,MH,H4,10,12
8770143F-65A3-C875-CCDC-39E3AD760640,PG,SB,11,11
4D76D963-AD3B-D222-655E-39E3AD77B9FD,NR,TK,12,12
4D76D963-AD3B-D222-655E-39E3AD77B9FD,NR,TV,12,12
A8B3A86F-C165-A70D-B9C4-39E3B18643F0,KR,SB,11,11
7B80DE71-8C45-FC7E-0A4D-39E3B18977DE,SB,SB,3,11
8C97541E-2022-78AB-160F-39E3B18E8D09,SB,SB,5,11
0BC31A48-68C2-FFA8-44FD-39E3B19244CC,SB,SB,9,11
B22BAC49-1884-CF81-81F5-39E3B1947020,SB,SB,9,11
598F310F-DEA8-D4A1-F2BD-39E3B1DD26B1,KR,TV,10,12
681EDF09-16A0-6CD8-AE0B-39E3B22F8D6B,TW,SB,11,12
7895957E-F7A5-5AE2-93E2-39E3C648E28F,PG,GL,9,12
77F38F3B-4EC1-80DD-153C-39E3C6CFF8A7,SB,SB,12,11
74241F73-E162-CB4A-D88A-39E3C6D9AAB1,KR,GL,12,12
784A9613-2B1D-A1E0-98F4-39E3C7236A07,KR,SB,11,11
39572331-AD50-B306-D990-39E3CB34CAD6,PG,PG,11,11
39572331-AD50-B306-D990-39E3CB34CAD6,PG,SB,11,11
E8222BB0-E4DA-DF77-52AF-39E3CB53915B,KI,SB,12,11
6933629B-2A25-4BDD-D3EB-39E3CC82B6D1,TW,SB,12,11
D6F464D5-660E-C3AF-7F71-39E3D151231F,SB,H5,9,12
2BBAB008-348E-3AA5-8E88-39E3D5A9A60F,NR,PG,12,11
00F39B6F-218F-764D-CB9D-39E3D5AA6904,NR,FM,12,10
AC6AC9D8-0250-E5E6-EA37-39E3D5AC1702,US,H5,1,-11
3D8F88EB-F4A0-B45B-903F-39E3D5AD4973,NR,H5,1,-11
3D8F88EB-F4A0-B45B-903F-39E3D5AD4973,NR,TK,1,-11
60C149F1-2389-E5E1-74FB-39E3D5AE89AC,US,TK,1,-11
120F0EE7-A51E-F46C-857A-39E3D5B2DD91,US,CK,11,-10
4F6BCB66-F4D5-D5A6-28D6-39E3E651ECA8,FM,GL,11,12
66AE2448-4647-B2FC-3FDA-39E3EA2090E7,TV,PX,11,12
B7A4D481-1B2A-DDDD-3659-39E3EA671B5F,PG,FM,9,9
7BD2DEEB-66D7-6B14-C4D9-39E3EF509141,PG,SB,11,11
92859513-0063-7CDF-B1C5-39E3EF738340,NR,TK,10,-11
22E29A61-B634-008C-5E7A-39E3EF7AECCD,TV,PX,11,-11
22E29A61-B634-008C-5E7A-39E3EF7AECCD,TV,PX,11,12
21469D64-EBEA-BE4A-3656-39E3EF84420E,NR,PX,10,-11
D4B675CC-BCD3-A8B5-86CF-39E3EF8A75C9,KR,PG,11,11
62BD5D22-E4DB-3695-E65D-39E3EFFCDF68,MH,,3,8
62BD5D22-E4DB-3695-E65D-39E3EFFCDF68,MH,,3,10
62BD5D22-E4DB-3695-E65D-39E3EFFCDF68,MH,,3,12
C1598A4A-9C35-B541-CCEE-39E3F003E77B,PH,MH,3,12
9CAD36CD-F620-1FB0-619A-39E3F07A37B1,SB,PG,10,10
17FE0F70-E7D4-A70A-99C4-39E3F5057B27,KR,FM,12,11
3E0EF0B3-B12D-42EC-6216-39E3F96F6DD6,MH,I4,12,12
3E0EF0B3-B12D-42EC-6216-39E3F96F6DD6,MH,MH,12,12
A7FC8588-4186-4C15-F3E5-39E3F98BE481,TW,TV,11,12
809AC22F-6342-D517-6CD2-39E3F98CB928,PG,SB,12,11
4F8F58D7-B3B1-0185-566E-39E3F9A47F8D,PG,SB,11,11
62A06486-683C-BEB9-F0E4-39E3F9AE524C,MH,TV,11,12
463EAB56-E281-1B3C-E0C0-39E3F9EA1A3C,TV,SB,12,12
CAA08F4D-FA25-0C37-B38A-39E4091B6FD9,FM,PG,12,10
30D9F6D2-631F-B6B3-6F6A-39E4093C173A,TV,TV,12,12
39EDC2A7-C3DA-3752-3D73-39E409E366C4,MH,SB,12,12
4ED1FA70-F96C-924C-7779-39E409E5204D,MH,SB,11,10
46FB3D40-45BD-2CA9-4A54-39E4138646C5,KI,GL,11,12
2B8EC057-1D67-C623-EDDF-39E418AE8E2D,PG,FM,1,11
33922B8E-60FA-95C9-A8F0-39E418B0D08D,NR,NR,1,12
6DFFDBA4-D2A8-27E7-AFD7-39E419808DE1,JP,FM,10,9
B93F47FE-3EA6-0972-AF94-39E419861500,JP,GL,9,9
06C7231C-BFA4-E1A8-2D96-39E42DE3FF12,SB,SB,12,11
C3387D3D-9035-0293-4E93-39E43235A64E,KI,FM,12,10
680A2C73-5AAD-EC5D-77F1-39E4323B51BE,NR,MH,1,12
32DC4058-2ABA-ACF7-2273-39E4323C25E7,US,FM,1,10
712B6D13-F38E-BEAB-BEDF-39E4323CDBAB,KI,FM,1,11
FD82D279-4143-83C3-368E-39E4323DACC7,US,TK,1,-11
3520E471-C440-7C04-87AD-39E43252F6A0,KR,GL,12,12
58B16BE2-4782-1369-870F-39E43265F261,KR,SB,12,11
52CD0756-6097-F73C-06AC-39E432AA0CAC,PG,FM,12,10
7033A9DF-E42D-8A7E-2CDC-39E432BF5EB2,US,I5,1,-10
3683BA13-06E6-8DBA-EEF2-39E432CD01E6,KI,GL,12,12
612CFA67-5D0A-77E7-1F60-39E4331BB4CD,SB,PG,12,10
8EFB69EA-1EA9-44AE-3864-39E4375EB501,PG,PX,12,12
D450AF65-DE52-ECDA-6F00-39E4376D9CBC,KI,GL,12,12
D450AF65-DE52-ECDA-6F00-39E4376D9CBC,KI,MH,12,12
0EDF59B3-AAE5-0257-E53C-39E43774D073,KI,GL,12,12
6D00CB71-71B1-3DF0-E069-39E4387FCB55,PG,FM,12,11
697CE9BB-1DC5-7D91-2246-39E43CB83586,SB,SB,12,11
ECE762E7-0771-4DDD-4195-39E451487866,US,I5,1,12
0C4C7B4A-FC2A-EC17-666D-39E451496278,US,PX,1,-11
081A657C-5A58-3FB9-DD9A-39E455FF7EA2,US,IW,12,-11
F6DF1B49-06E3-5212-9408-39E4560296E9,KI,FM,1,10
17B27569-03CB-EEBD-2124-39E456390F25,KR,GL,1,12
D075691A-4D5D-4DB1-E948-39E456838D21,KI,MH,9,12
1DA0C25C-4010-BB1A-77F8-39E456ADFBFD,KR,SB,11,12
7A24B7AF-A3CB-76C1-55AF-39E4570F59FE,LR,GL,1,12
815C144B-BF12-BBF9-2795-39E457795847,PG,SB,12,11
9FCB4BFE-B8DB-BB91-F758-39E45B7FECE2,KI,GL,12,12
DEEA3D06-C357-6830-A2CC-39E460AD281F,PG,SB,12,11
B600F122-5043-E517-40C6-39E46566DD8D,PG,PG,10,10
7883128F-F3E6-D376-D14D-39E465758920,PG,SB,11,11
63DF909E-5612-71B7-0C89-39E465AC590A,NR,GL,2,12
4BEC390D-5A72-9F78-EF81-39E465C6330C,FM,SB,12,11
C13D613B-9010-3A84-702D-39E465CB2FF7,PG,SB,11,11
98F4D6A6-ACC7-D895-C59C-39E46600AC36,KI,SB,12,11
096E1FF1-9598-3E98-F2BF-39E46618340E,US,PG,2,10
71149D6A-939C-B422-659F-39E4667915BA,US,H5,2,-11
D12DB68E-6600-B8E3-3EA8-39E4669CAFA4,FM,TV,12,12
26B4F639-FB64-73A6-E78E-39E466BD81CE,KR,SB,12,11
01F7C2C9-E715-0778-8152-39E466ECB3F0,PG,FM,12,10
F97744E4-7CCE-40DB-CD18-39E4670CD72E,PG,SB,12,11
7E2D7626-4D59-CE28-7B9C-39E474D5F3F3,KI,TK,10,12
735D4C98-E8FD-57D2-474C-39E474D88F64,KI,H5,10,-11
735D4C98-E8FD-57D2-474C-39E474D88F64,KI,H5,10,12
01B26211-AC21-5094-93DB-39E474F19E2C,KI,PX,9,12
95736C8D-CD04-5E7A-41D5-39E474F4E598,KR,PX,11,12
D771E9DB-D400-E805-A8B1-39E474F824C0,KR,CK,10,-11
521723A6-89DE-DEDE-A937-39E474FF65D9,KR,TK,9,12
7D57F71F-167F-110B-1C57-39E47501321A,KR,TK,10,12
EC85D1D8-6FD8-6AAC-6FEB-39E4750326BC,PG,TK,11,12
6501C903-464A-0A48-6D64-39E4763EF05E,PG,FM,11,10
80C35C40-0FBD-8FF4-91AD-39E47A43E0FC,TV,FM,12,10
5EB049F9-E38B-1079-3F91-39E47A69EBA7,TW,PG,1,10
ED0F4F6D-6801-19B1-C833-39E47A77A1CF,PG,PG,1,10
1C2DD42A-03FD-A1FD-A09E-39E47A869E6E,TV,PX,12,12
EAD332E8-897C-804F-C4E1-39E47AFEF44E,TW,PG,12,11
0040CE40-541C-C4E8-41A0-39E47B016FDE,MH,GL,11,12
0040CE40-541C-C4E8-41A0-39E47B016FDE,MH,TV,11,12
63C75ABD-C7F8-1FED-A926-39E47B03CD5B,NR,FM,12,10
DEDCAF23-BBA4-A82B-CE3A-39E47F4788A5,PG,I5,2,-11
C054B54C-06C8-6FA0-6A8C-39E47F48E5A6,KI,PX,12,-11
43879C69-D477-3F08-4D21-39E47F6231E1,MH,GL,1,12
BC677470-E1C4-C557-CF8C-39E47F72EE1F,KR,PX,12,12
CE6B4284-C823-D1EC-1CA7-39E480405241,KR,SB,12,11
407DD42F-3F1C-C721-E481-39E4804F58DF,TW,GL,1,12
51EA264F-92B2-2B79-AC75-39E4848293FC,KI,TV,12,12
75D4CF6D-BE4A-6698-4552-39E4858AE646,TW,FM,12,10
5F0DD4B4-0DBC-486D-5438-39E485C6FCB8,KR,GL,1,12
D26F39C5-83FE-CF40-C61A-39E489C13B87,KR,SB,12,12
DCA95804-60B7-7879-6AA7-39E498E8447C,NR,NR,2,12
E5A91C0A-1A5A-CE93-4B63-39E498E93805,PG,GL,2,12
D5F45E3E-A920-C71C-BD80-39E498EBF207,NR,GL,2,11
4A09CF36-74A8-BADB-A344-39E498ED95B6,PG,PG,2,11
F8BBB346-2D42-0309-DB06-39E49A0DFD3E,TW,PG,1,12
1EF552E4-952D-2FC2-C6A4-39E49E2D1E84,FM,SB,1,11
0E9B447F-F4CA-3AA7-45D6-39E49EFA67A7,TV,FM,1,11
6460D637-39A7-03EE-0B0E-39E49F271421,TV,PG,1,10
784B1B27-9E17-7C51-75CC-39E49F5C7DF8,KR,PG,1,10
C8B9A7EB-D5A4-309E-6FD2-39E49FD90887,KR,GL,4,12
F3075672-5CD1-BB47-C580-39E4A3791844,KR,PG,1,10
CCB65EA7-73B9-D6C8-A512-39E4A3C8B77D,FM,FM,1,-11
F1E0EBF1-8238-7257-F496-39E4A47CDF9F,TW,FM,1,10
76AD98F8-0C7F-8976-A572-39E4A897CE8D,US,I5,2,-11
8CF9ACAC-8BF6-F321-E694-39E4AD5DFEEF,KI,H4,11,12
F761DF31-EFA0-62A0-30DA-39E4AE17811F,PG,PX,1,-11
F761DF31-EFA0-62A0-30DA-39E4AE17811F,PG,PX,1,12
CEFB6397-8423-85E4-7DA9-39E4AE6E324A,FM,GL,1,12
E13BF2FC-DAA5-07B1-80E6-39E4AE9EC835,KR,SB,1,11
2D5EA333-C278-2E9F-A383-39E4BCF92203,PG,SB,1,11
D7C54400-2056-FB77-2E28-39E4BCFB0A16,FM,SB,1,11
26A11224-99F1-8B5E-8929-39E4BD0EDD3F,US,H4,2,-12
18F087D3-6ADD-B4C6-A5DA-39E4BD27197E,LR,TK,11,-11
A39F07D5-569C-994D-4052-39E4BD28F228,LR,TK,10,-11
F367E0F7-B395-F2F5-9A8C-39E4BD2CE418,NR,TV,11,12
39CA03D5-8FBE-A59D-D7CF-39E4BE16FC93,KI,NR,1,12
A79FE937-51D1-D265-BB09-39E4BE35F9B9,TW,PG,1,10
8F7E4129-C1A1-D797-DB43-39E4C2DB1B03,US,NR,2,12
D04050FF-D470-00A6-A76C-39E4C2DBCC0D,US,H5,2,-11
9CE83854-D0A5-B992-76F5-39E4C73AABC0,KI,H5,1,-11
1A222B34-1DDD-4CE4-66F6-39E4CC83FFBE,US,H5,12,-11
CBFED632-82D2-BD43-B9CA-39E4CC863D70,US,IW,10,-8
2C80517E-07D4-3436-1F0A-39E4CCB9FAD5,TV,PX,9,12
33E283CE-9F05-0965-8ACA-39E4CCD59E1D,TW,PG,2,11
1DF7D02A-361D-01FD-A64D-39E4CCD83EAB,KI,GL,1,12
31CCEC36-8A26-6631-A8BB-39E4CCDB49DF,TV,H5,11,-11
8E986BD0-12FB-66BB-E881-39E4D1D34A62,KI,GL,12,12
BB411F25-3550-FF26-26AD-39E4D22170E8,MH,NR,1,12
C456D135-0F01-B95F-969F-39E4E0E85D60,JP,FM,10,9
E95EE0A4-C8C3-4002-4B78-39E4E1052BB0,FM,TV,1,12
2ED5DE28-DAC0-D9B9-0211-39E4E16EEB13,KI,NR,1,12
00A0DE3A-2757-3E88-390F-39E4E1E7718C,KI,NR,2,11
B04F23C6-BB01-88B8-3D40-39E4E24E38DA,SB,PG,1,11
9987F657-121A-6C2D-4EA3-39E4E255026D,US,H5,2,12
B1090CFB-5329-30E1-19FD-39E4E281F6D6,KI,NR,12,12
23345706-5AAF-2BE1-7A23-39E4E2AA0CC4,FM,FM,1,10
C97C43D9-C77D-7076-524A-39E4E676A386,PG,PG,1,11
59E858A8-0CAB-6F9E-2F52-39E4E7DA76B2,KR,PX,1,12
39AC1B1A-2E7E-6669-AE21-39E4E7E528E5,PG,PG,1,10
39AC1B1A-2E7E-6669-AE21-39E4E7E528E5,PG,PG,1,11
ACD799AF-420A-AC1B-5E84-39E4F0D69F63,KR,GL,1,12
D36E7AEA-2634-04EC-DDB8-39E50570DEBA,NR,TV,3,12
2AD42728-3AD7-7ADD-7433-39E5057280C4,US,H5,3,12
1C582962-3DDF-749B-6A26-39E5057CE4F6,FM,FM,1,10
5B36DB9D-E07C-6920-5FC9-39E505904770,MH,GL,1,12
C1FDAD61-27B3-CE28-3DDE-39E5059894B6,MH,GL,1,12
0209741E-F14D-FFC8-D7F2-39E50A6B7806,KI,I5,2,-11
A85DED62-724D-E5F6-EE14-39E50A7507AD,SB,PX,9,-12
A85DED62-724D-E5F6-EE14-39E50A7507AD,SB,TV,9,-12
2A8369A9-BA8A-EBAB-48A6-39E50AA8BDFB,PG,FM,1,10
D059EB8E-7F38-BF98-65F7-39E50AB08034,NR,PG,1,11
BA552EBD-990A-07EE-F934-39E50ABC066C,KR,SB,2,12
E3D14A81-A20D-F2E0-5020-39E50FE79998,JP,FM,8,9
6F7372E8-6734-8136-EA85-39E50FEC49FB,JP,FM,8,9
56ED8CB1-407E-2DF8-B80F-39E50FF0734C,JP,FM,8,9
329F4F4D-3B6A-E5E1-A56E-39E50FF2114D,JP,FM,9,9
DD279C0C-9822-6FC5-2316-39E50FF3108E,JP,FM,8,9
334E7791-1DA5-1B40-9E37-39E50FFEA4D0,JP,PG,7,9
13C6E59D-997A-1B1C-3EFE-39E5100120AE,JP,FM,8,9
9693C530-048A-6B6A-F45D-39E5100D5884,TW,,9,10
ECACDD6D-9A4F-64C7-FE18-39E510103A70,JP,PG,8,9
BFBF0F79-042E-723D-547A-39E51011545C,JP,FM,8,9
0882F82E-660D-DB59-66E9-39E5102EB358,SB,SB,9,11
1AB364CD-2A6E-346B-080C-39E510734056,JP,FM,7,9
21BBBECE-3D0C-6047-539E-39E51074757C,JP,FM,8,9
9342C2F4-46E2-F8CA-64CF-39E51075AEB8,JP,FM,7,9
CF1334F8-27DF-D56F-DA51-39E5107710AA,JP,FM,9,9
13056CBC-B9AE-D0FD-A89D-39E510D5DF50,SB,SB,9,11
D7E4E2A4-39A9-B406-9D49-39E5153941EB,KI,TK,1,12
068C537D-6420-166B-58EF-39E519CE0B55,TV,GL,1,12
068C537D-6420-166B-58EF-39E519CE0B55,TV,TV,1,12
67118F4B-CCA9-B26E-C1F4-39E519E3168B,NR,NR,3,11
E42124EE-5479-4BB9-D9DB-39E52A637C82,NR,GL,1,11
C6C41C55-BB3C-40C9-54FB-39E52A64B6C5,NR,TV,3,-12
AB2C9149-2601-3DB5-5809-39E52A6AE67A,US,IW,3,-9
CE7CB6A9-21B5-39EA-BB7A-39E52A73098E,KI,PG,2,11
2AC5FC58-C986-FFB6-02CB-39E52E777090,FM,FM,8,-11
555CE4E3-C3E3-76DA-44E3-39E52E7ACD71,KI,GL,1,12
F9581EBE-0576-2F24-8C85-39E52E8A4291,KR,PX,1,-11
E078A71B-7798-755A-AB9D-39E52EE66C5E,KI,SB,11,12
5EE141C3-C5AF-E66D-0322-39E52EE8171D,KI,SB,12,12
8791D093-D54B-A14E-45E0-39E52F484837,KI,GL,5,12
6D813484-690E-0D5B-FC2D-39E52F868706,KI,PX,1,12
B173DDC9-4116-1114-D4CA-39E5301F355B,FM,FM,6,10
B001A245-48CF-D949-5C7F-39E533979B3B,US,H5,3,-11
FEEF5E7C-D5F4-647E-944D-39E5345906BB,TV,PG,2,10
F60EBEA5-DBF2-7838-FF53-39E5349FB8D6,KI,PG,10,11
B645E8E4-E2F8-785C-B18D-39E534A53B07,TW,GL,9,12
B645E8E4-E2F8-785C-B18D-39E534A53B07,TW,MH,9,12
C7156F31-53D9-0335-C2B5-39E534AB2B05,NR,,9,9
C7156F31-53D9-0335-C2B5-39E534AB2B05,NR,,9,12
53B435CA-AB39-29A5-2C4F-39E534AD2B70,NR,,8,8
53B435CA-AB39-29A5-2C4F-39E534AD2B70,NR,,8,10
53B435CA-AB39-29A5-2C4F-39E534AD2B70,NR,,8,11
72D18E58-8A2C-2ABD-273F-39E534B17843,NR,FM,10,8
240F5356-8BD9-B3A6-E93A-39E534B3148B,NR,SB,11,11
713B26EC-F601-C33A-A0DA-39E534B69285,MH,GL,12,12
101D5EB1-38E6-F8F2-9B5F-39E534B6ED37,NR,GL,10,12
322636B4-07C5-8FC0-E012-39E534CE3B40,NR,,8,10
CA1615D9-AD9E-97B0-9BB1-39E534DA4EF7,KI,GL,6,12
B1675CCC-7A61-9F01-5EF9-39E534EDC743,FM,PG,5,11
9288AFF1-FC65-B8A3-7905-39E534F50377,KR,SB,3,11
1D2EAA92-6669-AE86-E3DF-39E534F7F697,KR,GL,9,12
B370DABD-E597-D598-ECDD-39E534FEAD0D,KR,TV,12,12
A66239EE-6E9A-F068-8845-39E53500B3E9,KR,GL,5,12
626B46FB-0A0A-1A4F-D0C4-39E5350AEC83,TW,GL,2,11
FA827ACF-0DEC-6513-39F6-39E535117359,MH,MH,2,12
7CA9AF21-0F76-6239-249A-39E538686FD5,KR,GL,1,12
DB85F093-6812-2E51-8A04-39E5386A4849,KR,PX,11,12
039883DA-42BC-ACEE-CAB7-39E538788672,NR,,10,9
F263CD87-6727-6C7B-CDA6-39E5387A7F11,NR,SB,11,11
7CBAF7B6-5E8C-EA98-709E-39E5387BFD5B,KR,PX,2,12
ECADDEC4-4F90-E4EF-44DC-39E5387DA247,NR,TV,9,12
D1405D70-5035-0062-F623-39E53897A28C,PG,PX,2,-11
306958CC-EBE4-68CF-C0C7-39E538C43195,PG,PG,11,10
65A383DD-945D-6B1D-51AF-39E538CED88A,KR,SB,2,12
0D6453FC-5EA7-2590-E890-39E538D2CCAF,PG,FM,4,9
9F51E2B1-1C70-1076-3479-39E538D9B4D2,KR,PG,2,10
9B7C57DB-C18B-FCE9-E5E9-39E538DBB826,TV,PX,2,12
0E97B173-8B03-E5CF-C844-39E538E139DD,TV,GL,2,12
7A81278F-5B42-44E7-AD12-39E538E770A6,PG,PG,10,10
E015722E-6F07-8663-E8D8-39E538E97693,PG,PG,12,10
E69C60BE-0AC6-DB81-3D49-39E538EA20DC,LR,GL,3,12
22786564-027B-97B2-F9A7-39E538EC742D,KR,PG,2,11
4ED71283-9A4C-841C-C57F-39E539043767,KI,PX,2,-11
CBEAFDD6-DF3B-1F3E-72B9-39E5390567F1,TW,NR,2,12
2AB01D0F-C0BA-D3AA-7873-39E5390685B6,PG,PG,3,10
437710A8-B3D4-16F4-2B9D-39E5392CC371,TV,MH,2,11
E38BBE19-BD47-C3B9-FF83-39E539BD7F6C,PG,PG,11,10
EADC7484-D049-9815-C236-39E539C0066B,PG,SB,5,12
49DFAA1C-B389-755B-05A7-39E539C205AD,PG,PG,10,10
BE107588-7CA8-8A24-96B6-39E539C43F96,PG,PW,8,11
34052707-43DE-493F-438D-39E539C65E0D,PG,PG,11,10
F2389A09-AEF7-82EC-7E8C-39E539CADECD,PG,PG,11,10
CC7D5CB2-94BD-5552-85AE-39E539D15EBC,PG,PG,7,10
EBA9197E-6CFC-EFAB-0DB3-39E539D5D8FB,PG,PG,5,10
8A7C83D7-C143-0955-A293-39E539E0C7A4,PG,PG,11,10
E2581396-14F1-37EE-18CF-39E539E51A61,PG,PG,8,10
DD0194E5-19ED-BDB6-96EA-39E539E6676D,PG,PG,10,10
26373818-C1C3-9FF3-60EC-39E539EC929A,PG,PG,11,10
9A835982-3B64-35DA-7D43-39E539EF053F,PG,PG,12,10
966683BB-3A8D-DCE3-0779-39E539FA7A50,TW,PG,2,10
825D1AF5-7FC1-9FF0-BCF2-39E53A103340,KI,GL,2,12
E6A47F1E-F213-460D-AB1E-39E53A148E77,PG,PG,7,10
60763E6F-3400-ED54-FA1B-39E53A167CB7,PG,PG,1,10
84D75BF5-FE01-13C7-8F86-39E53A25C787,PG,PG,11,10
C0DF600B-A988-6140-DCB4-39E53A29FAB2,PG,PG,5,10
F17C9560-08E0-2F57-CAD6-39E53A2B3451,PG,PG,1,10
EF27F2C6-CC0D-03C5-6C50-39E53A2C9F3D,PG,PG,7,10
2B1717D2-02E3-5947-0129-39E53DBFCA43,KI,MH,2,10
2B1717D2-02E3-5947-0129-39E53DBFCA43,KI,NR,2,10
2C119A31-76DA-28C0-61A5-39E53DC158A2,PG,PG,3,10
997A7AF9-19B0-2CA2-DF61-39E53DC4B19C,PG,PG,4,10
CC29AAFA-37DB-B1DD-FCE2-39E53DC67DD2,PG,PG,7,10
AB57B03A-4691-8671-0849-39E53DCB87E6,PG,PG,6,10
329FC05A-8BF7-32F2-FB14-39E53DCCE694,PG,PG,5,10
A867A09D-D34D-2972-1D13-39E53DCF5F0B,PG,PG,8,10
B80ABD6D-BD4C-BD99-AF5C-39E53DD118AC,PG,PG,5,10
46C38DE3-0361-0094-09F5-39E53DD2D5FF,PG,PG,10,10
C9A8FE42-D2B0-B57F-0377-39E53DD4CDE1,PG,FM,8,9
979398B7-3315-B589-AD6F-39E53DE62C60,PG,PG,6,10
7BFC5133-7D7A-F7FC-7F8C-39E53E0E3B2C,PG,PG,6,10
7DE71C46-A327-AFDF-F646-39E53E164E65,PG,PG,10,10
C6BD1226-1B8A-41AA-CD15-39E53E190E43,PG,PG,11,10
76E0DC76-8C1C-89C1-4FF8-39E53E1D12A6,PG,PG,7,10
A504B225-652F-AB21-7B21-39E53E2FB86F,PG,PG,4,10
837F5DC9-DE7D-8F06-26DB-39E53E4FF02C,PG,PG,11,10
EAD8090B-5A91-662D-755F-39E53E515AE8,PG,PG,4,10
4F308544-717E-1344-AE83-39E53E5446F0,PG,PG,2,10
3005EDCE-EF53-64B0-D8C8-39E53E609291,PG,FM,5,10
8FEEB237-E2F2-0364-DEBF-39E53E61E8D3,PG,PG,10,10
13AC4C01-26BC-1D99-F223-39E53E6AA7F3,PG,PG,11,10
0B97B9EB-6108-B712-03DE-39E53E6C9E4D,PG,PG,8,10
9BE9F257-DDBB-74FE-792F-39E53ECE11BA,MH,GL,3,12
F424DA11-BB14-058B-841D-39E53EDDC6ED,MH,GL,2,12
F424DA11-BB14-058B-841D-39E53EDDC6ED,MH,MH,2,12
4B391FBA-55FB-02AF-3D7D-39E54D1A0E61,PG,PG,8,10
78798011-034F-FBF6-0D35-39E54D1BCB84,PG,NR,7,10
78798011-034F-FBF6-0D35-39E54D1BCB84,PG,PG,7,10
153A7738-79DA-A4EE-15FC-39E54D1D5D3F,PG,GL,3,12
EFB5E750-696E-179E-6BC9-39E54D208BA6,PG,PG,5,10
F4880F56-F291-543D-80EB-39E54D21B298,PG,FM,8,9
F4880F56-F291-543D-80EB-39E54D21B298,PG,PW,8,9
2892935C-A616-7CE3-453C-39E54D297E46,PG,PG,5,10
191283D4-2D04-239C-9BAA-39E54D54691E,PG,PG,11,10
0A7B27CE-65AE-F7AB-AF35-39E54D56D285,PG,PG,1,10
E49DC95C-EABD-A485-B9C4-39E54D7475DD,NR,NR,3,12
7D3B0163-FA89-5B0D-16B5-39E54D9C638B,MH,GL,3,12
3C797B67-216A-E832-E5A1-39E54DA2AE9C,LR,GL,3,12
A6155505-91FF-D34C-CEC7-39E54DB2A24F,TW,GL,2,11
E4CCAFB2-4626-D4F6-6B5A-39E54DB8D360,TW,GL,2,11
E8F52290-A292-9695-8A85-39E54DBD286F,TW,GL,1,11
2DD7D41F-F454-1020-7BC6-39E54DD822BB,KR,GL,2,12
7A578C27-E5AA-7D44-7D41-39E54DE08D31,KI,H5,2,-11
DE0F7035-8B5F-03FE-9173-39E54DEE59BD,PG,GL,1,12
B2FB7EDB-FA27-50BA-6BAB-39E54E065F33,TW,GL,2,11
683364A9-C24A-B084-D2D3-39E54E28FEBF,KR,PG,1,10
3F36B495-9893-1374-6B17-39E54E50847D,KR,PX,2,12
37E7C5FA-C955-FA5A-1E88-39E54E5A6BC5,FM,SB,2,11
A55F5097-86FE-2377-1AC2-39E54E676246,FM,GL,3,12
4DF3A4C3-5DDC-C62B-53CD-39E54E795E04,PG,PG,7,10
E65A3814-E689-FA43-2105-39E54EA1722A,FM,FM,2,10
108551A7-6B9A-1D95-EC7B-39E54EB79679,PG,PG,8,10
2CC547FE-6BE8-D413-A795-39E54F0828AD,CN,PG,2,11
1671C028-0017-1393-17E7-39E5522F9D3A,PG,PG,5,10
10838002-BD56-F7EF-FEFF-39E5523E51FE,PG,PG,10,10
10564FF8-C216-37EB-3401-39E5523FD46E,PG,PG,11,10
9B4864A8-8B49-667B-7411-39E5524241AE,PG,PG,4,10
58E6C374-5B39-A5ED-38C1-39E552531C1D,KI,SB,3,12
38066575-25BD-798C-4917-39E5525632E9,KI,TV,1,12
9D19ACA9-986B-DDB2-F00B-39E552675929,PG,NR,3,11
287F01AE-3EDE-9263-169E-39E5527D3C53,PH,PG,7,10
E89C2C50-76C1-3587-EFA3-39E55284CB72,PH,PG,11,10
DCA5137A-43C5-63CD-42EA-39E552B8319C,PG,PG,6,10
7354CF53-2029-4D8A-2BED-39E552BC9086,PG,PG,4,10
A6072B87-F418-1FC4-EDCC-39E552C01C79,PG,PG,9,10
253E3FEF-004B-0698-E977-39E552C18BF4,PG,PG,8,10
3E50A1BB-2C4E-2296-0BF0-39E552C2BB8F,PG,PG,5,10
AE6976DA-8255-40BD-3DC8-39E552C8F8FB,KI,H4,9,12
E25FBC16-AF65-0105-3141-39E552DA1C1B,KI,NR,2,12
69950FCD-A9DD-0582-DEC1-39E552E3337D,PG,PG,7,10
3F0716C2-3C22-1EE3-B3C4-39E552E94CD5,PG,PG,6,10
9D5B9288-7659-B7E8-A9C3-39E552F1914C,PG,PG,11,11
265678B0-4818-BC23-7D79-39E552FA2739,PG,PG,4,10
79BC0E08-76E5-DC5D-0E24-39E55371C77D,PG,PG,9,10
3F6FD1B1-9BF7-C154-DAE7-39E55377F726,PG,PG,10,10
384D5DB9-022E-D5B4-579F-39E553794495,PH,PG,10,10
53292AD2-E8AF-D7D8-A3B8-39E5537A852D,PH,PG,10,10
9705904F-3E53-76E1-C61E-39E5573CE12E,KI,H4,10,12
DCBD019C-E6E4-1157-CF91-39E55784B983,PG,PG,5,10
A8003A01-C709-41B8-5549-39E55786C734,PG,PG,8,10
17A1CE90-2C8F-E8D3-23EE-39E5578844FD,PG,PG,6,10
3AC3F759-2BBD-6388-30FE-39E5578B5819,KI,GL,6,12
7F713BA2-0CC6-39DE-6C08-39E5578D5582,KI,PG,5,11
F63280DB-7C9B-703E-F2DD-39E55795A875,KI,SB,10,10
3DCEEBF3-D2B4-0A10-DB50-39E557970337,KI,PG,1,10
ECDDB78A-6516-4CC7-535A-39E5579889E6,KI,PG,2,10
7496AA72-43DD-E65E-3EFE-39E557A4AECA,TW,PG,4,12
DEA6E159-D4E0-818D-FC15-39E557A75F1B,TW,PG,11,10
A580F878-3F41-8DA8-7FC0-39E557B028AA,SB,GL,8,12
2C119E29-3245-806C-E5C1-39E557E706DB,KI,TK,11,-11
8C006815-0FEA-8F51-861D-39E558537829,SB,SB,2,11
0874327E-0268-7291-77E7-39E55898BAC1,PH,PG,4,10
59228B90-2294-E829-0123-39E558A11CD5,PH,PG,11,10
16896FEB-55CE-BB6F-0EC9-39E558A63F69,PH,PG,10,10
F7A513DC-A898-D4B4-91A3-39E558A88909,PG,PG,8,10
D10D733C-412F-52BF-F4E0-39E558B2E0F4,PG,PG,10,10
B5789CC1-E340-5065-6B37-39E558B9F106,PG,NR,7,11
1374AF5D-8EB5-995C-93B2-39E558BC99A1,PG,PG,9,10
F1568B06-3A25-0B0E-6939-39E558BF7FBA,PG,PG,5,10
C96316B1-57E2-396B-D22C-39E558C49818,PG,PG,3,10
74613878-F668-8317-D9DD-39E558DBFD70,PG,PG,1,10
764C2542-3814-28E3-CEEC-39E558E7C6C9,PG,NR,7,11
8C8E98AC-98E7-792E-1A90-39E558EA34FD,PG,PG,3,10
1385CE0B-C91E-174E-F60A-39E558EC63E2,PG,PG,3,10
4AFC7DBB-72B7-4AB8-EBAE-39E559092DAB,PG,PG,5,10
094E3F09-FA8F-468F-263F-39E5594D11D5,SB,FM,9,12
9806B657-BD3E-6F78-93DA-39E55C846F07,PH,PG,1,10
DE76C5AC-66F2-B35F-0318-39E55C86EDE8,PH,PG,9,10
D9317BF3-907F-E2D3-8A00-39E55CA5FFDD,PG,PG,2,10
974A0FA8-59BE-CE19-99E9-39E55CA78173,PG,PG,3,10
AA4ACE8F-D7CD-D2D7-1CB5-39E55CAEC664,PG,PG,6,10
72FA8CE0-8254-65DD-41E8-39E55CB97E7D,PG,PG,1,10
A6E2B3B9-8E30-83F7-8DD4-39E55CBB4BFD,PG,PG,9,10
3BFA03AA-7644-521C-2AD0-39E55CBDB2AB,PG,PG,10,10
DBC1DEF1-22C6-8A3B-B5ED-39E55CC12862,PG,PG,3,10
5F15A0D8-7BBA-8917-BAA2-39E55CC45AB9,PG,PG,6,10
3A873B7A-7A88-F028-9822-39E55CD4AB9E,PG,PG,12,10
B1C7B8C9-5542-48F5-ABFA-39E561AF9FEC,US,NR,3,11
E8A6F8B9-9C49-47DE-D838-39E561B098CE,NR,NR,3,12
73E571D6-225E-2EEE-E7F2-39E561B17000,NR,NR,3,12
4004A752-B3B6-3A59-DB4A-39E561B22718,NR,NR,3,11
3ACAE33F-EB68-1AD5-7B9C-39E56315BF1A,PG,NR,3,12
8AF1EC68-9F3A-C23A-F23E-39E57217919F,KI,TV,3,12
59A5CFD6-86A9-8F7A-2E09-39E576673A12,JP,FM,12,9
00516E22-EA04-8346-7C2D-39E57667862E,US,IW,3,12
7F82F317-8C17-64E9-0485-39E576813841,JP,PG,11,9
B573CF55-F19F-0113-D9EA-39E576CF3E8F,VU,I4,1,12
D24A4444-165D-3E2D-DD38-39E576DB7A96,VU,H4,4,12
EBA9E634-DD99-5414-AD18-39E576E054F0,PG,H5,10,-11
C6757171-CE0B-FA62-6DFF-39E577B9D8A7,PG,SB,11,11
04F79E67-2672-D2DF-A561-39E577C02ED1,TW,NR,3,12
9B479664-869C-51B6-3AA6-39E577DA0777,TV,H5,2,-11
CEA32D52-08D1-BF9C-56B2-39E57B574D2D,TW,SB,11,11
CF648CAC-0D06-B102-E87E-39E57B62112C,TW,,1,8
CF648CAC-0D06-B102-E87E-39E57B62112C,TW,,1,10
8E8C5642-051F-167C-EB13-39E57B6E7BA5,FM,PG,10,10
27ADA0B5-D60C-AB40-F38D-39E57B7AEA45,PG,FM,12,11
667A14E0-8F80-B0B9-0212-39E57B7D3FDB,PG,PG,11,11
C6E98259-33BD-5299-3EE8-39E57BB92D27,TW,SB,11,12
6668769D-D40F-21A3-1485-39E57BBB57B5,TW,SB,12,12
80BB5593-56B6-D193-6840-39E57CE41CCC,FM,H4,7,12
0BD77E88-0F38-E401-9D1A-39E57CE998B4,KI,PX,2,-11
94ACB3E5-6C8B-F874-2696-39E581139A3B,PG,PG,10,10
C92599F4-4C01-0182-B8D6-39E581DAAA5C,TV,SB,10,11
E82267DD-83BF-10EB-F3A7-39E5820A096A,KR,PX,2,-11
441698B6-4272-F644-6656-39E582133C99,PH,PG,1,10
A473D520-10D6-E758-3086-39E5821E149D,PH,PG,2,10
027F9BAC-C5C4-7113-BF18-39E59A31C632,TW,NR,3,12
1B59A293-ABFB-1A8C-A7A9-39E59A3655AA,TW,NR,3,11
C2BDCAA9-1390-8097-BF85-39E59A3C6BD0,KI,,3,12
41D40192-BBD4-FD11-CE33-39E59A3EDB38,TW,NR,3,-11
58A41B6C-48F7-401A-59D1-39E59A94FA10,KR,PX,3,12
58A41B6C-48F7-401A-59D1-39E59A94FA10,KR,TK,3,12
CD12A798-7FB6-3EE6-2A0F-39E59A989DC1,KR,GL,7,12
1FD51837-4297-830B-41FB-39E59A9EDC9D,KR,GL,6,12
3970541A-CC83-2862-0DA9-39E59AA0FAE8,KR,GL,8,12
2B6D9A5B-DAF2-6293-E504-39E59AAB0E78,KR,GL,3,12
65746270-BC89-AFE7-F83D-39E59AAEDF54,KR,FM,8,11
CAE8E0E1-B977-C618-AFA0-39E59AB3D97C,KR,GL,5,10
7FC0C6EF-1D74-FAC7-4737-39E59AB8D886,KR,SB,3,11
790AAEDF-171C-4BC7-0F7A-39E59ABA6CD1,KR,FM,7,11
03039A0A-AAD2-FAE9-1F1F-39E59AC76C2D,KR,PG,6,11
EA0D7FC8-1166-AEA0-464A-39E59AE16517,KR,GL,6,12
8F4A8C1B-D440-8D76-CB35-39E59AEF97E1,TV,GL,2,11
A6ECFE28-0968-D955-B128-39E59BDCEC25,KI,TV,10,12
7E7FB768-0B71-B8AC-1F17-39E59BE42C54,KI,TK,11,-11
E199698A-D853-717D-ED67-39E59BEB5968,KI,GL,9,12
E199698A-D853-717D-ED67-39E59BEB5968,KI,PX,9,12
727A91E0-9397-8510-8A32-39E59BFE56BF,KI,TV,5,12
A88E8B50-D251-C19E-5B81-39E59F7FFE2E,KI,GL,7,12
9B233CE2-8801-35EE-5A01-39E59F81A8FE,KI,GL,3,12
9B233CE2-8801-35EE-5A01-39E59F81A8FE,KI,TV,3,12
8A18A838-8E0B-52C0-55C7-39E59F90C27E,KI,PX,6,12
A253247D-755E-D9A3-1E06-39E59FA9A1CC,KR,GL,6,12
AC2F00A8-9554-56C8-4D54-39E59FAB07B4,KR,PX,10,12
49C130DF-A525-3F61-B45F-39E59FFF2FEA,US,H5,3,-11
6282A6B6-2563-E377-2FAB-39E5A000972A,VU,I2,3,12
B964AC3F-7F73-F726-316E-39E5A0054100,KI,NR,3,12
0D3581BA-7964-9600-753F-39E5A0F6A0BE,KR,TV,9,12
C2995B16-8D33-89C0-0D24-39E5A9D2F380,NR,NR,4,12
7C1FAC5D-F62E-2F10-7201-39E5AA18DBE2,PG,FM,9,9
32AD22D5-D66E-E3F8-DBE6-39E5AA3476D6,KR,GL,3,12
0932451E-BB8E-5359-199A-39E5AA35F836,PG,PG,10,9
838C2E70-3EC0-5916-CB76-39E5AA3F969A,TW,,1,9
94CF4139-49B2-4C6F-D780-39E5AA6E1525,PG,SB,11,9
85F67F08-E3D5-62F4-F8E6-39E5B958EB1F,US,NR,4,11
94564B03-ABAA-BCD5-CFE9-39E5B9599672,NR,GL,4,12
D96FF29B-67A9-F21E-58F8-39E5B97ACD74,FM,FM,2,11
AE3B98EF-FA63-5FD8-18AA-39E5BAA3AE49,JP,PG,10,9
2EE654E5-BCCB-70EC-03FF-39E5BAA9AF08,FM,FM,10,11
F85C2C62-1DD9-71A9-4B8E-39E5BAB1CC8C,KI,H4,3,12
EBB31CCE-BAF2-864B-A881-39E5BAB7F8B1,JP,PG,10,9
2FDD4CED-D4E7-3643-29E1-39E5BACA36CE,PG,FM,3,9
509208A9-36BC-6991-2673-39E5BAE59AF7,FM,SB,1,11
F9FAEBD8-824F-B875-A5D8-39E5BAEAD0C5,KI,H4,3,-11
E668347C-1584-1C7F-08C1-39E5BE412071,KR,GL,3,12
EBE59336-FE41-2745-5E7F-39E5BE74C29B,PG,FM,10,10
B74FFAB2-D236-C5A8-860F-39E5BEDFFF7B,JP,PG,11,9
65076ECD-4355-4811-0623-39E5BF06253F,PG,PG,11,9
DAEAAB0F-88FB-68D2-DDD6-39E5BF151990,PG,FM,9,9
4F7426F5-5FA3-0DFF-4408-39E5C416C74D,JP,PG,10,9
0D62B077-5EB5-BD8D-DD41-39E5C4179F9C,PG,SB,10,11
CECF6BFC-AB7F-3F87-538D-39E5C43ED10C,JP,PG,5,10
09B1E080-951B-0FA8-F39E-39E5C4412964,JP,PG,9,9
0AB177F4-9E2D-2DD7-5FDD-39E5C4C5FE96,JP,PG,6,9
E466732F-B80D-FC49-7D96-39E5C4FA77F6,PG,PG,11,10
C844E4D3-C610-689B-3D0A-39E5C50662A0,PG,PG,11,12
5C415357-8D0D-E865-50AE-39E5C8A8F234,PG,PG,2,10
BEC15236-3879-7D82-2EED-39E5C93C215B,JP,FM,4,9
5E70DA35-642E-184C-C571-39E5C9417BE7,JP,PG,10,9
49F1D2B6-A0F7-D9AB-C8C5-39E5C9DC1D0E,KI,NR,4,12
E326EC53-86DD-708D-A97B-39E5C9EAAEEC,PH,PG,12,10
D5A4798E-A234-EA62-B8AE-39E5C9EC3A5E,PG,PG,12,10
C7EC2B31-00A1-F7A6-5999-39E5C9EDC748,PG,PG,10,10
8AD5ACD9-338E-1268-406D-39E5C9F05A57,PG,PG,12,10
36EE31B9-FF34-3877-506B-39E5C9FFD1B3,JP,FM,9,9
B3975009-3E14-0995-3742-39E5CA0BC0E1,JP,FM,5,9
F7F6A683-12F8-536B-D2A8-39E5CA22A5BB,JP,PG,4,9
CBDCAE3C-AC32-4F00-953D-39E5CA2B4561,JP,PG,11,9
500013E3-874B-44D6-DA1D-39E5CDC6D9A0,PG,FM,7,9
47782BEE-BC79-9C49-0A12-39E5CDF7E773,JP,PG,11,9
0784AB01-7861-8777-67F9-39E5CDFD52D8,JP,FM,9,9
CDF482C0-BD4C-B083-21E8-39E5CE1132BE,JP,FM,5,10
4CD19159-2FE1-4DE0-0903-39E5CE13C5CD,JP,PG,10,9
E07AC514-67D8-9BDC-87E5-39E5CE15955D,KR,FM,7,9
E24DB28D-F323-4CC5-F8BC-39E5CE4ACB55,KI,GL,3,12
5995D7CE-C2AF-5DCD-08AC-39E5CE5F3E73,KR,PG,5,9
3A034CC2-077C-2674-4C3E-39E5CE714FD3,PH,PG,8,10
371185E9-380F-75E9-21C3-39E5CE740A21,KI,PX,1,-11
BC3B6464-B358-281C-1611-39E5CE8EB896,PG,PG,12,10
BF165D5E-2E5B-F181-22E2-39E5CEFD870A,MH,NR,3,12
66CEB256-FA51-D734-082A-39E5CF2B2549,TV,NR,3,11
558EF126-720E-8D58-9FFA-39E5CF2E4C2C,KI,GL,3,12
9FD5F953-7047-8605-0852-39E5CF34B403,PG,H4,3,-12
D10F574C-AD8B-EE56-20B0-39E5CF4516A9,PG,FM,2,9
D10F574C-AD8B-EE56-20B0-39E5CF4516A9,PG,PG,2,9
B34198BC-C01C-6085-8CEC-39E5CF532618,MH,I4,3,12
B34198BC-C01C-6085-8CEC-39E5CF532618,MH,NR,3,12
72F37C59-0343-45E2-1006-39E5CF55A4E3,TW,NR,2,12
B4DA9CC9-0156-F7FA-2E1A-39E5CFD39D9C,KR,NR,3,11
5E457857-7B63-182E-9BDB-39E5D0044841,KR,H5,1,11
5E457857-7B63-182E-9BDB-39E5D0044841,KR,SB,1,11
F4A2EA53-20EE-2E30-E118-39E5D487C959,KI,NR,2,11
BDDEA82B-E8B2-858E-34A9-39E5D4FA7240,KI,GL,3,12
F2782D8F-CD7B-D8F5-64D8-39E5D5107B4B,KI,GL,3,12
907B3A69-9A05-1392-5535-39E5DD42E80D,PG,NR,3,11
86DB1AA8-243A-6A36-77C4-39E5DD471227,PH,,3,11
1A84220A-57B0-E9EF-7BA4-39E5DD4A331F,MH,GL,3,12
C07CF22A-D542-3599-F9BE-39E5DD59D534,FM,SB,2,11
A872CE6A-5144-C13B-BC53-39E5DD6F0847,JP,FM,4,9
F38742EA-17A5-9BF8-6688-39E5DD702A80,JP,PG,11,9
339E49F7-17AF-88B9-1B86-39E5DD71FBC5,PG,CK,4,-10
2201E0B4-5EA2-37D2-85D6-39E5DD730EFB,LR,NR,4,12
37245C02-2EA6-5E51-AE50-39E5DD752A2A,JP,PG,9,9
36FBF6C8-F982-253F-5EDF-39E5DD755BD9,US,IW,4,-9
7D3B95B5-D0FC-F1FC-5821-39E5DD93ABD0,TW,PG,9,10
CDA6CC1B-DE79-3F78-BC92-39E5DDA4ADE3,TW,SB,12,10
CDA6CC1B-DE79-3F78-BC92-39E5DDA4ADE3,TW,SB,12,11
16B0AE09-C13F-E7DC-E5FB-39E5DDA65D68,JP,PG,11,9
474E779F-5A71-40B8-D3B7-39E5DDBC8DF5,PG,FM,9,9
6087AFB0-716F-9734-4E0F-39E5DDC486CC,JP,PG,10,9
78503589-13BE-5D9F-D679-39E5DDC8A9C2,JP,PG,5,9
EEB1249D-A21A-E9B5-99F9-39E5DDCB38E9,KI,NR,2,12
8A04905B-729F-B44E-5046-39E5DDCE8D44,JP,PG,9,9
38F6FBB1-C5EB-02A3-98A7-39E5DDD62156,FM,PX,3,12
07AB2065-0E9C-DD0F-3A05-39E5DDE29FB5,TV,TV,3,12
B8BD5AAD-2288-966C-D07A-39E5DDE62E2B,FM,SB,2,11
85C7AD69-CAC8-BDC7-7DFC-39E5DDE80211,JP,PG,11,9
E4F941AF-ED5B-BAE6-E58A-39E5DDEB2C01,JP,PG,11,9
6D59FD24-9209-AEA8-0EE1-39E5DDEFE21F,JP,PG,4,9
6D12A403-9FC5-7D7D-0CC0-39E5DDF2609D,KI,I5,3,-11
6D12A403-9FC5-7D7D-0CC0-39E5DDF2609D,KI,PX,3,-11
9F299951-C6A6-EA39-716F-39E5DE00ADEF,JP,FM,4,9
686A52D3-8396-70EE-DD88-39E5DE01D568,JP,PG,6,9
1C343B36-50F8-BEF8-BBAE-39E5DE1C34A4,JP,H4,3,12
6FC2D0C7-FEC4-40FB-1590-39E5DE7FBF1D,KI,TV,3,12
DEA987FD-88DF-F151-B85C-39E5DE8E6B39,KI,GL,3,12
05530603-5F5E-B7A3-422A-39E5DE949EEF,JP,PG,11,9
38AEFF52-C781-E614-E9DE-39E5DEC88B04,US,H5,1,11
E6DB5F4E-768C-F9B5-2DB6-39E5DED1610C,JP,FM,8,9
F939B484-980C-A498-B7B5-39E5DED7F500,JP,PG,9,9
81364082-FD85-89C0-D3DC-39E5DEDB09C7,PG,PG,10,9
F591320F-6EF1-18E0-BD25-39E5DEE10E91,JP,PG,6,9
561463ED-9704-DA2F-E283-39E5E257F1A4,KI,GL,3,12
7631BB89-2F2A-93C5-910C-39E5E2825885,FM,SB,3,11
CE10EB23-E3AC-B931-543B-39E5E2E5C88C,PG,PG,1,10
7FDB09A1-31F9-8F42-0E4B-39E5E2E66365,KR,PG,2,11
C0416883-2D4D-0B67-F80F-39E5E2EB63DA,PG,PG,4,10
A19889F5-E239-3103-5D96-39E5E3030108,PH,PG,6,10
3AC02873-6942-1B90-2F01-39E5E30BA580,PH,PG,5,10
CACD5382-4640-44C7-F9ED-39E5E30FBC31,PH,PG,7,10
B0DD50FC-D63F-3990-3CE2-39E5E312F852,PH,PG,12,10
9504DE32-E1AF-17CB-0E81-39E5E3164D2A,PG,PG,11,10
AC2FC722-D99D-078F-AA0D-39E5E317F50E,PG,PG,12,10
CE00FBD2-76C3-8665-9F0A-39E5E3CE7398,PG,FM,12,10
9E1C3C44-8F80-55A3-0F79-39E5E7B218EC,PG,PG,12,10
EF7F8596-F192-E1A0-602B-39E5E7B3D14A,KR,PX,9,12
DF2635B2-BF09-C8BC-E17A-39E5E7FC2BAA,KI,GL,2,12
57F009B9-0BF9-E8B3-3BD3-39E5E82DDC07,KI,FM,3,11
73468CE0-C169-4F9C-2B02-39E5E893BAA7,KI,GL,1,12
C118F176-C6C5-8D96-F62E-39E5E9052BB2,SB,PG,1,10
C93A7A1F-5976-6F9A-68EE-39E5E929063E,SB,PG,2,11
19064CF8-5768-B48E-0B5B-39E5E93738C5,PG,PG,12,10
0A0650E9-54AA-E49D-3E98-39E5E94016DB,PH,FM,5,10
0A0650E9-54AA-E49D-3E98-39E5E94016DB,PH,PG,5,10
F85931E3-86D8-131B-495C-39E5ECE1C67A,FM,FM,7,9
6A1BDE8F-0BBB-778A-5B12-39E5ECE64D2C,NR,NR,4,12
5726C451-3657-A389-276C-39E5ECE9B156,SB,SB,1,11
838C6431-4353-52A5-063C-39E5ED0E3AFE,FM,FM,5,9
EB5AA943-0ABA-507A-754B-39E5ED2E32E8,LR,PG,4,12
E704AAC7-F915-497A-B8DE-39E5ED5B4041,JP,FM,9,9
B9772B2C-FB1F-3B4D-86B8-39E5ED5DBB06,JP,FM,11,9
598FCA0C-DDC3-AF9A-EB2C-39E5ED613335,JP,FM,12,9
5C71293A-01AB-6A45-EDAA-39E5ED712E67,FM,GL,4,9
5B78B0D0-B753-E950-7495-39E5ED855605,FM,SB,11,11
4FDB1C86-FFA7-1242-4CAA-39E5EEBC7242,TW,NR,3,11
8F21B225-9B40-CC04-14D5-39E5F1E1EC69,KR,NR,3,11
C26E34EF-EA60-4BDA-598E-39E5F21780ED,KR,PG,2,11
510B0A10-FCC2-C23C-CA21-39E6019DE04F,US,NR,4,12
DCA0006A-96EA-3C19-F2E6-39E601A09ADB,PG,FM,4,12
D16413B8-C04E-0709-7AAF-39E601A1F0B6,NR,NR,4,12
94446671-70D4-6098-7D5B-39E601A3951F,US,I5,4,-10
0C81EB83-D636-FB35-9157-39E601A66FA5,KI,TV,3,12
814B1BB4-A8ED-6F77-3DB3-39E601C418E3,KI,H5,3,-11
D9E6431E-395E-B838-65DF-39E601D3F629,PG,NR,4,12
094B16D1-EFEE-5705-E34E-39E601EA2116,KR,PG,3,10
2710D9CA-73BF-D417-CA7C-39E6031299A4,PG,GL,3,12
A450203F-8226-E767-21B3-39E607A8E14A,KR,PG,3,10
E0327E9F-0B66-29A4-9236-39E60BF7A344,KI,NR,3,10
B1A8F1CA-4A92-180F-576E-39E60C1F6E5D,KR,TV,3,11
00FAFB62-68DD-A7B5-1007-39E610ED78C2,US,H5,4,12
CC459A8E-7990-F7B5-C9DC-39E616194AA9,VU,I4,3,12
40B88300-F6D7-EE1C-ACC0-39E61625A61E,CN,NR,3,12
ECFAD2ED-7780-2555-F285-39E6164C6B20,VU,I4,1,12
D0459202-9109-1ABC-26D8-39E6167F012F,SB,PG,7,12
978A9590-AA75-B858-7294-39E617087A5F,PG,PG,3,11
CC7FD992-44FC-ACFF-4F4A-39E617A86ECE,NR,NR,4,12
FA9DDAA6-33AB-54D4-7071-39E6256E7E3F,US,H5,4,-11
C7B0AA40-132C-4E68-EE41-39E625C816E1,SB,NR,3,10
7BD71721-10E8-3015-17F5-39E6262802B6,US,I5,4,-10
34FFD2E2-1A7D-C9F8-C7CE-39E626870778,KI,TV,4,12
7CAFEB70-64A9-0031-B89F-39E626AADD60,PG,GL,2,12
69099566-F67D-CFCE-4DC6-39E626AD2ACB,TW,NR,3,12
246AFE78-005C-906E-B38B-39E626B0FE1B,TW,GL,4,12
3524C2BC-B3E7-FE89-629E-39E62B9AB6F8,KR,PX,1,12
33668140-DF42-5F36-E2C2-39E63001BDBF,KR,GL,1,12
9C164321-843E-7A34-9AA4-39E6304E490F,JP,GL,1,12
90F88F3C-3A6E-0EDF-7E59-39E63088B8CE,PG,PG,4,10
85AE6CDA-CE34-FF58-919E-39E6311FF6EE,KI,GL,4,12
F9B1F8F2-1C72-ED90-A531-39E635F26FB1,KR,TV,4,12
B2207A04-4B8A-92E2-6076-39E6363B4145,KR,NR,3,12
2807C16E-AFB9-753E-2FB9-39E63A410883,PG,PG,4,10
60A15B4D-6314-8F03-368E-39E649820C4E,FM,GL,3,12
D30E953C-D22B-106A-5972-39E649861FD2,NR,MH,5,12
7B2E93A8-9110-016E-A0F6-39E649874A77,US,PG,5,12
09EB1F90-9E12-4A60-E96B-39E6498939E4,NR,PG,5,11
38964C1E-A47E-3D1C-F075-39E6498A279F,US,TK,5,-11
505FEC76-FE7A-FBD9-57E2-39E649E970DC,KI,GL,4,12
40DC5A4D-8186-9FE0-2237-39E649EB0518,KI,GL,4,12
E372AA42-52D5-D39F-14E0-39E649F9F742,TV,NR,4,11
D33A2ECD-66DF-B89B-D9DC-39E649FC0EA8,TW,NR,4,12
F22A387C-A04A-F64F-024A-39E649FC5D74,PG,GL,3,12
42ED280B-994D-6F27-2FA7-39E64A00B554,TW,GL,4,12
8CB9BE83-8DC4-9DAD-3F4E-39E64A104FF8,TW,NR,4,12
1B0C24BA-2BD9-D74A-0DFD-39E65012E8C0,KI,GL,3,12
1A1CB265-D932-DAF7-CB7E-39E650402EAF,NR,NR,5,11
030251DD-8678-AD89-51F0-39E650508295,NR,NR,5,12
A5DEFEB4-0680-2769-2E0A-39E654908061,KI,GL,8,12
BA97CEA7-BF3E-FF9E-221C-39E658FE4135,KR,GL,4,11
7C1DB6D0-FB22-61A2-ADE9-39E65A36E162,TW,PG,3,11
B3921E06-F9F3-5169-5B18-39E65E6351BA,MH,TV,4,12
B9DEF2B5-73B0-3475-49CB-39E65E670E46,TW,PG,4,10
034E6312-BA74-BF9B-986E-39E65E68F1EA,MH,GL,4,12
7BD9E1F7-D9E8-78DE-01C8-39E65E6AD783,KI,GL,3,11
148598DD-AB9B-27BB-CF25-39E65ED5A5B0,SV,H5,12,-10
5148B10D-D227-5456-9B4C-39E65EE67779,FM,NR,6,11
A62FA2A8-0D5F-5EEF-3A04-39E65F2C2A12,FM,GL,3,12
E611A1C3-1846-C1AD-C9B1-39E66EC3EE3E,FM,FM,4,11
F9BDE380-A1F8-DAEB-9BC6-39E673A5DEC2,PG,NR,4,11
4DA66E3D-0361-CACD-4055-39E673B4235C,KI,NR,4,12
B243A0AA-DC2C-C27F-1406-39E677D4E74B,KI,SB,1,11
3A106323-5498-FFD1-2B76-39E677D9DBFB,KR,SB,1,12
D6AA2977-D040-D9A8-60FC-39E67807596C,KR,SB,1,11
47223FE8-CE02-69F6-C26A-39E6784BDB1B,PG,PG,9,12
0F03BF71-159A-A2A6-B300-39E67949C3E1,KI,TK,2,12
3F2E7535-A639-6FBE-FB5D-39E6798151EF,KI,TV,3,12
177C3903-AA2A-5F53-646E-39E6799BED9A,KI,H5,1,12
C418D7D4-0B4E-AFDE-680F-39E679C581A1,PG,PG,4,10
6586D0BB-CA95-CE44-44F2-39E67D067A8E,KI,PG,4,11
FF48A71D-F9C1-AA21-FA65-39E67DA06262,EC,IW,4,-7
4F30FA34-8AD8-04FD-FDAE-39E67E2314DB,EC,IW,2,-10
C86FB3B7-90DD-EA99-FC16-39E6820838A1,EC,I5,2,7
9400E038-4A57-5BB9-F548-39E6821BD18C,EC,LN,12,-10
0BF5D06F-CBA5-65AF-068E-39E6822536C4,EC,PX,11,-10
78D4FEF7-68F4-D358-4E8B-39E6822A3DD1,EC,LN,10,-10
04EB8C8B-53FA-0284-D1AE-39E68278E047,EC,I5,1,-9
198644F0-64FA-1849-61DF-39E6828C9640,EC,IW,3,-9
BDF7FEE4-B300-A404-4259-39E682C9EBC0,EC,LN,11,-9
DD12606F-6A86-D6E4-88E4-39E682D3A83B,SV,LN,12,-9
7EC284AB-86D8-8E77-45FE-39E682E0B15D,EC,LN,2,-10
E0E7EF2D-5473-3709-488C-39E6838B65A9,VU,NR,5,12
2911A34A-9D48-3960-20AE-39E6918BCD6C,TV,TV,3,12
0B3A580A-64C2-D3E7-9543-39E6918F967B,KR,GL,4,12
E0451006-7B17-ECA4-37E0-39E696A6FF59,KI,GL,3,12
133D3009-66AD-2B85-FAB7-39E696B34301,KI,GL,3,12
B8DBE4FF-78E6-5B67-F46A-39E69707E696,EC,LN,10,-10
D88196BB-7008-8266-1482-39E697123498,MH,GL,3,12
68E04C50-9D70-AD8F-1298-39E6971A8533,MH,GL,3,12
5E6BE9B0-2DB4-BC43-A989-39E6972598B7,TV,GL,4,12
D87AB47E-4623-C93D-CE71-39E6972D2BED,TV,GL,5,12
8856085E-3918-A7ED-C79E-39E697458CE8,EC,LN,12,-10
27DBA3CC-24BD-9B34-852B-39E69BC8BEA1,SV,H5,11,-10
971AE068-B804-0CF6-9C01-39E69BD4AA55,PG,FM,5,11
326E9540-1552-F2D8-C497-39E69BD6B067,LR,FM,5,10
F32E1169-5ACE-475D-4D22-39E69BE26D0C,NR,LN,5,-11
3F551F1C-E99B-8C63-09E4-39E69BE3F0BE,US,I5,5,10
934979BA-B6E0-D476-20F6-39E69BFBF63B,SV,IW,9,-9
C6D228BE-8972-AA99-5B50-39E6A1054ECE,KR,TV,4,12
C86AE667-6B98-F623-2933-39E6A1801857,KR,GL,4,12
72CC97E1-7997-1D99-A7FD-39E6A26944AA,KI,GL,4,12
F4F713CE-E0EE-52E9-6F34-39E6A2738A7E,JP,PW,7,9
0001208C-5163-3AB8-E234-39E6A6087D44,TV,PX,1,-11
A29627C1-5548-B280-41D0-39E6A6188AF4,US,TK,5,-11
EA970590-A845-1330-8799-39E6A6194D89,LR,PG,5,12
FD9EA6AC-1A28-8AC0-6AF0-39E6A63E166C,FM,MH,4,12
A561D34C-C977-41CB-BE4E-39E6A664958C,EC,I5,12,-9
E508BED8-021E-D88D-8768-39E6A6C041AC,TV,GL,4,12
B6737686-2CAF-0166-1911-39E6A6C89757,US,FM,5,11
CE871BA2-3E6D-06A3-2036-39E6A6D64EF2,KR,PG,4,10
406DD147-1E45-D1C9-46E2-39E6A7BF6247,KI,PX,9,12
F6743CEA-3455-C144-EFE7-39E6A7C05B6D,KI,GL,8,12
20CFF388-406F-B85C-5568-39E6A7D2EDF3,KI,I4,3,12
8D5FA7A2-C230-671C-E8FD-39E6A7DD1EA9,PG,PX,4,12
9EEFF4A8-FDAD-21F6-4F6F-39E6A8227DC2,KR,PG,4,11
2F0121B9-C564-AAB3-AD4B-39E6A83EACEC,KR,PX,3,12
4110605C-EF07-A75B-3307-39E6AC13A3D9,KR,PG,3,11
55AC40D3-4642-BD86-6FBC-39E6AC5C5D41,KI,H5,4,-11
B353D1FB-1942-889D-634B-39E6B1B4B6C8,KI,TK,11,-11
553DADAA-978E-DA52-8B65-39E6B1D0DAC2,KI,H5,11,-11
DBD8C049-58DF-B23A-88D4-39E6B1ECAB8F,KI,PX,9,12
E186C490-392D-2148-6834-39E6B229D5AC,KI,PX,7,12
82AE43A1-C67F-42AB-33BC-39E6B58F2110,JP,FM,9,9
88F0E121-8477-E0D6-0DA8-39E6B5952B25,JP,FM,8,9
C542ED0E-995A-0BAA-D8A8-39E6B5A476AF,US,LN,5,12
D5D2530D-D6E1-B4D4-F5BC-39E6B5F6DC1F,NR,FM,5,11
2BB6C597-CB42-4D74-3D55-39E6B611E6AE,KI,PX,7,12
85F5D5E7-36DF-2296-296B-39E6B61A6F03,KI,TK,10,-11
D004587C-3F17-724F-10BE-39E6B62D9741,KI,TV,3,12
464EE9AD-7140-2B64-FEB2-39E6B6533F1B,NR,FM,5,12
4EB11661-9371-970D-F9A3-39E6B6DE8606,KI,GL,4,12
7B9E61DF-05CA-13A5-320B-39E6B7000E45,KR,SB,1,11
E4048D68-1763-0FF4-9342-39E6BFD26C43,EC,IW,4,-8
F5BDB12A-3FDA-E04C-6C50-39E6CABB5784,KI,GL,11,12
FEE151B8-27B9-57A6-C2E1-39E6D9BD5076,PG,PG,5,11
B0EBBA6A-74D0-301A-0169-39E6D9BE2B84,US,H5,6,-11
6A10CE82-5427-414C-E1D6-39E6D9EA5BF7,VU,I2,4,12
EC318370-F553-08BC-0E56-39E6DA2FA4DD,KI,GL,11,12
C87F6575-4586-74C3-52DA-39E6DA5CB89C,KI,GL,10,12
2F9149A2-6891-1A99-1125-39E6DAA7AE6D,KI,GL,5,12
BFA4E2B2-0527-B2CB-0B85-39E6DAE2674D,TW,GL,4,12
BFA4E2B2-0527-B2CB-0B85-39E6DAE2674D,TW,NR,4,12
5A6AC23F-3C86-7543-3466-39E6DAE61918,TW,FM,5,11
58C55515-D34E-38E7-67CB-39E6DAE8408E,TW,NR,4,12
7708214F-3543-D5E6-7182-39E6DAE9C626,KI,GL,3,12
AE41F064-757B-2368-5998-39E6DAEA1679,TW,NR,5,11
A8F3DC83-7DA2-B7CD-4B31-39E6DAF2295C,PG,TV,5,12
06FB4790-38B3-8B64-973F-39E6DB07CF66,KI,FM,12,12
20A3E244-F529-51A4-5EF0-39E6DB2A8AF3,TW,NR,5,11
6073A012-A769-5392-3528-39E6DB31635C,KI,NR,5,12
00109DB7-ED6F-2FFC-1AD4-39E6DB365E51,PG,GL,5,12
71B667A5-5824-96A8-F0CF-39E6DEE5214C,TW,GL,5,12
DE783AD2-9719-D1B8-90AE-39E6DF101C6F,KR,SB,3,11
A7FBD362-E07E-856A-9E35-39E6DF222083,KR,NR,5,11
106A5BD0-E950-EAAE-A54D-39E6DFD180FB,FM,LN,5,12
D398C98D-8F2B-AAA0-B276-39E6DFE981A6,KR,GL,5,12
70070BD4-F869-BA71-A6E7-39E6E00B6A48,PG,LN,6,-10
BA62F8BF-DE4A-6AB0-F9DE-39E6E4481D66,PG,PG,4,10
F844EFF1-D3A6-4558-217C-39E6E5628AA7,TW,GL,4,12
655E9B19-0B4B-51DA-03D3-39E6E565CA6F,KI,GL,5,12
C58FD819-33AB-557B-C403-39E6E572BBE7,KI,PX,6,12
A912AFA8-C68C-B279-9045-39E6E592FAF1,PG,FM,6,12
1F8B1802-FC71-4F34-38E2-39E6E5A0B2ED,KI,PX,9,12
37BE5291-18D3-AB8B-4D12-39E6E9764D5B,NR,NR,6,12
EB0B9B1F-A09F-F33D-4C8B-39E6E9C7CD1D,EC,LN,6,-9
EB0B9B1F-A09F-F33D-4C8B-39E6E9C7CD1D,EC,LN,6,-5
753E0052-EC42-D9F0-AD49-39E6EA0E8FE3,KI,TV,4,12
5DCE4785-F9BE-0DB7-A78F-39E6EA34D983,PG,GL,4,12
4D7CD9A5-1DEA-1F6E-B80C-39E6EA565471,EC,LN,1,-10
0F376C27-FE96-308C-ED0A-39E6EA63CB48,EC,I5,1,-9
75B22D43-3510-7AA9-C8B2-39E6EA73A599,KI,TK,1,12
75B22D43-3510-7AA9-C8B2-39E6EA73A599,KI,TV,1,12
A617AA50-A395-1B67-616F-39E6EA76CFF7,CK,H5,9,-11
EB6A4203-24AD-0081-6BC9-39E6EA7FAF0D,KI,SB,3,11
561A776F-3F01-BFE9-13C8-39E6EA9F50A3,KI,GL,7,12
5616544C-828D-CD99-4222-39E6EAAB769C,FM,FM,5,11
95B68700-9D4E-D157-D392-39E6EAC37B91,KI,PX,4,12
7E4826C2-5736-CD33-772C-39E6EE915585,KI,H5,5,-11
7E4826C2-5736-CD33-772C-39E6EE915585,KI,PX,5,-11
7B6B99AC-778D-5665-1334-39E6EE9E729E,KI,GL,8,12
9C956A3A-D9B3-5856-8401-39E6EEE1508B,KI,PX,6,12
49139356-9D0D-F0E5-3FB1-39E6EF51A1F2,KI,H4,8,12
31896102-5369-2B86-3A66-39E6EF642BEF,KI,H4,9,12
E65ED8DF-1523-ECB2-AB6E-39E6EF7D9BF8,KI,GL,10,12
4451844E-996F-1E71-EDB0-39E6EFD4F98B,KI,PX,9,12
46453E8A-2F79-B485-86F6-39E6F3D3681B,KI,H4,3,12
46453E8A-2F79-B485-86F6-39E6F3D3681B,KI,PX,3,12
473FAA0B-60F4-EB44-F1B9-39E6F401EB2A,KI,H5,1,-11
B6165BF8-E876-DA2D-65AF-39E6F469C8AE,KI,GL,8,12
F8D06E19-384C-84D8-D758-39E6F477EB79,KR,GL,8,12
7AD34B52-D03E-7A37-4E0F-39E6F47E7199,KI,PX,9,12
562E90E6-8072-57CF-76B5-39E6F4915C86,KI,H4,10,12
2527064C-0A5E-6650-9491-39E6F4AF9AF7,KI,TK,10,12
9857D8A3-A400-BC4E-0CEF-39E6F4C54921,KI,GL,3,11
698739E6-06A4-D50B-3C40-39E6F4E2464E,KI,PX,6,12
CBCB712D-5125-B453-685B-39E6F5271CCF,KI,SB,1,12
CD3A98E1-5B74-8ACE-C935-39E6F9AE6EC0,KI,TV,12,12
CB610DDA-2FD1-FC00-FB17-39E6F9E35663,KI,PX,8,12
675CB45C-9C57-85AA-1810-39E6F9FEF5C8,KI,GL,8,12
E2D7A1C2-87AC-E105-1864-39E6FD85795A,KI,H4,6,12
9F6E6282-BF56-7B3C-C10F-39E6FD9C6CB5,KI,TV,12,12
4D61CF5C-EC64-F819-A5CA-39E6FDB1D7C4,KI,H4,8,12
9B108457-3FDB-333F-29DB-39E6FDCC8E82,LR,PG,6,10
CC0A515C-1877-9459-9C19-39E6FDD0C4A6,KI,FM,5,11
A8DEB45C-3C54-B876-C0AD-39E6FDDABC52,JP,PX,4,12
075A3845-0744-CD67-6E7C-39E6FDF44F74,TV,NR,5,11
40EA1E85-73DF-2104-789D-39E6FE0314C4,US,H5,6,-11
E1546F6F-3E6A-EE4C-63CE-39E6FE323BED,SB,PG,3,11
181E304D-08C1-F8F8-2912-39E6FEDCEFEE,KI,PX,7,12
AEA95F53-B1CB-193B-F03E-39E6FEE82125,KR,TK,9,12
0E56EB76-D78A-1A01-FF51-39E6FF27A26C,JP,H4,8,12
0E56EB76-D78A-1A01-FF51-39E6FF27A26C,JP,H5,8,12
28CB1D96-9868-DECD-AE2C-39E6FF3778E3,JP,H5,10,-11
28CB1D96-9868-DECD-AE2C-39E6FF3778E3,JP,PX,10,-11
5553BEFF-5D29-CF66-6310-39E707F618C7,KR,PG,4,10
85FCE7CC-AD07-2BE7-A3CB-39E70822BEC0,US,PG,6,12
16B57823-E8D5-6E70-5425-39E70D69D0CF,KR,PG,4,10
6603362D-8601-9CDA-C3ED-39E70DC0B5D8,PG,GL,1,11
6603362D-8601-9CDA-C3ED-39E70DC0B5D8,PG,NR,1,11
1E0200EC-938D-7071-E21D-39E70DC76C3B,TV,FM,5,11
44E20C9E-1EB8-81D4-5D5D-39E70E6822DD,PG,PG,5,10
00E5C4A0-BD3F-E717-FC44-39E70E86BCEA,PG,GL,3,12
00E5C4A0-BD3F-E717-FC44-39E70E86BCEA,PG,TV,3,12
7B01AA5D-6704-A0CE-2939-39E71268FE42,KR,TV,5,12
3F8CEEF6-AEFB-D3E1-2A7B-39E7128128AB,PG,GL,5,12
217A19EA-1EC9-1F44-29B4-39E7135DBAD0,TV,PG,4,11
CF55D7B3-C0A2-4A8E-25E8-39E72201DA96,NR,NR,6,12
A7B88740-B021-8F65-E355-39E72242C715,MH,I4,5,12
22C7091A-B3D0-75E1-63FE-39E722486324,KI,GL,5,11
E2F3E0C5-0824-766F-BCAB-39E72276CFE5,KI,GL,5,12
F1FF0A53-8BE6-9061-E809-39E72349132F,FM,NR,5,12
E07B5152-0047-01B1-84E3-39E726E44868,ES,,12,-10
5EC32756-374B-8C26-DE70-39E726F551D1,PG,GL,4,12
F91803ED-8954-A953-B564-39E7281C37D1,TV,NR,4,12
B0106539-D222-015D-EAB7-39E728407578,TW,NR,2,11
B0106539-D222-015D-EAB7-39E728407578,TW,PG,2,11
AB1DE6A8-E389-17E8-18E8-39E72C6D3D16,TV,FM,5,11
E59BD202-ACB9-FD4E-1C2D-39E72C733043,KI,,6,9
AC3B9263-1ACB-C678-D853-39E72C7E107C,KR,PG,4,11
168AD0AE-8D28-A62D-AE45-39E72CD1F5B3,KR,FM,5,10
9D70B1DE-3E97-E4E7-4777-39E72D23C951,TV,FM,4,11
577793D2-4446-1EC6-1AEB-39E72D9A713C,TW,NR,5,12
5F893F67-B0E3-27F5-0F38-39E731F14949,TW,FM,5,11
C543AC27-0C97-5386-AFE1-39E7365B85F9,KI,H4,11,12
0429FD93-8649-4D0C-8585-39E7377636D0,KI,NR,4,12
8E4882B6-3D1C-914F-E0B0-39E73787430A,US,H5,6,-12
EF3E6C7F-6F4D-725D-9F91-39E737EFEC8F,US,H5,6,-11
C23DFFF6-2754-3B01-F4D2-39E7460A8F14,KI,TK,11,-11
74B46CF3-FCCD-B73D-A129-39E7466654ED,NR,FM,6,12
A9D8B968-B538-6966-71D6-39E746D7193C,US,H5,6,-11
EB0D4BC8-0224-5476-6734-39E75081427D,PG,NR,5,12
61869111-C70F-E1EA-CAFC-39E75A65EEA0,PG,FM,6,10
2A8A3F27-3F65-2246-88E7-39E75A92EAF0,SB,FM,5,11
6511C837-8F05-A006-17AD-39E75B1ABB35,TV,FM,6,11
FB678A7F-C345-1DE2-0352-39E75BA301E1,KR,NR,5,11
2919A65B-B710-E275-4B9F-39E769F97C8D,PG,H5,7,-11
2B34546B-E9AF-37A4-084B-39E769FA8F59,NR,NR,7,12
7D5827FF-D42A-2D2C-F0C8-39E769FB8D39,US,H5,7,-11
341B5A12-6446-46E9-8235-39E76A05AC87,US,IW,5,-12
98A0448A-D4AE-4312-9D7C-39E76A1FF7BE,KI,GL,5,12
905FE709-6912-4A4B-2A68-39E76B1A7919,VU,NR,7,11
8B7A08B3-6AD7-67C8-A7E0-39E7703345EB,KI,GL,6,12
97E15DD3-C456-141C-E329-39E77038513A,TW,MH,5,11
97E15DD3-C456-141C-E329-39E77038513A,TW,NR,5,11
8B7A4CA8-128B-B08B-1717-39E77042AEAB,TW,PG,2,10
8B7A4CA8-128B-B08B-1717-39E77042AEAB,TW,PG,2,11
607AE67D-5CB8-980B-BD67-39E770448E18,PG,PG,4,11
1B7213FF-2557-176D-6868-39E7793A1EA4,KR,NR,6,11
AD74EB7A-A27C-2411-D4BE-39E7793CB766,TW,FM,5,12
A90649EC-588B-21C6-A2D7-39E7793E9259,FM,FM,5,11
EDBEC62C-C4F2-5C29-5761-39E77943804D,CN,GL,4,12
B36CCC49-1597-BE62-5820-39E7799E757C,PG,PG,4,10
185546AC-21F7-BBED-7480-39E779DCAFE5,PG,FM,5,10
5597DB54-E24D-53A4-47AE-39E779EA5F72,EC,IW,5,-9
82766639-DB95-4DAF-199A-39E77A7B682F,PG,FM,4,11
ED0B9B83-98C1-9176-3723-39E77E6276A8,JP,,11,9
CBE9D876-37EE-6C86-E6A1-39E77E745845,PG,PG,5,12
24AA9C8E-4A9C-6B58-87EA-39E77F01D4F4,JP,FM,6,9
B619CF52-C313-322B-0A88-39E77F03E006,JP,FM,5,9
18547B62-1BAB-94DD-5207-39E78E64E287,US,H5,7,-11
9CF47157-26BA-F105-9E41-39E78E667C5C,NR,NR,6,12
BBB308EC-74AE-3635-B4E1-39E78F40004E,TV,GL,3,11
5B2B2CC8-E6C2-E4DD-27F6-39E79305C1A2,PG,GL,6,12
562B2056-BEE7-C70D-2049-39E7930B5A4F,MH,I4,5,12
7BF232D4-722A-884A-C3A2-39E7989918C9,PG,PG,6,11
C12982D3-0EDC-FCE7-6775-39E798D931DE,PG,NR,3,11
923F4C22-C08F-1053-787C-39E79980B4F3,FM,SB,3,11
FD19ED71-AF8C-E24C-12DF-39E799CE8D5B,TW,NR,3,11
17243463-1E81-D6CA-19A9-39E799D368E8,TW,PG,4,11
7F43FB1C-BA24-5B10-70FB-39E79DC0B05D,MH,FM,5,11
3F291058-712B-1E2C-92BB-39E79DC9C8C7,MH,GL,6,12
CF37868F-6B4D-CBA8-B162-39E79DCB7ECC,TW,NR,7,12
0570356A-23A8-8790-8A1B-39E79DCD4D93,TW,GL,6,12
45B2694F-6043-A8DB-46FE-39E7A3AF5B9C,KI,H5,6,-11
45B2694F-6043-A8DB-46FE-39E7A3AF5B9C,KI,I5,6,-11
2E752532-0570-78F1-B11A-39E7B21547CB,JP,FM,6,9
D9C6A2C2-CFF4-453F-1F92-39E7B30CC553,PG,FM,3,9
F1714070-A33D-3231-05FF-39E7B33A9DCC,JP,FM,9,9
3DF068EA-3BD5-92A8-D6FC-39E7B352DE6D,JP,,5,9
C95EA95F-B6A6-EC7C-C001-39E7B37BBBD6,JP,FM,4,11
08B082B5-05F0-CBB7-6FB3-39E7B3AABAF6,PG,NR,3,11
CA074BC2-6FEB-2D8C-B164-39E7B7791D7E,PG,NR,3,11
471498A6-A0E0-F9AB-24C1-39E7B77F5536,KI,GL,6,12
89312696-1A6E-B22D-B795-39E7B77FA28A,PG,PG,2,10
6FCF8DDA-27CF-2587-E08D-39E7B7A0975F,CN,NR,5,11
341AF46B-A549-0B23-7421-39E7B83205B0,JP,FM,4,12
8584C00C-6251-F508-9D5E-39E7B8338585,JP,FM,5,9
F7838F8E-3AAB-F13F-3B34-39E7B871817C,NR,H5,7,-11
3D8E055C-73B7-2CDA-F963-39E7B8727B69,NR,H5,7,-11
3FD3FA5E-A4F6-5A30-849A-39E7BC9D1592,KI,GL,9,12
08C0E1E0-8ADE-2702-FA12-39E7C180B704,NR,,7,11
7CA896BD-3C66-449C-661D-39E7C18168D1,NR,H5,7,12
E1C69501-8E7B-D12A-9055-39E7C2772BB9,PG,FM,6,10
9B960225-16FF-5DB3-416D-39E7C2FCCB22,JP,FM,4,9
248960A3-30F5-70F4-57C5-39E7C6A2082D,JP,FM,6,9
4A0E86CC-553B-FD72-03C3-39E7C6CA511F,JP,,10,9
26674661-EC67-D5CC-3B35-39E7C6CCC086,JP,FM,4,9
46B76F8C-326A-56A2-7C5A-39E7C6E30E64,JP,FM,3,9
007D5EDB-25BA-34EF-9E37-39E7C6E541AC,JP,,10,9
258018FF-9736-4207-5142-39E7C7450696,JP,,10,10
CA9DFFAD-AF75-175E-2077-39E7C7A59E40,KI,GL,6,11
9E2D1D60-D914-EBE9-BB8B-39E7C7E5E3C0,KI,H4,6,12
41BAB4C0-2197-EF19-E9E4-39E7C800EE47,KI,GL,5,12
4407CC4D-A75D-BE56-380D-39E7C85D778D,LR,H5,7,-11
14EA4ADD-37D3-4845-5959-39E7C85E4341,NR,H5,7,-12
D95DEB2E-72F5-770C-E557-39E7D5E2C5B3,KI,GL,6,12
E4C59465-50EE-A01A-4BD1-39E7D5FD5842,EC,LN,5,-10
CF32425E-ABB9-74B3-A421-39E7D616BC3F,US,H5,7,-12
CE3C19BA-D3F5-348D-585A-39E7D61777A7,PG,H5,7,12
24D14B98-2607-EA0B-101E-39E7D61819CB,US,H5,7,-11
3700B5E5-EA1E-E062-7D76-39E7D619A409,LR,H5,7,-11
9A43F4B9-CD92-8B24-0DA1-39E7D61A6539,PG,H5,7,12
D1B857DF-5E15-5EDC-B3DB-39E7D703FB57,KI,H5,5,-11
EEE249A9-37A5-86D7-75F2-39E7D734D987,KI,TV,4,12
D2D0C90B-AA98-3C26-806B-39E7D762AC94,KI,TV,4,12
FC398BB4-95BD-A5EA-C83F-39E7D77EBD30,KI,I5,5,-10
6786F2F5-1892-93D4-0871-39E7DB8737E7,US,H5,7,-11
45F875A4-B90F-1AC5-C7B5-39E7DBA22A0A,TW,GL,6,11
952A11A9-1CDB-1E77-B623-39E7DBD8FDF7,KR,FM,5,11
1436C6C1-66B3-E784-21AA-39E7DBF8CE10,PG,,3,9
A50FA0D4-B421-985F-8E98-39E7DC63CC4B,PG,FM,6,10
6455A720-5E8F-8B2E-2FEE-39E7DC662270,PG,NR,6,11
EF6338E9-F82B-D664-EFE2-39E7E03EA0F3,CN,GL,5,12
9623AFF9-EC7D-68CF-328F-39E7E0948403,TW,FM,6,11
ABAFE0E8-5104-DB04-0033-39E7E0976EBB,TV,NR,6,11
5D3B9B5D-C35B-277B-1A29-39E7E09DB35C,MH,NR,7,12
36F88783-6166-77EB-7A2C-39E7E09FFBCB,PG,PG,6,10
B55883E5-ACF0-C8EB-2F6A-39E7E0DB052C,PG,FM,4,10
76B04BFA-CE4C-AF6A-7D86-39E7E0E3C647,PG,PG,2,10
E2A149E5-357F-E3A6-3BF3-39E7E0EAEB43,KR,PG,6,10
32B03025-EF97-DF53-566C-39E7E0F8B399,PG,PG,2,10
1E4269B5-D313-9193-0392-39E7E1154E39,PG,FM,6,11
1E4269B5-D313-9193-0392-39E7E1154E39,PG,PG,6,11
92A004AC-21A6-9D7E-AFFF-39E7E1B03A64,PG,PG,4,10
2ECC359A-E51B-5831-4E3F-39E7E1BF0579,CN,GL,6,12
5E586826-A183-0254-C2B6-39E7E1CE14FE,TW,FM,6,11
B46A08B3-2CEF-D9D3-7154-39E7E5FB2700,PG,FM,5,11
761C84EF-838B-7D2B-C3DB-39E7EA91D2A0,KR,NR,5,11
D919300D-0E89-1004-BC79-39E7EAFFAFB3,TV,NR,6,11
6CC979AE-9255-5F3D-64A3-39E7EB01367B,PH,NR,6,12
C5DE68BC-5EFD-D2E3-1746-39E7EB8DFF1F,KI,PX,9,-12
20878BA6-BA62-1BF5-52DE-39E7FA1092FA,FM,NR,6,12
DF3851E0-C466-DD89-F7F5-39E7FA1D3FDF,US,I5,7,-11
A16293D9-5F13-0F3C-47B7-39E7FA1E25C1,US,IW,7,-11
A16293D9-5F13-0F3C-47B7-39E7FA1E25C1,US,IW,7,-10
E48F670F-0071-BDD4-C009-39E7FA43A08B,US,IW,3,-12
7D6E0A70-4108-4F79-9709-39E7FA5CB2F3,CK,H5,1,-11
7D6E0A70-4108-4F79-9709-39E7FA5CB2F3,CK,I5,1,-11
EA874A85-FAA5-299F-A643-39E7FA7C1573,EC,IW,5,-9
3B3D83AB-77F2-555A-7554-39E7FA92B1EE,PG,FM,5,11
2AFFF66F-76D8-0A2D-D1E8-39E7FFB9D0C2,TW,FM,6,11
C7FE7AD6-1783-9A64-C69D-39E80030DF28,PG,SB,1,11
48858CC4-689C-0B95-05F2-39E804896C17,TW,SB,12,12
AEDECF21-FA24-BE0C-54AD-39E804EF5D4C,TW,PG,4,11
FAC16CE5-34B6-4F23-4338-39E80ED17D02,US,H5,8,-11
38D7A6A1-ABC4-68DD-9850-39E80F679DD7,FM,FM,5,11
F4EA2A41-3DE0-7467-D3C9-39E80FF6C33C,FM,H5,7,-11
B685EED8-F6E8-45CC-E3CC-39E81E79799B,TW,GL,6,12
043FE7A8-6EF7-2F13-64C1-39E823D54119,PG,FM,2,10
F4F1CF69-5CA9-303D-D662-39E823E7284A,PG,PG,6,10
C1B3DFF8-0FEF-6637-0BC7-39E823F79AEF,PG,PG,3,10
E66E2615-8A94-C155-000A-39E8290C9FB0,TV,NR,6,11
3BD6AEEA-CE01-407A-9980-39E82920C0AE,PG,PG,3,10
DDE0677F-1E56-30AE-2A16-39E82A02D29F,KR,GL,5,-11
F8DD831A-AFBB-3CD3-5F18-39E82E15A665,TV,FM,6,11
E1E8FDF7-E053-1317-5F52-39E832CE23C6,US,H5,8,-11
12EB6FAF-22A2-A3AF-934A-39E842B29223,FM,FM,5,11
DF1B8FE6-1DA4-8AAC-C2A5-39E842BDF89B,TW,GL,6,12
377DF1D3-885E-A93E-3220-39E842C11534,FM,FM,1,9
FABF1F2D-83F8-9810-9C61-39E8434E126A,KR,PG,6,10
7C6CAAFB-2275-3DB8-8AD9-39E8477C00F9,PG,PX,7,-11
51DA4697-0C0D-648D-6068-39E8477C1A04,FM,NR,7,11
9A09ED0E-8931-9679-A54F-39E8477DC97C,KR,PG,6,10
0E0B78DC-3075-0F4F-B5CA-39E8478627EC,PG,NR,7,11
0DDB9BF6-D3E3-D279-9CD4-39E847C5BFEA,KR,PG,6,10
6E651F3B-A83E-A316-BDDE-39E848997B9A,SB,PG,6,10
588A3210-FEBC-1B72-9144-39E848C03290,US,I5,3,12
9EE1B0B2-958B-11E9-A4D1-39E84CA0936A,KR,SB,1,11
FF3C4B4D-E099-78F7-AC5C-39E84CAA1076,US,H5,5,-11
FE981CBF-D737-84B3-A303-39E84CBC95E1,US,LN,1,-10
887811F5-E8BC-4DFC-B701-39E84D95B6F9,TW,NR,7,12
9CA4ADC2-B739-E374-C478-39E84DB14CCC,SB,SB,4,10
9AA822D6-919E-8CF1-A0A1-39E84DBB61F6,SB,SB,4,10
BC0D61D7-FD44-916C-CA38-39E84DBF4605,SB,SB,5,11
8061301F-F6E0-F61F-DBB1-39E84DCA1745,SB,SB,2,11
EC23F885-67EA-9027-8D36-39E84DE092FA,SB,SB,3,11
0E35F730-0ED2-2316-C767-39E84DEA7583,SB,SB,4,11
AAAEA0DF-A8DC-48AB-8709-39E84DFCDE66,SB,SB,5,11
BCC82794-06C3-6297-09FA-39E851F7EA30,TW,PG,2,10
FDE85D07-168F-4AE9-9E17-39E856B93DFC,US,HB,8,-11
5C9E1E20-6CBD-0B54-BCE3-39E8571AA59C,FM,H4,10,12
38CEB6A0-C89E-3A1B-095A-39E85735A355,FM,FM,5,10
E614E793-6967-85DB-FA71-39E866302041,LR,NR,8,-11
E5269DC1-7596-96FE-AD3C-39E866314319,NR,GL,8,12
0291D8EC-8551-72BD-2CA0-39E866322FE5,PG,GL,8,-11
0291D8EC-8551-72BD-2CA0-39E866322FE5,PG,GL,8,12
CCD8BD0C-844D-20BF-D609-39E866332B4F,NR,GL,8,12
A86E4BA2-838F-AC63-1ED9-39E86B6C3CF7,KR,NR,7,11
C7676E38-9AF2-9A0F-6F7E-39E86B772F7D,PG,PG,7,-11
C7676E38-9AF2-9A0F-6F7E-39E86B772F7D,PG,PX,7,-11
A04CF4CC-BE6E-C4C8-F50B-39E86BE06761,KR,PX,7,12
2B51D090-C861-16CD-C971-39E8706B341B,PG,FM,8,11
B65A07F3-29BD-9F58-83DC-39E8706EE5BA,TW,NR,7,11
DA5F1F47-0CA9-2D82-546B-39E8707BDE5B,TV,GL,7,11
6E550523-1F0E-C178-3878-39E870823D1F,TW,NR,7,12
C64D09C9-BE4A-7B21-31A1-39E87085FD90,TW,PX,7,12
D3D5D0B1-1399-C92A-CB89-39E870B15C2F,KR,GL,4,12
7C5DEEEA-951A-B7C3-322F-39E870E213A6,PG,PG,1,10
DC069600-E186-5418-421E-39E875AFE7DA,KR,GL,4,11
B83D25D5-4B6E-B86D-BA4F-39E875B9A7FC,NR,I5,8,-11
5F58C7E7-88A6-1CA5-6193-39E875BA6DD3,US,I5,8,-11
A5853929-927E-125C-DCD0-39E875BCCAEE,PG,H5,8,-11
79991744-1BBC-FB67-517E-39E876D88544,KR,FM,7,11
C5C518A9-5D6A-8AF1-54A9-39E876E2D623,KI,LN,6,-10
27308B0C-0785-F838-AFD0-39E87AB81DEF,KR,GL,5,12
371ACC9B-60FE-DE2D-12FF-39E87AFA8881,FM,PG,2,11
21A5CAC0-0F97-F199-0B6A-39E87B0C1A0D,KR,FM,5,11
A482E396-4DE7-CDCA-7572-39E87B1C93A9,KR,FM,7,11
485990FF-9D2E-F370-F3CB-39E87C16D07B,KI,PX,8,12
11365776-F317-7ED4-FF73-39E87C4D8E06,KI,PX,7,12
35A9713C-CF8A-9DCD-B189-39E88FC78EF8,TW,PX,7,12
93469633-B855-3A9B-3C03-39E8908F496B,MH,NR,7,12
41031B2B-7036-3145-5D0F-39E89090D701,TW,MH,8,12
DFBA2905-BCAB-86E1-2B18-39E89094A685,FM,NR,7,11
09D0EF8B-6F02-9B63-E8F4-39E8947030EA,KI,PX,7,12
DE04C6C4-580D-7ADB-3EDC-39E89A4FD578,TV,GL,7,11
A2D9C4B0-5158-2885-DA46-39E89F3CB6A5,NR,PX,8,12
7D68A0E6-DA01-CDE5-F23B-39E8A017BCFF,FM,FM,1,11
E360D299-8598-5994-1BD8-39E8A0195D4C,FM,NR,2,12
4367534D-B6A6-7B18-DAB0-39E8A01B3002,FM,NR,3,11
5E870807-0BE9-13A0-EBA2-39E8A01CC9FA,FM,FM,5,11
DFD0114D-A7AA-37A6-C934-39E8A01E0FB2,FM,FM,6,11
42A20AF3-09D6-0C67-85C4-39E8A022081B,FM,FM,5,11
0F80E7F8-FE0D-2B57-B8A4-39E8A028AEE5,FM,SB,11,11
5C299A3A-9E1D-4854-15F4-39E8A02A8E95,FM,NR,3,11
A5D65803-F499-768A-30B4-39E8A02C2ACD,FM,NR,3,11
0AE793DC-7569-197C-BF50-39E8A02D74EF,FM,NR,4,11
0FFA4480-43E5-1A8A-61CC-39E8AEA04D89,PG,GL,9,11
0FFA4480-43E5-1A8A-61CC-39E8AEA04D89,PG,NR,9,11
A73E5D7F-89D0-484D-CA81-39E8B34BD14A,KR,NR,7,11
9C41E9FC-3D79-29BE-0891-39E8B35A4A8B,KI,PX,7,12
42C00EB8-6FD8-9D0C-4BE0-39E8B3820CE8,KI,GL,7,12
1191467E-4168-3C36-ED61-39E8B3C8749B,US,IW,9,-10
F3D81880-9DC7-C06E-5887-39E8B3F7F3CC,KI,GL,8,12
7F7BB9A5-2AFD-8137-A4E4-39E8B40053AD,FM,GL,3,11
145489D7-73D8-A5A7-D703-39E8B41C1F65,FM,H4,9,12
0FD8A00C-D590-C454-B5D2-39E8B46CC4E2,FM,TV,10,12
63924F37-B729-C964-D7AF-39E8B4778246,MH,NR,7,12
684DB58E-BBE3-C005-8B69-39E8B47790F1,KI,GL,8,12
DF6E89AF-7B3C-74BB-B2C8-39E8B47B61DE,MH,NR,7,12
FF58CA9D-9862-3D7F-8BCD-39E8B47E2B7B,TW,NR,7,12
26EBF10F-580D-43B1-CEB9-39E8B48D3272,KI,GL,7,12
CF60DF36-D92D-765F-994B-39E8B4C7DCA1,MH,NR,7,12
BCBA67BB-4E2A-D4F8-A979-39E8B86D78B7,FM,SB,12,12
83774A54-CC42-AEFF-5E91-39E8B87DFA7A,US,LN,9,-10
A4C047A5-2474-0CA2-0776-39E8B8966B26,PG,PG,2,10
2D3ABCD2-9B30-F7EE-1BF9-39E8B8B5FC16,KI,MH,7,12
70F4A0E2-8734-C5BC-44D8-39E8B8CE001F,PG,PG,3,10
0FEE7582-EDD0-DE2A-52F6-39E8B8DDA936,PG,PG,3,10
B314D0AD-9D4A-2C4F-A7B3-39E8B8F3006B,MH,NR,7,12
C2B2F3CD-44FE-8E62-08BC-39E8B9259478,PG,PG,1,10
A8AA7BAF-9FFC-9588-8944-39E8B92D22CC,KI,GL,11,12
5C96F8C3-C4AC-CF0C-6560-39E8B94A3713,PG,PG,3,10
83EB670F-062F-6F83-9E5E-39E8B9559575,PG,PG,3,10
3B9F0118-B230-B9BE-5BF1-39E8B973E44C,PG,PG,2,10
F9DD5C5E-89DB-2FD9-51C0-39E8BA0E3F1F,TV,PX,8,12
6609E061-381A-13FA-D7E7-39E8BDB6C89C,KR,FM,7,11
6609E061-381A-13FA-D7E7-39E8BDB6C89C,KR,NR,7,11
C6B0278D-F097-D958-7C98-39E8BDD1C8B1,PG,PG,2,10
D806D38D-26B3-8FA4-21E4-39E8BDE4E041,KI,GL,7,12
1E35CDD1-552C-517B-98F7-39E8BDEFAB4A,PG,PG,2,10
2861F2F8-EAD6-FB92-E72E-39E8BDF77092,PG,PG,3,10
7E256E9D-0B94-3C20-FE56-39E8BE2F50CC,KI,GL,4,12
CB0A82EC-58AB-8BBF-1BB7-39E8BE374561,PG,PG,3,10
A72091F9-D7D2-571D-985D-39E8BE650343,PG,PG,2,10
C3B248D1-9E1A-9B69-BB9C-39E8BEEDD50F,PG,PG,3,10
22D2333C-5979-9B9B-8DBE-39E8BEF272CE,KI,GL,3,12
EAD9EA7C-D7CF-0714-73D2-39E8BEF629C2,KI,NR,4,12
5F234308-7CCE-1058-6AC6-39E8BEF8CE9D,KI,FM,6,11
858D0720-5936-6F1F-C8BF-39E8BEFAC351,KI,NR,3,11
FEE83338-EC6D-CDC3-5E92-39E8BEFC4FC0,KI,GL,4,11
C040903C-05B4-E1FB-7F69-39E8BF01C8E8,KI,SB,3,11
23EBB34A-6FA8-908C-A1E9-39E8BF05DCA8,PG,GL,2,12
23EBB34A-6FA8-908C-A1E9-39E8BF05DCA8,PG,SB,2,12
EB37D72D-EF19-D20D-0E5D-39E8BF226A91,KR,SB,3,11
EB37D72D-EF19-D20D-0E5D-39E8BF226A91,KR,SB,3,12
5D114B20-9A03-C89A-CAB6-39E8BF27C1F2,PG,PG,3,11
C74EB9C5-11E5-2BF9-01C5-39E8C2BC91C5,KR,PX,8,12
266DEBB7-E61C-2F93-4F8C-39E8C30AA108,FM,GL,7,11
ABD5DF32-8529-6F76-F760-39E8C31668E6,KI,GL,6,12
25E6DD49-94CB-43FC-4790-39E8C34500AB,JP,PX,7,12
EAB19DA0-45A3-5B60-C65F-39E8D250344C,US,TK,9,-11
2B31929D-173E-E7A6-730A-39E8D2515B35,VU,TV,9,-11
093C355A-5861-2BE9-5DEC-39E8D25247F5,US,HB,9,-11
1531A8FF-C484-D67F-FA6E-39E8D2939EE7,KI,PX,8,-11
CCAB322B-FF05-089F-D111-39E8D2AE7076,PG,GL,7,11
84F5D863-EB33-DBD8-ED3E-39E8D2DC7D6F,KI,GL,8,12
81678159-869F-756A-290F-39E8D38E09EC,FM,FM,8,-11
81678159-869F-756A-290F-39E8D38E09EC,FM,GL,8,-11
C426EE13-0F1B-C06C-4F89-39E8D80882A1,SB,PG,8,11
B705FDF8-1DF7-3786-3DFD-39E8D822F884,NR,GL,9,12
9D77F7DD-81C4-3165-1130-39E8D87283E0,KI,GL,8,12
53703847-4945-7C47-CBDD-39E8D8C19251,KI,GL,8,11
248825F1-8B20-33E4-7A00-39E8D8E909CC,PG,PG,2,10
1AC28291-1F36-AFF3-53E7-39E8DD0BA98A,FM,H5,8,12
5B1D5ACC-2336-9190-4A2A-39E8DDBEA338,PG,PG,1,9
AC342748-8201-B314-7386-39E8DE01BD7B,FM,PG,1,11
E40B8297-44F0-CA6D-7B1C-39E8DE40DFC4,KI,PG,9,10
D243E2DD-9B55-DB81-EE72-39E8DE44E11C,FM,FM,12,10
7B4676EE-56CC-926E-9FEF-39E8DE46A3C0,FM,SB,11,11
144988A2-16C6-B238-5E9F-39E8DE4C00C3,FM,SB,12,11
F532B90D-15B1-B1C4-4DE5-39E8DE547354,FM,FM,9,9
163E2970-6721-2AF8-1189-39E8DE55999D,FM,PG,10,9
9DA7C57D-AE76-36E4-369E-39E8DE56A5D3,FM,PG,11,11
A9E2AB9A-5E68-F85D-490E-39E8DE589BB6,FM,FM,6,10
3027EA07-F7EA-8601-AFF0-39E8E25094C9,US,FM,9,11
13B1501A-690F-6938-8F45-39E8E6F48F3B,KI,,5,10
77892DFB-EB90-5F62-BEE9-39E8E71EF13A,KI,TK,11,-11
092CA8E3-0613-E0A1-E8EB-39E8E7654F65,KI,TK,8,-11
DBDA1370-A0E3-8845-FC2D-39E8E7887AB9,KI,LN,7,-10
5F6C9C5D-7399-53DA-D28D-39E8E83E2BF0,KI,I4,8,12
4933A3FC-6201-82CB-B28F-39E8F6D33868,US,IW,5,-10
2ECC1D50-D23B-A46E-C4CB-39E8F706A009,KI,H5,8,-11
ECD91B9D-C0EE-FCC8-AB16-39E8F71E5A21,KI,PX,7,12
3E8661AD-1AC7-4BEC-DDA8-39E8F7DA2899,KR,GL,9,12
52D6C0B6-34C6-284A-2D99-39E8FBF1F087,KR,FM,6,11
617E2B5E-C808-4346-AD9D-39E8FCB2D34B,KI,FM,9,11
367109A5-2632-197C-4078-39E8FCD62462,SB,SB,3,11
95E856CA-D4AB-5B62-E127-39E8FCDAB1E5,SB,SB,3,11
4FDF3653-528A-A4EB-52A6-39E8FCF627DE,SB,SB,1,12
7A4D2CD2-1DF2-743C-7B87-39E900C89DAC,KI,I4,8,12
101351B3-46EF-E719-ACCC-39E900E950BB,MH,I4,8,12
75B1C00C-CE6F-8FB0-70E4-39E90116EF8C,PH,H5,8,-11
E1315F85-7590-9FA2-8BFA-39E901193D4D,MH,H5,7,-10
E879EE4A-C20F-01B6-14AC-39E90134221B,PG,GL,8,12
8AA23DFF-350A-3CD4-AB66-39E9013844E2,TV,GL,8,12
DD2BDAC5-666F-2CC1-3C44-39E9013BCDA5,MH,GL,9,12
DD2BDAC5-666F-2CC1-3C44-39E9013BCDA5,MH,MH,9,12
9486B5DA-2A78-1B2A-6D74-39E9013EF506,MH,I4,8,12
DCF4B4D0-DDA3-7215-C2DE-39E901FDA570,KI,H5,7,-11
7674639D-E9F1-C385-EF5B-39E905C304E7,PG,PG,3,10
49A39C77-D67C-450B-3F4D-39E905E44C9F,PG,PG,3,10
51B721B1-9EC3-8096-8DF5-39E90B1CF77F,PG,PG,2,10
409686D5-FDA2-FF64-1458-39E90B3DED93,PG,PG,2,10
6ED2D2DD-6198-0CAE-DBB5-39E90B894E64,PG,PG,2,10
F4376BE2-1C9B-0EB0-79EF-39E90C0D1D90,KR,MH,8,11
CA08F2BD-A299-9831-2D4E-39E91B978B6D,KR,NR,8,11
5AE4B076-6A84-BAE9-BF4A-39E91BB1E9BE,SB,SB,1,11
4C8B6584-694A-3DDF-BB44-39E91BC6EC60,SB,SB,1,11
51DE4811-F2F5-6794-6A2D-39E91BCBAFB4,SB,SB,2,11
D19DC4A0-DF58-FAD2-8560-39E91BCF60E4,SB,SB,3,11
BFD210AF-AD8D-7948-C0A9-39E91BE7E1C0,SB,PG,4,11
84519917-49BC-608C-CA99-39E91FD47350,KR,NR,8,11
C3856E10-33EF-5772-53AE-39E91FFDA0C7,FM,NR,9,12
F3683B55-67FF-6357-4FC4-39E9200D13DC,TV,GL,8,12
2909C1F3-55B9-3200-A2AD-39E92011ECA2,KI,GL,8,12
A8F2862A-4747-A384-F8DD-39E92087579D,JP,I4,8,12
32C9B9F0-BA74-4FA5-7F91-39E920AEE565,KI,GL,7,12
540929DB-9790-F949-9F89-39E920E643A6,CN,GL,8,12
14B2ABD5-0EEF-4C41-8D9F-39E9210AAA46,FM,GL,11,12
9F2D44CF-C384-9FF2-4D19-39E9211BBBA4,KI,GL,8,12
FCA1F2E1-3E52-A023-5ACD-39E921409B27,KI,FM,3,10
FE9417B9-0272-79A5-CD9E-39E921512581,FM,H4,7,12
F47DF9E4-771F-2274-59EF-39E92166AD1D,FM,FM,8,10
FB0776BD-D301-03C3-BB5A-39E921753C1C,FM,FM,12,9
FB0776BD-D301-03C3-BB5A-39E921753C1C,FM,SB,12,9
D22663EA-27CA-A157-C385-39E92179DB02,FM,FM,5,9
0899835B-65E8-E964-40D6-39E9217A4A57,SB,SB,2,11
5A021E80-8E84-B2FC-EF2D-39E924D659C9,FM,,5,11
92862E76-F31C-0918-4E0F-39E924DFF1E5,FM,PG,11,11
31DB9A59-3214-05BF-6FDE-39E924F78FFD,JP,FM,12,9
AB28DE31-4612-D1E2-4CF2-39E924FACC9F,JP,PG,11,9
747A2547-27AF-6D31-EDBF-39E924FF56BB,JP,FM,7,9
ACFBAF8A-782A-5391-D09E-39E92500C0A5,JP,FM,9,9
78EE940F-1DEF-2FF1-7D2C-39E925063A4B,KI,PX,8,12
68D55B09-4C07-5D31-A380-39E92514DB07,KI,GL,9,12
E1AC70DE-2787-6CB0-7795-39E9251C999F,US,PX,1,-11
53623512-358C-78B1-3FF9-39E9258C402E,FM,FM,4,9
B5E1E0DD-42A0-B31E-4F5B-39E92A35C6C0,FM,PX,6,12
A15BDF48-D1F1-1A86-5CA5-39E92A7D9C46,KI,FM,4,11
C281B861-8E7D-97BE-1914-39E92F05F96D,KI,GL,9,12
3CA43B1B-853C-66CB-DFF5-39E92F082C89,FM,MH,1,12
BBDADED3-ED32-9802-721A-39E92F2F96EE,KR,GL,9,11
0535920D-2DFE-D34C-DCEA-39E92F5ACD8C,TW,NR,7,11
0211FF23-C651-EF2A-F204-39E92F958E31,NR,NR,9,11
8E2D5EA7-A19B-7D45-CB9B-39E92FAD7D10,NR,FM,9,12
8E2D5EA7-A19B-7D45-CB9B-39E92FAD7D10,NR,GL,9,12
8E2D5EA7-A19B-7D45-CB9B-39E92FAD7D10,NR,NR,9,12
53959A68-55E0-B19D-1DE1-39E93546D00F,PG,CK,9,-11
D52D18BB-73AD-89FC-8C09-39E93E832BD8,FM,FM,2,11
1BD4F2D3-25A5-764C-C6FE-39E93E9AB1EA,PG,PG,9,11
6324BA53-8530-3238-AA15-39E93E9B776C,LR,FM,9,10
96F4CA1C-D80D-D407-538A-39E93E9C2C56,PG,FM,9,11
96F4CA1C-D80D-D407-538A-39E93E9C2C56,PG,PG,9,11
88D282CF-108E-86C8-41B9-39E93EF26E83,FM,H4,7,12
C2FC4649-5B39-2215-98CF-39E93F087756,TW,GL,8,11
46CC90C8-8C31-CBFB-FD1A-39E93F2057CC,FM,GL,4,12
208343D7-907C-2932-50D3-39E93FA28BFE,KR,GL,8,12
E94061C6-AB53-D7BB-4C6D-39E93FC1E0CF,FM,I4,7,12
C393B7ED-ACF2-C2E2-A656-39E943C6B4D1,PG,PG,1,9
6A13C8F2-39D5-8604-7ED1-39E944B65012,NR,NR,3,12
C65D4EBF-E7DC-9E09-EA5A-39E944B96B0C,NR,NR,3,12
7C040C16-9384-AA71-C011-39E944BB75FC,NR,NR,4,12
E6F4636D-1CFD-5FEA-63FA-39E944BD6352,NR,NR,4,12
669AAF79-47E3-4170-5A6E-39E944BF853F,NR,NR,4,12
D3CF4AFC-1C11-F5FC-7F5D-39E944C15D6D,NR,,3,12
55D6193D-6AA2-9405-858D-39E944C52971,NR,,3,12
CA96904B-47B5-7C4A-5E0A-39E94522C0DB,NR,NR,3,12
406A45C4-34EA-E807-9B49-39E945245E67,TW,NR,3,11
17280EA4-7940-0F77-D8D1-39E94525EFBF,NR,GL,2,12
1EAFC85C-9A1D-ED1E-FFDE-39E945274CD1,NR,NR,3,12
DEDF2ACE-2053-2F89-4B8F-39E94528A153,NR,NR,4,12
DC158A6C-EC75-472E-4621-39E9452A3583,NR,PG,2,10
EADC2A21-FC12-924F-8CF2-39E9452B9DEB,NR,NR,3,11
BF428AD1-C9AA-B922-9ED9-39E9452D6A4A,NR,NR,4,11
B5F0C51D-1A7E-23E3-03ED-39E948A3B3D4,NR,GL,7,12
E031B41B-B209-94F6-46E5-39E948B638EE,NR,NR,5,12
DCE4E89C-4011-65A6-4BEA-39E949378284,NR,PX,7,12
C589E13C-3CE6-1583-F0DA-39E9494AD89F,TW,FM,5,11
F3537D42-9A27-1078-AA7E-39E9495FE57A,KR,GL,8,11
C26047D5-D015-0921-5CD9-39E949633FB1,TW,PX,7,12
B801F79F-8CBC-C57A-0DBF-39E94981DD7F,NR,PX,7,12
1F2C3D0D-5746-2ED8-561D-39E94A5E796A,NR,GL,8,11
1F2C3D0D-5746-2ED8-561D-39E94A5E796A,NR,MH,8,11
1F2C3D0D-5746-2ED8-561D-39E94A5E796A,NR,NR,8,11
CA7CE789-AC4A-35A0-81F5-39E94DE93E5B,NR,FM,5,11
1A8B1476-2AF5-94BD-2BC4-39E94E0308E1,US,HB,9,-11
5A43E2D3-DF5B-3356-7FC1-39E94E125795,TV,PX,7,-11
9EBB4B2B-A096-DBB5-939D-39E94E1E8422,TW,GL,8,12
45ED394B-8FB0-A01B-5A3A-39E94E562777,TW,GL,7,12
DE0D1D73-72F4-8794-EFA4-39E94E6AF683,TV,LN,9,-10
CF909C77-C23E-9FC4-9932-39E94E951B57,SB,SB,3,11
CC13D1B9-6566-F5FF-C924-39E94E9BFEE1,SB,SB,2,12
B4195854-206B-EAA2-C78C-39E94F5EF319,US,TK,10,-11
EE39CD62-8384-FC41-32F9-39E953D9F185,LR,GL,8,12
9F039159-E886-8E1B-8AF8-39E958F492F7,TW,NR,6,11
9F039159-E886-8E1B-8AF8-39E958F492F7,TW,NR,6,12
03D56DD7-5FD9-CC0D-B047-39E95913DA8A,TW,PG,1,10
EBF649B9-0617-CE18-6616-39E95957C927,PG,FM,1,10
799AF2C1-A7DF-870E-B059-39E959A1D72C,PG,FM,5,11
D5A46066-A3A4-4FE9-7624-39E95E509D38,KR,GL,8,12
D8BC95FD-D612-F279-4403-39E95E63AA88,KR,TV,1,12
86F2FDD6-D072-F7A2-5821-39E95E6D8B5C,KR,GL,4,12
907B4A05-513E-3D9A-F02F-39E95E7B7CB1,KR,GL,3,12
6EE973ED-5D32-5F4E-AE91-39E9624FD960,KI,TV,4,12
0A7C34F2-2583-C319-5D44-39E9627AE41A,KI,GL,8,12
3EB20CE0-B2CB-588A-C433-39E9631DBDF8,TW,PX,7,12
AC157A8D-BB3B-C7D3-97DA-39E96355BE98,US,TK,10,-11
45FE42E0-4052-6DA1-9C02-39E96358132C,LR,PX,9,-11
A050BEF2-1720-680C-41ED-39E963F58531,KI,GL,9,12
3E71579A-6D8B-DC87-A4F4-39E96405B960,KI,PG,10,10
1428F66E-52FF-CB50-393B-39E967A8914D,JP,FM,5,9
B2105DDE-C149-FE23-5D14-39E967B558F0,KI,H4,10,12
0F1A7238-F259-A706-B9A1-39E967E22E5D,JP,FM,2,9
15397D19-E974-57D7-8E77-39E9681FEBA0,KI,GL,9,12
FC2DE5FB-1618-4D03-910E-39E968320D48,KI,H4,9,12
2FA67CF4-FA21-1D18-73D9-39E9684E57E5,SB,H4,7,12
DAE1EE65-9FD6-220A-FF29-39E968690FCD,SB,GL,4,11
DAE1EE65-9FD6-220A-FF29-39E968690FCD,SB,GL,4,12
595ABB9F-1828-BE74-2BD8-39E968D4094B,SB,GL,1,12
2CC2FCF6-64F5-D3A4-F98A-39E969020CF3,JP,FM,6,9
D3CAA2CC-19B3-99B9-F18D-39E969044084,JP,FM,7,9
AE1DA375-6220-99A9-2AED-39E969056CF8,JP,FM,3,9
73222CD8-30B1-231F-77EC-39E96907386B,JP,FM,2,9
7776A67F-962D-2780-E2A2-39E96910E801,JP,FM,7,9
849FF99E-0B40-DD4C-7D28-39E9691D072F,JP,FM,3,9
72A6452C-52BB-7502-6BC0-39E96CA52A13,KI,GL,7,12
BEB4DF26-4A55-9169-C242-39E96CB6B3F0,SB,FM,9,11
FC7926E1-4AC3-D014-8D9E-39E96CD0EB6D,FM,GL,8,12
C59FCE24-BEDF-0CB7-FBEE-39E96CE2FA28,JP,FM,4,9
65DC7BF7-9641-07CB-4EFE-39E96CE55BBB,FM,GL,8,12
27A74601-3125-5C92-6627-39E96D136C56,JP,FM,3,9
E2FF0F78-21F9-CBD7-A63E-39E96D177348,US,TK,10,-11
62BC85CD-181A-28EC-83B8-39E96D188B55,NR,PG,10,10
33A645CE-B3A0-4F2A-FDD3-39E96D9BDED5,JP,FM,6,9
2782471F-46E2-C2C8-04B4-39E96DD4F1BE,JP,FM,4,9
4D9D4A88-2082-F562-4B90-39E96DE426DF,PG,FM,4,9
297D5A14-E42E-D959-1517-39E96DF3A44D,PG,FM,1,9
B7C702C6-B8A5-159C-6910-39E96E0D1232,PG,FM,5,9
59F1E7B7-8009-1A2E-25FA-39E96E2BD655,PG,FM,6,9
B440D1F9-78EC-51A1-7530-39E96E623496,PG,FM,4,9
02728FE1-86AE-0F94-E3D4-39E971E904D1,EC,LN,10,-9
AA83CCBF-46C7-05D3-2FC6-39E971FC22AC,PG,FM,7,9
2353400C-0BFD-297A-1576-39E972350A89,JP,FM,12,9
0F70725D-6BA9-3DDB-0D05-39E972365A57,JP,FM,7,9
0909662C-78EE-DD31-3D7D-39E97237C7DB,JP,FM,4,9
85362011-726E-6CA6-0DF7-39E9723A112F,JP,FM,7,9
0AF8D45E-90FF-DD50-0340-39E9723B96AA,JP,FM,4,9
B0AD9DEA-B0B6-A1A8-C1F4-39E972512606,JP,FM,1,9
9AE1E714-04F0-984C-B187-39E97271BC9A,FM,TV,12,12
B4096FDA-CC8E-1D97-68B8-39E972A5EC60,KR,GL,4,12
033D5D5B-1BB6-B3D3-C583-39E972C8463B,JP,PG,2,9
494C381D-FAD6-C076-DD42-39E972CA3BC9,KR,PG,1,10
8F2244EB-96A8-DD0C-6591-39E9733514F0,TV,TK,9,12
4B9B0F34-C219-7BC4-2E2E-39E973F3DE2D,PH,I1,10,9
7F29072B-C67C-BB5A-14B7-39E973F3DF9A,PH,I1,9,9
59A3686B-59B3-489F-B892-39E973F3E4E4,PH,I1,6,9
1C216C18-0C96-C5B3-469B-39E973F3E58F,PH,I1,4,9
571E6496-A010-A828-8FB9-39E973F3ECDF,PG,PG,11,10
625BB879-B582-1824-06AC-39E973F3EE9B,PG,PG,3,10
D67B439B-7609-09D2-12E9-39E973F3F601,PH,I1,2,9
080F50AF-4F1E-1ECC-EA79-39E973F3F644,PH,I1,1,9
15F13DBE-7840-A53F-36C7-39E973F3F9AF,PH,I1,1,9
73B6241F-3AD2-C6B3-13D7-39E973F3FBE8,PH,I1,1,9
77222EDD-2916-9990-33F8-39E973F3FCCA,PG,PG,1,10
DC210DB7-CD7D-D230-8106-39E973F3FD1D,PH,I1,1,9
EC371A90-ECED-C73B-889E-39E973F3FD35,PH,I1,1,9
F55AC250-919A-4182-EFC1-39E973F3FD7B,PH,I1,1,9
A224A55B-1BA7-979A-FCF5-39E973F3FD93,PH,I1,1,9
2A5069DB-BBDB-AE95-F11A-39E973F3FE4C,PH,I1,1,9
A5CBEBF1-988C-7D92-608E-39E973F3FE6C,PH,I1,1,9
687E5D7A-EDA9-885E-4CC9-39E973F4003D,PH,I1,1,9
3AF8AE3F-6D69-C5B2-FF19-39E973F401B6,PH,I1,12,9
5611F3DE-17DF-67C6-30BB-39E973F4042F,PH,I1,12,9
F8C1BF78-E370-7662-647D-39E973F404B0,PH,,12,9
3BFE79D3-408F-A9E2-5093-39E973F404EA,PH,,12,9
E494A626-FC00-5878-2207-39E973F4064D,PH,I1,12,9
A13ADF24-3FC5-43B6-06FB-39E973F40725,PH,,12,9
E3E75C16-C4E7-85E8-9B69-39E973F4074E,PH,,12,9
A20BC93D-E40B-3AFD-A529-39E973F40890,PH,,12,9
2AC35C9C-D839-A9BF-49BF-39E973F4093F,PH,,12,9
9F7C1321-E0C0-35A2-43E7-39E973F40B3C,PH,,12,9
1593259B-8C15-8C5B-A276-39E973F40C9A,PH,,11,9
09627C0C-5DF9-A01B-61A3-39E973F40CB8,PH,,11,9
EF42C457-C63D-318A-AC4D-39E973F40DAE,PH,,11,9
733D8DDA-B77D-19C5-5F3D-39E973F40FC6,PH,,11,9
3D4E8615-1ED6-D658-F007-39E973F41018,PH,,11,9
25244CEA-BFD4-28C8-D495-39E973F4112E,PH,,11,9
802D4DAD-41B6-39E3-4DB6-39E973F4117E,PH,,11,9
6216400D-1C4F-A9B7-CF83-39E973F411D3,PH,,11,9
92E6D10C-67B5-79EB-B174-39E973F41233,PH,,11,9
60553354-CD9C-5935-8BA3-39E973F41283,PH,,11,9
D188BC0F-A29E-27DE-8727-39E973F4140E,PH,,10,9
1292365E-0735-5CC4-74F6-39E973F4144B,PH,,10,9
7D76B489-2B04-18DA-7B8A-39E973F414FD,PH,,10,9
2BCB03C4-33DE-A9FE-743B-39E973F41522,PH,,10,9
86617DA8-6932-67C1-B34D-39E973F41584,PH,,10,9
FFF78624-4508-AB13-2514-39E973F41688,PH,,10,9
343C3FCB-DFC1-DF01-87FA-39E973F41737,PH,,10,9
7554E0D5-20FC-1B8D-2F39-39E973F41780,PH,,9,9
D28AF3FE-6B6F-5ACE-C414-39E973F417DB,PH,,9,9
877000E3-E76C-DA06-3540-39E973F50F24,PG,PG,6,10
452661C3-0FF8-9AEF-D726-39E973F53D87,PG,FM,6,10
1D608A9C-6BB0-0B2F-24FD-39E973F5686C,KR,GL,7,11
1D608A9C-6BB0-0B2F-24FD-39E973F5686C,KR,NR,7,11
C88E3652-5341-D80C-0ED7-39E973F58886,TV,PG,6,10
1FDC6CFC-7735-0EDB-9C8A-39E973F5CA08,PG,PG,6,10
EC86C467-48CC-BD6D-7BBD-39E973F60159,PG,PG,1,10
B8DD70D3-D655-83C1-CD9D-39E973F60633,PH,PG,3,10
FD3950C8-D66A-56FE-6357-39E973F60C62,PG,PG,4,10
3189D1D5-E89F-95E2-A40A-39E973F62BA3,PG,PG,4,10
3A29D8B0-030F-B317-9DEE-39E973F648EF,PG,PG,4,10
EAAE1A97-9A69-5330-2104-39E973F64AE0,PG,PG,4,10
EE91A6FB-6B06-2FAA-B6F8-39E973F6B751,MH,NR,4,12
DD81A06B-7E56-7CE5-6F4B-39E973F6D68D,PG,PG,6,10
1A25A968-06D1-99EB-9E37-39E97765D91A,JP,FM,11,9
1A7AF8A1-4D8D-7A47-B49B-39E9776EB678,PG,FM,3,9
8381ECD9-507B-C647-2B40-39E986AA3949,TV,GL,8,12
E931B314-9F0F-2326-BE0D-39E986B9C326,PG,I5,8,-11
4EA0AAD6-E31C-1474-F68D-39E986BC5123,US,IW,10,-9
C553575C-BDBF-B314-CA35-39E986D97347,KI,GL,9,12
1DA65066-84B1-19D8-EAB0-39E986FA6876,FM,PG,9,9
DFE6AA4E-3442-17EE-04C6-39E986FD3573,JP,FM,4,9
C16F859D-E45E-FF5E-1B07-39E98704C2D2,PG,,2,9
BA68F67E-1D00-61C4-B31F-39E98705FC00,JP,FM,4,9
8338D9F4-E2A1-CB94-B487-39E9870BC633,JP,FM,3,9
491F592F-36D0-E214-DEA9-39E9870F777E,JP,FM,3,9
F8AE2F40-5E50-4760-C8C2-39E987142FA7,JP,FM,4,11
B5C5DD48-C16E-00E1-942B-39E987151243,JP,FM,1,9
44634B8F-E3EB-1494-310C-39E987160568,PG,FM,4,9
46EA9E5C-9D8B-1972-4C67-39E9871712F8,PG,FM,1,9
74E777CB-9EAC-22B5-C926-39E9871827C5,JP,FM,12,9
5DC93740-938E-11F2-BDB6-39E98718F0FC,KR,FM,3,9
2F57BE87-A259-EF45-2BF1-39E9871EDAEC,JP,FM,4,9
CE6CF0A2-5E95-A45B-13DE-39E987200CBC,JP,FM,3,9
B87E193E-F9A8-ED9C-48B3-39E987210359,JP,FM,1,9
B1C4F489-9E38-071C-1E03-39E987223B24,JP,FM,6,9
E379B9FC-B4EE-8A15-A43C-39E9872360FF,JP,FM,1,10
AD835DF7-A3FB-26D9-D89D-39E987256A63,JP,FM,4,9
9903DCBA-19BA-5C9A-1DD2-39E9872662E9,JP,FM,5,9
D1E4891C-CF53-E9A1-3646-39E9872766D8,JP,FM,6,10
E7704211-7048-5CE0-8E3B-39E987286E38,JP,,2,9
FFE629DD-8CE2-0E5D-85E5-39E987298BFD,JP,FM,6,11
22305E4B-378D-9209-8048-39E9872EEACB,KR,FM,6,9
7FC97FC5-9F77-4D1B-54D9-39E98730A241,KR,FM,1,9
E94CA6EC-02E5-7054-41AD-39E98731CBE7,JP,FM,7,11
D694DDAA-6888-7D11-25D3-39E987334196,JP,FM,2,8
DE73D52F-A919-DA68-9A87-39E987346B8F,PG,FM,4,9
9D51C6A5-9F11-6C58-C00E-39E98741AAC4,JP,FM,1,9
92F4993F-9FA6-FE53-E5E6-39E98742A5E1,JP,FM,1,9
C3E639D3-675A-F10D-FA55-39E98743CC2C,JP,FM,6,9
66E3D9DF-2373-E6B3-A0BA-39E9874D07C0,PG,FM,7,9
1F93817F-D0D5-0FF7-BC84-39E9874F29F9,PG,FM,6,9
ECD02DE2-7819-C7F7-E531-39E98751FF9E,JP,FM,4,9
97B068E0-FE0C-3582-DE2F-39E9879A8456,KR,GL,8,12
AE47867F-43E6-0EDD-6E39-39E987F1CC73,PG,GL,8,11
95DF782C-FF8C-B78C-5562-39E98C246114,TW,GL,8,11
D16B9086-570F-A08D-A1CF-39E98C263B70,TW,GL,8,12
921C3C1F-AF59-3819-A584-39E98C26530D,TV,NR,9,11
773B0DA9-772D-40C3-E19C-39E98C371DC0,TW,GL,9,12
6B8DF65B-F154-FDA0-C012-39E98C3F86FD,PG,PG,8,11
031859FC-E2CB-26FB-862B-39E98C4AB7EF,PG,GL,8,11
21BF7E77-39EE-EDAA-BB08-39E98C6ECA15,KI,GL,9,12
28E3854A-BF82-C2BD-0923-39E98D52E10C,MH,MH,9,12
3EA16F87-4A26-C640-7773-39E98D9B6A2A,PH,I1,6,9
EFEBF94A-6D0F-495B-8D45-39E98DA3171E,PH,I1,6,9
52A235AD-27BB-9A05-2E5F-39E98E0A91C5,PH,I1,6,9
136CEA59-EEFF-5102-683D-39E991000F92,FM,FM,8,9
C9B59AA9-873A-8109-6FD4-39E991002023,JP,FM,1,9
BF79FAA3-0EFA-CE05-5951-39E99143C37C,KI,H5,8,12
83F69224-2774-A73E-1896-39E991743E43,US,TK,10,-11
D02AC4AA-C1A6-372C-02B7-39E99174CFA5,PG,FM,3,9
1D890C64-934B-267A-A299-39E9918CC818,PG,FM,6,9
441035EE-802F-ACF7-153F-39E991B4E041,PH,I1,6,9
F4A00479-7913-F311-FE66-39E991FA79E3,PG,FM,12,9
F0F1B357-12BC-BFB1-8149-39E992094A16,PG,FM,12,11
291F3648-60A0-4E07-93FC-39E9924C1CF2,PH,I1,6,9
F8A57F72-0C92-8F61-CBE6-39E9925A4130,JP,FM,6,9
3EFD1CB8-0B7F-D5B5-8FF3-39E992F0C957,PH,I1,5,9
E092C519-8EA1-0B54-423B-39E9933F9E78,PH,I1,10,9
3803DD4C-7AE1-5E78-A1CC-39E9934BDF62,PH,I1,6,9
9FF31877-E075-590F-2F49-39E99361367E,PH,I1,6,9
49EC0C5A-0F74-17D1-CF44-39E99371F912,PH,I1,4,9
992A948A-1380-76FE-DECB-39E995EBBB2E,PG,FM,6,10
0F450571-3917-59A5-30F8-39E9960A70FC,JP,FM,3,9
CC855A64-EFE1-1569-E9F4-39E9962FB860,PG,PG,1,10
0019212D-B9B0-7C93-846E-39E9966AE92D,JP,FM,4,9
8064FBA3-E134-1F0C-C7F0-39E996906625,KR,GL,9,12
E171B5A3-6E53-499B-E5E0-39E996A425CB,JP,FM,7,9
4E732E92-9309-FB86-F1A7-39E996B27BDA,JP,FM,4,8
6E21F780-1DBC-552C-65C6-39E996C0BF0D,JP,FM,4,9
83E00D92-F223-C50F-ED99-39E996F26880,PH,I1,5,9
A9ACC9DE-DA5F-A021-ED40-39E9970FE524,PH,I1,4,9
0C709F82-8C40-A1E8-CC75-39E997238AD5,PH,I1,5,9
8DD56978-0880-CAA7-C315-39E99742AFCB,KR,TK,10,12
ABF424EE-BB37-825F-85C2-39E9976929EF,MH,H5,9,12
6919B067-BFAB-E8C7-D79D-39E99793B735,MH,H5,9,-11
6919B067-BFAB-E8C7-D79D-39E99793B735,MH,H5,9,12
B78A2C44-D100-E218-8E9D-39E99B15BD60,FM,GL,1,12
4E65D14F-B006-F1F6-16CA-39E99B39FDC9,FM,FM,6,11
3DDDAB5A-877C-C106-CB0D-39E99B7BCFE9,JP,,2,9
6F622E27-E81D-3F5A-B21A-39E99B7F61FD,JP,FM,6,9
3D1470C1-DB15-909A-9C8C-39E99BC4CE94,KI,SB,10,11
E38697B2-6526-0B0F-A6FF-39E9AA8400BF,KR,GL,9,12
D3E66B01-B660-1BA9-A7F7-39E9B5495532,TV,GL,9,-12
518D8424-6047-ADE7-28EF-39E9B54C2491,TW,GL,9,12
31A28052-14D6-CEE6-B265-39E9B55149E9,KI,GL,9,12
0D22EE29-068B-AD14-FFA3-39E9B554E8EA,MH,GL,9,12
FCCC95D3-FC5F-1867-45D0-39E9B572F6A9,FM,GL,9,12
80D7F99E-7562-2B15-F2CC-39E9B57535E6,KI,GL,10,12
DF787043-1B30-708C-C3E8-39E9B5782670,CN,GL,9,12
227E734C-52F8-25A0-53DC-39E9BA1D8C09,TW,GL,8,12
81B4E442-224E-363E-25DF-39E9BF75A691,JP,FM,7,9
E443DCB7-7C42-CEC7-62A6-39E9BF7C6D0F,JP,FM,4,9
C83B1188-1C39-F3A5-705D-39E9BF978A24,KR,FM,7,9
7F045254-52B3-0183-5A74-39E9BFCC8C68,JP,FM,11,9
38D99D13-A24D-855E-4EAB-39E9BFEBD26A,JP,FM,4,10
DEC2E0FC-906A-9C25-F967-39E9CF1DFCA4,JP,FM,1,9
17196BA1-D471-DFD7-A228-39E9CF2FEAF4,PG,GL,8,11
9BD8EF22-DC6C-A874-5599-39E9CF3E4387,KR,NR,9,12
9BD8EF22-DC6C-A874-5599-39E9CF3E4387,KR,TK,9,12
FF16038D-E1FC-C1FC-CD4E-39E9CF4A37A6,CN,GL,6,12
265A7961-6621-013A-3031-39E9CFD46968,PG,FM,11,9
BB99999F-B805-353F-D866-39E9CFD9361F,PG,PG,6,10
2BC4B440-8269-AFC7-9A11-39E9D000ECFF,JP,FM,1,9
1F1A23BF-6CA7-4A61-B381-39E9D031EA19,JP,,2,9
954EB5DA-5F11-C234-9398-39E9D03416D9,JP,FM,6,9
3B2B2D59-ABAB-FEA2-A7FE-39E9D044B920,JP,FM,3,9
C75BDD6F-29AC-3E2F-736F-39E9D47BAE7A,JP,FM,4,9
DCFE200C-B50D-E0C2-97D7-39E9D4817677,FM,FM,5,11
161AEB9C-F92B-D635-7B91-39E9D50CB0EA,TV,NR,9,11
BF184A21-0F31-5012-C64F-39E9D5466274,JP,,2,10
BFFBABBC-20CF-EABE-0360-39E9D8F69EA9,JP,FM,6,9
0833212F-A2D8-0734-9ED6-39E9D9047E1D,KI,PX,10,12
01D9DF2F-44D8-7229-C80D-39E9D90F9A81,MH,GL,9,12
01D9DF2F-44D8-7229-C80D-39E9D90F9A81,MH,I4,9,12
1F9E4B5F-60C8-11DC-082A-39E9D92930DE,MX,H5,8,-11
0AEB5B38-B3D9-743A-ED9E-39E9D929F937,NR,GL,9,12
2E275A5A-114B-EF0D-FCCE-39E9D93F5920,KI,GL,9,12
F1649DCB-5B4B-3E86-69B6-39E9D942AFF6,TW,GL,9,12
A750B82C-BAB9-020E-95FA-39E9D94414E3,PH,MH,9,12
1F611308-B5FD-4B39-CC89-39E9D945B71D,TW,GL,9,12
C47982BB-C7CE-6CC7-3230-39E9D95741AC,KI,GL,10,12
9D39EB99-8C30-111F-8C90-39E9D9593254,PG,NR,10,12
C7D4CFFE-E40A-28B5-EC1F-39E9D959F4BF,PG,PG,9,11
8708C419-0332-C636-6DD3-39E9D95AD403,TW,GL,9,12
DC3C5DBE-7091-1D13-24F6-39E9D95D6409,TW,GL,9,12
256169FA-45FA-16AD-6B20-39E9D96AD667,PG,GL,5,12
7F902610-A430-DC1B-012B-39E9DE13B607,KR,H5,9,-11
DD017965-C95B-F50F-2C75-39E9DE40BA24,KI,GL,9,12
E029CFA7-AB0C-1A30-4BD0-39E9DE686829,JP,PG,10,9
43E78C55-716A-8150-E6E3-39E9E35D4C93,JP,FM,6,9
78BA977E-A216-4B0D-BCE7-39E9E36DE2FE,JP,FM,12,9
E9EBE536-DE47-F6B8-81A9-39E9F2DDB3EC,MH,I4,9,12
19407F3E-087E-932D-C35F-39E9F2EACA06,KR,TV,9,12
36BBF74C-7DB4-80A5-A3A9-39E9F2F6EFDD,KI,FM,10,11
9C0B14D7-C5D8-D296-15F1-39E9F2FB98C3,US,CK,11,-11
471414BB-15CB-5185-8187-39E9F2FD1B22,US,CK,11,-10
4B39E077-C621-7808-8FFD-39E9F2FE05A0,PG,PG,11,11
63F8A214-C413-3F57-8349-39E9F3DC1FF2,KR,GL,8,11
63F8A214-C413-3F57-8349-39E9F3DC1FF2,KR,GL,8,12
536E3E72-AFC2-F74E-0D33-39E9F7BA8755,FM,NR,9,11
0C9BA2AF-13C1-9258-4693-39E9F7D07C0E,KI,GL,9,12
B06FF2EF-84E7-F7B4-CBD2-39E9F7F050F0,NR,GL,9,12
92AAA3F3-E613-C13F-8457-39E9F81AC045,NR,PG,9,10
E21FBF3D-366C-C029-D694-39E9F82DFB88,KI,I4,10,12
E21FBF3D-366C-C029-D694-39E9F82DFB88,KI,PX,10,12
7D18389A-667A-3D18-946F-39E9F8441CAA,US,CK,11,-11
68E0AAF1-26AD-FABE-9D21-39E9FCFC637D,KR,TV,9,12
F3D4DA20-02D3-D4BF-8E2D-39E9FD84AAD7,TV,H5,10,-11
F3D4DA20-02D3-D4BF-8E2D-39E9FD84AAD7,TV,H5,10,-10
3A7988A9-A268-CB20-E016-39E9FD9D33EE,TV,PX,9,-11
534BA73A-87CF-A6A4-0E63-39E9FE3691A0,KR,TV,9,12
B8F4062A-977F-D71F-99EB-39E9FE745AAF,US,CK,10,-11
37077AF7-6858-E460-DBF6-39EA0210AE72,FM,I4,8,-11
9A5D472D-86B7-36E6-5AD6-39EA0280EBDB,KR,GL,10,12
2A1E506F-1395-E765-8E00-39EA02EB381A,LR,FM,11,11
EA395790-9F2F-57B1-728E-39EA0382A650,JP,FM,3,9
93722175-EEAF-315F-2C7B-39EA03A1ECEC,KR,FM,4,9
E40F44CB-2CC3-423B-7F00-39EA16D1780D,TV,TK,10,-11
44B2CE6A-1FBA-8A7C-5AF8-39EA171438F8,PG,PG,11,11
AB152191-2DF6-C172-1173-39EA1715810E,NR,PG,11,11
E5B763D5-EF89-4F3B-597B-39EA171652F2,NR,GL,11,11
5F11F94A-1D65-1919-A37A-39EA17175A9E,KI,PG,11,11
07514921-9CC0-E07F-62C9-39EA17348C50,PG,H5,10,-11
53D69D7E-C060-1BFD-5D82-39EA176A27AE,NR,PX,11,-11
38ABDB22-0C04-0703-D03F-39EA17D70774,SB,PG,9,10
B130917E-38F7-B89B-563B-39EA17D9BE87,TW,GL,9,12
056A3E0C-C52F-AD0A-7B7E-39EA17DBFC93,PG,GL,9,12
C9ECDB49-B9F2-B813-0013-39EA180537BD,KR,CK,10,-11
69BE9255-B7D4-ED79-92FE-39EA1812F146,PG,H5,10,-11
62E37961-40CD-F47F-5425-39EA18798CC7,US,FM,11,11
BB2D6F06-2414-1A38-F448-39EA1BE5A76D,US,H5,7,11
A345247C-4E32-375D-8E2C-39EA1BF67116,TW,GL,10,12
C5F2A261-21C5-8136-1E28-39EA1BFB4490,TW,GL,10,12
51E1C380-6428-529A-D991-39EA1C047591,TW,GL,9,12
F6255E84-65F9-0142-992E-39EA1C0BBC5E,MH,GL,10,12
F6255E84-65F9-0142-992E-39EA1C0BBC5E,MH,I4,10,12
00CE9ABA-AF53-30C4-6D3F-39EA1C10E15B,PG,NR,10,11
87A59DD6-FB8B-EC11-B19E-39EA1C186682,MH,I4,10,12
2735C1D9-D0BF-CAB4-E767-39EA1C3A48B6,NR,GL,11,12
F1E37DE4-5071-5894-DA1C-39EA1C6C0307,PG,TK,10,-11
F1E37DE4-5071-5894-DA1C-39EA1C6C0307,PG,TK,10,12
A44D6D58-C99C-E551-7F83-39EA1D1A4482,KR,TV,10,12
C0609396-24E5-5A19-6DD5-39EA1D3F407F,KR,GL,10,12
9077AE3C-708D-BFCE-91B2-39EA2109F701,TV,CK,10,-11
8B5A631C-3E12-DC7D-C2B6-39EA2167FAEA,PG,PG,9,10
B6A1C38C-B2D9-F1AA-25CD-39EA217E615E,KI,GL,10,12
CC525377-C61A-FF36-4404-39EA21E9C996,KI,H5,9,-11
FA995B78-016A-43C3-F0BB-39EA26C32EDE,NR,FM,5,11
805ED3DC-832A-16D9-0C16-39EA26C78A1A,NR,FM,6,11
936D4AE7-6495-85C7-60A5-39EA26CA0DF0,NR,PG,1,11
DCBA48FC-5ECF-8973-ABCD-39EA26D25DCE,NR,FM,6,11
7FD0FFBB-3C33-880B-D681-39EA26D499EC,NR,NR,6,11
7397F593-B7EB-B703-2069-39EA26D6C9AD,NR,GL,8,12
6B0C1122-7F77-6702-B49B-39EA26DCFAF3,TW,FM,1,10
6050F626-0288-1F5E-6A1C-39EA26E010A0,TW,NR,4,11
E526BC16-463E-40A7-7DB5-39EA26E2EE39,TW,FM,6,10
ECD24636-1633-5750-E479-39EA26E64DCC,TW,GL,8,12
7407D062-D945-97C6-4B9B-39EA26EC354A,NR,FM,12,10
614FE757-9A9D-A49A-1A3C-39EA270176BB,NR,FM,5,11
8E6BCF81-E0FF-B68C-F338-39EA2702EC9E,NR,FM,6,11
7B65EEBE-B94B-4A25-3986-39EA2704BC20,NR,GL,8,12
D978BBE5-7463-92BD-31B6-39EA27074706,NR,PG,1,10
6A6971D2-DCE9-51A7-B659-39EA270998A3,NR,PG,4,10
BC39CCDB-0B54-7F2C-8B94-39EA270BC53B,NR,FM,4,10
9C92B9C9-B8FE-00C2-0266-39EA270DC6EC,NR,FM,6,10
D75238AD-C21C-4046-9FBB-39EA270FA8FF,NR,PG,6,10
58EA626A-551F-E427-97DB-39EA27123AB2,NR,NR,8,11
33FB4681-A80B-75A8-1D2C-39EA27180C61,NR,PG,1,10
CC836843-3470-3C47-225D-39EA271A11C5,NR,NR,6,11
F6DF5FF2-8BE7-1088-E053-39EA2723C9F7,NR,PG,9,10
8C35B98C-9FD5-3785-067E-39EA2726622D,KI,FM,1,11
3CE50794-6419-B4EB-4588-39EA272C5218,KI,NR,9,11
AC110A32-A70B-A868-A1CC-39EA272F7454,KI,FM,1,11
F45FF85A-AE13-AC80-1DB2-39EA27324844,KI,NR,6,11
418AE715-1E1F-D5B5-FE5F-39EA273655BE,KI,NR,7,11
DFD729D4-6663-97D1-B121-39EA2774B337,VU,CK,11,-11
DFD729D4-6663-97D1-B121-39EA2774B337,VU,PX,11,-11
7EFA4EB1-BD91-ADCC-08E7-39EA277FDCDF,FM,GL,10,12
74537936-644C-DFEC-5592-39EA27871A6B,KI,GL,10,12
D16CA742-2528-18EB-6907-39EA27B1EB11,PG,GL,10,12
BFFC7023-84ED-DCF7-D03B-39EA27B36DEF,MH,GL,10,12
83E6FB5B-4F3F-DB5E-56DA-39EA2CECD0FA,NR,TV,11,12
AFFC1063-A2F7-B13F-1897-39EA3B027FC9,NR,GL,11,12
DC07741F-67F9-9A36-E195-39EA3B448A45,KR,TK,10,-11
4BF16712-5F9A-5B46-00B1-39EA3C5C6A4E,US,CK,11,-11
42704542-A085-0656-4CD1-39EA45A4E205,KR,GL,10,12
B94C5B15-5F32-8A49-62F7-39EA45C74E22,TW,PG,9,10
A8143A2E-9968-80E7-C515-39EA45E55CA2,NR,FM,6,11
B4190FDB-1154-3FDC-6BC0-39EA45F74874,NR,NR,7,12
2A4E616D-BB21-5332-EF59-39EA4A45C047,NR,GL,8,12
20D301D6-CADC-C26C-A9DD-39EA4A80FC13,NR,GL,8,12
30A738F7-A647-B13B-A064-39EA4A886763,PG,CK,11,-11
18917C24-207C-39CC-E229-39EA4AD9D344,TW,GL,10,12
5DB8DFB4-C4E0-FB40-9D72-39EA4B69C3A9,TV,TK,1,-11
B6B4B72D-7074-5269-0B3C-39EA4F4A600C,JP,FM,8,9
9C9B6EEB-CBD2-54E9-60C6-39EA4F5BDFDA,JP,FM,8,9
C9E86333-528B-2EE3-06DD-39EA4F7F4D6C,JP,FM,8,9
CF243B73-B94A-993B-E473-39EA5017AA98,TV,LN,5,-11
C1F397D5-2C3D-EAC2-1FC8-39EA5EDABE05,SV,I5,10,-9
59F6DB6E-A8E5-3596-DC08-39EA5EE8C0C0,US,LN,11,-11
275D4062-E2A5-AED6-D79D-39EA5EE9C589,US,TK,11,-11
9F690238-C2EC-1764-FF3C-39EA5F45F133,FM,GL,10,11
84C25836-55C0-7482-6180-39EA5F496573,TW,GL,10,12
7A5C6700-B215-6EC3-B389-39EA6470C2D4,TV,FM,6,11
6DC05D5A-8E40-319E-C08B-39EA693242F5,TV,H5,8,-11
CA7503DD-F8F4-C3C4-AC98-39EA6980F210,KR,H5,11,-11
CA7503DD-F8F4-C3C4-AC98-39EA6980F210,KR,H5,11,12
68714315-E205-DDEB-4159-39EA6DC50F6B,ES,I5,8,-9
3739B0AE-7450-469D-8CCB-39EA6E635AB8,TW,GL,11,12
2B1E37D9-D4B2-3A7B-A430-39EA6E7A4215,TV,SB,10,12
85266EF3-4F71-9DE4-BF0B-39EA6EA79E01,FM,FM,11,11
A3B1AAB7-714F-F02F-3B96-39EA6ED058C2,FM,FM,7,9
2FF8190A-FD42-118E-7C84-39EA6EE9E91D,FM,FM,5,9
0A706B07-39E5-9DAE-17BE-39EA6F79E21E,KR,GL,10,12
75F49F61-CCF9-D150-D91E-39EA6F88AC14,CN,TV,10,12
BE5DB846-6E9A-5338-F589-39EA7383F0F0,KI,H4,11,-11
41B559B9-477F-24E0-0FFC-39EA73A2F04E,KR,GL,5,11
097CA0D0-6CC7-DA98-A397-39EA73E7FD25,MH,PG,1,11
FA12C053-56A5-F667-39D0-39EA73ECB3B9,TW,GL,11,12
FF6C9AD1-B43A-3A39-D10B-39EA73EE33A8,PG,GL,11,12
5F305611-9CEF-0A6A-1903-39EA73F49BD9,TV,SB,10,11
FFDEDE71-17E6-4BE4-3059-39EA73F8FFB6,KI,GL,11,12
31EA188B-806B-2B9C-272A-39EA82F052F8,MH,GL,10,12
247EF7F8-4B0B-FEB3-C5FC-39EA835CCFB9,FM,FM,10,11
A84B75BB-BF3A-C810-DB4D-39EA84130B03,EC,I5,9,-9
444B98E1-6EF8-1E75-2E4B-39EA8439A37A,KI,GL,10,12
ABB601FE-C4A2-0C87-8646-39EA84476A8A,MH,MH,11,12
E985928A-FB45-0302-97D5-39EA8883260E,NR,PG,1,11
7D427658-F523-AC11-442C-39EA896BBC21,CK,H5,4,-11
97291499-548A-9614-C7A1-39EA898C6B65,PG,PG,4,10
DF18D386-43B6-CF84-A137-39EA8E59FF99,KI,TV,11,12
2DFD7978-A729-B14F-2329-39EA8E7BAE7D,PG,FM,6,10
71031C5B-1711-7AB5-B691-39EA93E5C57C,PG,GL,9,12
1E06FE91-2FEF-C09D-7D21-39EA992D7677,FM,SB,4,11
7CE061A8-BACA-19AA-FA72-39EA99D13A36,PG,PG,1,10
5178ABA4-1D5E-DB47-D291-39EA99D59691,PG,PG,12,10
ECAFBC35-8A35-5256-3CBE-39EA9CFDCF12,FM,PG,1,11
B3E2C08D-7BCD-4E0A-3E91-39EA9CFF50F7,PH,PG,1,10
A4403B94-2B07-6051-BE1C-39EA9D003664,FM,FM,1,11
A4403B94-2B07-6051-BE1C-39EA9D003664,FM,PG,1,11
023970CA-64F3-F9C6-EA61-39EA9D00BD2A,PG,PG,1,10
B3F462CB-7224-B05D-3D72-39EAA6F88607,LR,PX,12,-11
2F8F2FCD-E2E3-F908-ED85-39EAA6FC3115,US,H5,12,-10
DC92507D-A5CA-A892-2DB8-39EAA6FDA240,NR,PG,12,12
87622EBA-9B56-EC2D-6703-39EAA7142782,JP,FM,7,9
9D78AC32-9BB9-3061-0B67-39EAA7642A8B,JP,FM,2,9
AD454B75-24A0-D13A-24BD-39EAA7ABD049,FM,GL,2,12
82A501FC-6F9A-9EE3-3C6E-39EAA859A89F,JP,FM,4,9
C1B93BF9-AA07-2059-7C59-39EAA86FF6D3,JP,FM,1,9
44618248-29A1-B2F4-8664-39EAAD18E299,KR,PX,11,-11
C615A079-03B9-E6F4-ACFF-39EAAD475B34,KI,GL,10,12
9549FE7B-FFAE-6C9B-C30F-39EAAD5A388C,TW,FM,5,11
D10E904C-1CC7-9935-9F62-39EAAD6D9E4D,SB,FM,10,10
8BFCE788-8682-AA15-BE70-39EAAD74D01A,PG,GL,11,-12
8BFCE788-8682-AA15-BE70-39EAAD74D01A,PG,GL,11,12
91FE62E8-6B66-8602-32D1-39EAB1537DC6,MH,GL,11,12
88BBA1F6-4862-30EF-A0B1-39EAB1CC82C5,KI,PG,12,11
D92AA1AB-26C1-7425-DA8B-39EAB279A494,NR,TK,12,-11
D0E8F99D-755A-B739-FEF7-39EAB679C21B,KR,GL,11,12
D2660687-C9E5-37A1-E46E-39EAB687BA0B,MH,GL,11,12
7C403D02-C255-E11B-795E-39EAB702749C,TV,GL,11,12
1DB82E21-3195-074A-255D-39EAB7B3BF39,TW,GL,11,12
C603DF44-2900-C527-E84B-39EAB7B518CB,KI,PG,12,11
ED47BE18-3F26-C40C-BAD3-39EAB7BC8FE5,MX,H5,10,-11
2D0F6609-3BB4-6B18-4DFE-39EAB7C44A28,TW,GL,11,12
750C1451-E246-03D7-A03F-39EAB7D83CFB,KI,TV,11,12
AF084C40-7C14-A565-4198-39EAB7DD8AD7,TW,GL,11,12
CCEBCD19-465F-942E-3DF9-39EAB7E67B88,TW,GL,11,12
99B17312-6470-62BD-7944-39EAB805586A,MH,GL,11,12
3D5956BD-DAC8-5751-7803-39EAB8149317,PG,GL,12,12
6C0D024C-E7FF-CA81-242C-39EAB816A21D,TW,GL,11,12
08492A2C-07CD-8F12-37F8-39EAB8310E3B,NR,PG,12,11
F9467F74-C0AB-8C8F-5856-39EABBB67FFA,FM,TV,11,12
3B33A8CA-7822-FF27-C941-39EABBB68A9A,TW,GL,10,12
73830397-496A-F25C-58DF-39EABC0BAEBC,TV,PX,10,-11
F50D3C3F-68F9-88E4-804A-39EACAE572B1,NR,NR,10,11
F50D3C3F-68F9-88E4-804A-39EACAE572B1,NR,NR,10,12
1C0D23A2-3683-EFC7-A32E-39EACB21ACCC,PG,PG,12,11
CF0CB806-4E14-64F8-033D-39EACB22B1A1,LR,FM,12,11
B9964F3E-C80A-973B-A625-39EACB23B9C8,NR,NR,12,12
FD22DF1E-734D-9A3D-44F3-39EACB45BE2F,NR,PG,10,11
B40DA319-C562-1C74-BA26-39EACB4F115F,NR,CK,12,-11
CABECEB5-A2B0-6257-96A6-39EACB562F56,TV,PX,11,12
E7B8C430-C8CF-5960-2342-39EACB74C0DB,NR,GL,10,12
DE09BBC9-D97F-E673-FDB0-39EACC45B0D5,KI,FM,10,10
56099398-AAB4-1D56-8F45-39EACC52296E,KR,TK,11,-11
D53F424A-2500-3A60-5DAF-39EACC733D3D,KI,GL,9,12
352259AE-B95D-13F6-CE47-39EACC999ADC,KR,TV,12,12
62602893-6F61-D4B2-F660-39EACCAFB965,US,,12,-11
5934BBE5-CF69-DEF7-09C6-39EAD041B895,PH,GL,11,12
D208ECA3-0445-0237-14E5-39EAD0432419,MH,GL,12,12
ED4E5996-2C6B-D0DA-56CB-39EAD061479C,US,IW,9,-9
9F85B73F-EA19-8E95-707B-39EAD06AE056,KI,SB,10,12
CC45F7A4-3213-9314-DFD6-39EAD15FC66E,TV,TV,11,12
9A622FBF-F322-2F28-F43E-39EAD188817F,KR,TK,11,-11
567BD79E-2D2A-B722-F45E-39EAD19B63BA,NR,GL,12,12
966C10D5-ECF1-65A7-B9D1-39EAD1AD7EFF,PG,CK,11,-11
330B3E1A-2913-D54C-260E-39EAD1CD95E1,KR,GL,11,12
049F3440-01CE-C429-537C-39EAD550C21B,KR,TV,11,12
071C0D3E-51BE-AE39-D62D-39EAD55C2818,US,PG,12,10
FB8679AE-CE17-AB4C-0907-39EAD55CF650,NR,GL,12,12
9A2268CA-3101-D52F-FAC0-39EAD5F720DF,PG,GL,10,12
9307D88F-F74F-2AA9-6FCD-39EADA698676,KR,TK,10,-11
3E91E699-6EDF-E753-CE70-39EADA928C5A,CK,H5,6,-11
831A8860-4900-FE24-C874-39EADB2C7ACA,CK,H5,8,-11
C8624FC6-2AB0-7DAB-307C-39EADFAF7B32,KI,GL,11,12
C5EC0308-65E4-5F81-5B7F-39EAEF0BE6BD,TV,TK,11,-11
D4BCF410-C7EA-1CCD-21C6-39EAEF5F1628,PG,GL,7,11
A57FB163-201A-F711-C45C-39EAEF78E683,PG,GL,11,12
961A91C8-8BD4-38F9-5696-39EAEF831A78,PG,PG,9,11
5C2C66C8-A780-36A2-68EE-39EAF085B1B6,PG,FM,8,11
5C2C66C8-A780-36A2-68EE-39EAF085B1B6,PG,GL,8,11
73CEE3C1-8C7A-BECD-FCE3-39EAFEA28466,TV,GL,8,11
0415DE5A-9D35-1B45-139F-39EB04D90C56,JP,H5,10,-11
18B6E8B3-2534-EB63-7A04-39EB04F47B38,JP,LN,11,-11
18B6E8B3-2534-EB63-7A04-39EB04F47B38,JP,LN,11,12
9F686268-04CD-354D-7D63-39EB14ABAE95,KI,H5,10,-11
BB1C479B-D983-BEF8-83C2-39EB14C8DA7F,KI,H5,9,-11
71485BFF-0869-6B54-F5A7-39EB1DAACABC,EC,LN,11,-9
421C5680-C0B2-5340-93D5-39EB1DBB7D70,TV,GL,11,12
1798EEC5-BE2D-C127-EF9A-39EB1DEBFFBF,KI,H5,11,-11
22F08633-0A9C-2FB9-A8A8-39EB1E18BE61,PG,TV,12,12
025B5472-E441-A47B-D84C-39EB1E89E596,KI,H5,10,-11
4A31C23F-EE27-9BA5-D385-39EB2283190E,KI,H5,11,-11
FDB0D8CA-50D2-F968-1FD5-39EB22CAB067,KI,LN,11,-11
64DB0F8F-44BA-AD33-CDD0-39EB23A8F77C,PG,GL,11,12
8C8C36AE-90A5-79A1-FBFE-39EB23D3A785,KR,CK,11,-11
FB488E1E-8433-77F3-DB19-39EB23D5D4FB,MH,GL,12,12
DD6B6DD4-3EC3-A178-E50A-39EB23D85D07,FM,GL,11,12
8CE72BA5-8549-0CA8-D30D-39EB23D9F170,TW,GL,11,12
5AB21127-56BB-7C21-DAC5-39EB23DC2C1C,MH,TV,11,12
1D5C1027-B374-4E72-8933-39EB23E1B73A,KI,CK,11,-11
04848F11-F9EB-E966-10C6-39EB23E28D15,TW,GL,12,12
F9552A48-770A-EA45-92FD-39EB23FF734A,KI,GL,12,12
55073817-F285-5C7E-EA78-39EB2415F729,KI,TV,12,12
CB7E0850-EC13-B4E8-B0CC-39EB27B1001C,KI,GL,12,12
02D5157C-4AB9-7D51-5C5E-39EB27C09E28,NR,GL,11,12
D597282C-145F-B73D-3034-39EB376AD952,TW,SB,12,11
8F0B018B-37E5-8346-FE5E-39EB37844B39,KR,PG,12,11
3E72040A-6BD1-E22B-C12D-39EB37C0C7B3,KI,PX,12,-11
64A4E7C2-9F84-D664-E5D6-39EB37D0419E,MH,TV,12,12
65FBC456-16BA-7F43-13ED-39EB383D822F,SB,SB,6,11
57A44640-CC68-1910-D431-39EB385F163A,MH,GL,12,12
28D99700-E713-4BEA-4A2D-39EB3889B090,SB,SB,7,11
723CE578-5464-530F-0CA1-39EB3896ED3E,KR,TK,12,12
E96CE61E-6114-7BEF-4B18-39EB38A75001,PG,GL,11,12
59B83FE0-23B3-2EE5-43E7-39EB3C561E95,KR,PX,11,12
AEEA97E1-D36F-E082-0567-39EB3C79E507,KI,H5,9,-11
C0EB32F6-A5F5-295D-9BB4-39EB3CC16663,PG,PG,12,10
697792A0-CBDA-C77A-C9C8-39EB3D4A901E,KR,TV,12,12
1F77682B-0B56-8B18-60FF-39EB3D6B6A79,KR,SB,12,11
13017C1D-F9E4-8955-B13C-39EB3DC322EB,KR,TV,11,-11
4ACD6589-F926-5FC8-05C5-39EB4167747D,KR,GL,11,12
6790213E-0236-8355-EC6B-39EB41A78B02,KI,H5,10,-11
6FE19B10-720F-D2D8-FFF1-39EB42017A41,JP,H5,12,-11
959286B1-6962-6406-1B5C-39EB432D94A6,SB,SB,8,11
1CC97108-E967-4111-58F5-39EB43705AE5,SB,SB,9,11
0D26E3CA-BC73-3F5D-6E82-39EB472147EB,PG,TV,11,12
A677DBCA-82EF-1572-BB77-39EB478E195B,PG,GL,12,12
A6351852-E3FE-7F28-B905-39EB47928A94,TW,SB,12,11
A6351852-E3FE-7F28-B905-39EB47928A94,TW,SB,12,12
669C510D-3BCC-32DA-0DAD-39EB479CD211,FM,TV,12,12
5221EA36-F17F-46E7-B263-39EB47A0F75B,KI,GL,12,12
7728B427-BACC-69EE-306C-39EB47B00480,TV,SB,12,12
98C5DC47-36F3-A478-1A6D-39EB47B9087A,TV,GL,12,12
A1B21110-213C-1F1C-87C1-39EB4822A339,JP,FM,9,9
EE2125AC-B2B4-8D15-AF9B-39EB4C87B5EF,US,I5,1,-11
50DEBBF4-EAF5-2D86-2F4B-39EB4C88F51E,LR,NR,1,11
B8799BEB-4F3B-00DC-F02C-39EB4C8B43C1,PG,NR,1,11
32160D7F-90EC-73D8-FFEB-39EB4C8C0DFA,US,H5,1,-10
91B934AB-2BBC-9F09-ADB9-39EB4C8D4455,US,LN,1,-11
494DCCC5-5657-70B5-316D-39EB4C8E4A13,US,CK,12,-11
9F41CBD4-3CFA-8113-6292-39EB4C8EFEA6,PG,FM,12,11
3BBDFC0B-43DA-309A-299F-39EB5B638BDB,NR,GL,1,11
6E61A9DA-19B7-CFB5-A6DE-39EB5B64561D,LR,TV,1,12
A58E5301-67EA-F4E4-704E-39EB5B680D32,KR,PX,10,-11
43D0E3E5-3409-5969-060E-39EB5BBB55D7,KR,CK,12,-11
7F92954A-2FF4-18B7-C50F-39EB5C2EE9B2,KR,FM,7,11
F969BEBC-FB22-7C6F-EBEC-39EB5C52C8F7,TV,TK,12,-11
0C07594F-E97C-2094-61BE-39EB5C9AB16A,TV,TV,11,12
D8F7D36C-4B33-7E01-54E7-39EB5CE62DE0,FM,FM,9,11
4D2C2177-7A9B-518E-A4AD-39EB60297ADC,KI,GL,5,12
9C5EF5F2-238E-2506-46DF-39EB604CD4E3,KR,TK,12,12
80B90CEB-D3BF-D183-B778-39EB6052305F,KI,GL,7,12
68983DBB-EF24-6816-CFC9-39EB606B964C,KI,GL,7,12
DEF00AF4-363E-AE74-933F-39EB608B03BE,CN,GL,2,12
36153C07-F731-06F4-4F52-39EB61713111,FM,PX,12,12
4A0DBA7F-AFF8-3EB2-A3F0-39EB61B5528C,KR,NR,6,12
08BCC5F8-2969-989E-219D-39EB61DD9E46,KR,GL,9,11
407876E3-0028-6B1A-538E-39EB6584CFE0,PG,H5,12,-11
407876E3-0028-6B1A-538E-39EB6584CFE0,PG,TK,12,-11
B462B5C2-0BD5-3183-1B40-39EB65C4A892,KR,TK,12,12
A97B3F4E-04EC-9053-E7D7-39EB65F83EA2,KR,TV,12,12
CEFD749F-CDE0-AB25-3FE8-39EB6B250887,JP,GL,9,9
FEB694D6-B965-AE58-F1AA-39EB6B5D01CA,KI,PG,1,11
E10CB8B5-DB8A-D12A-BA35-39EB6B5E080A,KI,PG,1,10
8B5167EF-D8BF-9DE8-B317-39EB6B5F25ED,NR,GL,1,12
8B5167EF-D8BF-9DE8-B317-39EB6B5F25ED,NR,H5,1,12
32D645C3-E93C-0C85-6339-39EB6C133159,FM,SB,10,12
E6E75DC0-5369-E006-CFD7-39EB6FA23869,KI,NR,1,12
7709FE5F-F4E0-A54F-DDFA-39EB70DE976B,KI,NR,3,12
A141AF6F-3334-CBC9-4E23-39EB70F260BE,KI,NR,6,12
E7FD0AAC-00E8-9165-2595-39EB7F2D99D6,TV,TV,12,12
2EE01173-6D47-2358-B3C4-39EB7F4BA14D,NR,GL,1,12
A7897E52-59A1-ED3E-48C1-39EB7F4C87B3,US,CK,1,-11
A7897E52-59A1-ED3E-48C1-39EB7F4C87B3,US,H5,1,-11
3D33F559-4324-B4E8-3818-39EB7F7501D1,EC,LN,12,-10
EB951AB4-D6AD-9EC8-22CD-39EB7F828ADE,KR,LN,12,-11
B16DE5EC-672C-1FAC-6D92-39EB7FCDF699,CN,GL,7,12
68774DA0-6201-7BDD-EE03-39EB807C0D86,FM,FM,1,11
32166BB3-2277-D8C3-0D3B-39EB807E5046,PG,FM,9,11
B6C7558D-6D15-D205-61D2-39EB8455EE1E,EC,LN,12,-10
595AE34F-F4FA-D410-1835-39EB848FB09B,FM,H5,11,-11
F16438E5-E95A-25E7-A43D-39EB84B07F7A,KR,FM,6,11
B88C9630-71C4-A30F-2D75-39EB85157580,SV,H5,11,-10
4B0FDB22-C212-14AF-B9DA-39EB8987A05D,PG,TK,11,-11
74CF5B87-56EB-820D-8880-39EB89E87784,SB,SB,9,11
8B85845B-D76C-157F-30F6-39EB8A44A913,SB,SB,10,11
AB4A0A85-97D0-C5A8-F3D8-39EB8AAF5975,TV,PX,12,-11
9B90607C-8162-5467-A43E-39EB8ABF9BC1,SB,SB,11,11
E7DB7976-DABA-4249-DE6A-39EB8AEECE51,SB,SB,12,11
4E77B15D-69DE-37C7-9A5E-39EB8B1624C4,SB,SB,12,11
42890E89-4DCA-FBBE-3914-39EB8ED855EB,NR,GL,1,12
AEAE494A-CAC5-C521-3490-39EB8ED9401B,US,PG,1,11
2EEC048D-1060-FC3D-733D-39EB8EDA3370,US,I5,1,-10
FDDA6604-CDC6-D9EE-BBD6-39EB8F1C1AB5,KI,GL,12,12
0299D6D3-0BD6-3917-C86A-39EB94429A85,PH,GL,12,12
E39C4696-66F3-B5E4-7C6D-39EBAA109F50,SB,PG,12,11
B563654F-64A1-2AC4-D11D-39EBAF446681,SB,LN,12,-10
5B3BF92D-B87D-493D-253D-39EBB2F0D002,PG,FM,12,10
2A0CB487-7227-F51A-BBC2-39EBB32784BE,TW,NR,12,12
8C15CEFD-E318-0C12-BAB7-39EBB35013E6,SB,PG,11,10
29A6896B-DC85-75F1-3B37-39EBB44984C9,SB,FM,10,10
48795697-39CD-84E5-9E7C-39EBB462EE88,SB,TV,12,12
2B0C5481-41E7-C0F5-1982-39EBB46A4681,PG,PG,11,10
52DB4832-8E48-A667-3D9E-39EBB80F9568,NR,H5,1,-11
8DF092EE-3024-0672-E4A2-39EBB8118FDD,PG,PG,1,11
34B3402D-8221-9169-F890-39EBB948EE4B,TV,FM,12,10
A1442273-CCD6-225C-645F-39EBC7B51E84,NR,H5,2,-11
42E66336-E914-5373-E213-39EBC90252FA,PG,,1,9
D2B79348-5EAD-2C5D-7547-39EBCC7BFF04,ES,H5,9,-10
B0B26515-9C4E-16AD-3B96-39EBCCE609B6,PG,PG,11,10
A87F5E4B-4635-7369-FE07-39EBCDAE0858,EC,LN,1,-9
4F34B7D4-8F91-3628-5FD8-39EBD230C72C,KI,PG,11,10
5299FF62-4BF7-34B9-8DB1-39EBD6B0ACB1,KR,PX,1,-11
A89889FB-43F4-76F7-968B-39EBD6E8BCF4,KI,NR,1,11
D559ED03-F50B-44D9-DA4C-39EBD71C4FD9,SV,LN,1,-10
A94B5D5F-622D-8412-9011-39EBD73352C6,KI,GL,11,12
DD754085-4C19-EB19-868C-39EBD81EFD3F,KR,GL,7,12
87D62DEC-7023-2BC2-88D6-39EBD8215AE0,KI,PX,12,-11
DDF6AC19-323C-CAEA-783D-39EBD833A133,KR,GL,5,12
A4532B28-5A70-3459-EC52-39EBD848C979,KI,GL,12,12
2580EAFF-BBE0-3DEE-80F9-39EBD8586B6C,KR,GL,8,12
DA003273-A78D-AEB2-F5A0-39EBD880F3A2,KI,NR,7,11
921CA2F0-DC66-72E8-AC7A-39EBD8966046,KI,GL,9,12
25153196-BA71-0A11-FF24-39EBD8AA97D8,KI,PG,3,10
F91063FE-01AE-DB67-0927-39EBDBEBD29A,KI,H5,12,-11
0E106E7C-7ACA-543A-C2C9-39EBDC1CAA21,KI,H5,12,-11
C81A8D28-3EAF-7AED-C96D-39EBEBC27803,KI,GL,1,12
102C11DB-0E75-1FB0-9EE6-39EBEBC3ADA7,SB,SB,6,11
8C944ECD-20E0-5385-6223-39EBEBD767F1,SB,SB,6,11
904F08E9-8D94-4AD6-37D9-39EBEBE10F17,KI,NR,1,11
9E922B72-CCA4-0A7B-AF25-39EBEBE4BF2A,TV,GL,1,12
0FA4CDB2-7EFF-6319-02B5-39EBEBF10BD8,NR,H5,2,-11
750B16EA-DF62-44B3-9E82-39EBEBF25B19,US,H5,2,-11
6DCE9989-9021-6BA0-5984-39EBEBF5DCD9,US,H5,2,-11
AC63A4B4-66E0-52DC-4587-39EBEBFCFD8D,LR,PG,2,11
137EB030-47FB-786F-C617-39EBEC7E0420,TW,GL,12,12
40F242DD-8296-5E20-7778-39EBEC842585,TW,PG,1,10
69F46915-2D89-5CE5-B47B-39EBEC8B32B7,TW,PG,1,10
AD1D03BF-8E92-3B27-099A-39EBEC8DA13D,MH,GL,12,12
A07DBFE7-ABB1-DC83-97CB-39EBEC9C602E,PG,NR,1,12
4BAD0003-7A70-F636-AF49-39EBEC9FDBCC,TW,TV,1,12
19A4CEF8-D4EF-706F-9E04-39EBECAA27C1,TW,NR,1,12
8DCD76DD-F2C0-EEB3-A838-39EBECB1A013,MH,GL,12,12
203D5EBE-95B2-7532-CF65-39EBECB56EE6,TW,NR,1,12
98895D51-7F90-6503-AA10-39EBECB6E967,FM,SB,1,11
A9C51D87-FBA6-01F5-3849-39EBECB85000,MH,GL,12,12
33873C22-24C5-2A57-FC85-39EBF06F7669,TW,GL,12,12
954B1A27-C704-A379-78B0-39EBF0768C03,KI,GL,1,11
AF6D9EE1-4966-7DE8-64BE-39EBF0A2AB39,TW,SB,12,11
0C6990D1-D179-81F5-96B8-39EBF0CA706E,PG,GL,10,11
7B8789FF-B42A-B66A-66E3-39EBF0CF5EED,LR,H5,2,-11
8FB22539-DF56-FF11-891C-39EBF0D02ECC,PG,PG,2,11
2FFCC17F-06DD-6E73-1818-39EBF106D3BC,PG,PG,8,10
55C1270A-2F7F-9E46-5893-39EBF1936159,KI,PX,12,12
3C1D5430-7150-78F1-2E6A-39EBF1BDBC53,JP,FM,9,11
B09554CC-F6F9-EA08-8793-39EBF1C809ED,KI,PX,12,-11
85BA0BF7-9177-7EFC-EF5D-39EBF1D71DC2,KI,I5,12,-11
BBCD39D3-86C7-8BF2-F49E-39EBF201D120,FM,PG,1,10
C226C230-53E8-90B0-1CF0-39EBF20D8C7D,PG,PG,8,10
DD542233-BA01-78E8-3D97-39EBF219C996,SB,SB,11,-11
6B970125-60DF-DAC1-610C-39EBF21D480E,SB,SB,8,11
BDAAB00A-12FA-977E-F68D-39EBF22A202C,NR,GL,1,12
464AD125-1DDE-1BF6-FE76-39EBF22AF5F5,SB,SB,7,11
AB2BAD8B-192C-A497-8A31-39EBF251325B,KI,PX,7,8
054C9716-F365-AA69-FF3C-39EBF27AA7A3,KI,PX,11,-11
5FB56441-E0D6-AB9B-5748-39EBF29BC18A,KI,GL,4,12
7A8849A7-3B6B-44F4-CE33-39EBF5A3A8FC,KI,H5,10,-11
3C6A5F38-ABFA-9D89-4790-39EBF5B4F8D0,KI,PX,9,12
1C4D47FC-B609-A5BB-A333-39EBF5C34189,PG,PG,11,10
021EA475-A6D2-8E56-FC60-39EBF5F4D590,SB,SB,5,11
9DED1AA1-A800-E114-49AA-39EBF5FB972F,KI,H4,12,12
9DED1AA1-A800-E114-49AA-39EBF5FB972F,KI,PX,12,12
8C5CCB75-DA06-93F4-13BF-39EBF5FE9DC9,SB,SB,10,-11
93F91851-AC55-4486-A123-39EBF61BCBBA,SB,SB,11,11
A48FA56E-BF10-EB57-55B8-39EBF63DA0E5,PG,NR,1,11
A48FA56E-BF10-EB57-55B8-39EBF63DA0E5,PG,NR,1,12
E3B28F5A-4559-A01B-0E3E-39EBF65C310B,SB,SB,9,11
07B7A20C-9A7E-4595-B1EB-39EBF670BF2A,SB,SB,6,11
C3DA0576-7931-29DD-95F1-39EBF6D0CFE5,PG,NR,1,11
868F0690-0B40-87DD-138D-39EBF6D3EBFD,SB,SB,7,11
C08E0BA6-8144-62FB-F1FE-39EBF6FD96BD,SB,SB,11,11
151962B2-0FB7-BF2B-94A3-39EBF70BC07C,SB,SB,9,11
D2D8D265-5553-6BE2-DC62-39EBF70DB030,FM,GL,1,12
5BFD1EAF-A089-06D0-CFF7-39EBF7114C09,PG,FM,7,10
5BFD1EAF-A089-06D0-CFF7-39EBF7114C09,PG,NR,7,10
ACE40B3D-0E19-39C3-4FB4-39EBF71E9BDF,FM,I4,7,12
D5446D51-BD37-CE81-689A-39EBF724A019,SB,TV,4,12
2F1E2F5B-59AA-1BC7-2A79-39EBF738B845,SB,H5,6,-11
E6A206D5-1E54-65C6-2072-39EBF739F440,PG,GL,10,11
3F78A567-6915-59A8-5638-39EBF7490D22,SB,SB,12,11
0F7A75DC-2737-F3BC-C4B9-39EBF774EF88,SB,SB,11,11
6EAF6103-A53B-C010-3D8E-39EBF7791D45,FM,FM,1,9
6A9FD5CA-7918-01B5-A4E7-39EBFAB6297A,PG,PG,12,10
3BD57845-0EF0-0659-6754-39EBFABB42B1,KR,PX,12,-11
8C3C5986-640F-095E-412D-39EBFB128794,PG,NR,5,11
8FB8ADFF-CF8F-CCAA-32F7-39EBFB2D0FBC,FM,TK,9,-11
A78890CB-D9AC-FE77-A6BA-39EBFB5269AB,TV,PG,7,11
112CE1F9-A91B-A2C9-6F6B-39EBFB71D39A,SB,SB,5,11
559E8618-42E7-B669-0C95-39EBFB795B0D,SB,SB,8,11
0DB1112B-843C-31E1-02A7-39EBFB8EC748,SB,SB,9,11
0EDDB08B-9878-4A13-4494-39EBFB926DBB,NR,H5,2,12
174D26A2-C232-B49C-4FCB-39EBFB93C154,SB,SB,9,11
66DE3AE6-714B-A791-B3FB-39EBFBAA6424,SB,SB,10,11
8839A120-E1A0-500F-8896-39EBFBB32BD7,SB,SB,11,11
7E505E3B-CF13-2DCF-902B-39EBFBCFDFBA,SB,SB,12,11
073E61E5-E6F8-0A4E-A7EA-39EBFBF669DE,TV,PX,12,-11
C97071C6-9A08-60B2-6CC4-39EBFC028ABA,KI,GL,5,12
222DD81C-F2F1-A991-A336-39EBFC0DCE79,TV,PX,9,-11
58629ABA-8B09-1BEC-8CD0-39EBFC15770F,PG,PG,12,10
DDF4CB43-55B0-F598-1118-39EBFC180523,SB,SB,5,11
FC897C5C-EB78-6A93-B1CB-39EBFC374F0C,KI,GL,7,12
7317189C-A6D3-DF7F-F51D-39EBFC5D813D,PG,SB,12,11
CD088446-11B2-1767-4734-39EBFC701409,US,CK,1,-11
33451A77-CE08-4BF6-E6D5-39EBFC7BA141,SB,SB,6,11
D5EF8318-4C1B-CC21-EAE2-39EBFC82D2C2,SB,SB,8,11
53613CAB-2062-2291-7FD3-39EBFC96C541,SB,SB,7,11
199C7619-12D9-1C25-086C-39EBFCAA6E14,FM,FM,12,9
1DF8A45F-893D-42A7-7F27-39EBFCB0949C,FM,FM,10,11
1DF8A45F-893D-42A7-7F27-39EBFCB0949C,FM,PG,10,11
7536DF72-A9FF-C05B-4EAA-39EBFFE9D1FB,KI,H5,11,-11
D0BC74AA-D49B-C200-238D-39EBFFF54034,KI,H5,10,-11
BFC71C47-88A3-9F8F-6024-39EC0003E821,KI,NR,5,11
2C223DCD-5043-BCEF-EFE9-39EC00115C8B,KI,GL,9,12
2C223DCD-5043-BCEF-EFE9-39EC00115C8B,KI,H5,9,12
23C94222-032F-B26C-27DC-39EC00198837,KR,GL,1,12
C07B6D07-864E-752E-805F-39EC001D5E6E,FM,SB,1,11
82CD939F-32A3-9A24-BBCF-39EC002B55DB,KI,PX,4,12
1FE2438F-F65B-F82C-854F-39EC0042C5A4,PG,PG,1,10
29A6FA81-185F-343B-81F0-39EC0062F576,US,LN,12,-10
04BC7190-C880-BBA0-C85F-39EC006FE945,KI,CK,11,-11
5E9D4502-CE39-8332-33E5-39EC0089CBA8,KI,CK,12,-11
D3938620-B258-C7EB-4312-39EC00B6EF9A,SB,SB,10,11
201EA832-8E8F-76C6-7872-39EC01023114,KI,NR,7,11
4792254E-CB4D-A6C9-9CDA-39EC0142A300,SB,SB,10,11
DB6B63E5-9E82-96A0-3D04-39EC016CF832,FM,FM,6,9
EC701C4A-3BAD-9D03-FB29-39EC01717280,FM,FM,5,9
53360983-EBFD-9FF3-D164-39EC0177867B,FM,FM,10,9
E09934AD-7681-8E9D-966C-39EC0189A0BC,JP,FM,4,9
6A7D9478-E41B-A511-056A-39EC018C9242,JP,FM,6,9
40274194-262D-9FC3-EFB5-39EC018E9B23,JP,FM,7,9
E7CBA683-BF45-8B44-7102-39EC018FF593,JP,FM,5,9
C8098114-7837-32DC-1525-39EC019C90F5,JP,PG,1,10
62799569-5DED-1AAD-4563-39EC01A0B7CF,JP,FM,6,9
99A18AD5-1941-FF33-FF36-39EC01B9908E,FM,,12,11
96FBA7D2-731A-9385-49BE-39EC0F796A40,KI,GL,2,12
D1A5F9EE-F002-1327-14D2-39EC0F82D8BE,KI,GL,2,12
96850E65-E935-17ED-B652-39EC0F84A8D2,KI,GL,1,12
F7BAB9E5-4D4C-51CB-6E59-39EC0F966BFC,SB,SB,12,12
231E9B2B-C91C-F170-4CC2-39EC0FB2BA8C,SB,LN,8,12
8E292984-7B6D-308A-BDDB-39EC0FC47050,SB,NR,3,12
2818AA10-224C-D87E-8F59-39EC0FDF548C,US,PX,9,-11
3AD99D87-B6E7-B236-D8AA-39EC0FE9FD6D,FM,TV,10,12
51A7AF9B-B293-6288-DC41-39EC0FF025F6,FM,TV,11,12
10C96A87-17F8-5562-E384-39EC0FF955C0,FM,GL,12,12
A8B6C9F6-2923-15E7-3EE1-39EC10031D00,KR,TV,2,12
24ABAE98-0F70-43A5-08C4-39EC10108815,KR,TV,4,12
5CBD6F8D-4164-7AE8-9136-39EC101D50BB,FM,FM,12,11
C34217A3-1002-2410-B97D-39EC102B9919,FM,SB,12,11
94F602F6-3E2A-591E-9CA6-39EC102EF335,SB,SB,12,11
334559DA-1ABF-3992-F611-39EC1036968E,NR,GL,12,12
334559DA-1ABF-3992-F611-39EC1036968E,NR,SB,12,12
F4309E71-C396-6444-24D7-39EC1037D1BB,KI,GL,9,11
749EE469-9A99-4496-A7EE-39EC1039675C,KI,FM,11,12
749EE469-9A99-4496-A7EE-39EC1039675C,KI,PG,11,12
749EE469-9A99-4496-A7EE-39EC1039675C,KI,TV,11,12
9FCAD308-4B02-94CC-5C83-39EC103E1289,NR,PG,12,12
783222FD-3A75-A7D6-A488-39EC10422FFC,SB,SB,12,11
8BE79917-63E1-5DB1-C8DB-39EC1042E016,SB,H5,9,12
F35B3A87-C453-31BC-1765-39EC10445FB9,SB,TV,12,12
E8F36BDF-2384-5950-E467-39EC10459FDD,SB,GL,7,11
7A664BF5-7302-2B99-7AF3-39EC104DF6E3,KR,NR,5,11
70E5BDC7-F0A9-2072-EFB0-39EC104FA1CB,KR,GL,3,12
B5346439-6BA3-6F23-2512-39EC10538CB4,KR,TV,5,12
6EF26748-6ED0-D35D-7AA2-39EC106CAB8D,KR,PG,3,11
6EF26748-6ED0-D35D-7AA2-39EC106CAB8D,KR,SB,3,11
3C432CD3-AEC0-5F0A-CA04-39EC107AD6EE,SB,LN,10,-10
A94A6859-058A-7049-9FB2-39EC10B3DD31,KR,GL,3,12
E6B07884-90DE-FE21-3BB6-39EC10B4B249,TW,PG,1,10
3A23833F-C44A-1FA0-F559-39EC10B5192D,KR,TV,12,11
E90CFD3F-A002-843C-C92F-39EC10CC6B25,FM,PG,3,11
3FA3C155-53F6-1400-BD82-39EC1121DCFC,FM,FM,5,11
BABFAED1-B205-9491-1837-39EC11284ACE,FM,MH,4,11
F38010CD-8633-E3E3-1D16-39EC112BE5E3,FM,NR,3,11
080845C4-4A66-D2D3-6656-39EC14884FA3,KR,LN,1,-10
D694BC6A-30E2-CA5B-2B86-39EC149326E3,CN,GL,12,12
94A0F255-94BC-5B5F-ABDF-39EC14A54AB8,CN,GL,11,12
44C18941-AE7F-A03F-871D-39EC14EDE64E,KI,GL,12,12
45EF6E57-BD4C-D335-5E0A-39EC14F01214,MH,I4,1,12
955D77AA-4C33-F00C-BE6E-39EC14FEB404,PG,NR,1,11
5355A5F8-9BAE-A007-651D-39EC1593EF61,FM,TV,1,12
467B72EE-DCBE-02B9-022A-39EC19E7416C,KR,PX,12,-11
71F0F1B3-81D8-AF95-3867-39EC1A69B61D,KI,GL,1,12
AB196CAE-F625-B0A6-22AA-39EC1AF63ACC,PG,PG,1,10
B7FF31B2-9A06-533B-D179-39EC1AF6ABA4,CN,NR,12,12
A1FA4830-532F-84B4-39EA-39EC1B1634AB,PG,PG,1,10
1240C076-4E58-9037-ED27-39EC1B27CB4A,KI,GL,1,12
6575DFF7-317D-88B3-52BC-39EC1B2B52DA,PG,PG,4,10
D47C9EE2-DF47-B8BE-D15B-39EC1B2D4EF6,PG,PG,4,10
D47C9EE2-DF47-B8BE-D15B-39EC1B2D4EF6,PG,SB,4,10
3E914AD5-6EC8-DD21-2BF2-39EC1B31F789,PG,PG,4,10
EFD4F2C3-48C4-967B-2DD7-39EC1B33973A,PG,PG,4,10
189EB687-6996-E5BB-1BD0-39EC1B430DB7,PG,PG,4,10
9FAB64C4-80A2-46D6-59C8-39EC1B46763F,PG,PG,4,10
0BC1995C-F6F1-DD1A-5F07-39EC1B49B751,PG,PG,4,10
14AF7E67-ADAB-2384-126A-39EC1B4CE196,PG,PG,4,10
F68B85E1-0EB9-95F9-D878-39EC1B69CB08,KI,GL,1,12
A41F852E-47E9-FA66-9E02-39EC1B74D4C9,KI,GL,6,11
AF225209-2230-4E9B-3174-39EC1B90350F,KR,FM,5,10
BFBF7303-BB6F-86D7-51A5-39EC1BDC02B7,KR,NR,7,11
8C6C9F71-504D-9D5F-A919-39EC1BF8A75F,PG,PG,3,10
71F058B3-D590-57CB-B52D-39EC1C203646,PG,FM,5,10
CC5B244A-BAE9-F05A-5C05-39EC1C375554,KI,FM,5,11
1C9A5EA8-E9D0-62A1-9190-39EC1C4AD72A,PG,PG,6,10
5BE455D0-A9FD-9D85-DB75-39EC1C4B4563,SB,FM,6,11
E1EC12A2-86FD-7714-10BF-39EC1ED55284,PG,PX,1,-11
7848E1BA-B1F2-4EB9-8B88-39EC1ED89244,PG,PG,4,10
7F1F4E41-D2C3-F8A7-0689-39EC1EE1F372,KR,PX,11,-10
69852D68-0990-E89B-D6C7-39EC1EE81272,PG,PG,4,10
A274EE3B-5DC7-5388-C9C9-39EC1EFC189E,PG,PG,5,10
B5608F63-7453-3F70-6EB1-39EC1EFFA5C9,PG,PG,5,10
9035AE78-8420-BC74-C8AE-39EC1F035F84,PG,PG,5,10
2F618F49-34E3-30E6-4264-39EC1F0AE51A,PG,FM,6,10
3058E431-13AD-8F51-E849-39EC1F0BF496,KR,GL,9,12
AB9F1006-857F-800D-73A6-39EC1F0D10AF,PG,PG,6,10
A1ECAB54-8BD7-1586-34C6-39EC1F1A47A7,PG,PG,8,10
341AAC46-4191-4D5C-890A-39EC1F22EF6B,PG,PG,8,10
EA9432BF-8EB5-9311-44BD-39EC1F43D5A6,NR,PG,11,11
9BC57A25-BEE7-F981-D70D-39EC1F67C251,KI,PG,8,10
B6DB6B97-2B43-0863-1AF6-39EC1F73DBA9,KI,PG,5,10
7D05C07F-B6D0-B273-71E7-39EC1F7BAABB,TW,FM,11,11
D5E163A8-BD58-328C-B4A9-39EC1F7C8ED8,TW,,12,8
4DB1A0EF-1AB0-6AA4-F4EB-39EC1F8205FD,NR,GL,12,12
4DB1A0EF-1AB0-6AA4-F4EB-39EC1F8205FD,NR,PG,12,12
398126AB-0291-35EB-0EDC-39EC1F87C334,NR,H5,2,-11
B4FE3EE3-DA23-2057-42BF-39EC1F8915FE,VU,H5,2,-11
E209A669-3B57-DDFA-55B1-39EC1F8C776C,PG,PG,2,11
B2E66F91-5229-069E-A6C5-39EC1F8D22B6,NR,PG,10,10
5882080A-CC3B-4369-5393-39EC1F8E5787,NR,PG,11,9
9144DD6B-6DDB-B39D-53ED-39EC1F931A3C,KI,PG,12,10
0A18017A-8347-1A33-874D-39EC1FB825F5,PG,PG,6,10
2EA0A1D7-B9ED-B24B-50D5-39EC1FC20667,KI,PG,2,11
B204BFA3-D8C1-25EA-82F7-39EC1FEC3C8F,PG,PG,10,10
1314AD15-770E-E7C7-3156-39EC1FF783B5,PG,PG,2,10
D86D4ED5-3BAA-CA5D-7411-39EC1FF8C948,PG,PG,4,10
E835A409-06AD-D831-A1CD-39EC1FFA44E6,PG,PG,7,10
B5377BE3-5EB4-A978-4446-39EC1FFCE9A1,PG,PG,9,10
E34D01E1-F20F-8782-ABED-39EC20012558,PG,PG,4,10
2E825D23-0668-6867-6158-39EC2003F55C,PG,PG,8,10
57CC867A-1423-7948-F2D4-39EC20109FBB,PG,PG,10,10
4AA95F6B-A0D9-EC77-924C-39EC20165401,PG,PG,9,10
79E5AED0-9F6D-C1EC-8F74-39EC201D8626,PG,PG,1,10
90B29310-98B3-2B9F-F1EB-39EC2023A1AA,PG,PG,3,10
C8F9DFEF-E7B5-D44A-7E65-39EC2027D1F1,PG,PG,7,10
4505A217-5BEA-041E-F90C-39EC202FA852,PG,PG,2,10
897577CF-FE73-9674-D38A-39EC2032B97B,PG,PG,1,10
11973DED-CEC4-F18E-28A9-39EC204B897B,PG,PG,10,10
0CB75B2F-D053-BE0A-C39A-39EC204F180F,PG,PG,4,10
FB3CFC13-B72C-3ABA-7BAE-39EC2051D501,PG,PG,5,10
7039B6C4-9768-1CB6-D57C-39EC2054034B,PG,PG,6,10
3E2BF078-0AA1-EB96-4C62-39EC20571A2E,PG,PG,10,10
7A148752-C4AB-8B49-DCBA-39EC205B3D22,KI,PG,3,10
16E8F05E-3206-B369-B07D-39EC205FFC5D,KI,NR,8,11
FA434EAD-96DE-5E9D-34C6-39EC20633422,KI,FM,1,10
FA434EAD-96DE-5E9D-34C6-39EC20633422,KI,PG,1,10
E69E283D-5A42-56D4-C08D-39EC207C2367,KI,GL,10,12
92111EEE-2FF5-A7CE-EB6E-39EC2096A302,KR,MH,8,11
C0A57F6F-E9BC-877E-CCBF-39EC20A45B95,KR,PG,6,9
313974CB-D4CA-BFB4-6F33-39EC20A79CB0,KR,PG,7,10
F6F7209B-0510-A4F6-22E5-39EC20AB2AF0,KR,NR,6,11
AD4DEA52-782A-F6CC-F31C-39EC20BC1C6B,KR,FM,6,11
D23AD0C9-351C-8BF3-4A75-39EC23ED0F18,KI,TK,12,-11
F9CD5F29-9978-4427-DFD9-39EC241C23A6,KR,GL,9,12
92C67117-E353-9C0E-D700-39EC2427F4C2,KR,TV,11,12
EC04193C-37CD-BB47-F72A-39EC243284A5,KR,TV,9,12
DEBF84C6-C920-2723-0112-39EC24364854,KR,FM,10,11
8B35D8A8-150F-CDE7-D5F3-39EC2439C75A,KR,NR,7,11
68F7C59B-A9FD-EC0B-F622-39EC243CCE39,KR,PX,11,-11
F4044E9B-9E31-100C-4ABD-39EC24407F2D,KR,FM,6,11
D7D8407A-6F2C-366E-7B96-39EC244708A8,US,LN,11,-10
CD97DC6F-812F-2B3A-8718-39EC24486625,KR,TK,12,-11
18D005FE-7909-C1EB-B2C2-39EC244FBCA4,KR,CK,12,-11
18D005FE-7909-C1EB-B2C2-39EC244FBCA4,KR,PX,12,-11
06A23033-A3ED-CB00-4714-39EC247DEA5A,PG,NR,3,11
DD6E296F-D004-4930-F573-39EC248797A2,PG,FM,1,10
E34E8F8A-7CA8-3826-24BD-39EC248C473A,LR,PX,11,-11
B393E19D-2A8B-D9EC-B05B-39EC248C97B1,PG,NR,3,-11
65C3555E-D67C-85AD-660F-39EC24960862,PG,FM,9,11
A012D6A1-14CB-48DE-5EA1-39EC24AABB3B,PG,PG,9,10
D85855EC-2755-BB6E-F544-39EC24B604C6,FM,,5,10
60009DC4-8760-6C1A-37FC-39EC24B8FDDB,FM,,5,-10
2B61C1F5-63C2-92AE-1405-39EC24BF862D,FM,GL,8,11
5E646555-2C6E-44B7-6CB9-39EC24C49300,FM,PG,12,10
0294B957-14BB-9CBE-5111-39EC24C977B5,PG,NR,7,11
B30A4646-9225-1CF3-F948-39EC24D1FB34,PG,GL,9,12
F3109A0D-527C-3916-C1A9-39EC24D4CA27,PG,PG,12,11
FB3105EA-D5E7-9387-C428-39EC255D7A3D,US,PG,2,11
9EE3C1BA-29BD-4AFF-D2A3-39EC2EA6CC19,US,CK,2,-11
9EE3C1BA-29BD-4AFF-D2A3-39EC2EA6CC19,US,H5,2,-11
BBB0C756-21AD-5B50-177D-39EC2F214D47,SB,SB,1,11
9728DAEC-2EBD-B008-80C9-39EC2F215EC9,PG,PG,1,10
FC861A70-FCD7-A4C1-222B-39EC2F21754B,PH,PG,1,10
350B6E54-3BC6-79A4-9B3A-39EC2F21A0B5,PG,PG,1,10
36998B60-3AA3-EF34-F670-39EC336A9F60,PG,FM,10,11
183EC616-2050-7685-E8AA-39EC3397DBE8,FM,FM,12,11
7545CCB3-E8FE-A046-5681-39EC33D89E75,FM,NR,11,11
B4F3D9DD-45B5-F518-E24C-39EC33DEBEAD,FM,I4,8,-11
86A4A35C-AEF9-57F0-CF1A-39EC3406F121,KR,FM,6,10
2EA31536-7272-4B42-AC33-39EC34254E25,FM,NR,7,11
F458E823-12CA-78B9-E455-39EC3426C5EA,FM,FM,5,11
2A0896F7-E703-8D0C-42D7-39EC3427FB6D,FM,FM,6,10
176CC94C-18E0-3496-96B2-39EC3428F76A,FM,GL,8,11
3B315E13-4707-7CD9-2528-39EC342A0820,FM,GL,9,11
79C8C0DD-B42F-7D7B-8500-39EC349DDB40,KI,GL,12,12
72804242-1B7C-6A7B-28D9-39EC34A5525D,NR,,4,-12
132CED2A-89DB-8E78-222E-39EC34B2CE53,FM,NR,7,12
8C09B889-5FD2-7035-9B04-39EC34B42F22,FM,NR,6,11
91EAD0CF-301F-CEA5-C8CB-39EC34B5BCF0,FM,NR,5,11
BCD3FB5B-C0D9-B74B-AB44-39EC34B7388C,FM,GL,8,12
267F6E9F-F077-1890-1292-39EC34B8875D,FM,GL,9,12
A7B5EDA0-BFC4-94D9-0961-39EC34BD040E,PG,PG,6,10
BC8D0241-819A-6B5A-FEC3-39EC34C998A8,PG,PG,7,10
A5D9F48F-9529-C357-FA4A-39EC34CADB74,PG,PG,8,10
C064B9FB-BF56-FFBC-2070-39EC34CBFACF,PG,PG,9,10
EDDFD633-249E-7D00-CF58-39EC34D313EF,MH,GL,1,12
A97FFC0D-70E8-46FA-7F85-39EC34F2705C,FM,PG,1,11
F0FA98F8-8167-7CD7-A111-39EC35084426,FM,H5,1,-11
5F936B21-4CA1-14D5-3AE4-39EC3516EE4E,KI,PX,12,12
F042808F-71DE-1099-AE7B-39EC38814820,KR,LN,1,-10
D652751F-C16D-A46A-9C5E-39EC38AA4489,TV,LN,1,-11
11CC0088-7EF0-5149-E24A-39EC39A8E375,MH,TV,10,12
8DA7672C-7B30-092D-BF2E-39EC39B5A149,MH,TV,11,12
54C56A65-A816-4C30-C339-39EC39D2AD1D,MH,GL,1,12
3BF1275E-F0F2-7DC9-D6A0-39EC39DE7267,KR,PX,1,10
EA3F4E38-DD99-4D3E-EC37-39EC39E5494F,MH,GL,2,12
602B50AB-383D-569E-015A-39EC3F08C4FB,KR,NR,6,11
14E9C58A-5597-4A27-0CBE-39EC3F124A5A,KR,FM,6,11
B4379828-4986-72A4-086F-39EC3F1BEEC6,KI,NR,5,12
6D0FF33E-3C72-C072-7B70-39EC3F23BA66,KR,PG,2,10
51680D91-C4B6-9A95-33A3-39EC42CE7780,EC,LN,1,-10
D924558F-8375-D5CD-D827-39EC42F9E87D,PH,NR,4,12
24EA5A9A-F391-0912-665D-39EC431493BD,NR,H5,2,12
BFEA5D78-EDFC-63F6-2AE4-39EC43320825,MH,,9,10
04F55A8F-0138-0FE9-72B8-39EC447D7677,US,LN,2,-11
29C98DCA-B12B-BC13-269E-39EC481FD3B2,PG,H5,2,-11
F76BA365-FF61-D3D0-A01D-39EC4869F7D1,FM,FM,4,11
01531B7B-720C-37D1-E178-39EC579C98D8,NR,I5,3,-11
79CF01EB-2B55-C8D3-CF0A-39EC579D8367,US,I5,3,-11
485115CB-0E2A-5E4F-1DEF-39EC58E1D412,EC,LN,2,-9
5314D034-96D4-51C8-8B52-39EC58E497E2,US,TK,9,-11
141DDDD8-2AC6-130C-34BF-39EC5C82E58F,PG,NR,5,12
65874E90-66C2-1BA4-A16B-39EC5D755942,US,PX,11,-11
1F492D4A-CAD6-A633-FAFA-39EC5D95E974,US,TK,12,-11
748FD092-118E-739A-3837-39EC5DEE4BAE,KI,H5,10,-11
4E4AC143-14B7-62D2-F0EC-39EC5E1B2DA0,KI,H5,10,-11
BAC1F556-6F48-D24B-7882-39EC5E689A31,KI,CK,12,-11
E6421641-A9A1-1FD1-7840-39EC5E7575E6,KI,H5,11,-11
085CB5A9-CFB7-C119-4735-39EC5E810688,KI,CK,12,-11
DF464F9B-EA44-11D8-65C4-39EC5E98A751,KI,H5,11,-11
3E40AD3D-E05E-F453-D90C-39EC6252B97E,KI,FM,6,11
93E648AC-2FE8-FC73-7E14-39EC62635B53,KI,FM,6,10
9289ED46-CB12-AB06-7B07-39EC66C9EE01,PG,PG,2,10
EB4159BB-A522-D356-CAE4-39EC671563BD,TW,H5,2,-11
DE4E6715-7755-1DB8-246F-39EC6830A131,KI,FM,6,11
3E5D960C-9C49-B468-1DC6-39EC6862956A,KI,I5,11,-11
BC987BA0-7E36-E2AE-CAF1-39EC6885F6CB,FM,H4,10,12
B9C57E49-2D7A-4C3D-AF0A-39EC688D42C3,FM,H5,9,12
8E1995E3-E82B-FF07-1884-39EC6DD11E14,SB,SB,12,11
54D32847-49E0-E021-CA42-39EC7B64F4AC,KR,LN,2,-10
0D5E51F6-140E-428C-7AC9-39EC7B7B77F5,PG,PG,2,11
FDDCC374-D7B8-8754-FD58-39EC7BA14E32,US,I5,3,9
3869ACE3-4CF0-495E-3C04-39EC7BA551E3,US,LN,3,-11
2A1E1CEA-9C9D-F3F6-12A3-39EC7BA7626B,NR,I5,3,-11
7C7AD47F-5924-1C39-8CC7-39EC7C394C44,PG,PG,2,10
C7D8CCCF-CC83-6083-3DA9-39EC7C9A942F,KI,GL,2,12
BEF2578A-4D61-A74E-7297-39EC7D560CB4,TV,H5,2,12
88A22EFF-DA75-A1FC-0975-39EC811B4638,TW,FM,2,-12
88A22EFF-DA75-A1FC-0975-39EC811B4638,TW,PG,2,-12
DAAA5E0E-6413-74DF-9DE0-39EC81476AFF,PG,PG,2,10
97605B7D-263C-CA04-F643-39EC814FBB5E,CN,GL,1,12
221F0EB5-AE8E-4D72-B912-39EC860B6D73,KI,PX,1,12
8A36988F-0CE6-B434-F9E9-39EC86F23D3A,CN,TV,1,12
81BEE71F-63B6-392A-64EC-39EC8AFA0E4A,KR,LN,2,-11
F73D7E67-B634-3F73-C20D-39EC8B115AB0,KR,LN,2,-10
81AF3C99-6740-CA0F-6CF6-39EC8B200076,KR,LN,2,-11
44E105D6-AC80-90A3-3D07-39EC8C4902AF,MH,GL,2,12
230CBF46-56D3-EA1B-AD8E-39EC902F3A55,NR,GL,2,12
FD3F654A-2C71-C31B-EC29-39EC91069C7F,KI,GL,2,12
4027628F-DFF8-C24F-DD75-39EC915203AA,PG,GL,2,12
AAC95C86-B56A-131D-E961-39EC9C20556E,NR,H5,3,12
3FDB098B-F90E-A07D-831D-39EC9C21AF4B,PG,NR,3,11
81F76D22-AFB5-D44A-EF0C-39EC9C2284A4,VU,I5,3,-11
81F76D22-AFB5-D44A-EF0C-39EC9C2284A4,VU,LN,3,-11
349908E6-BBBF-D668-ADFF-39EC9C259E1A,KI,PG,2,11
D6BA06A7-6F11-6A70-C827-39EC9F9F1EDD,FM,H5,2,12
7C297CEB-75A8-ECC0-7206-39EC9FAE356F,TV,H5,1,-10
AD1BC514-3485-2649-E78A-39EC9FBE799C,KR,LN,2,-10
22918D95-2A20-23A1-0CEB-39EC9FC7F1D7,KR,CK,2,-10
22918D95-2A20-23A1-0CEB-39EC9FC7F1D7,KR,H5,2,-10
211D60F9-5275-9011-DCAC-39ECA00698B8,KR,LN,2,-10
E5D57DB3-8BD5-F2A6-A008-39ECA015B7F3,FM,LN,2,-10
313F856B-2C27-F3B1-FD3D-39ECA0689E6D,KR,LN,1,-12
313F856B-2C27-F3B1-FD3D-39ECA0689E6D,KR,LN,1,-11
78378A38-D77D-DD8F-DEF6-39ECA0AFDAC4,TV,LN,2,-10
DA73A5EE-36AF-62F9-9AEB-39ECA0CA29F8,TV,LN,2,-11
DA73A5EE-36AF-62F9-9AEB-39ECA0CA29F8,TV,LN,2,-10
E625AA19-D5CD-6E9C-A3F1-39ECA0D931B3,FM,TV,11,12
F048881E-F371-6A7B-5898-39ECA0DCC36E,FM,TV,12,12
7DDBF71C-4694-34C6-D245-39ECA0E29E62,FM,GL,2,11
ABC93096-9F81-9D91-697D-39ECA0EDBE4E,PG,PG,1,10
7B38287E-224C-8648-5742-39ECA11AF3DA,FM,H5,7,12
0AA240DF-A10F-4BAD-6DA4-39ECA148D4CC,FM,GL,4,12
297D2FCA-2C92-CBDD-CF75-39ECA1553AD2,FM,H5,7,12
0BF89CFA-85D5-3ADA-D4DF-39ECA15D1EFD,FM,H5,8,12
E3DF1105-602D-DC84-DBBE-39ECA4EF05D7,KR,LN,2,-11
CAECA8CF-9437-7DF4-E779-39ECA4FA7D39,KR,PX,1,-11
7F76D131-CD37-87C8-3590-39ECA501E166,KR,LN,1,-11
BD70A369-5305-527D-6A9C-39ECA509FEC3,KR,CK,1,-11
D91E8531-096E-331F-2C15-39ECA9D6F671,KR,PX,2,-11
62ACF827-F506-E5BB-215F-39ECAA1AFB83,KR,LN,1,-11
C5AA58CC-A08F-BC88-BE6C-39ECAB40F1E9,TV,TK,1,-11
F90995B3-5E91-5C20-46A1-39ECAB583D5A,KR,PX,1,12
08220731-35F4-A4AB-9727-39ECAF001567,KI,NR,3,12
C22E9A3E-7CF8-1D43-0300-39ECAF098A26,TW,GL,2,12
156BE5C3-85FF-5A7A-15CE-39ECAF31CE64,PG,PG,2,12
3598C5F5-7028-D412-1A25-39ECAF4F8C01,FM,GL,11,11
83656463-5276-9A05-1CCF-39ECAF7BA3DB,FM,GL,2,12
83656463-5276-9A05-1CCF-39ECAF7BA3DB,FM,MH,2,12
7AAC4331-45B9-2025-4066-39ECAF8B6D9B,FM,FM,6,11
AA71641D-4490-47AF-FF78-39ECB056586B,PG,NR,7,11
4008F03D-41B6-3C32-91F0-39ECB0772B21,KR,FM,5,10
53429B67-7455-E755-285D-39ECB0AE9D65,FM,PG,3,10
701707F8-C5FA-5879-1C9B-39ECB4416CFE,KR,LN,2,-10
33293E01-6FBD-0855-8E31-39ECB47A1BC2,TW,PG,2,10
3B9A0B16-FD09-8351-6D45-39ECB54040C6,PG,TV,1,12
18BF5DEC-835C-75E3-7812-39ECC3C6046B,PG,FM,4,-9
8C0AD02A-1729-8D07-349F-39ECC3CD663D,PG,PG,2,10
3CAB53FB-933C-F738-C672-39ECC3F55C46,PG,CK,3,-10
AA118BEC-60C1-9F5A-7F0C-39ECC3F9263B,NR,I5,3,-11
EBEA4202-204B-7545-7E98-39ECC3FD2306,NR,H5,3,12
9DB01806-6693-E967-426F-39ECC5321A6B,JP,FM,4,9
8A46D981-4263-7703-251D-39ECC53D2F3A,NR,PX,3,-12
DB27C03D-B94B-CC5D-78C8-39ECC53E6929,JP,FM,6,9
C593DB6F-2C88-99E9-B0D1-39ECC5504224,JP,FM,5,9
EECEEE04-DC86-9E2D-BFF7-39ECC8DA65AD,KR,LN,2,-10
50E45BCA-8E64-5693-1D88-39ECC8FBD463,FM,GL,12,12
FC577C23-687B-46A9-78F3-39ECC904EA0C,TV,NR,2,11
9A91141B-8B95-8038-7CA8-39ECC94DA4CE,JP,FM,1,9
B6A7D49F-CAC0-7B4D-7D91-39ECC9686DDF,JP,FM,5,8
A0AF28B4-7E6C-09C8-C75A-39ECC97A7EF5,JP,FM,5,9
66F47F4F-BA88-15EE-84EB-39ECC97C1AC2,JP,FM,3,9
401AEE5F-4640-0173-E80F-39ECC97D77B8,JP,FM,4,9
95A84911-A73A-29F3-0B04-39ECCE89743B,US,PG,3,11
97D3F0C7-1DA3-99DB-6298-39ECCEA1A398,KI,PG,3,11
DA011023-9F4B-5E88-E6B8-39ECD30FCBB0,KR,GL,3,12
8BB50B03-684C-CC95-BE82-39ECD31D46C6,FM,NR,2,11
8F8FAE8B-A603-D64C-1C1B-39ECD343EAF6,FM,NR,6,11
AD9CE352-1AFF-C33F-B913-39ECD396AE71,KI,PG,10,11
B68ABE18-06C6-5634-9E89-39ECD492E947,FM,TV,12,12
DA41B0CD-71CE-2A88-5852-39ECD8B3DA67,FM,PG,2,9
BE11EF01-E7AA-C76E-5256-39ECD9F775CD,LR,GL,3,12
3AEB5814-54EF-0E78-553C-39ECDA174F1F,US,I5,1,-10
9FE28858-D752-6986-E8AD-39ECDF3B1732,NR,H5,2,-11
D23C5099-190C-5F7A-0937-39ECE7947495,PG,PG,2,10
9955009E-C667-8D83-A886-39ECE80DB0D3,KI,GL,3,12
8A2B2DFD-FBBC-16C5-D26A-39ECE85D2213,KI,PX,2,12
F4A81465-BC86-AEC7-35C7-39ECE8A036B8,KI,PX,2,11
346A0FA7-E149-8659-4123-39ECE9293100,CN,GL,2,12
2A65F25F-462A-9976-DB9F-39ECECC486FC,EC,IW,3,-9
959F8C30-DB9F-9D4E-BC6D-39ECED19C77B,FM,NR,2,12
A49C05E8-3AF3-938E-099D-39ECED6BF554,SB,PG,2,11
1BC713BA-5569-9081-0324-39ECED76C42E,KI,PG,2,11
74D5131F-5F88-5F20-4F8C-39ECF25F52C3,FM,TV,2,12
FA67134E-F378-52CC-AF80-39ECF792CD3D,MH,PG,2,12
8A052202-E837-0DA5-3322-39ECF7975DA5,TW,GL,2,12
C55AD432-116B-49C3-1206-39ECF8856B41,PG,PG,3,10
58D24AD6-E463-D3C6-8AE6-39ECF8AF6D71,PG,SB,3,10
9C89E1A6-6924-0227-E33D-39ECFDA50EEA,KI,H5,1,-11
47917E29-498E-E79B-4857-39ED0BE379AF,PG,GL,4,-11
FEFC4C05-2065-A595-664E-39ED0BE7B0EC,LR,GL,4,12
649745E4-45AA-381A-D02C-39ED0BE87100,VU,TV,4,12
17F26EB4-EE31-DFD4-C7D0-39ED0BE992C9,US,H5,3,-11
496D872C-DE0E-4B3D-7B7B-39ED0BEA9459,US,H5,4,-11
34A367B3-FCA8-542E-7293-39ED0BEB6EA0,KI,PG,4,11
A49D0166-5947-80C9-8691-39ED0BEC5CE5,NR,GL,4,12
8F8F74D3-AE2D-5145-B774-39ED10C783E6,CN,GL,3,12
D3D10743-D8BF-5D10-B70B-39ED10DAE287,NR,PG,2,10
4F17C670-BDC4-0E08-3380-39ED1167AAA1,KI,H5,1,-11
26CF72DE-4E28-387F-B200-39ED11896593,KI,PX,2,-10
D9AD87C0-4255-D0E9-32A2-39ED1199760E,KI,PX,3,-11
ABAAAAD8-9DBF-659B-512C-39ED12123587,PG,PG,3,11
4C4067D5-FAB9-A5B0-5B0F-39ED121C4184,PG,GL,3,12
A369CF9B-F028-239D-CDD9-39ED124CD7F6,KI,H5,2,-11
DC58E7FB-B128-633B-3AEE-39ED129EF60C,US,I5,3,-10
44F2D569-81E3-0368-1257-39ED1611C24D,KI,H5,11,-10
B8204A99-083D-ABAE-F8F2-39ED161F4C6D,KI,H5,12,-10
BB3A6ECB-9C8D-5303-8E9F-39ED162F9136,KI,H5,11,-11
147ACB81-3D3D-5C92-B1CF-39ED1637C393,KI,CK,12,-11
0D87D610-7757-F923-44FC-39ED167C9133,KR,LN,2,-10
7C4A8035-1E00-2CAA-2355-39ED1685212D,KR,PG,3,10
C3D5FD36-E418-B7CF-BC76-39ED16AF1B08,KI,GL,2,12
356BFCDA-1EB1-FD41-A7B9-39ED16F5C8B1,PG,PG,2,11
B9026845-8ECA-26F1-955D-39ED17557647,KR,CK,3,-10
E65C0F7C-BB96-214E-7965-39ED17924EFB,KI,NR,3,11
568B43B4-5A54-BA51-39A0-39ED1AF3D3B0,PG,PG,3,10
D881B80B-5E96-8937-AABE-39ED1B37DC73,SB,PG,3,10
885BF1B3-D174-2ACE-D432-39ED1B7083B7,KI,CK,3,-10
DE7F8233-17E8-E13C-376A-39ED1BB67004,FM,TV,11,12
CDDA75BF-B825-542B-00A8-39ED1BD31A2A,NR,NR,3,12
20744D6E-FE70-0CD8-078D-39ED1BFDEE3B,SB,GL,10,12
4CA241B7-AD6A-7748-BA67-39ED1C742C84,FM,GL,3,12
8B21FDEF-2388-3D0D-37BA-39ED2F84DDB9,PG,PG,3,10
71D27B33-B652-9898-2576-39ED310656D7,US,H5,4,-11
08C3C5B2-DB28-DF67-2B75-39ED359C3446,TW,TV,3,12
0E0149CF-1B78-78F2-C3F9-39ED3B5EB4A4,TV,H5,3,-11
CD307A3D-BEAD-6FA4-6796-39ED3B979AC2,TV,PG,2,10
0A649705-FDFF-D3DF-9668-39ED3F39541B,KR,CK,10,11
71DB4667-97FE-C824-F216-39ED3F437FD8,KR,TK,10,12
17B1384B-BBA6-8C16-10AD-39ED3F6241E6,TV,H5,3,-11
659A0CC3-E21C-FA2A-5F3F-39ED405F5395,KR,LN,2,-11
659A0CC3-E21C-FA2A-5F3F-39ED405F5395,KR,SB,2,-11
B2BB44A6-0754-F6CE-692C-39ED558DC915,NR,TK,4,-11
E4C44A15-F1F3-3E59-9F0A-39ED558E9971,PG,PG,4,11
71DCA086-DE34-F857-97BD-39ED558F81E0,NR,GL,4,12
2B4F6EF6-9CDD-5EED-9581-39ED590E0480,KR,LN,3,-11
135E83DE-ADB7-5997-9074-39ED591F9A6C,FM,TV,3,12
0D2DB07E-953F-39FF-8D4C-39ED591FD06E,NR,GL,3,12
9670E7BB-A4B3-7E89-C935-39ED5932F7FD,KR,TV,3,12
53E5EDDE-6142-9392-3209-39ED593645C4,KI,H5,2,-11
0D7ED95A-2128-823D-FABE-39ED59728C24,NR,GL,3,12
12F7BC64-9091-68CF-2E94-39ED5996D782,KI,H5,3,-11
CEA27A30-86F9-8FA2-E104-39ED59E6BB65,NR,GL,4,12
7B91F093-062D-A972-D50B-39ED5A1DB46A,KI,GL,3,12
37092F9F-DED1-9E2C-8E25-39ED5A313C8F,NR,GL,4,12
F4EC976B-EB93-0246-B26B-39ED5A3E1257,KI,PX,12,12
03905D0F-D5F8-DF85-92F2-39ED5A763E93,MH,H5,4,-11
1D17E5CB-727B-9415-80DE-39ED5A86161F,MH,PX,3,12
C991727B-F197-031F-1C5E-39ED5E0CF37F,KR,PX,3,-10
084AA0FD-3E8D-72F7-8584-39ED5E37DD82,KR,NR,7,11
E4DF3AAB-A5AA-F083-D8AE-39ED5E6A3126,KI,GL,3,12
69754CAF-A6CF-F49E-DD90-39ED5E8903ED,KI,GL,2,12
08E98135-3CA4-3A80-6610-39ED5ED8F331,ES,H5,10,-11
0E213A92-674F-DAB5-F96C-39ED5F43AD69,KI,H5,3,12
735585A7-A83B-F1C2-249A-39ED5FAC575B,KI,LN,2,-10
99FB3D6A-0ABA-6F41-ACE1-39ED631202B8,ES,CK,1,-10
04B98D28-3B4D-139A-D5C0-39ED63478174,KR,TV,1,12
7777FA03-B4A3-0C2C-E0E1-39ED637ED675,KI,GL,3,12
8BFD226C-3238-07B3-2E4A-39ED63855FF3,KI,H5,2,-11
8BFD226C-3238-07B3-2E4A-39ED63855FF3,KI,LN,2,-11
483FDF38-9FDB-0123-88CF-39ED63993033,KI,H5,1,-11
0F213FE3-E3A8-2563-3A13-39ED63D83DD5,KI,NR,3,12
CA13529D-51E6-1700-B10D-39ED63F77DA3,KI,LN,1,-10
58AAEA50-C3F2-0611-3402-39ED6410AA15,KI,LN,3,-10
7D46AE3D-92C6-4248-52E4-39ED6455F536,KI,GL,1,12
85FBB569-1ADB-95C1-0E2A-39ED64740626,KI,H5,2,-11
E4944795-C1BF-6555-39B7-39ED648AA467,KI,LN,2,-10
0860C7C0-75EA-4BCB-2230-39ED68741090,CN,GL,4,12
47C6BD2D-9CD9-4BB1-1990-39ED688F9E50,KR,LN,2,-10
01AA8CD8-D43F-BB01-40C5-39ED68A23101,KI,GL,3,12
F7DFCF07-FA44-65BC-08D9-39ED68F42D86,PG,PG,3,10
8B209E40-0198-A6DE-E7D4-39ED69B0B775,KI,GL,3,12
8CE9C51A-DA6F-819B-7B2D-39ED69D05A2E,JP,H5,2,-11
94833A4C-C7F9-008D-85F5-39ED69FE9925,JP,PX,3,12
2ABA38A8-392C-4438-F7DC-39ED6D5171FF,PG,NR,3,11
6055F6C3-9E2D-27B8-DE48-39ED7345BD44,PG,PG,3,10
A482E279-0DFA-3E9A-DF03-39ED77F6CAE2,NR,GL,4,12
443249C8-591F-8740-15D9-39ED7901B6CB,KR,GL,3,12
415E1849-DAD1-5898-1DB3-39ED791C9D4C,KR,H5,3,-11
176A28AA-C877-86A7-30E8-39ED792CB1F6,KR,LN,2,-10
1D69ECF8-D4E6-A2F5-E4A8-39ED797F629F,TW,GL,4,12
684628EA-E927-073C-9531-39ED79958664,TW,GL,3,12
C8FBADB4-4BC2-B370-23C7-39ED7D00C35A,KR,PX,2,-11
6DB3A9C6-3F2F-581B-525D-39ED7D0D7D4D,KR,PX,1,11
5340FF02-2EB6-B1F0-535A-39ED7D1CB880,PG,GL,3,12
213D5D5F-37BB-91A0-83E9-39ED7D3EC09D,FM,NR,3,12
0F0C43E5-D242-44FE-69DC-39ED7D43F2CA,NR,NR,4,12
5354E041-0A0A-1720-3442-39ED7D45168A,NR,GL,4,12
91B0FD7C-FF31-2881-6AE9-39ED7D4663C1,KI,GL,4,12
E2F86FAC-D809-1719-EA62-39ED7D59511F,TV,GL,3,12
54A174E5-1FC4-DFF9-0117-39ED8234AE51,KI,GL,4,12
6A0F7671-EFE6-76AF-5330-39ED878D88CA,ES,H5,12,-11
43A9800E-F17A-E729-AA52-39ED87BBB6C1,KI,LN,2,-10
8299A93C-CE71-B120-5560-39ED87FB1B5B,CN,GL,4,12
18EB0B6F-DEB4-EBD5-CACB-39ED8883DF0F,FM,GL,4,12
EA0FE20A-098C-866F-8D37-39ED88C89019,FM,GL,3,12
213B9787-6B74-6A07-6AD4-39ED89037BE8,PG,GL,4,12
1D9A12D1-49BE-ED6A-3DA3-39ED89150BF6,PG,GL,4,11
35699D02-C153-B732-C5F8-39ED8CA805C2,MH,GL,3,12
67B0B851-5A08-D2A1-3189-39ED8CC75485,US,IW,5,-10
0C939993-A79C-21C5-CFC4-39ED8CD3083B,KR,LN,3,-10
54350DFE-587D-AEE5-DF79-39ED8CDFD78F,EC,IW,3,-9
50E6D70F-F454-6D94-461D-39ED8DA384CB,SB,GL,3,12
DDA88212-9379-22CC-A83A-39ED9C21620C,NR,GL,5,12
5BF937D7-5A4D-647D-9EDE-39ED9C21FBC6,US,IW,5,-10
193BCE0A-8BC2-8B8D-6E4F-39ED9C4E8331,MH,GL,3,12
CE7AF0F1-C9BE-3F78-4E85-39EDA10F97F4,KR,GL,4,12
5D9944BF-E699-B29D-234E-39EDA11A6DFD,KR,GL,4,12
3F19F0FC-4A03-FEA3-261C-39EDA11E833D,KR,PX,4,-11
D331B3EC-D649-0D4B-62E7-39EDA121121E,KR,CK,4,-10
80587B86-0937-2CEA-C316-39EDA16CD187,KR,GL,3,12
F045151F-AC9F-7D6D-5849-39EDA6671750,FM,PG,1,11
279AFA8B-37A6-CD08-EC4A-39EDA66AE0C2,FM,GL,4,11
E3BC86B1-5FCD-FD35-F46F-39EDA688E297,TW,GL,4,12
685A7FB5-1176-FF6E-4811-39EDA71A5DA1,KR,GL,3,12
28380E38-1DC5-F961-DFEA-39EDA724E8DC,KR,SB,1,12
3AD60F55-02D1-0B9E-45F7-39EDA74E47F4,KR,TV,3,12
973217E1-EE58-8B24-32BF-39EDA76A9BE7,KR,CK,3,-11
AD729D27-B2D7-853E-A7DD-39EDA79BE655,KI,GL,4,12
52458C8E-6F7B-486B-17E6-39EDA7A02FD5,MH,GL,4,12
8CE621AE-944B-3DBE-BC47-39EDA7FED52C,MH,GL,4,12
7E938CE2-253F-5E93-8F0C-39EDABA387C6,KI,H5,4,-11
E2432B84-9A2A-78FA-A0A5-39EDABD1B271,PH,H5,4,12
FEBE4EB5-5287-E93F-182F-39EDABD53FA9,MH,GL,4,12
0F9EC9B6-D7F0-108F-CACE-39EDABD9F8CA,PG,GL,4,12
7119A3BA-28EC-9A6E-8A1F-39EDABE51EC0,TW,GL,3,12
A09F1144-FD93-CA98-99CE-39EDACD9852D,US,IW,5,-10
D11A39BC-4189-C02F-F9D3-39EDACDA8AE7,NR,,5,8
D11A39BC-4189-C02F-F9D3-39EDACDA8AE7,NR,,5,10
BAC926A1-12F4-979F-028C-39EDB1211D6C,KR,GL,5,12
1749D9A5-B28D-8F0F-55A0-39EDB218CDB9,US,H5,5,-11
EB624C5B-220E-536D-B92F-39EDC02A1B2D,MH,GL,3,12
867DF6ED-8080-E670-BA98-39EDC059A0AC,PG,PG,4,10
6A9AED91-40EA-3C1B-3958-39EDC059E85B,NR,GL,4,12
380029CB-FC92-0479-D8ED-39EDC06D5517,KR,GL,4,12
096B9794-9FB7-A74A-A83C-39EDC10BA438,TV,TV,4,12
01F7B53F-7A8A-5755-F211-39EDC125F4DF,KR,H5,4,-11
82990F09-7904-ED1D-65E7-39EDC1497927,NR,FM,2,11
E5894654-8029-B69D-6978-39EDC59B9745,KI,GL,4,12
E735FB9F-C0FF-1439-A1B3-39EDCB4940FE,KR,CK,1,-11
2FE53944-B12A-7878-A453-39EDCF633B81,KI,GL,4,12
1DDE233E-7630-7255-BEEB-39EDCFC18786,TW,GL,4,12
7C0FF1A8-FFD1-5DB4-8316-39EDCFCC2737,KR,GL,3,12
410EE34B-08E7-7F1B-638D-39EDD04B0D82,KR,GL,5,12
746FBE46-105B-A820-5941-39EDD0993131,PG,TV,4,12
C83B4A22-B77D-6E6F-F172-39EDE553DBA6,MH,H5,2,-11
52480F49-4655-F42E-1300-39EDE555BBE6,MH,H5,2,12
924F6473-B394-837E-21FE-39EDE97769C4,PG,PG,4,10
4379D087-F4A3-2DFE-228A-39EDE9AAE461,TW,GL,4,12
C67808A7-9F9D-2236-B3D4-39EDEAE2EBA8,LR,FM,5,10
B70A7A57-DC39-3B23-A20D-39EDEEDE9F43,KI,GL,2,11
25C29A54-B165-A6F1-77B9-39EDEFF43F4A,PH,H5,2,12
EFC377CD-A1BD-3584-A9A2-39EDF435D0EB,LR,FM,5,10
BA3FB9EC-CCF4-A480-819D-39EDF5F725B9,PH,I1,6,9
1336EE61-B907-E986-A2BF-39EDF931F18D,KR,TV,4,12
394A1C00-90DD-9395-7E64-39EE080C47C4,PG,GL,4,12
7EE53A84-AE4B-B55F-CC3C-39EE08576095,EC,IW,4,-9
39D40CA6-FB97-E1E2-2547-39EE085FFEBD,VU,I4,5,12
AAE169CA-6FEC-6169-419F-39EE089A452C,KI,GL,4,12
84DD4662-A0B9-580D-326B-39EE08C7483C,KI,GL,4,12
99870525-81D7-8B2F-C442-39EE122A149F,TV,GL,4,12
7A13A8DA-C0DB-F06C-7B1F-39EE13CAA7EF,TW,GL,5,12
CCE18EDC-03F4-5F8C-A083-39EE13CC4509,TW,GL,5,12
8CB37158-649E-5E73-DFC4-39EE13CDE11C,TW,NR,4,12
A874435E-EEE6-5BB1-BEE4-39EE13D01898,PH,GL,5,12
A52E3B79-ACDF-9A1B-CCB4-39EE13D1A4B4,SB,GL,5,12
32A2CBE7-D7B2-6426-6D71-39EE13F1EDB0,MH,GL,5,12
31E0087F-1A27-4B88-AB3E-39EE17BA9BE8,KR,GL,5,12
DE5D6920-F0C7-ABB5-C377-39EE17C748FF,KR,GL,4,-10
2B9B0E5A-4B06-2F73-5764-39EE17F0FF69,PG,GL,4,11
7134C0B2-86ED-B525-A67F-39EE17F7922E,PG,IW,5,-10
2CE159E7-ED8A-BBD2-8F37-39EE18486DFB,TV,GL,4,12
78C8226B-9B47-89AF-6151-39EE18B79807,KR,GL,5,12
F2324D58-51DB-FD87-AC3E-39EE18CA9050,KR,TV,4,12
2C498EE3-A760-1CB3-C0F8-39EE18DED9B6,PG,GL,4,12
D8357823-0207-93C8-8AA8-39EE1CFCCF81,TV,GL,4,12
C5B594C6-B098-6946-52C7-39EE1D04374C,NR,GL,5,12
59415CF2-0BC0-47E9-543C-39EE1D085833,TV,GL,4,11
FD4757FA-6E50-E803-F2AD-39EE1D46D579,CN,GL,5,12
F0EE719F-5FDA-C16A-25CA-39EE1DD819D9,TW,GL,5,12
0894F015-E9D5-F59A-50E3-39EE1DDCEB73,PG,GL,5,12
07919941-1393-C82B-57F3-39EE28864D86,NR,GL,6,12
7CE65F2B-6291-BAF7-BEFC-39EE28875B09,NR,GL,6,-12
A130970D-2ADD-D3B3-F8B0-39EE2C35F911,PG,FM,4,10
9CD155C1-82E3-EEDF-60F5-39EE2C9A5ED5,MH,GL,5,12
DACBD3AC-A2B4-B279-F4BD-39EE2CB5B7C2,TW,GL,5,12
0F2DF9CD-4ECB-46D4-8092-39EE2CB72D53,TW,GL,5,12
4FA701D5-8EE8-C58E-3BD9-39EE2CB8E9C6,KI,GL,5,12
5BBBD26C-A909-958C-2D5B-39EE2CB9AE89,FM,GL,4,12
65413CFC-5EB7-701B-4872-39EE2D76B8D3,KI,GL,5,12
9558826F-34B8-9DD7-8B67-39EE2D845ED0,NR,GL,5,12
70D51F12-1CF6-FA9B-4985-39EE3163AF93,EC,IW,5,-9
7FB03222-FD9C-7C51-2D4C-39EE318F5FA7,KI,GL,5,12
8BBA3AA1-FB08-65AD-9520-39EE319CA3A3,FM,GL,4,12
CF821EE2-8149-EE72-985D-39EE31A084AD,FM,TV,3,12
FD5B396E-75C3-8D43-EC85-39EE31B69698,TV,GL,5,12
79AE0F68-5FB5-E2A6-3D90-39EE321889E2,NR,I4,5,12
DA4EB2F4-F371-7937-944E-39EE3234DE4E,KR,GL,5,12
6C01D0F4-AB6F-C47D-B8ED-39EE32866311,CN,GL,4,12
2A1BE096-7C2E-6997-A3B2-39EE3295DFBB,FM,FM,4,11
48113BB8-9057-0C8F-4592-39EE368F3CE5,KR,GL,3,12
C5ED4075-028B-6362-E309-39EE37EDFD66,MH,GL,5,12
68A164E6-0BB2-C423-0F23-39EE38049ACE,TW,GL,5,12
76E3D9BB-D6D9-CED7-EA10-39EE3C2E41E3,PG,PG,5,10
6527919D-678F-3BD9-C209-39EE3C3FB0B8,FM,GL,5,12
C75243CF-23F1-2FC7-9DB6-39EE3C49907E,NR,GL,5,12
D6E91993-6D66-93A3-685A-39EE3CD9B833,TV,GL,5,12
23A72B22-B9E8-192A-27B6-39EE40D489A4,NR,GL,5,12
F72FA198-F11D-2ACA-824E-39EE40F214A3,PG,GL,4,12
2FC80248-0FF7-1FDA-EFA9-39EE50707877,KI,GL,5,-12
E6867D82-375F-DD01-B762-39EE5165F805,PG,PG,4,10
4520CED9-3F21-745F-0329-39EE55A9A770,US,FM,5,10
0EF7E9B0-9B00-DE49-0E05-39EE55BA3518,FM,H5,1,-11
EE15DC9B-6CD4-6D77-9EEE-39EE55C355C5,KI,GL,5,12
F8F97B7B-4347-20E0-E1B5-39EE55DE2C45,KI,I5,4,-10
EF26B9C5-E5EA-4157-D1C5-39EE568E92DE,KI,NR,2,12
4C1C7FD0-9843-3A0B-FBEE-39EE5AACACD5,JP,,9,9
1E24A273-CA4A-B984-812B-39EE5AAEA13C,PG,FM,9,9
AB302705-E620-8E90-4DF7-39EE5AAFFEF1,JP,FM,9,9
AE99B411-1C72-38F7-ADC1-39EE5B309A2C,PG,,9,11
3D4C7647-80DE-ACC2-7911-39EE5B389D5B,PG,FM,7,9
FF2AC1D0-383D-FF11-D6ED-39EE60D00DD1,TV,GL,5,12
1ABD215B-ECAF-002D-B33F-39EE60F22E12,JP,FM,9,9
9F9AFE84-9682-85D7-6EAE-39EE6565A38E,KR,GL,5,12
F7E2701B-DD4F-635E-AD92-39EE6565E376,KI,GL,5,12
EC2B8B66-D83C-693D-C6BE-39EE66075B61,KI,GL,4,12
5CFD7A50-DC94-A036-32EF-39EE664E85D9,KI,I5,4,-10
76F62E58-160E-C1DA-0E29-39EE6696F11D,KI,H5,5,-11
500DFCCF-CEB4-6E7B-BB3D-39EE7462C462,MH,GL,5,12
5C92135D-2DA3-73DA-7307-39EE749301EB,KR,GL,5,12
4E97C83F-8F20-6B7F-0C9B-39EE74A254AE,KR,GL,4,12
1DB30E63-5111-1074-86C6-39EE74B5BBE6,US,I4,6,-12
1A2E15F9-FB3D-F5A6-2CBB-39EE74B6CAFA,NR,I4,6,12
8C321451-0E4F-16E5-C17A-39EE74B79B8B,NR,I5,6,-10
EBEBD056-F0E8-F29C-58A6-39EE74B87A36,US,IW,6,-11
37AD3BF9-9262-17C0-5C0D-39EE74D62CCB,PG,PG,5,10
294D45EB-69B4-F2B6-8508-39EE74D6673F,KI,GL,5,12
845F4B3C-43CC-BC8F-16CC-39EE7500E8AA,TV,NR,5,11
D9356D3A-E34E-2A96-92D8-39EE750386A0,TW,GL,5,12
12B0570F-3020-0BB0-0D54-39EE758C5ACB,KI,LN,7,-10
5B505F6E-B9B4-A7FE-4151-39EE759C21B0,KI,PX,9,12
43A9A6CA-9927-216F-5A67-39EE75A28A9C,FM,GL,5,12
E9EAE9BD-38E5-9B41-38C7-39EE75DCB064,SB,LN,4,-10
09909630-E3E9-37DF-91B5-39EE75EDB883,NR,GL,5,10
281A7944-D97F-8793-9901-39EE798CB19D,NR,GL,5,12
9E132137-80BE-38F6-EC60-39EE799787CE,NR,GL,5,12
47573DB3-B22F-145C-4C6E-39EE799B0126,KR,GL,5,12
6AEDB58F-8A4F-2E7B-0D00-39EE79A5FCAF,KR,GL,5,12
F67B9775-2280-8E85-66D2-39EE7EB01466,KR,GL,5,12
1737A925-14B7-EAE9-32D5-39EE7F1E81EF,KI,I4,4,12
E2310BF2-4052-2A3E-9F87-39EE7F40497D,KI,GL,5,12
ABE8CBB3-6CFB-6F77-123D-39EE7FC2BC4F,KI,H5,2,-10
BDB5631A-30FF-2661-947B-39EE7FCEA9EF,KI,TV,3,12
086FE9F3-3FF5-90BA-9375-39EE80236F45,KI,H5,4,-11
565154E3-4D8F-24A0-9E8E-39EE804063B0,KI,H5,2,-11
5AE36A92-DD4C-EAF3-E794-39EE83A3D393,KI,LN,3,-10
6D604AFF-97B8-CF34-445A-39EE83CF649D,TV,PX,4,12
49087052-A5A8-3E73-26FE-39EE84CEFC76,KI,H5,4,-11
7E631CC6-603B-E8B5-A758-39EE84E78BC8,FM,TV,4,12
8DA5286B-0412-9841-EF1F-39EE89279912,KR,GL,5,12
CBC7D23A-C8DF-63F8-AAE3-39EE8978159F,TW,GL,4,12
DB818358-5AB9-EF6C-08CF-39EE8A3743F4,KR,GL,6,12
0EE02E27-FDF0-A364-FD24-39EE9845559B,KR,GL,4,12
2D3AF8FE-E1D0-8131-91E1-39EE9869F2DB,KR,TV,4,12
D3CDD916-31FD-D1E8-CE90-39EE98772B00,KI,GL,5,12
5ABFCA1B-4F0F-0579-4A3B-39EE9890C553,KI,GL,6,12
E3B06199-36A0-1DDF-4EBA-39EE98CE9D6B,KI,GL,5,12
CCA6A4A4-2BDD-2410-8D68-39EE98D06A1C,TV,NR,5,12
D4A54E6F-215A-59A9-73EC-39EE98F8DF35,SB,GL,5,12
A5030368-C2E9-19E0-3C6E-39EE999997FB,KI,I4,6,12
549ECB93-C3E2-E81F-69D0-39EE9D2AFC4F,MH,I4,5,12
C90CC449-4D15-FB50-FD40-39EE9D765781,PG,PG,5,10
9CAE7A99-3B51-B985-FE5D-39EE9DC09F6B,VU,GL,6,12
26DF230A-49E4-0A7A-7ABA-39EE9DD1F5E6,KI,H5,2,-11
919149BA-991E-471E-B55B-39EE9E7D6B65,KI,H5,3,-11
1D249184-0E65-676F-D7CF-39EE9EB360E4,KI,GL,6,12
C906A6BA-E7DF-5545-839B-39EE9EDFBC3E,KI,PX,5,-11
28891848-B13F-6150-75F3-39EEA90714BF,MH,GL,6,12
F6EEE54C-212D-CB77-48F7-39EEA9095F36,TW,NR,5,12
3080ADB0-E2F5-1F27-E920-39EEA91174C3,PG,GL,5,11
01C6EC65-7C9D-B933-DB73-39EEA914E148,MH,I4,6,12
FBF2B47C-A6AB-83CB-6534-39EEACFB3964,KI,GL,6,12
35FD8008-006C-7AB0-4CC7-39EEAD395E6F,KI,H5,4,-11
9BADF7A6-B8CC-DA15-B01D-39EEAD7354D3,KI,GL,5,12
3B1C899D-43BA-040E-8170-39EEBC61001F,KI,GL,6,12
81719A74-DA4E-4FA7-C914-39EEBCD58A44,PG,GL,5,12
C87B6547-836B-EAA3-B475-39EEBCDAFC69,FM,GL,5,12
CBC020F7-7086-808A-BC9D-39EEBD0487B3,FM,I4,5,12
95CE7AB8-A9E5-65C8-A1A4-39EEBD07821D,NR,FM,5,10
D0D43207-6D3B-A023-8C8D-39EEBD09D8CF,FM,GL,6,12
6CA01A88-3B53-484D-D0ED-39EEBD19D310,FM,GL,6,12
497FFDAF-1A9C-B8CA-DD49-39EEBDAF5423,NR,H5,6,-12
903C63CC-A96E-ED01-AA5E-39EEBDB01E61,LR,FM,6,10
AD6EA3B3-1073-F90C-6A53-39EEBDB14080,NR,GL,6,12
ED698D20-E4D6-BA92-5928-39EEBDB1EE1A,LR,PG,6,10
050EEA52-A829-18C4-2B82-39EEBDB39D23,US,IW,5,-10
6EA55DF8-96FD-8259-D34C-39EEBDB9085A,PG,FM,5,10
5AE2E9A1-B7A1-F1A9-2BAE-39EEBDE7D8FD,KR,FM,5,10
0F063A36-014F-D49F-1E69-39EEBE3E3CB6,PH,I1,2,9
693F8234-36FB-0D2E-D6B1-39EEBE8EDE9E,PH,I1,3,9
A284DC7B-43A4-24E5-DD2F-39EEBEE6037F,PH,I1,3,9
D176BBF9-2DA1-E86F-0817-39EEC16938DC,KI,PX,5,-11
D176BBF9-2DA1-E86F-0817-39EEC16938DC,KI,TV,5,-11
2A4EB63A-B927-2859-F9CF-39EEC1A8C70E,KR,CK,12,-11
33801635-AC3A-588E-0F68-39EEC24D8368,NR,GL,7,12
0F3E767A-3637-7A48-87DA-39EEC2AA1DDC,NR,GL,6,12
15A4417B-49EF-D235-1AB0-39EEC3613123,MH,GL,6,12
E7E8606B-AE86-671D-5B73-39EEC362DA78,MH,I4,5,12
1D3FE5E7-B86E-51AA-61C8-39EEC39ACFB1,PH,I1,2,9
3281A219-B4B0-3A3F-DC2C-39EEC72C41D9,US,PG,7,10
B0446C82-5231-47CC-67ED-39EEC730D739,FM,I4,6,12
D7971DC6-A924-0B94-FEC2-39EECBCAED61,PG,PG,5,10
61E7D6AD-39C0-A31E-25E0-39EECC28D86C,TW,NR,6,12
8538EA6B-11AE-2689-2C37-39EECC3011BC,MH,GL,6,12
8057856C-F188-0702-3B78-39EED1474786,CN,GL,6,12
3611B7A5-AEDE-2352-1303-39EED179AA64,KI,LN,6,-10
6421048C-4C0A-0D38-BB5B-39EED5D1ACF1,SB,GL,6,11
D87DEFE9-7450-9651-0997-39EEE09141DC,JP,FM,7,9
8B79A690-C96D-F8F8-80BB-39EEE0CC5C12,JP,FM,10,9
75D15E14-8093-C3D8-B39C-39EEE0D06802,JP,FM,8,9
69E04697-D020-E026-3D26-39EEE0ECCEF2,US,I5,7,-11
43E0C310-47F6-0047-BDF7-39EEE0EE181B,JP,FM,8,9
EE7C34B7-D845-6DF1-A41F-39EEE1FDB3BB,TW,NR,6,12
03F710BE-9AA5-7EB0-7975-39EEE59E9C5E,NR,H5,7,-11
7154BBB9-FC3E-C6A0-6338-39EEE5A98097,PG,GL,5,10
A1D2C70E-01A4-7BC7-5BAD-39EEE6083EA5,KI,PG,7,10
B9590214-5EF9-5D0F-C9BE-39EEE6AD8F96,MH,GL,6,12
5C4B6CD9-ED0D-96D8-AD74-39EEE74C4410,NR,H5,7,-11
DCB83EF3-E3C3-2100-9F58-39EEEAF70587,PG,GL,6,12
9D2AA291-FD3A-55CD-0FD1-39EEEC198769,TW,GL,9,11
9D2AA291-FD3A-55CD-0FD1-39EEEC198769,TW,PG,9,11
27C4BC27-7AF8-39CC-E2ED-39EEF07A03BB,KI,I4,5,-11
7BD853F5-DA53-E73B-4A25-39EEF4F84380,ES,CK,11,-10
E164D6C4-09D5-C6B2-79DF-39EEF5B08451,NR,NR,6,12
EF25CF5A-881C-D87E-00FA-39EF04862E2C,KI,I5,7,-11
4FCC97D3-F4C2-C19F-75BD-39EF048A490A,PG,FM,5,10
89762BEA-3CB7-F6FB-E236-39EF048C1AD1,NR,NR,6,12
95BEB1D0-92BA-544C-DE15-39EF04F3773D,MH,I4,6,12
0559094D-20EC-3308-22DC-39EF052A991A,PH,GL,6,12
82A8E8A3-3D01-6829-51EE-39EF05F16336,TW,GL,6,12
618E9381-4CE8-2F59-7A5D-39EF09743200,PG,PG,6,10
618E9381-4CE8-2F59-7A5D-39EF09743200,PG,PG,6,12
23178C96-C4AA-E3F6-ED45-39EF0978BEEF,TW,GL,6,8
C3558320-4C1A-3FB8-B4D7-39EF098A5742,ES,CK,2,-11
B0A1DB7D-0285-8218-B8AC-39EF09BB2C45,KR,GL,6,12
DADD854F-39B2-31B8-F853-39EF0A291AE4,TV,PX,5,12
9EF0A0A4-E7F7-83D4-1A7F-39EF0A481DDA,FM,I4,4,12
BEFFACED-AC06-9098-2D04-39EF0AAF9FF7,TW,GL,6,12
B5843CCD-96A6-2E33-1F97-39EF0B01B571,KI,NR,5,11
3E72F3D5-28F8-737D-E7C3-39EF0E4DA99F,ES,H5,2,-11
2CA39B17-CC06-2CC5-0496-39EF139E670A,PG,PG,6,10
D046E169-1E62-B4F6-7207-39EF13D710C8,TW,GL,6,11
28FE9BB1-3D54-97B9-8716-39EF1465D0EB,KR,GL,6,12
49A69E60-BAB1-BAA3-AD4B-39EF14723E02,TV,GL,6,12
88987EBF-EEE9-7912-A4D8-39EF1526D609,PG,GL,6,12
320411AA-F90C-82AD-D7CF-39EF18C49EAE,TW,GL,6,12
866E4BDA-C155-62EA-E1CB-39EF191D7756,FM,FM,6,-11
0B9FD9D8-B1DF-6EB0-5E6C-39EF1957EF1E,KR,GL,6,12
48FADCED-3475-2854-3FAD-39EF1992AB6D,PG,GL,5,10
48FADCED-3475-2854-3FAD-39EF1992AB6D,PG,GL,5,11
5FC64CF2-95F2-F1C1-874C-39EF1DEB3B50,MH,I4,6,-11
A9964E39-B40C-F4BE-A5DB-39EF28393CF0,FM,GL,6,12
7EAEFC60-EC4B-4EE8-254B-39EF289EA3F7,PG,H5,7,-11
54EE104A-5903-A3E2-D366-39EF28BEB18D,TV,GL,6,12
BFA252E7-B762-AEE9-B715-39EF28CBDC99,TV,TV,6,12
F1579286-9DF1-8096-20F0-39EF28EBA6FE,FM,GL,5,12
1D0BA0BF-1C6D-BE56-CABE-39EF2903B5EE,SB,FM,5,8
6BCE0A11-380E-E9DE-7028-39EF291F6555,SB,GL,3,11
A20038C5-ABD0-36A2-B34B-39EF292E94C7,KR,GL,5,12
5060B3A2-CB62-F10C-3981-39EF294479BC,KR,PG,2,11
5FC78902-D1D9-863F-C4F2-39EF2989DBD4,PG,GL,5,12
324EC516-87DF-55E4-D223-39EF29932F21,KR,GL,5,12
3165832E-E965-E353-9B0B-39EF29F76ED3,NR,I5,7,12
1DEDD8D3-9438-EB62-1615-39EF2A654A70,PG,FM,5,11
01786836-7FBE-6A74-4F59-39EF2DB8F4CE,FM,GL,6,12
73159CC3-12EF-0958-400F-39EF2DB9AAE6,US,I5,7,-11
ADF294CD-F459-3D77-E1CA-39EF2DCF8BAE,TV,NR,6,12
7C73CB37-8D44-D6BC-3C8B-39EF2DDF4FB1,FM,FM,12,11
7C73CB37-8D44-D6BC-3C8B-39EF2DDF4FB1,FM,NR,12,11
F889B6C6-7998-5628-BD01-39EF2DF5372E,FM,H4,11,12
7F0716DD-A6AD-9CF4-D66B-39EF2E041824,TW,GL,6,12
2C24C223-0BA4-1248-F1A4-39EF2E0B6CBA,TW,,4,8
6DFB226C-2D8A-C6E9-886F-39EF2E38897A,TV,GL,6,12
7C35792D-8644-9A1D-108B-39EF328467CE,FM,GL,6,12
B8E7FD27-EBAB-EB02-A51A-39EF3350D78E,KI,GL,7,12
3EA79E20-9350-AC72-6AE1-39EF3425A7A2,PG,PG,6,10
A81ACA25-D0E9-4F02-4330-39EF385AF593,FM,I4,6,12
D2753973-C122-256D-5A84-39EF387F6620,NR,GL,6,12
75B543B5-5987-00DB-FFBF-39EF38BB2A96,FM,I4,6,12
0AA9DEA0-507C-2955-FBD7-39EF3D535BD1,KR,GL,7,12
FCD38A3F-FB93-035F-FEEE-39EF4CD100A8,FM,GL,7,12
8FE1B245-9B4D-1E46-20BE-39EF4CD4B7E3,US,I5,7,-10
FFF4DBC9-D88D-9D91-636A-39EF4D137216,TV,GL,5,12
4D8E3429-805D-A4D4-F746-39EF4DD2185D,KR,GL,6,12
7BBCCF7F-1FAF-C89F-660E-39EF5157F0E6,ES,H5,2,-10
B7958200-4145-E62A-A25C-39EF51A9E94C,JP,GL,6,12
38DCEA76-E544-C48F-1188-39EF51B4A651,PG,PG,6,10
4F35C440-BCE7-79BC-7528-39EF51C9BA55,PG,NR,5,12
8357A4B6-D1E2-E6ED-E54A-39EF5228FD8D,PG,GL,7,11
11DC7AD7-F95A-D7DA-1141-39EF56910F02,PH,PG,7,10
29952756-DA36-376C-E212-39EF56E6FF89,KR,GL,6,12
89A0A508-33FA-ABA4-4CA0-39EF571165D0,TW,,5,8
2DFE3C8A-5F59-3993-DB4B-39EF576470A8,PG,,12,9
650A80C5-7C8D-1708-499E-39EF5832C67B,LR,PW,7,10
E8737DB7-7579-FFFA-6DFE-39EF58A0EB42,FM,H5,1,-11
85CC70BE-DB35-DB02-472C-39EF5C2CB41B,KR,NR,6,11
A6F2A4AD-B4FB-1880-8BE7-39EF5C587B63,KR,GL,6,12
3C4EED9B-C875-211D-4BE3-39EF5D973C6A,MH,GL,6,12
CAA4E2DF-B4CC-C994-51CD-39EF5D9B7149,TV,GL,6,11
572AB5FE-C01D-4F42-FA1A-39EF5DA3D6DD,TW,PX,7,12
3F059073-CE16-E166-C831-39EF60DE0A38,PG,PG,6,10
225AF3AF-5A75-5F1E-56C6-39EF61103052,NR,GL,7,12
9B44A9CC-5A69-BA95-6D57-39EF6180B416,KR,GL,6,12
F82D3A01-00CB-4AD4-C174-39EF70C22C47,PG,FM,10,11
339651B3-CD4E-887E-282D-39EF70DFD3FB,PG,PG,11,10
5DB83377-8C0B-D4C9-D85F-39EF71304051,FM,SB,1,11
5CC5356A-A0AF-A51D-016B-39EF7156B739,NR,I5,8,-11
5C56B149-07CF-6E9C-A277-39EF715753CC,LR,PG,8,10
5C56B149-07CF-6E9C-A277-39EF715753CC,LR,PW,8,10
DD363962-9BF7-39AE-754F-39EF7157F847,NR,NR,8,12
6C9662A1-6A88-EBE4-126E-39EF71587124,NR,I4,8,-11
836D5CAC-4DF1-D0FA-7CD1-39EF71DCB450,JP,,11,9
2837095D-C67A-603A-9802-39EF722612B9,JP,,1,9
6E0AE349-FEF5-2AEE-01A2-39EF72317C0F,JP,,12,9
696F0518-F40C-4647-A2CC-39EF7234113F,JP,FM,12,9
4139277A-BB35-2B5C-82AF-39EF723DE222,PG,,1,9
6BA8DEF0-D6B8-13E8-4085-39EF75A3A44C,JP,FM,12,9
64E6E4BA-A452-1A26-75C0-39EF75BF4134,NR,I4,8,-8
9CFD24BF-1D0F-AAAF-C9D3-39EF75C0DA03,PG,FM,12,9
BC807534-5126-5DB2-446D-39EF75CC9AD9,JP,FM,12,9
1D76C8FD-A27A-205A-33C9-39EF760E2B47,JP,,12,10
51D9D8CD-30D8-BDA7-151B-39EF770D1DAD,JP,FM,11,9
0996E257-0BBA-4FF8-200E-39EF7710F51E,VU,I5,8,-1
BF43CCB1-A972-A961-F1C7-39EF7AD81632,KR,GL,7,12
795D5936-3AA2-2062-87EA-39EF7AE0EBD4,KI,GL,6,12
29B998E6-AC0E-EE36-44DE-39EF7AEAF7E8,KI,PX,7,12
A528CFB5-1D0F-4B13-D041-39EF7AF46D07,NR,GL,7,12
16A92C4E-DD0F-91A3-C462-39EF7B130F0F,NR,GL,7,12
80E69C63-1A11-0F9E-B5F0-39EF7B1E002E,NR,GL,6,12
B02008AA-4FD1-747A-4D2D-39EF7B9AF383,MH,GL,6,12
BAAA5B51-7F4C-3B2E-05BD-39EF7B9DD10E,TV,NR,7,12
638CB850-E1FA-CDB2-467B-39EF7C13D034,TV,GL,7,12
6F5F6DEE-B1F7-3AF3-48C9-39EF7C18CE14,MH,GL,7,12
328C67D1-29F4-336B-4E8D-39EF7C1C8403,TW,PX,7,12
2E1BF60C-8035-A343-8688-39EF7C48C7D9,FM,,2,9
8A563654-DED5-A55A-818F-39EF7C6FD221,JP,PG,10,9
4C708584-9E2B-7229-9368-39EF7C71E3E3,FM,I4,7,12
4C708584-9E2B-7229-9368-39EF7C71E3E3,FM,PX,7,12
A03F5901-2995-0330-E741-39EF7FC4C2EF,FM,I4,6,12
78CC0C65-0BA0-5A03-5AB7-39EF8015B02E,KR,GL,7,12
63E35B0A-AA8C-7286-9836-39EF8027CA27,PG,PX,7,-11
BF4D0312-B197-24A3-79F2-39EF8031FB3A,JP,FM,12,9
B3EB863C-7994-2AEA-79BE-39EF8044465B,JP,FM,10,9
88F37270-A8EA-361E-4548-39EF8061B518,JP,FM,11,10
72AD0177-AA9C-34D5-8C9F-39EF806C16C7,KR,GL,5,12
1AF8D1DA-31A6-C098-4EF4-39EF85DE0043,KI,I4,8,12
5987A64D-0A18-DE8E-0F13-39EF94A1CA0D,KI,GL,7,12
640D95C0-A19E-9C51-B148-39EF94E18772,KI,GL,7,12
70306309-C0CB-1990-6322-39EF95010E69,PG,PG,7,10
F649B6FF-6B03-1702-04BF-39EF95073962,KI,PX,7,12
95130320-B3D4-40BA-B03D-39EF99C0284E,PG,PG,6,10
95130320-B3D4-40BA-B03D-39EF99C0284E,PG,PG,6,11
FF30DED6-5DDF-20ED-4CEF-39EF9A098FDB,EC,IW,5,-10
5865DBA3-5D3F-8403-BDDF-39EF9A6E8D17,KI,GL,6,12
41DB8E73-86E7-2C2F-3F75-39EF9B1F2650,KI,PX,7,12
B454CD11-11B5-874F-C11F-39EF9EAB1DA9,FM,GL,6,12
FFE648D8-46A4-B3E0-3C4E-39EF9F1A3284,MH,H4,6,12
09E91604-38A1-AA2F-E69A-39EF9F1DC15E,MH,GL,7,12
CD71543E-A94C-B083-5879-39EF9F220182,MH,GL,7,12
FC242AF6-3D9A-95C2-1716-39EF9F52FCCA,KR,GL,7,12
58D39218-BB0B-11B6-6449-39EF9F6AF122,KI,PX,7,-11
58D39218-BB0B-11B6-6449-39EF9F6AF122,KI,PX,7,12
B0B81379-727B-BFF7-FB10-39EF9F7953EE,KI,PX,7,-11
75104A93-D3DC-612F-7181-39EF9F8A25DE,KI,PX,7,-11
9218ADF3-58C4-AB3E-9339-39EF9F9D5AFD,KI,I4,8,-11
F5FE8D24-7248-AED9-3384-39EFA00E85AC,KI,GL,6,12
EE9C40FF-74A3-CD06-1413-39EFA014B1A3,KR,GL,7,12
FE0E76DF-7860-8386-6F93-39EFA023ABDE,FM,FM,7,11
68586740-1A2C-4FF9-92E3-39EFA09620CE,KI,H5,6,-11
808CEA46-FD6C-2BE5-6DA3-39EFA4137C77,CN,GL,7,12
BF800F4E-340F-F97F-A0AD-39EFA468C084,KI,GL,6,12
021026C7-D4AB-0CB0-16B4-39EFA47A3CA1,KI,GL,6,12
7C3BA2D7-E91D-B8E6-C412-39EFA4B89869,TW,PG,7,11
92B04BFE-F4C7-E3F1-1FD1-39EFA5A86E59,TW,PX,7,12
E5F03FE7-B807-DDBA-1C5F-39EFA99DB62D,MH,H4,7,12
B038D783-36DC-FB18-27FE-39EFB90E44C6,FM,H5,8,-11
EE2B5F94-8D25-778C-19FA-39EFB9D28569,NR,I4,8,-11
8AAAE534-C540-82A5-4707-39EFBA093645,FM,I4,8,12
52EA49C2-46FB-E76C-BCF0-39EFBA307131,FM,I4,9,-11
E952EC1B-0FC6-CF62-4BF5-39EFBE34AC70,KR,GL,7,12
4D517FAB-E485-A189-9F28-39EFBE7F955D,PG,,8,8
4D517FAB-E485-A189-9F28-39EFBE7F955D,PG,,8,11
622C2DCD-8043-74E9-4496-39EFBE9DE29B,US,I5,8,-11
B76CD6FA-67D2-3C10-A175-39EFBEB0A547,PG,,8,9
7B454FDC-DEC2-E182-69D0-39EFBF2C4C73,FM,PG,3,10
144535C5-7338-519B-05AA-39EFC2F1BBCE,KR,NR,7,11
B641D0D9-3C40-1547-6324-39EFC34351F1,PG,FM,7,10
F9F4D6DE-8B56-3E36-83D0-39EFC42BEB0B,PG,FM,7,10
5CBBF27A-88B5-6FDB-8C08-39EFC826D787,KI,GL,7,12
6A5E9F56-5849-90DE-0BF8-39EFC83466F2,PG,GL,7,12
B4624AC0-9C2D-809D-EBAC-39EFC89C2CB2,PG,FM,7,10
8285C2DB-AF9E-0F93-DCBD-39EFC9EB61BC,MH,MH,7,12
E715E05B-C44F-0F1D-94D1-39EFC9ED1632,PH,I5,7,12
02F91690-4CEE-7119-685A-39EFC9EF38DA,PG,FM,7,10
B3BC97E3-1310-04D6-45AE-39EFCD04B660,PG,PG,7,10
76D0B074-18A6-F088-4E61-39EFCD05189B,FM,FM,7,11
5BCB00D2-AFE6-34EE-253F-39EFCD05966B,KI,PX,7,12
E2AAC92B-C436-0D32-D932-39EFCD2803BD,PG,FM,7,10
A9D3C904-5DC2-6990-D834-39EFCED08D3A,TW,NR,7,11
B92B9A8C-BE80-867A-B129-39EFD7D1E661,US,I5,8,-11
41E660E9-42C2-EACB-0439-39EFDC78D908,PG,PG,7,10
19D0E682-7BB8-E50B-7A43-39EFDCB4101F,KR,GL,6,12
4420C952-CA27-15DE-D13D-39EFDD14865A,KI,H5,7,-11
FD18A63D-9136-B190-DEF7-39EFDE1804BF,MH,I5,7,12
3E5ACF51-1194-9507-5CA7-39EFDE22D3A8,MH,H4,7,12
26305F5F-D6C9-F4AB-4514-39EFDE288B51,TW,NR,7,11
8ACFD743-7C1F-9D08-0732-39EFDE2C16D0,FM,PG,4,10
C0C16384-49F3-EC09-84E2-39EFDE67641F,FM,FM,5,11
5B7768CC-B0ED-3E95-FFDA-39EFDE8F0727,FM,,6,10
0AB00E3C-A327-A6A8-0D56-39EFE1BCA06D,FM,NR,7,11
5891B162-09D9-8ACE-2B1F-39EFE1F755E5,KI,PX,7,12
5A35AF5A-4189-FB99-DCE9-39EFE20D9921,KI,GL,7,12
FE994C23-DCC2-9751-A430-39EFE24D648D,FM,I4,10,12
FE994C23-DCC2-9751-A430-39EFE24D648D,FM,I5,10,12
4E495699-8E38-41F2-B1A6-39EFE2C83433,FM,,1,10
02B51F33-2D7F-61B1-D9FA-39EFE2D1F61B,FM,PG,1,10
FF8F9764-D17D-FA79-B83C-39EFE7192839,KR,GL,7,12
DEEF9C6E-71E4-BC93-E89C-39EFE7342B5B,TV,GL,7,12
2295EEA4-CA94-F0E3-1F60-39EFE7A0438A,TV,GL,7,12
1268CC4A-22B4-1FFC-0907-39EFE7C0AA87,KR,FM,7,11
AEC0EECB-FE37-7D3D-83C5-39EFE86F1065,KR,NR,7,11
E2751DA8-8660-A7BE-361C-39EFE8C82630,FM,FM,4,9
AB649B2C-B040-0784-BF52-39EFEBEBDD67,PG,PG,7,10
9771B0D5-FFB6-6090-7F53-39EFECE3DC19,PG,PG,1,9
CF5FC47F-7D59-3770-BAAC-39EFECE7B7A8,PG,FM,1,9
D5002CD3-2FAF-8EFC-9DCC-39EFED8B47B3,PG,FM,1,9
5F175C1B-B597-10C6-5ECC-39EFF111A505,PG,PG,7,10
B06E4016-EC90-0D69-3894-39EFFB5E5AEC,TW,NR,7,11
172B54B3-E408-2863-01B9-39F000D269E5,US,I5,8,-10
CF83DF59-13BD-F1B5-BC83-39F000D32684,US,I5,8,-11
F2EAA374-F5F2-40AA-B22A-39F0013803FA,KR,FM,7,12
F2EAA374-F5F2-40AA-B22A-39F0013803FA,KR,NR,7,12
99788114-F042-1CD7-3CFC-39F00146F8BA,KI,PX,8,12
B11EC0F2-8884-8024-C7C9-39F0020BCAE6,CN,PX,7,12
8C6CDC70-5D05-D49D-BED5-39F0020C7AD7,TW,GL,7,12
2A98D226-FA16-75DC-B804-39F00248D501,MH,PX,8,12
1A3F8B3A-CF6E-B646-E709-39F005DBC380,KI,PX,7,12
2F0B6BA9-4C77-707A-4C41-39F006158F19,US,GL,9,-12
6FF0A310-7556-5B75-2287-39F00B9C5E81,NR,NR,7,11
5572252B-4E61-0916-B3B5-39F00CBB305E,KR,GL,7,12
4C97B458-334B-33E0-EA72-39F0103E3634,SB,I5,7,-11
86C7AFA5-69A8-2DB4-E1D9-39F010694E48,TW,NR,7,11
D9EE42A6-D0B6-BB81-9BDC-39F010E45DB9,KI,I4,9,12
F6A34122-3079-8C17-6A9B-39F012185777,PG,PG,10,9
F138803F-88F5-B202-9582-39F0151E2494,NR,FM,6,12
D8668D51-34E3-25EA-EFC6-39F0249244FB,PG,FM,7,10
36AC08C6-9B8E-4C4B-5D58-39F024930A36,PG,PG,8,10
CE542A79-3CC8-383A-21C3-39F024E43D39,PG,I5,9,-11
B3E00533-CDE0-E53C-B6FE-39F025EB564F,PG,GL,8,12
B974468F-A623-8630-9B36-39F025ECF4CA,TW,GL,8,12
75902017-5C5C-3DE1-9618-39F0262215C9,FM,MH,8,9
C724A1DE-A7AA-AC5E-4E3D-39F029FD07DC,PG,I4,8,-11
CC31E50D-A471-891D-F808-39F02A15E076,PG,FM,8,10
E9E337BA-DA4F-C7C8-137F-39F02A907551,TW,GL,8,12
48FB0A1A-1512-9C29-5A44-39F02A9FEE28,NR,I4,9,-11
AC8A6EAC-A723-966B-E503-39F02F6E65B0,FM,I5,7,-11
134CC849-B51E-F9A8-9C73-39F02FA38C9F,JP,GL,5,9
DFDDBD3E-5920-003A-6FC8-39F0340585E9,TV,NR,8,11
6FF9BFE9-AB4B-4AAA-0789-39F034C150BC,NR,I4,9,12
B9670436-E81D-FE63-FF66-39F034C70674,MH,I4,8,12
68175863-46B1-9AC2-80AD-39F034DC49A5,KR,NR,8,11
CD7EB277-CE61-C9CF-84EE-39F035535366,NR,I4,8,11
3B632CF9-2EE8-A966-FF7C-39F035749814,FM,I5,8,12
DD179CFB-4425-BAD5-932B-39F0357F874E,FM,I4,8,-11
AA3EE4BD-6D4F-00D5-1F3C-39F036093A10,JP,FM,12,9
F3C2E232-623B-F9C1-037C-39F0392BD6D4,SB,GL,7,11
75B44F7D-A5DD-AC73-AA2D-39F03AE3E553,NR,I4,9,-11
CD53B9C2-760B-43CC-1147-39F03AF38D47,KI,I4,9,-11
2152C430-5E95-A8B5-2CA1-39F0437888AF,PG,NR,7,12
FA120716-8FED-BEB9-D6A6-39F0437B02C2,KI,PX,8,12
CA62C6BD-481C-77B6-7330-39F048FBA99C,KI,GL,8,12
97D31D1C-5B7E-EC81-D870-39F0494C21FC,SB,SB,3,11
E85CC515-66A3-9679-57C8-39F0498052F6,SB,SB,4,11
1D36B901-AA80-B4E8-55DE-39F0499F817C,FM,FM,3,9
6D867FEB-179B-AB2F-9245-39F049F7A85D,SB,SB,2,11
D79404F6-6EA0-701C-1F34-39F04A40681C,FM,FM,7,9
92DFC993-F805-F166-21F2-39F04A507FC9,SB,SB,3,11
64C3AD1D-EB38-C756-86FB-39F04A6CCAD1,SB,SB,4,11
18C6D18C-7895-5347-54DF-39F04A71097F,SB,SB,5,11
408F4E59-F6AF-A838-EC90-39F04A869FC6,FM,PG,11,9
813328F6-15F2-6932-2FCE-39F04E9A5204,FM,FM,6,11
3DE03F8F-E4AD-10F6-6999-39F04EAECDEF,KI,I4,8,12
5414B723-EFA0-AB3F-9F33-39F04F4C9FC9,KI,GL,6,12
5AE77EAD-D92F-2C67-C5D3-39F04F7A1901,FM,FM,1,10
E49BABDD-DB3C-5344-D66F-39F04FE826D9,FM,FM,7,9
3ABFE204-1652-9D19-E477-39F05366D764,FM,FM,1,11
D826C4CC-FD6D-B3B1-0C4F-39F053AA825C,SB,SB,3,11
C30F3260-EEF9-B0AA-08C7-39F053AE1100,SB,SB,6,11
05F2B8E8-CF6A-CCFC-027B-39F053B46D6F,SB,SB,6,11
ACEBC983-4712-188D-658F-39F053CA99F7,SB,SB,7,11
85DADFAC-1F86-7B6F-7F1E-39F053E8A87E,FM,SB,4,11
13D54FD9-B991-84F0-8C6A-39F0542F7472,PH,I4,8,-11
C054C290-E703-BF94-3DDE-39F0547DBC0E,SB,SB,8,11
7CAB1A39-ECF9-3507-4F99-39F054824E70,SB,SB,7,11
84B11BF6-A269-0EA3-2C89-39F05488D30F,SB,H5,1,-11
19E79ADF-A3A2-0EAA-C842-39F054DADA93,TW,FM,8,11
9826DCEE-6529-C289-20DA-39F05814096D,KI,GL,8,12
2D734E8E-9775-D06E-0CD8-39F058C13E44,KI,GL,8,12
FB8CF94B-E16A-009A-36DD-39F0598FD586,KR,GL,8,12
B98D06D6-56FF-5A49-B4A7-39F059A081B8,TV,NR,8,11
5D5A2D6C-7244-5177-94B4-39F05D7807B2,KI,PX,8,12
5F33D7C8-50CD-F11E-B0A2-39F05E1A9C8F,KI,GL,7,12
404A25CF-769B-C925-20FA-39F05EE5FB27,FM,FM,3,11
AEEA666F-3AD8-83A8-DEBA-39F067864318,PG,PG,8,10
90679141-E71D-1A6A-9547-39F0678681B7,FM,GL,8,12
11EB8E51-C27D-740F-59FA-39F06D06F66B,MH,I4,8,-11
DE09AF78-0E05-B0E2-44E1-39F06D268726,LR,NR,9,11
D6471AA6-DFD2-F799-93D5-39F06D27DECA,NR,TV,9,12
7254E89F-FC6C-73A7-C192-39F06D288324,NR,GL,9,12
85D7010C-E718-0063-F2C9-39F06D28DD24,KI,GL,8,12
16910D8D-382A-B714-E88B-39F06D2D8DC8,US,I5,8,-11
5131434E-2064-2E08-9374-39F06D564895,US,LN,9,-11
82EC377C-BB6C-6E5A-3F46-39F06D69105A,MH,NR,8,12
44B1890C-5276-0036-6BB4-39F06D6BD154,TW,NR,7,12
71437280-5BFE-37A2-1168-39F06DBA65F1,FM,PG,5,11
DBD89250-510A-A3AA-5FA5-39F06E8D842A,NR,I5,9,-11
1DDB9D45-0FA4-859B-372F-39F06E937DEC,FM,TV,11,12
3FB3534E-2ECA-6BA8-CEF1-39F06E9A9023,FM,H4,7,12
8DFB5F52-FAFC-6164-13DA-39F072000201,KI,H5,1,-11
F65C8885-AEA6-4444-5F0E-39F072502AC8,MH,I4,6,12
8E71E399-0B23-4342-6F4C-39F0729D34E1,KI,GL,9,-12
44CAA3E9-8229-04F0-2B10-39F07333B16D,KI,GL,8,12
7499A4B6-9047-D09B-F53C-39F073ABB420,FM,H4,10,12
4B5C970E-D97F-3D7B-705A-39F0779DDB75,KI,PX,7,-11
04B6D760-09DE-C78D-C878-39F077E0E3A1,KI,I4,8,12
A9735D10-02F7-A902-2EDB-39F0786DEB2C,KI,GL,9,12
01032D7B-F3FB-E6AF-6D05-39F07893412D,KI,H4,8,12
EC20A594-B6FD-2E86-9A8C-39F078D451A0,TW,GL,8,12
98B957D6-2FF5-3ACB-2249-39F07906DFB5,FM,PW,9,11
10105AED-9931-3778-5C49-39F07C82E190,NR,GL,9,12
5CD61D76-9996-BD67-68B9-39F07CA1016A,VU,I5,7,-11
55B117A3-2872-F6ED-7A00-39F07CCF0647,TV,TV,9,12
7E216F87-90E2-C786-59EF-39F07CDAB5E5,TW,GL,8,11
DAAA2662-BD6F-F2EB-515D-39F07CE42131,PG,FM,8,11
8F194566-3ACE-61A8-D8EC-39F07CEFE200,TW,GL,8,12
818FC642-2A4F-1099-6486-39F081473C89,PG,PG,8,10
681CD0D6-3946-E91F-9697-39F081482E5C,PG,PG,8,10
6C13E108-4A80-9048-A0E7-39F0823957CC,NR,TV,9,12
C053BD67-7C54-D67C-4B59-39F0866CCCC8,FM,FM,8,10
4ADC24FD-A0E6-2956-3ED3-39F090F25DB4,KI,I4,9,12
328A7E3A-549F-9ADE-7494-39F09136E589,KR,PX,7,12
9732F9A2-1BED-16E9-BB33-39F0914F0B3E,KR,GL,9,11
9732F9A2-1BED-16E9-BB33-39F0914F0B3E,KR,GL,9,12
A16E26FC-3C9E-B9B6-7A46-39F091539921,PG,FM,8,10
BCE674CE-E0DD-5D71-F8E2-39F0915D2EAF,KR,GL,6,12
38C985FD-926E-2F14-937B-39F0916B34C7,KR,GL,5,12
8FCCD760-23C1-1A5A-3E75-39F096B259A5,MH,I4,8,12
E8517F8F-73E4-BB5A-962A-39F096B5F224,MH,I4,8,12
8BE53B3F-2270-DBE1-346F-39F096DCED79,PG,GL,5,12
D71CFA33-219D-1313-B89E-39F09755A67B,FM,GL,9,12
8E153AA2-C1FF-BC25-2644-39F09766492F,KI,GL,9,12
D68B29D2-7D96-FAB5-9401-39F097BA0FD6,US,TV,10,12
F45F8B2D-FBC5-158A-09D5-39F09B62A454,US,GL,10,-12
1967C06F-E655-85AF-6621-39F09B7C375E,KR,NR,8,12
25DCA000-BA03-5EFE-4FCF-39F0A07F000D,KR,GL,6,12
BEB1B2D9-2FFF-972B-39D2-39F0A0940F48,KR,TV,8,12
D96D25C9-1BD8-965C-E059-39F0A18BDC6A,KI,GL,9,12
129F46E5-E602-03C0-522B-39F0A1ACB509,KI,GL,9,12
8FE110F7-BD55-0FA2-58C2-39F0AFA11981,PG,FM,8,11
7A76373B-4EAC-0788-994D-39F0AFA1CB2D,PG,PG,8,10
193FB3A8-3444-F0FE-82F3-39F0AFA22BA2,KI,GL,9,-12
17AE0899-2760-574B-169A-39F0AFA29516,KI,GL,9,12
7C1A3FEC-D0E9-F530-2686-39F0B51196F7,VU,TV,10,12
258C6A8F-F8B1-C0CD-56E1-39F0B516EBF1,KI,GL,9,12
E08A522E-730A-CC7D-941E-39F0B55387BE,SB,GL,9,12
3E1BD6A1-466E-AEC3-29F7-39F0B5596DE5,TW,GL,8,-12
0223D4B3-291D-E282-CC68-39F0B55F7CA3,KR,GL,9,12
34831FCA-90EF-CF43-AA63-39F0B56FC0B4,FM,GL,9,12
5ACE0C6D-A583-F661-9F9B-39F0B57B6330,NR,GL,9,12
B3B6537A-4F44-0747-08FD-39F0B58E5BBF,FM,H4,9,12
B1CE767F-1CA0-91BC-BB13-39F0B5A23C6B,FM,I4,9,12
7C8D1C39-5C66-D36D-1EA4-39F0BA3143A0,PG,PG,6,12
FDA0C6B7-9FFA-B554-01B4-39F0BABDD2F3,US,I5,9,-11
7D828853-E081-0CEA-B954-39F0BAD42130,JP,GL,8,9
ED96EFD2-BCCE-B3BD-D3BC-39F0BF12D1E4,PG,GL,8,11
41CDD031-C432-C29A-8438-39F0BF15FBDA,KI,GL,9,-12
A1EBF5A2-2484-7BDB-BC64-39F0BF44D78A,PG,GL,9,12
A1EBF5A2-2484-7BDB-BC64-39F0BF44D78A,PG,H4,9,12
9463154B-7FF7-32B4-8F88-39F0BFBFCB19,KI,GL,9,12
2C256A1C-1704-AC45-3BDE-39F0BFCD09BB,TW,NR,5,12
678D8471-5461-C121-2750-39F0BFF2A7B7,TW,PG,9,12
90A8B410-40EA-F46D-AC30-39F0BFFB7EFF,SB,LN,12,-10
C7B7D9B3-987C-6770-F383-39F0C0029A10,PG,GL,9,12
9AF34EA7-B58D-727F-1C59-39F0C07AC1C5,TW,PG,9,11
32EFCC84-482B-A99B-6F9B-39F0C0BED6CC,TW,PG,9,11
640B1E86-F73C-5D75-20B8-39F0C466517F,KR,GL,8,12
E2458868-879C-F99F-7FF2-39F0C4883347,KR,TV,9,12
EA5EEFBC-3F7E-06AA-0D02-39F0C4BEB2A1,KI,GL,9,12
2CD2796A-1BBF-D9A5-4527-39F0C4E358D8,FM,GL,9,12
78DA37D5-6E0A-B448-35F2-39F0C5170ED7,PG,GL,8,12
8FA7B554-976D-FA02-0A3A-39F0C5D3A30C,KI,GL,9,12
1706D8D8-EA55-B46B-3285-39F0C5E49541,SB,SB,1,11
2B35D03F-1973-E774-7782-39F0C64419F1,SB,SB,4,11
BCFCDA44-1EE0-A879-C0FD-39F0C6553B73,SB,SB,5,11
58EF64BE-094A-3A0D-45D4-39F0C9ACD823,KI,I4,6,12
33108CCF-560C-069E-48A8-39F0C9DAFFEE,SB,SB,2,11
BFDE6D19-F571-FE20-508D-39F0CA09C9AC,SB,SB,3,11
9C80A29D-EAC5-1C9C-88AE-39F0CA31C44F,US,TV,10,-12
C24A3370-D8B7-DCCF-C797-39F0CA3FC137,NR,TV,10,12
2EE38358-186C-5A1C-A754-39F0CACF597A,SB,SB,6,11
0BB1D6A5-4F51-D9C5-A7C0-39F0CB181EB8,SB,SB,5,11
D54007B6-7332-6E54-0A58-39F0CB2D73C8,SB,SB,7,11
B59E7010-4567-9D8A-AAE4-39F0CE878D15,FM,I4,8,12
B4288855-4903-EAB5-24C8-39F0CE884882,PG,H4,9,12
01049E28-3AA5-5AA4-65EE-39F0D3ADA7A8,PG,PG,9,10
8D755698-3A7B-1EEC-5EF4-39F0D3ADF169,KI,GL,9,12
2CE4A7E9-E28C-3EA4-CBAD-39F0D93823BB,PG,GL,8,12
A26D5B75-814F-846A-A7E8-39F0D9C6369E,KR,TV,8,12
3FDE21AA-D256-175B-98BC-39F0DA6BEBE0,NR,GL,10,12
DE670801-FE17-0ECE-EF26-39F0DEDE9257,MH,I4,9,-11
1895F112-F457-FBEB-1616-39F0DEE0A40D,MH,I4,9,12
F4C7192D-5F26-1AB0-D911-39F0DFCB95DF,KR,TV,9,12
7479E6D7-D8BA-4FC1-22F7-39F0E37C5738,JP,FM,10,9
8A24EF03-AF67-B281-FD82-39F0E3AA7843,JP,,11,9
0D75B76B-7796-4BD9-6A1E-39F0E3AE73EE,JP,FM,11,9
0A3EF43E-922A-7E4D-FE48-39F0E4EAED12,SB,SB,8,11
75234378-7402-ECF9-7E01-39F0E847A2DB,TW,PG,8,12
8D8002FA-988E-3B7E-8CF9-39F0E849BAC8,KI,GL,9,12
718A1209-800B-82C4-8676-39F0E916CE00,SB,SB,2,11
5B2D5969-13EA-CED8-8FDC-39F0E9217930,SB,SB,1,11
2CC05DC8-8344-FFEA-EC50-39F0E9BF45BD,PG,PG,2,10
C4BA41CE-D40B-2BE8-7CC5-39F0E9CC0100,TW,,1,12
16BC6239-F0E4-ADC3-8DAD-39F0E9DE1798,JP,FM,6,9
519E3679-89AB-231D-2E4A-39F0E9E0E820,JP,FM,6,9
CF281883-59CF-1322-86EF-39F0E9E4AB11,JP,FM,7,9
FDAB9C3D-6670-4377-ECBA-39F0E9E5FE25,JP,,3,9
B57C0172-49B7-0528-D7C3-39F0E9F3C23A,JP,,2,9
B7AC004E-E92F-35D6-7B13-39F0EDA6FE5D,NR,GL,9,12
08EF4D95-92F0-0583-4840-39F0EDC57B19,KR,GL,10,12
978B5BAC-994E-175A-9E39-39F0EE66288A,PG,,3,9
4A9E199B-076C-7E35-6473-39F0EE75EECE,FM,NR,8,12
03606FB9-C015-E96B-C3B8-39F0EE7E42DA,KR,NR,7,11
DC0B24C6-9DDD-BD33-B6A9-39F0EEEFC7EF,KR,NR,8,-12
FDA07849-B1FD-6D92-4911-39F0F2972C0C,KI,GL,9,12
EA4012CD-34FD-F358-06EA-39F0FCDFB82E,FM,FM,7,11
054024E6-813A-2344-C394-39F0FCE48A7D,PG,PG,9,10
EFB0DB1B-0897-A0B5-5093-39F0FD11180F,US,TV,10,12
8D53D204-75ED-61FF-9C0F-39F0FD274916,PG,,4,9
7F35247B-079A-4741-28E8-39F0FD2C1178,TV,I4,6,12
2269469E-7A84-0C03-E3CF-39F0FD3F2242,PG,,6,9
9CC8345C-485E-70E8-2668-39F0FD41B952,JP,PW,3,9
1301ECDA-8F04-BAF7-2496-39F0FD444601,JP,FM,5,9
A5F222BD-2321-3B1A-4187-39F0FD455F62,JP,FM,7,9
A08B1265-9F41-C203-447C-39F0FD469BE5,PG,FM,5,9
AD69F7A2-D45F-4009-6566-39F0FD48179C,PG,,3,9
C1CDB068-9EF2-0D82-B580-39F0FD4B567D,PG,FM,6,9
F4C65C8E-30D2-BD29-A152-39F0FD4CFB62,JP,FM,3,9
DFECFC02-010E-A11F-0027-39F0FD524C34,JP,FM,7,9
F6E6B656-56B5-D549-AD66-39F0FD6C2514,SB,SB,4,11
BBD8B459-599F-3F55-3F43-39F0FD719C37,JP,,4,9
1A14F962-D63F-BB9D-160F-39F0FD73060B,JP,,2,9
5969B100-5FFF-3078-9755-39F0FD749942,JP,FM,5,9
07F3157E-0D20-A8C9-630A-39F0FD840C10,SB,SB,1,11
E2EFBE68-8209-8A99-6A30-39F0FEA1FE1B,PG,GL,10,12
7421A0B9-3612-E1A3-579A-39F10282FD1F,TW,,1,9
33C9C5F3-8CC2-2A46-DFB0-39F102A2BDE0,JP,FM,6,9
977A7A87-B6A1-BFB5-7AC3-39F102BADCB5,JP,,3,9
9C666718-6C60-798A-2647-39F102BC25E4,JP,FM,7,9
F6E5EF8D-0224-7BE3-AFCB-39F102C00468,JP,FM,3,9
6019965A-7C80-E474-4795-39F102D0119B,PG,FM,8,10
1B5F0905-5C03-179E-3BE6-39F102E0DCED,JP,FM,4,9
BB526B81-D67C-838C-C48E-39F102E9063D,JP,FM,5,9
DB7FDF46-6B8F-6784-8F6B-39F102F96422,PG,FM,9,10
13834EDB-6D69-3EB8-1B34-39F103727A3D,PG,TV,9,12
400FD281-6FAA-2088-7B14-39F103C5DF49,PG,TV,9,12
AEA0A59C-F8CA-8437-2451-39F103E5A174,KR,,2,9
C4BFC18C-6CAC-594E-FC08-39F1077522E9,KR,FM,3,9
C7827046-B078-EE23-7449-39F10777E081,KR,FM,7,9
598FF52B-36C5-2F94-136C-39F10778E800,KI,GL,9,12
F1019810-6198-F40F-A473-39F10779B27D,JP,,2,9
FE9B0213-B924-6B1B-F5B4-39F1077C253A,JP,,3,9
DA575E92-2700-D9EC-44A5-39F1077D3B15,JP,FM,4,9
008661AC-43B7-0119-9D4E-39F1077F7483,JP,,2,9
4F743486-4A68-5EC5-4351-39F1078086F0,JP,,3,9
88414174-1C57-C629-95E6-39F10781C375,JP,FM,5,9
5CB94194-6D82-D15B-6A2C-39F10782E14C,JP,FM,4,9
40F5424A-6B65-85DE-F22B-39F10784268A,JP,FM,6,9
C5B7F601-C37F-21E9-BB43-39F107852F26,PG,,3,9
2E05A8A8-15D9-408E-EF7F-39F107876B59,PG,FM,5,9
0071F689-9775-C3BF-7140-39F1078886BA,PG,FM,6,10
F3A7D922-DC2B-C82C-1719-39F1079BDE30,JP,FM,5,9
0D77ED81-EE87-A8D1-BC5E-39F1079D13C2,JP,FM,6,9
093C5DEC-3625-9BDA-3DFD-39F107A08E0A,JP,I4,9,12
7BFC5440-43C0-BDC6-6D18-39F107D961FB,KR,GL,9,11
7C7B8675-3CB1-6D5D-50BF-39F107E6A42E,PG,FM,7,10
56945111-C8E9-2371-C2D6-39F107EB3C7D,TV,GL,8,11
BF139C22-A912-8CD6-501F-39F108189FA6,JP,FM,3,9
B1A517E1-C58B-3F0B-433B-39F1081A6289,JP,FM,7,9
5582AEF4-E819-C515-7AEA-39F1081BB7BD,FM,I4,7,12
DEC3137C-4A2C-FA3B-FC16-39F1087300D1,TW,TV,9,12
E7E64914-2F52-CC60-43E3-39F108AD5F8E,PG,GL,8,11
35D89931-5D34-C9BC-5FBC-39F10C8DCF67,NR,GL,10,12
4B80DEB7-D527-9B24-6CCC-39F10C8EAAE9,US,TV,10,-12
22A8336A-4892-F053-7FAB-39F10C919547,FM,I4,8,-11
BB0E1364-229A-1D1F-F45C-39F10CA6A1A8,KI,GL,9,12
BB0E1364-229A-1D1F-F45C-39F10CA6A1A8,KI,I4,9,12
6AC5CB5F-B82B-0AF1-6D35-39F10CAF160F,SB,GL,9,12
B1991002-D293-CD81-747A-39F10CBCC671,FM,GL,9,12
422D2DE2-9CDF-FF7E-D4CE-39F10CD451D6,KR,GL,9,12
D923FB05-0AEF-0EB9-8F48-39F10D008E58,JP,FM,3,10
FA953F19-AB4B-7AD4-67FE-39F10D01EECE,JP,FM,7,9
D9FCB308-CD1C-A737-BD27-39F10D03212D,JP,FM,6,9
86B9C3EF-9041-9237-5B29-39F10D043A5C,JP,FM,4,10
FE1F2D1B-1114-C8BF-9A80-39F10D054E63,JP,FM,5,9
8A3607A9-549C-2BB1-7D65-39F10D37C35D,FM,GL,9,-12
A7BC6F50-9375-18B5-A81D-39F10DE5F2A2,PG,TV,10,12
3EC9443C-935C-6A9F-688F-39F10E1BED96,SB,GL,10,12
E0E6C16F-8DD4-F3AF-789C-39F10E249C74,NR,GL,10,12
E989CA0D-B640-EA0B-C127-39F10E35A0CA,NR,TV,9,12
3332EE9F-BEC7-2F14-821B-39F111E46E6B,KI,GL,9,12
F2B1B974-47D8-1A84-DFB3-39F1126CFE3E,FM,I4,7,-11
F2B1B974-47D8-1A84-DFB3-39F1126CFE3E,FM,I5,7,-11
6991F801-A6F4-6479-8F88-39F11307C45E,PH,I4,9,12
35BF0FC7-A364-26C5-A1D3-39F116A54CCF,FM,FM,9,11
99B27E2D-D0CC-E421-54BB-39F12148BB66,JP,FM,3,10
505AE213-8FB9-90BD-BADC-39F12175D69F,JP,FM,7,9
30C2193C-11E6-C01F-86A5-39F121839602,JP,FM,4,9
36B28FFE-D7EA-12E0-F434-39F12195710A,NR,GL,8,12
B3EA51B5-37A5-1E77-FE5E-39F121B53089,JP,FM,5,9
87F6EAA5-BDF2-8240-99AE-39F122688190,JP,,2,9
E3329D94-D0BA-9E3B-7DDB-39F1226B137D,JP,,3,9
319F712A-34CA-5B6C-8F20-39F122803B08,JP,,6,9
3AE4D08D-BDBB-9D40-1E04-39F1228662B7,JP,FM,7,9
585762EB-569B-F50B-665F-39F122AA190A,NR,TV,10,12
0D7267F0-12A1-364E-F0C6-39F123081999,MH,I5,10,12
380CB5D7-A6BB-AEE7-E844-39F1230AED8E,TV,GL,9,12
E6323F95-772E-DA3F-BEB4-39F1230DECE6,MH,I4,9,12
5FC560C0-45A2-6F47-3A37-39F12317DA6E,TW,FM,9,12
CE6F95F5-3441-F9FB-E12A-39F126474D54,NR,GL,10,12
15410E3B-9E74-C0BD-3ADF-39F1265F2490,FM,GL,10,12
478526A1-23FB-96F0-1D5E-39F126874D6F,KI,GL,9,12
F862105F-DFB2-FB9F-01FB-39F1268C883B,JP,,1,10
1C8F476F-C654-6A92-4588-39F126D643C1,JP,FM,3,9
554482CB-F086-D44A-8C59-39F126DE9991,JP,,3,9
9730C74C-E2F2-97CF-27F8-39F126E34925,JP,FM,4,9
EF2D54B7-5871-7A90-D330-39F126EFCA46,JP,FM,2,9
30F9131D-2314-BED3-B23C-39F126F782D3,KI,H4,7,12
393F990E-DEF1-2E45-B00D-39F126F7FB7C,JP,FM,1,9
32B5E4D5-6216-28F6-D93B-39F127DCD440,JP,FM,5,9
8905EE8C-772F-FA7C-B721-39F12B2E05A7,FM,NR,7,12
76478224-B0B7-7AE9-A9A3-39F12B342CF9,PG,FM,9,10
3E5EEEC8-AB5B-E53B-3D69-39F12B344EC8,KI,GL,9,12
2B32630B-7D18-2FE5-DAF2-39F12B34A3BD,PG,TV,9,12
7196A762-87BC-6FF6-74A6-39F12B34E917,FM,GL,10,12
EFE6369E-026E-3C28-1165-39F12B34FBF1,KI,GL,10,12
D183BAD9-9626-0842-97DD-39F12B89872A,JP,,6,9
4AC1930B-0282-E08A-3EEF-39F12B8D6046,JP,,2,9
348223B6-4E55-16C5-C6F0-39F12BA76D17,JP,,7,9
72BB8D8E-F518-C325-DCAB-39F12BAB92DF,JP,FM,3,8
DCC4E7FC-F664-6B32-1FDD-39F12BBF0F09,JP,FM,5,9
22668B08-0187-62A5-3C36-39F12BC289EA,TW,GL,10,12
3C446133-5503-5ADF-CBC8-39F12BF10D49,TW,GL,10,12
52337B6E-A004-A8EB-76D0-39F12C062C86,JP,,3,9
BD095F15-5106-70EE-34B1-39F12C14AFA3,NR,TV,9,12
674D6434-0969-3222-4B37-39F12C17D6B3,JP,GL,7,-12
DB54956D-F374-B604-6874-39F12C300DE4,FM,GL,10,12
213CD5CA-A00C-9A14-BA0F-39F12CC7CCFC,JP,,3,9
2D36D055-2988-95AF-D6F9-39F12CCAD5C0,JP,FM,7,9
85C28F8A-A1D9-A37A-1D1B-39F12CE4D187,JP,H4,5,12
85C28F8A-A1D9-A37A-1D1B-39F12CE4D187,JP,TV,5,12
99470EC0-770F-3C2B-9A3B-39F12CEE2BBD,JP,FM,4,9
3CFE4A6B-D44B-014D-6D34-39F12CF8ECC7,JP,,1,9
428950B4-ACDC-20BE-A7D8-39F12D11826C,JP,,6,9
1277586B-14FA-113E-477C-39F130AF7497,TV,GL,9,12
A408D8AA-5216-4761-E9D7-39F130B2A127,JP,FM,7,9
473B6373-F1F2-45CC-BC7E-39F130C26F52,JP,,2,9
1CF6F541-4CE0-1406-DB24-39F130C27452,KR,GL,9,-12
90705EF5-3CF8-0D47-894E-39F130D30A17,VU,GL,10,12
8B154D73-88A3-55B1-613D-39F131320A7B,VU,GL,9,12
CEDE1F38-567D-6291-5057-39F131FB3B87,JP,FM,2,9
3D453D88-ACFF-9A0F-D136-39F1320148D4,JP,FM,5,9
150408D4-595A-5D95-8021-39F13218E5EC,JP,,3,9
695C3A85-DFCB-62A7-9671-39F1321B02D6,MH,TV,10,12
3409FBD4-8DCE-5E7E-7B69-39F1360E209B,PG,GL,6,12
4385103A-8314-89F0-E5F4-39F1361CC65E,KI,GL,9,12
6D2AC6FA-7925-C56A-AEA4-39F1364C7E38,KR,GL,8,12
B13071DA-6549-4DAE-6DFF-39F136603569,KR,GL,6,12
556A7BBC-821A-C053-9189-39F136D3C502,VU,LN,10,-10
31EF5B57-C5B0-F0F7-CED3-39F13FCF2562,KI,GL,10,12
043F0FEB-63AC-CF48-2F20-39F144F5957E,PG,PG,9,10
56AAAF1A-B934-48A6-0CCE-39F14544ACC0,NR,NR,11,12
195893FB-BBB9-F415-911E-39F14547F808,NR,TV,11,12
2983FEF8-15AE-B6CE-A5F7-39F14592FAD0,KR,GL,10,12
21FF0C91-D873-F961-04E1-39F145E13789,JP,,2,9
A26E4513-56CF-E479-1FCE-39F145EDC2E3,MH,I4,10,12
E3BDEF6B-F1F3-D405-618B-39F145F52D3C,JP,FM,4,9
7C796719-4484-5CC2-8714-39F1465C0673,TW,GL,10,12
4E17DB63-C918-E957-7EBE-39F1468987FC,JP,FM,5,9
09C86811-931C-7EA0-AE63-39F146A65D72,JP,FM,4,9
82C8D3C0-8842-35D2-FF3B-39F14A74418C,TV,GL,9,12
4DCBACC5-F427-0C5E-CA18-39F14A7EA500,KI,GL,10,12
18D6CCA8-7DE8-6F01-2059-39F14BDB9DE4,JP,FM,4,9
91634228-2922-245F-6669-39F14FC5D2A8,MH,I5,9,12
147DBCAE-B0AD-0C93-D612-39F14FD13720,KR,GL,9,12
89A698DF-1673-C95D-8072-39F14FE2EA7D,MH,I4,8,12
21FAF0D4-0954-C4DF-7A40-39F14FE42341,KI,GL,10,12
57239F22-F938-D629-5594-39F150A49360,VU,GL,9,12
DA1EB03A-03D2-7E08-A2B5-39F150ABE561,KR,GL,10,12
7ABA6F03-9E0D-09DE-00D9-39F1546622EF,TW,GL,9,12
6095CBF4-C908-6962-1940-39F15466667E,TW,GL,9,12
B8245942-7D34-75AD-AABF-39F154679E10,KI,GL,10,12
1D300814-E1DA-92DD-396B-39F154956271,KR,TV,10,12
077A9382-1C4B-DB27-E91A-39F154F1B2DB,SB,SB,9,11
4932F046-1EBD-A638-028A-39F154F65952,SB,SB,3,11
6F829244-43A5-D5EE-F2D7-39F154F8CFD4,SB,SB,4,11
23DB58E3-6A2A-0AAB-9DD4-39F154FEB1A9,SB,SB,2,11
08AD2D1E-04FB-7F8D-02CA-39F155007B31,SB,SB,9,11
ACB6752A-E9BD-9522-9ED7-39F155023E91,SB,SB,4,11
EE9C1A04-A2B4-892E-2313-39F1550407DE,SB,SB,9,11
8F61B3A2-6143-F6F0-3B07-39F1551F198D,KR,GL,10,12
AE524A43-8A73-A549-71E2-39F159D59E28,PG,FM,9,10
4924F106-A34E-F858-7C21-39F15A38708A,KR,GL,9,12
31CC65A6-AB98-5246-69EF-39F169988232,TW,GL,10,12
5898B42F-2942-7DDE-7D25-39F16A903BDE,TV,TV,10,12
C3BA7BDE-D577-9D48-FA0E-39F16FECA755,NR,GL,10,12
A01D67F4-4950-7C06-9CC8-39F1738E294F,KI,H4,9,12
A01D67F4-4950-7C06-9CC8-39F1738E294F,KI,I4,9,12
AD5116DB-693A-DC65-E301-39F1739F0124,TV,GL,9,-12
9C63D607-8379-57B1-7B52-39F173F13846,KI,GL,9,12
4B43337D-7D2B-48D0-2860-39F178B379DF,KR,GL,5,12
B1EE548D-48E8-96E5-6290-39F179174BE3,KR,GL,6,12
E06CFCE1-525C-9AAD-F5BA-39F1797A84C5,KR,GL,8,12
1AEA2637-DED3-7F43-F013-39F17E2CDC5F,TW,GL,10,12
6B9E1E6A-6A66-5AF1-E84D-39F17E9FAF0D,PG,GL,10,12
2D15180D-FAC7-BA04-CD79-39F18D34871C,NR,GL,11,12
5F2C1C7E-D293-7CA5-2CFC-39F18D77B97E,FM,GL,10,12
3876F4BD-7BAB-3A85-DE19-39F18D9AF59F,FM,GL,10,12
B9628DB3-C1FF-E59B-93E4-39F18DA41C17,PG,TV,10,12
B2D24FB1-3523-E988-5916-39F18E7AA07E,TW,NR,10,-12
CFAF23AB-C5ED-931F-1262-39F192F125CA,PG,GL,10,12
5F79A721-1B89-9ECF-460F-39F193840EA8,KI,GL,10,12
8C529543-992F-DF39-EC09-39F1939FB2E4,KI,I5,8,-11
638D86FD-8BF8-CC57-9C38-39F193CC47F1,KI,H5,5,-11
AE837467-2332-BB28-CACE-39F197B283AA,MH,GL,10,12
282EC3A6-10B2-D233-BCFD-39F197DE55E3,KI,GL,10,12
399C07AA-592D-D55C-02A8-39F19CC3280E,KR,GL,11,12
4CA03BF4-706C-5586-57D0-39F19D0D6FB8,PG,GL,10,12
930B93CB-B8A1-0BFC-33DF-39F19D42ADD2,KI,NR,10,12
87F3BA24-2C94-B935-C0B3-39F19E23B00E,PG,GL,10,11
87F3BA24-2C94-B935-C0B3-39F19E23B00E,PG,NR,10,11
D05AB65E-FD91-A216-9DD3-39F1A25E2278,KI,GL,10,12
10D3B0A0-9208-9052-CC81-39F1A28C9A7A,MH,I5,10,12
030E2427-BC04-6A13-F2EF-39F1A29ACAD3,PG,NR,10,10
030E2427-BC04-6A13-F2EF-39F1A29ACAD3,PG,NR,10,11
FBF33F31-1508-4F90-9FE6-39F1A304F143,PG,GL,11,12
ABE8BF7A-1821-0E70-4430-39F1A3248E1E,MH,GL,10,12
AD8B80C0-431C-A2BB-A9CA-39F1B1595CE8,KI,PX,4,-11
A17349F5-4419-A0A8-F6C7-39F1B19B426C,NR,SB,11,-12
184812C8-FFFC-9DF6-6B78-39F1B19C5FB0,US,LN,11,-10
7D82BE91-1093-D29E-E631-39F1B19D5DB9,NR,TV,10,12
2C223538-6194-AC38-1421-39F1B1A6F1D6,VU,I2,11,12
780BCB0D-4501-5CB3-520A-39F1B21FD955,MH,GL,10,12
72F4841B-0C10-8717-4FD2-39F1B6BABFE5,KI,H4,9,12
2839A3EE-588A-3684-C59A-39F1B6EC92B8,MH,GL,11,12
BC24360D-2E4A-9A05-AD2F-39F1B70E92A5,KI,I4,8,11
BC24360D-2E4A-9A05-AD2F-39F1B70E92A5,KI,I4,8,12
40515E93-588D-E8DF-61AD-39F1B7C64A91,KI,GL,7,12
3A54BD0B-95DC-FD23-46E1-39F1B7EEB762,KI,GL,10,12
A3E44157-2E9E-7A52-28C2-39F1B843AFA6,NR,PG,11,10
A2D151B9-70D1-03DB-8CD0-39F1B8448919,NR,TV,11,11
78AF97AF-D3C4-2062-6ABB-39F1BBA46863,TW,GL,11,12
17832076-6C7A-1CB2-917B-39F1BBD5FDA4,EC,IW,10,-9
A8A1E735-CC53-86D3-F33D-39F1BC050D90,KI,GL,10,12
941DE62D-BDB3-90FF-3114-39F1BC0A85D2,TW,NR,10,12
B6B660D3-B752-4F9A-1513-39F1BCCD0FD4,KI,GL,10,12
C6BAC02F-BBD9-265B-6B0F-39F1BD014443,KI,NR,11,12
1841FCDA-39DE-5C4A-7E22-39F1C134F7B8,PG,NR,10,11
B6B0E33C-E099-3634-9EFB-39F1C1E905E8,KI,TV,10,12
847409FE-AF6E-37DF-0DD2-39F1C620894F,KI,I4,8,-11
D3CAEA99-B6F5-E76F-7918-39F1C62E6387,US,H5,11,-11
16137658-F191-F4B0-50E9-39F1C62F69CD,PG,I2,11,-12
A1D2B5BE-4DC0-1A0D-F550-39F1C6466A42,KR,GL,10,12
7E6ABF1B-F4F8-3D82-9243-39F1C65779CF,KI,GL,9,12
90AB2375-ED9D-FE1F-A9F0-39F1C685816E,KR,GL,10,12
008EEAFF-EF56-C5A3-AF43-39F1C69CBB59,KR,GL,10,12
E1AC9E3B-752C-44FE-6E40-39F1D55C1EDB,KI,GL,6,12
F31E108A-2017-637A-A786-39F1D565A80E,KI,I4,5,12
E7F511AE-D05D-2F58-2339-39F1D56B099F,KI,GL,6,12
CF08D179-0FB2-A729-9EC5-39F1D5FB9C66,FM,FM,10,11
CF08D179-0FB2-A729-9EC5-39F1D5FB9C66,FM,SB,10,11
79EF84CC-6D72-53C1-45DB-39F1D5FDAC12,KI,I4,5,12
D9524788-7C06-AB19-CB6D-39F1DAA12C75,EC,LN,11,-10
4FD2B4A4-1C3E-850B-857C-39F1DC0377FE,KI,NR,10,8
C150E944-D578-0555-4772-39F1DC25ADFE,SB,GL,10,12
B151145F-9549-4D83-4D20-39F1DC2D9CA2,SB,GL,10,12
44B6927B-B9DA-2834-559C-39F1DFFDF631,FM,TV,10,12
2D23CC34-47B3-57E5-9FCB-39F1E042B641,KR,TV,10,12
BEFC0624-3279-CDD8-E869-39F1E049A04F,TV,NR,10,12
7E184A8D-E6B2-C2FC-86E7-39F1E1271C93,NR,GL,11,12
8FB6EF6F-FB2C-10B3-01F9-39F1E140CC74,NR,GL,11,12
5101D6F8-50E9-5390-8524-39F1E564BE5D,TW,NR,10,12
E1C364A1-6D00-DDE0-4D27-39F1E56C5389,PH,GL,10,12
08BC0078-2CAE-66D3-9B8A-39F1E60AB550,KR,GL,10,12
F334AB0F-B60E-0AF3-DFD1-39F1EA96FA2D,PG,GL,10,12
57EEDA03-26B2-AB5A-B070-39F1EB75A0B4,PG,TV,10,12
395D4A70-C27F-D71C-C664-39F1F9B69148,KI,GL,10,12
231CA43C-71F6-E29B-FDEA-39F1FA00BADB,NR,I4,11,-11
6E1342AE-40E0-D415-2946-39F1FA14EDF6,NR,GL,11,12
3DF1857F-2AD2-5D9A-93EB-39F1FA24FB61,NR,GL,10,12
C2E45B1C-B40C-626A-47AB-39F1FA25065E,CN,NR,11,12
CC1AF8AB-D71F-20AA-1D86-39F1FA72DA8B,KI,,12,11
CC1AF8AB-D71F-20AA-1D86-39F1FA72DA8B,KI,,12,12
52826740-969F-DEB0-E03E-39F1FAB4DA67,SV,I5,11,-7
102D8C18-0043-04FD-E773-39F1FF4705A9,PG,TV,10,12
0BC9CDDF-FD40-1613-238C-39F1FFFB2840,TW,GL,11,12
324F79AA-15D2-402E-2CF4-39F203AE74C1,KR,GL,11,12
A7B65778-2759-997F-CD43-39F203BB4579,KR,GL,11,12
569F3F1D-2AB6-155D-D444-39F203C69915,EC,IW,10,6
1FC7A88B-AE1E-10B5-F608-39F203CA4631,KR,GL,5,12
4C2AB47E-F92E-CE32-CEC5-39F203E2E45D,KI,GL,11,12
4C2AB47E-F92E-CE32-CEC5-39F203E2E45D,KI,NR,11,12
F03E380A-297A-A8C7-62D0-39F203E65087,KR,TV,4,12
C6F448FD-8A4E-D8F0-7D20-39F203F61EFE,KR,GL,5,12
1E4AAB01-3760-C9FC-6D9C-39F2043BB32D,TW,GL,11,12
0F2B9422-6E15-A0F0-540F-39F20445B947,KR,GL,11,12
2F4CA0A2-66E8-4FF9-18CC-39F2045F7C60,TW,GL,10,12
E9AF64BA-E4BB-70D1-B644-39F204683ADD,TV,GL,11,12
2AB859CA-6C05-BBD9-8329-39F2047D4105,KR,GL,11,12
6977BA30-532D-B788-B015-39F204F95B2B,TV,GL,11,12
785EA178-9C6C-0D5A-2B40-39F20911F844,TW,GL,10,12
A711091B-1FB9-10C9-63B1-39F2093D879C,FM,GL,10,12
6C1D41A5-44F7-FAAE-AE3E-39F20F75A787,MH,PX,11,-11
E9BBB6FD-005A-C638-0005-39F20F9CDD9B,MH,GL,11,-12
E343C724-3265-D775-9045-39F20FC8AFC9,MH,GL,11,12
D5A08249-59AC-F270-35AA-39F21D7E54D3,US,LN,12,-10
F6C03BE1-70B8-B69E-3D4F-39F21D89D49B,PG,GL,11,12
4FE128F7-8FC2-692C-64B9-39F21DA42985,TW,GL,11,12
906427FC-4F28-1BAA-0190-39F21DC37BCE,KR,TV,10,12
4BC3299F-0C17-1EA5-93AB-39F21DDD82C6,FM,TV,10,12
4BD83EC4-3484-2E43-20CB-39F21E29E70D,KR,TV,10,12
4E931A18-9364-FB34-261B-39F222AE0D06,EC,LN,11,-9
FE19B332-98A7-956C-6778-39F222BE2DA9,PG,GL,11,12
0D1BBD82-F4D3-8B00-842A-39F223C7DB52,PG,FM,11,11
1ADC9000-A612-2AA7-F453-39F223E4651C,KR,TV,10,12
710873C5-4010-A7DC-DF41-39F228034B58,TW,GL,11,12
7BA8A5D0-184A-28D2-1D87-39F228F697FD,VU,LN,10,-10
AAA5A733-D74B-49C8-D2D6-39F2298DC032,MH,TV,9,12
2007766F-CAD2-E184-065F-39F2299175A0,MH,I5,8,-11
29EE633D-31F0-195F-0B0C-39F22D564098,KR,TV,10,12
3A22D409-3C2F-48F9-BB3E-39F232F4A334,KR,FM,9,9
F8A177C8-E377-0D83-B763-39F241F7D914,PG,TV,10,12
90DF3003-1B2D-8042-7E27-39F2422368E6,NR,H4,12,12
66E0464B-FDD8-2E4A-2069-39F2425B21BB,MH,I4,10,12
3AF243EC-B120-0D27-24D8-39F242DAD697,SB,PG,2,10
B7904A70-E408-C593-29EC-39F2473D6273,KI,GL,11,12
6F4F437A-58BE-14C8-0F60-39F2565E010E,CN,GL,12,12
6F4F437A-58BE-14C8-0F60-39F2565E010E,CN,TV,12,12
1F88C875-A591-E9DD-1C10-39F25670742F,KI,PG,11,11
89DD6973-C17A-0EBE-C8DF-39F25739DE46,MH,I4,11,12
49E246AB-8706-E996-AE18-39F2578CF79B,KI,I4,11,12
A1D81913-D58D-FBF6-02EE-39F265A3ACA8,US,GL,12,12
708CA089-BC20-2DB0-33F7-39F265A497C4,US,LN,12,-10
67F78C71-9197-8965-A7F2-39F265D6AB33,KR,GL,12,12
31A542E7-933B-97FA-2E4E-39F26663E468,KR,SB,11,11
6A44D0A3-05A6-697C-F67D-39F266A07370,NR,GL,12,12
76B35206-57D3-85D1-C2AE-39F26AD061AB,PG,PG,10,12
76B35206-57D3-85D1-C2AE-39F26AD061AB,PG,TV,10,12
731DAE69-167F-4BEA-A918-39F26B9AEE42,VU,GL,12,12
4268B462-AA5A-6B52-78BC-39F26BFB25F7,KI,GL,11,12
39B3B4DD-5C5F-397F-F924-39F27A7626FA,TW,SB,11,12
57343209-C747-1250-538A-39F27AD0F226,NR,H4,1,12
F1E89427-2781-FEB8-3007-39F27B745DFB,TW,GL,12,12
BF7EE76A-FD27-2345-1704-39F289DA0CF5,SB,PG,11,11
4B778E8A-6D6D-30F1-6459-39F289EFBE65,SB,TV,10,12
EFA5DA09-1F69-49A4-C59B-39F28A840A7D,SB,SB,11,11
DF56579A-063B-F8AF-C569-39F28B0DB41B,KI,GL,11,12
69195A84-B62E-45EF-2997-39F28B83C93D,SB,SB,11,11
2BC38388-676B-7F5F-7EA2-39F28EF092F2,KI,GL,12,12
B3364B17-C561-B05C-190C-39F28EF50DD2,TV,TV,10,12
842B999C-2DC2-7DFD-710E-39F28F3C7447,TW,FM,11,10
E6D314F1-0225-CB37-C761-39F28F406FFD,KR,TV,10,12
0D985BE7-F51A-6BF0-B65A-39F28F40923D,SB,SB,12,11
C40EDCA5-0864-F2FD-5E8C-39F28F5E39F9,US,GL,9,-11
D872CF5B-AFD5-6D12-6EB8-39F28F6262FB,US,IW,6,-9
33843D8D-6F5E-5B79-85CA-39F28F681478,SB,SB,12,11
434B73ED-5174-6825-88AF-39F28F89E7E9,SB,SB,12,11
98428D19-A9E1-4D6C-F146-39F290021275,KR,TV,10,12
33256E6B-4B71-F27E-6BC0-39F293F8AFA8,FM,PG,11,11
7756832D-5FDB-3CDA-568D-39F2940DBC22,PG,GL,11,10
87520E72-17C3-D57D-5C75-39F294529EF9,KR,TV,10,12
4DCD88FB-7C86-5CAA-EB4D-39F294810ECF,SB,FM,11,11
CC55690C-70E6-0C57-3CEB-39F2993B86F1,SB,GL,10,12
D8833138-DC31-C03F-0C49-39F29956CEE4,SB,GL,11,12
4402E7EB-E188-8393-976E-39F2998F1710,KI,GL,11,12
E57BEC40-44A2-9787-C7A1-39F29EB33FFA,NR,GL,1,12
69795056-F7DF-979D-9CC0-39F29F8D24F5,KI,GL,12,12
BC306236-8939-0942-1488-39F29FAA23EC,KI,GL,11,12
2092E19C-958F-D0EC-352B-39F2A8A783BA,PG,I4,1,-12
90F7A414-3BB8-A4DB-ABDE-39F2ADC39F27,US,I5,1,-11
8FD93B15-5223-713D-894E-39F2ADF0A072,KR,GL,11,12
1F485CF8-D9B9-B51C-9296-39F2ADF4D89E,TV,TV,11,12
82F05098-7C8C-73CF-DD4A-39F2ADF7444A,NR,GL,12,12
1727DD00-5A15-E181-E9AB-39F2AE22C731,NR,I4,1,12
A1793C95-1301-665A-5FE2-39F2AE30563D,FM,GL,11,12
C76BA742-5E02-51F8-6D88-39F2AE37A77A,TV,GL,12,12
A4D64F4E-8765-CA2D-C64F-39F2AE5F5C97,KR,GL,11,12
F339889E-3F87-0F1E-68C7-39F2AEFB81A6,TW,GL,9,12
68315714-FF2A-8042-EB6F-39F2B30B0C71,PG,GL,10,12
1C578A2F-DCA8-B1FF-D726-39F2B382140C,KR,GL,9,12
30B4D5B3-BB5B-EEAC-0440-39F2B45D25D8,PG,GL,11,-12
3EC888AE-F6A9-EA34-85F9-39F2B883106C,KI,GL,9,12
9AFE3091-423E-D1E4-1DA9-39F2B8A3239A,EC,IW,11,-9
B8F16CF4-4EE1-A5A0-8935-39F2B91D3999,KI,GL,11,12
93ACB5EA-28BD-200F-9F4B-39F2B9352045,TW,GL,10,11
93ACB5EA-28BD-200F-9F4B-39F2B9352045,TW,NR,10,11
07CEBD9A-206B-6605-E46D-39F2BD3004FA,FM,FM,11,12
6F9D841C-816B-57E3-41D2-39F2BDACE357,KI,GL,10,12
21B8A665-AFD4-8568-9B36-39F2BDC119CE,KI,GL,8,12
EB51092A-4865-4460-22B0-39F2BDDE2B61,FM,GL,12,12
55AD7384-616D-3081-7F10-39F2BE9B75C7,TW,H4,12,12
9A52DF12-4B3F-A9ED-CA27-39F2BEA33EC1,PG,GL,10,12
74B03E97-62F9-6BEC-3EE4-39F2BEB65669,FM,GL,12,12
78EB24CE-3EA9-8730-3356-39F2C28D645E,PG,FM,8,9
80B6B072-C0B9-CFAE-2C82-39F2C28FA91A,JP,FM,8,9
772FBBEE-509A-3E3E-7DBD-39F2D1FD9090,US,SB,11,-12
772FBBEE-509A-3E3E-7DBD-39F2D1FD9090,US,TV,11,-12
AB915AD5-2B48-F09C-033D-39F2D2029C8E,TV,TV,11,12
5C5EA9B6-A1EC-59AE-823C-39F2D24563E4,US,I5,8,-11
D776AAAB-E71E-BB8E-0540-39F2D26E646F,TW,MH,8,11
35BF4FD6-2A87-2968-F586-39F2D2E95876,MH,GL,12,12
C3C3A485-072A-6262-911C-39F2D3067E97,KI,GL,9,12
267A798D-4555-4483-2843-39F2D33D25D2,TV,GL,12,12
060C29B4-4089-A240-3BD9-39F2D743AC69,KI,SB,11,12
75173F31-A1C7-431D-2BC9-39F2D75DE1C2,KI,GL,12,12
B33927A1-103A-D3AE-FD9C-39F2D772413C,KI,H5,12,-10
F014692B-A508-1371-B885-39F2D7893110,KI,GL,1,12
C367093C-100A-91E0-5AFF-39F2D829FE70,KI,GL,11,12
7F91E371-D5F3-273B-E605-39F2D841D4FC,KR,SB,12,11
B20AEC5F-6CCB-48BA-5F95-39F2DC8F1517,EC,LN,12,0
8D9A75AD-464F-208E-94DE-39F2DCBFF4A5,TW,GL,11,12
595E6162-4A6D-F26F-E48E-39F2E175A685,MH,GL,12,12
6988FFEE-CE29-FE9C-1A8F-39F2E180E5D3,KI,SB,1,11
89C8BC44-D742-FBBA-F2BB-39F2E184EC8B,MH,I4,12,12
A5AAAB83-26E2-B56D-9427-39F2E18781D0,FM,GL,12,12
2F03D539-C826-F4B4-44AC-39F2E1FFDF4B,KR,SB,11,11
7C8EA5C7-8626-5D1C-2D76-39F2E20CFB05,TV,SB,12,11
6011951A-3C7E-8725-F3C1-39F2E273A2D3,SB,NR,12,11
17B43FCC-7B6B-24E0-A0C0-39F2E28AED57,KR,SB,12,11
FF73A1C7-1327-6229-6D80-39F2E69E567A,PG,SB,12,11
516B97F7-9385-C491-7CDA-39F2E6E81D95,PG,PG,12,10
4F5AAA05-43B1-1FCA-2ACC-39F2E702334F,PG,PG,12,10
4F5AAA05-43B1-1FCA-2ACC-39F2E702334F,PG,SB,12,10
7D04C195-0FBE-2C98-7E7A-39F2F600ADCB,KI,H5,12,-11
5E8A7C46-A916-4B3F-BC2B-39F2F61F0BE6,PG,SB,12,11
A7B060E6-AE10-FAEA-6E6D-39F2F64CA5A5,PG,GL,11,11
89DE564F-9105-1288-0BA5-39F2F665E7F4,PG,FM,11,10
015D9F65-0D3C-A122-C0CC-39F2F6FF4B9A,KI,TV,11,12
BA87F499-A4A3-3267-C935-39F2F7432B54,US,I5,1,-11
6A9FC4DB-D1AA-1737-383B-39F2F743F88D,US,H5,1,-11
5A6AC6DB-22B8-45F4-C21B-39F2F7478C7A,PG,VU,1,11
E674DDFD-08B6-30BD-5039-39F2FB6E4C41,TW,FM,12,10
E2CC40CD-0B06-40C2-8E74-39F2FBA167C8,TW,FM,12,12
692F5BFA-F23F-DBCD-0EFC-39F2FBA551DF,PG,GL,11,11
DD37244E-620A-EBD2-5401-39F2FC249ABF,KR,SB,12,11
90E18CF4-A584-0D62-253F-39F2FC56D69B,KR,GL,8,12
8A58B38B-7506-0843-BE94-39F2FC76AF13,KR,GL,6,11
984B2BC2-DC23-ED6B-3CE7-39F2FC7920C5,FM,I4,9,-11
5D2D8799-3289-7435-365D-39F2FC8C2897,NR,GL,1,12
8D9583DF-7CBA-FCB7-77D6-39F300D90909,MH,H4,1,12
E04230BD-6577-C4B5-BACE-39F300E47759,FM,GL,12,0
E5F82817-B410-A01C-38B8-39F3062589DA,VU,H4,1,12
63F67231-CBFF-A370-0D0C-39F319E5A337,US,H5,2,-11
FC51AB1A-75C1-8604-6A96-39F31A424DE8,KR,SB,11,11
DD751E49-9C82-DCFC-6F8C-39F31A765ECB,TV,SB,12,11
EEE24896-407F-E2CD-0753-39F31B2E9C6A,KR,SB,12,11
4719540D-D157-0968-B66B-39F31F7E4E42,NR,GL,1,12
4B1C1023-0682-2A0C-D3D2-39F3244B41C9,KI,GL,12,12
D234F085-408D-EC60-C027-39F3247B6D6F,FM,NR,12,11
8ADAEC7F-E24E-4FB4-7370-39F324D47E77,KI,GL,12,12
EC0B9D95-FA7C-8929-5CFA-39F324D7C90D,KI,GL,12,12
4EE2DA11-BA35-30A3-CBCC-39F325674149,MH,H4,1,12
889F199B-D5A7-A6D2-B01C-39F329D62DCC,KI,GL,1,12
4998C30D-B18C-F765-4F63-39F32E7CDCF1,TV,GL,9,12
C8BB722D-E9DB-8A58-45AE-39F33010BB0B,KI,I5,2,-11
EDBE3311-DD05-D56F-D90A-39F33E2CDEE3,US,H5,2,-11
6FFAEA07-3858-5F8B-1CA8-39F33E543C6D,FM,PG,1,11
D5A978D1-DB4F-53D3-5DA6-39F343669C48,MH,H4,12,12
142ED56F-6216-BC2A-5D9F-39F3436CD9B7,PH,GL,1,12
D60D5C65-5BBF-2019-79F7-39F3439C1CB9,FM,H5,11,12
186E576E-34E3-6F0C-7A99-39F3449DDE78,KI,NR,8,12
E3010D9A-0E15-58B6-DD83-39F344B116F7,KI,H4,9,12
68BAFC66-8177-C8B2-E0D6-39F34500365A,PH,I1,12,9
673BBA95-44D8-A1A8-2C2A-39F349C1DCD6,PH,I1,1,9
36577E65-7A4B-07E4-EF72-39F349F6C3D2,US,IW,2,9
AF2F442D-C6C7-5B3B-331F-39F34A40EAD8,PH,I1,11,9
ED40386A-2318-2C96-DB23-39F34A4B1DB2,PH,I1,11,9
C2E8F8B4-F71D-AC30-4710-39F34A5372D6,PH,I1,11,9
1FF1E5C4-2088-73CE-9A3D-39F34A5FF813,PH,I1,11,9
BBF01F8D-8A53-72CE-8DB7-39F34A6927FD,PH,I1,12,9
AEFFAE7F-6737-181A-A4F2-39F34A7B907F,PH,I1,11,9
CF571D01-8278-9EEE-1576-39F34AA765DB,PH,I1,11,9
3E06DB93-3C33-E8C6-3A88-39F34AADDD22,PH,I1,12,9
45832647-87D9-D1C2-ADE3-39F34AB6546F,PH,I1,10,9
6EBEAA2D-6099-F441-125E-39F34ABFB00D,PH,I1,11,9
F2BE2F21-C898-EA57-B458-39F34D80EFE4,JP,FM,10,9
B70F56F1-2948-F2BC-976C-39F34D873FB9,JP,FM,8,9
794A8299-2B37-35A4-5EA5-39F34D9B7CF3,JP,FM,8,9
0CB28BEE-3FBF-E767-1C87-39F34DA4CBD1,JP,FM,8,9
05FD7E60-51BB-F68B-AA65-39F34DEEA78B,JP,FM,9,9
90D363D1-3E00-BD85-91C2-39F34DFB845B,JP,FM,7,9
5D3E0DE3-E265-D05D-0090-39F34E00A223,NR,GL,12,12
5D3E0DE3-E265-D05D-0090-39F34E00A223,NR,H4,12,12
D4A248FD-0B0A-771F-1E13-39F34E0C5617,PG,FM,9,9
0AD7B4F9-EDD2-A56C-1873-39F34EC37BFB,KI,H5,1,-11
3C34C66B-ADC2-C966-0615-39F34EC46AAE,PG,FM,8,10
AD6667B3-8398-1979-23BC-39F352AD1964,KI,NR,10,11
D502952A-1847-9FC3-A73A-39F352BC3023,KI,I4,9,12
D1A1AAEF-A62E-4316-2DAF-39F352D3CCC3,JP,FM,7,9
36AAE51F-44E5-5FD0-70C2-39F352E80E51,PG,FM,10,9
8E6FC009-C77D-9DBA-9E4C-39F353037664,PG,FM,11,10
8E6FC009-C77D-9DBA-9E4C-39F353037664,PG,PG,11,10
1B228864-713F-D290-314F-39F3531EBD7F,JP,FM,8,9
BAB8E55B-24E8-219E-0BE0-39F353295750,JP,,10,9
647147F1-4C3E-509E-0CC4-39F357E69985,NR,H4,2,12
943144FF-BDEA-8E43-7440-39F361FE739F,PG,FM,8,9
1ECF4A0B-0435-E535-67EC-39F3621A3513,PG,FM,9,9
9C589AEA-7848-232B-B800-39F3621AC8F0,MH,GL,11,12
06BBA19B-15FD-22F1-42E9-39F3621E9ECE,JP,FM,11,9
4757BCC0-5248-5F45-8648-39F36227CD78,JP,FM,8,10
1BEFA162-97F5-1EA4-F70A-39F36230773E,JP,FM,8,9
A0BEDF02-CED8-D3FF-32EE-39F36240807F,MH,GL,12,12
D14D5929-9C90-9D61-C549-39F3626DCCA1,PG,SB,1,11
139D3BC7-9FFF-8088-BB73-39F3628439D5,JP,FM,8,9
8BEDA288-2A89-241B-4CD6-39F3628D62DF,JP,FM,8,9
44AA9642-B9F9-B914-A7E1-39F3629C81F9,KR,SB,1,11
CFBBA55D-53EA-3354-A154-39F362A1A664,KR,FM,8,9
27E71210-F88E-BD70-7A13-39F362B5063F,JP,FM,8,9
56376088-68ED-0160-D250-39F362C1A668,KR,TV,11,12
DF2DFBD6-6C02-F427-9F2A-39F3632CDD6E,KR,SB,12,12
0AB97A54-FF5F-DCC3-5DBE-39F363341677,KI,GL,1,12
1464FD35-DB47-3D91-1D26-39F363368DE3,JP,FM,9,9
C12ED5A0-05A9-1FC7-5232-39F363406FDB,JP,FM,7,9
CF2F91AB-21B2-FB41-8D86-39F363527972,TV,TV,10,12
292ADD19-6CC9-ABF1-D534-39F3637D0C95,JP,FM,10,10
E298F260-CF71-8BA6-4A1C-39F3639C0D63,JP,FM,10,9
50005FF7-D1E1-9BE9-5769-39F367203007,KI,GL,10,12
B64BEA92-DF5A-E8CD-8E24-39F3672FA7A9,KI,GL,8,12
2D1AE13E-6113-1953-E4B0-39F367344DE5,MH,GL,11,12
7ACE4AA2-7D45-B254-2076-39F36742B05C,KR,,9,9
C82B8C87-DBD0-7F04-E2C3-39F36744B4BC,JP,FM,8,9
5167A43A-2E79-C9D8-97F1-39F367A10FCB,PG,SB,1,11
D8E39796-2EEB-10A3-C712-39F367A92B61,JP,FM,9,10
0348B840-B455-92A0-7EB3-39F367C39E3A,JP,FM,9,9
A1851762-8BA4-2E33-CFA0-39F367C94B22,JP,FM,10,9
145A95F5-E310-641C-4803-39F367CA9638,JP,FM,8,11
774964C9-0FDC-E6A8-3CFB-39F367CBD47D,JP,FM,8,9
7EB15047-5B0A-1303-B039-39F367CD8FFE,JP,FM,10,9
62A3B02D-AE91-2BB2-7122-39F367CEBC0A,JP,FM,8,9
C9351E88-6A24-2E3C-91BA-39F3682B2C5E,MH,H4,1,12
5C284DF7-4B95-1A60-3686-39F3683B75A8,MH,GL,1,12
CDEC9EC4-744F-E657-3FB2-39F36842E00A,KI,GL,1,12
21B37455-8C50-13C2-90BE-39F36852D938,TW,TV,1,12
73278C92-9B79-6766-294C-39F368672ACD,JP,FM,10,9
378DC1FF-FE88-ED74-9322-39F36880D024,JP,,9,9
80A52F7E-0CA6-520B-7D2A-39F3688AE36E,JP,FM,8,9
4F083416-2F95-06DF-9655-39F3689BEA9D,KI,GL,8,12
BCF31183-75ED-039F-EA4C-39F368B0D322,MH,GL,1,12
45DBAAB3-163C-8943-B68F-39F36C7FC0B5,CN,GL,1,12
A17F2F04-B911-F19C-11EF-39F36C90144B,FM,GL,1,12
3CA1CFCF-817F-62B3-068B-39F36CA6A9BA,TW,GL,1,12
128FA16A-78E4-9489-3538-39F36CCF5BF3,TW,GL,12,12
5CD4B102-DC05-13D8-C0AD-39F36D813157,KI,H5,9,12
2667AE77-03DA-BA38-8391-39F37164C2EE,KR,GL,9,12
FCA53794-8337-52BE-3FBB-39F3716FA3BF,KI,H5,11,-11
FCA53794-8337-52BE-3FBB-39F3716FA3BF,KI,H5,11,12
F3B66B5A-4636-78B7-9AF0-39F371ADED63,KI,H5,11,-10
DE1727FA-7849-AEAF-C291-39F371CEE73B,PG,FM,1,10
ED1BFD84-EB17-70C5-C73D-39F3720543B4,TW,TV,1,12
B12F427B-BF42-9CDC-ABDB-39F372344238,KR,SB,1,11
86703EFE-8BEF-A2EF-0AEE-39F37317B96F,PH,I1,1,9
99AC12A6-2FF4-C96C-48D7-39F3731C9A4A,PH,I1,1,9
AA058D31-16D8-F70E-7484-39F3731F2AFF,PH,I1,4,9
CF8F04A2-2A02-ACDC-E7C1-39F37677EC72,PH,I1,10,9
A2ABB6D5-E5DC-A1E8-CEDE-39F3767AEE94,PH,I1,12,9
CAE035B4-590F-60A0-4C36-39F3767F97D5,PH,I1,4,9
C3C01E51-D31E-5F50-16F4-39F376813034,PH,I1,1,9
E2EF5647-5015-4503-B12A-39F37682AA9F,PH,I1,3,9
83296544-3E94-99FF-3E4E-39F37683A8EA,SB,GL,1,12
A35AB95E-00C6-D7D0-19B4-39F3769312AB,PH,I1,3,9
80A1693D-EA8F-642A-DDC9-39F376F6BC21,PH,I1,6,9
22E364AC-47CC-AF5C-1FD9-39F37702A8CB,PH,I1,12,9
1C9C006A-DE60-9FB9-74E8-39F377247F4E,PH,I1,3,9
255B7A82-83D2-0FE9-77E9-39F37725CCC9,PH,I1,4,9
79165F94-99B6-B0C8-DC14-39F377370BC0,JP,FM,9,9
EB863EFD-833D-CBE1-0566-39F3774BCA53,JP,FM,8,10
3679C5CA-776E-10EA-01BB-39F37805B3F1,PH,I1,3,9
3F542F05-8983-633C-36EC-39F37817F2E0,PH,I1,4,9
7AB7EA13-DC2B-1222-E3CD-39F38633017A,KR,SB,12,-11
EF8BD12D-E920-B09F-D06F-39F3864BD062,KR,GL,9,12
F8DCD0C8-F7A8-FB8E-BE83-39F3866276E4,KR,GL,10,12
36D452AE-CC1F-4D54-ABC2-39F38673113A,KI,PX,2,12
80E462C4-B169-F26D-53DD-39F38688F1A8,KR,GL,6,12
4342948E-F8FC-A61C-3792-39F38694D8D9,KR,GL,7,12
ACC93061-2697-AC6A-41EE-39F3869DC2F6,KR,TV,8,12
41B2396E-F62B-0E76-FDB0-39F3876F7F11,KI,,11,12
25FA1D24-8E08-9BCF-4724-39F38775D56F,KI,TV,10,12
3C79B296-B6A6-F141-DBCE-39F38B460B90,KI,CK,1,-11
D899A2B7-A6AC-62D8-8EF8-39F38B4DD25D,KR,SB,12,11
6AF4E282-E09F-D3BA-B7AD-39F38B547264,TV,GL,1,12
CD2E911A-8759-B625-8537-39F38B59F86A,PH,I1,6,9
69EC2BB2-27AB-92C6-8A54-39F38B5F660E,KR,SB,12,11
7E2D7E04-CDCD-7425-8702-39F38B6102E4,PH,I1,5,9
133F2D28-B620-FE5D-51A7-39F38B9DDE06,KI,GL,1,12
7FF72833-B4BD-DDF7-3F4B-39F38BA39B60,PH,I1,2,9
E59BB924-6150-6010-2D03-39F38BA52FA3,PH,I1,10,9
2A7C4352-778B-2320-5456-39F38BA7D767,PH,I1,4,9
BF448E81-8EBF-36C2-195B-39F38BAA48E1,PH,I1,9,9
E5D2E4D3-327E-5581-7694-39F38BABE9AF,PH,I1,2,9
3BB81CEF-2381-66B2-FF53-39F38BBBA43C,PH,I1,6,9
26FDD659-2479-89B9-8504-39F38BCF288E,MH,H4,1,12
EEE6B1C4-EFB8-85A3-CDD0-39F38BD4B059,KI,GL,12,12
3D78D720-0CC6-A29F-62C9-39F39053FF84,TV,GL,1,12
7AD5F3AE-C7A3-68B6-4634-39F390CADE07,KI,GL,1,12
4FB67A27-9D47-25A8-D75A-39F390E6DC80,FM,H4,1,12
12BD0C8D-8D19-327B-75E9-39F390F1B3D3,FM,TV,1,12
C32C7565-2C06-4DE6-300A-39F3911ADFFF,PH,I1,3,9
A556D9B3-800E-678C-587F-39F3917CE016,TV,GL,1,12
6A0176B5-E8CC-6B72-6DB0-39F3918DFE7B,JP,PG,2,10
7F3A46A6-D6A4-2EB6-C432-39F391912C7F,PH,I1,3,9
02C06BCE-96D7-A057-F8AB-39F391A9344D,PH,I1,5,9
9DFC7B21-02E7-0FC0-EBAE-39F391BEFD70,PH,I1,10,9
B54FF4D7-E331-CBBC-1F14-39F391C063B8,PH,I1,12,9
1712A78A-B97E-DC13-3E9E-39F391C2C661,PH,I1,9,9
F5C710DB-5BA2-C73D-6EAC-39F391CB2BC3,PH,I1,4,9
DA1DED8C-11FE-AD1E-6983-39F391CD9C21,PH,I1,6,9
490EB575-E684-E29F-668D-39F391CEFF4C,PH,I1,12,9
BE9D04D1-9557-B7F5-E90C-39F391D0202B,PH,I1,9,9
DCB4122F-3021-5700-70FD-39F391D1A6CD,PH,I1,5,9
ACA24F42-2CBB-A9B1-AC0E-39F391D952C5,PH,I1,2,9
01885862-D602-933E-01B3-39F391DE3D74,PH,I1,4,9
8D86034D-1FC6-BB20-956D-39F391E4DB8C,PH,I1,4,9
BC9798D0-2275-BD75-A8F8-39F39204F496,TW,GL,1,12
E1F65E0A-BE3E-EAB9-D029-39F39556720F,PH,I1,2,9
2F8997CD-ECF9-66FE-7108-39F39557A2D8,PH,I1,4,9
98AC87B4-146D-D62B-34BB-39F39558B5DD,PH,I1,5,9
BDBB3535-DE68-C57A-33C6-39F39559AD39,PH,I1,3,9
6AAC560C-2BBF-7B68-917B-39F395618117,PH,I1,1,9
34DB3863-208A-6B24-8902-39F3956EC2FF,PH,I1,6,9
8C023636-F602-9543-9D7A-39F395707433,PH,I1,4,9
2BF682FC-6B98-F1F3-F426-39F39571D872,PH,I1,2,9
390367BC-60D9-4843-2FC4-39F395737942,PH,I1,5,9
338054BC-2CBB-664F-2B59-39F39578073B,PH,I1,12,9
7F2024EF-42DE-960C-A3A8-39F395792BE4,PH,I1,9,9
5B71BB54-9D49-8568-F228-39F3957A7FD7,CN,GL,8,12
D6CF8A4C-6A1E-A0AA-D409-39F395891853,PH,I1,3,9
F823ABE9-EA8C-F57A-53EA-39F3958C316F,PG,GL,10,12
3DA36B89-128C-8B66-C283-39F3958C56ED,PH,I1,6,9
07E81234-F231-3D07-1C98-39F3958D5BF7,PH,I1,1,9
C2A5AF53-4C8A-E03B-4E4B-39F3958E5AA5,PH,I1,5,9
78A6026F-C4F3-A4D5-10DC-39F3958F70BB,PH,I1,10,9
904667F0-FF12-C671-22A2-39F39590BBAD,PH,I1,9,9
954F3AA4-E657-2849-B8E6-39F3959E7D27,CN,GL,9,12
73F0CC8F-1F01-191F-7D04-39F395A0B171,PH,I1,1,9
538241B7-EA6D-3B17-16CA-39F395AAFC5B,CN,GL,9,12
CC0CD779-FF24-3B30-41FB-39F395DF90CF,PH,I1,4,9
FB991CE3-7384-1A71-D082-39F395E549E3,PH,I1,4,9
A61C786A-99E4-8990-420A-39F395F1934D,PH,I1,6,9
5AFB3FBD-FEC1-3874-8C2F-39F396025CDE,PH,I1,1,9
70880ED1-606A-A196-0C16-39F3960EC37E,PH,I1,2,9
F0D289C6-6604-4125-13EE-39F396176124,PH,I1,2,9
25B004CD-98C5-26C3-AF75-39F396ADBD9B,PH,I1,3,9
8F7D7CCE-FBC8-6DAB-EE85-39F396E27FE3,JP,FM,8,9
ECF004B5-1DC2-E3EA-BA6E-39F396E7C07F,JP,FM,10,9
25416459-9435-9A06-7CFA-39F396F2C7C8,JP,FM,8,9
A8DFF644-47E4-6851-58AA-39F3970433B8,JP,,9,9
FCDFB9DC-AD17-AFA2-BAB9-39F397065A44,JP,FM,8,9
06FE40B3-3656-E682-3CB1-39F39718E8FF,KI,TV,10,12
9E5042C3-8902-9E49-995E-39F39AB81F08,PH,I1,4,9
9703ABD3-4B3F-1E37-4E92-39F39AD9DB6A,PH,I1,4,9
5E9C11CF-62DF-B0F0-7C74-39F39ADE25FC,TV,GL,9,12
F581A194-9AA0-4780-A5C5-39F39AE85CEF,PH,I1,3,9
D3231E34-B9CD-128D-4D57-39F39AEDDEA3,PH,I1,3,9
B28BBFB8-92A6-355C-01E8-39F39AFBF0DF,PH,I1,1,9
8246B654-B0C4-DFAB-2860-39F3A9F4237D,JP,FM,8,9
273C0283-66C1-4EDC-6A16-39F3AA02D7EE,JP,FM,10,10
4617370C-3095-B87F-F5AC-39F3AA05288C,US,CK,2,-10
EA4A21DC-7983-33E3-774D-39F3AA0617AF,US,I5,2,-11
E4F3F0B2-ACA6-22CE-EBB8-39F3AA06D901,NR,HB,2,-12
DD1F5D76-17FE-0EEE-50F0-39F3AA0AF1ED,NR,I4,2,12
742783B2-86D7-CEA6-1BB5-39F3AA0DD04E,US,IW,1,-10
02918CEF-D523-AA13-0C2F-39F3AA118C12,US,I5,3,-10
73029684-2EB9-1A22-51B1-39F3AA14F8A7,US,H5,4,-10
606A2F33-A117-A967-AFB3-39F3AA17D841,JP,FM,8,9
8F2AE737-CC1A-A651-E868-39F3AA23E796,JP,FM,8,9
DF009023-9E18-6A90-5F07-39F3AA61517C,US,IW,5,12
5324094B-586F-549E-DD8D-39F3AF4C2A35,PG,I5,3,-11
E4A36DED-0D3D-6BF7-E4AB-39F3AFCD9B20,EC,IW,1,-9
3E3350E5-1E34-0DD8-B11E-39F3B0C0D016,NR,I4,3,12
0CEBBA92-4FBD-347A-5453-39F3B44B1FF0,PH,I1,1,9
296E1564-1227-9CBF-DA1E-39F3B44E658D,PH,I1,4,9
5D01D098-1469-C5D8-78A2-39F3B457831F,PH,I1,3,9
43D7F3C9-2084-8F2B-C262-39F3B4597399,PH,I1,12,9
345601D4-5373-1337-2287-39F3B45CB525,PH,I1,10,9
92197EE5-3057-983A-BAAA-39F3B9721DAE,FM,H4,1,12
AB2665D9-688F-0356-432F-39F3B97D7B19,KR,SB,1,11
CA646024-00E8-9926-20E6-39F3B9834291,FM,GL,1,12
A219BB1F-AAA9-A93A-05C5-39F3B9B13458,FM,GL,1,12
2C2FB66C-A6B4-6E12-9288-39F3B9BE1217,NR,GL,1,12
A439D8C7-A30A-91FC-B09E-39F3B9CBDDC8,NR,NR,3,12
41750273-66F9-263C-3175-39F3B9F21D93,EC,IW,2,-9
D77F2FEE-F972-D0E9-5061-39F3BA30AA61,EC,LN,3,-9
4B07AA4E-7A2C-4344-C9CC-39F3BECAE8FB,PG,PG,12,10
4FB44856-AAB0-D935-C85C-39F3BF2A7FCF,PH,I1,4,9
BC2067BD-15E2-3FFC-AF71-39F3BF42A727,PH,I1,1,9
4D666537-96F4-06C1-9913-39F3BF5C610A,PH,I1,2,9
5F2EF244-4002-23F8-50DB-39F3BF5E56C3,PH,I1,1,9
7B395719-1804-DA27-9680-39F3CE3C2F4B,NR,NR,3,12
D77E17DD-7706-D949-8981-39F3CE3D6488,US,H5,3,-10
DE047C45-18E9-D96F-945E-39F3CE50ACEB,PH,I1,6,9
10A3F86C-D915-6FCA-4B30-39F3CE51DE08,PH,I1,2,9
A11AD6A4-1A46-A7C5-D4A1-39F3CE5307E4,PH,I1,6,9
CD8DBD80-C1BA-E78E-139E-39F3CE544526,PH,I1,12,9
902D6CA7-4E7D-EA6B-CF21-39F3CE556016,PH,I1,4,9
5D671F14-A93D-3AAF-2079-39F3CE5858F4,PH,I1,4,9
B6C763C6-E650-180C-A640-39F3CE59EE2D,PH,I1,6,9
6FD0C083-FBF4-8289-0681-39F3CE5D9A76,PH,I1,12,9
7ED353C5-A2EC-8C29-8FEC-39F3CE95A76B,PH,I1,6,9
19FA370C-A054-AD81-BD89-39F3CE9B4969,PH,I1,1,9
D6FB07EC-EC06-E791-BF0F-39F3CE9C9328,PH,I1,5,9
451EB1CD-5639-1FE5-88D2-39F3CE9DAE75,PH,I1,5,9
5A01CC3C-871E-2346-CC9C-39F3CEA00570,PH,I1,2,9
2C4F36D5-F953-E644-B83F-39F3CEA18B85,PH,I1,10,9
5ED40CCC-E3B0-63FE-7D5E-39F3CEA2D75A,PH,I1,3,9
F7A0A583-9CB2-FC7D-1504-39F3CEA46CF7,PH,I1,4,9
12BF0C79-2014-2C6C-1DB6-39F3CF418C22,PH,I1,4,9
926ED0C5-F5E9-AA8E-8C7B-39F3CF8405A5,PH,I1,12,9
E74940B9-1AC2-14B1-D923-39F3CF980CA6,NR,I4,3,12
D25A5CC8-E5F1-E5BC-C150-39F3D34FF823,PG,SB,12,11
D25A5CC8-E5F1-E5BC-C150-39F3D34FF823,PG,SB,12,12
EE4F3D78-3A80-9699-D50C-39F3D373A915,PG,PG,12,10
136892F7-BF2D-A419-7E20-39F3D38BD36E,PH,PG,11,10
5CF61FD8-5638-388F-0ABB-39F3D38D6276,SB,LN,5,-10
4EC39197-DC4C-4FDE-F6F8-39F3D38DA027,SB,FM,5,10
53A75EE0-1C7A-6552-6E39-39F3D38E113E,PG,TV,10,10
53A75EE0-1C7A-6552-6E39-39F3D38E113E,PG,TV,10,11
D9CCD1A9-3DE8-C4A7-5270-39F3D38F7486,SB,GL,6,12
F011CDD9-2E2F-AFC6-1CDF-39F3D38F9BA8,SB,GL,5,12
08CE9B39-60F4-753F-4129-39F3D391890C,PG,PG,7,10
E5C8B705-F061-A771-DCB0-39F3D396C66C,SB,SB,7,11
A7C92992-4CFF-E352-8384-39F3D39A5D47,PG,PG,7,10
7F50E3C7-255C-5BA2-4440-39F3D39C84B0,PG,PG,8,10
DE210C62-FB24-D5FD-03AF-39F3D3A77784,FM,FM,8,11
257E3CFB-6C2E-6E2B-CB3F-39F3D3A80168,FM,FM,8,11
193D4EDF-5BAC-41B5-54E7-39F3D3AADFB3,SB,SB,8,11
586C7994-3E56-3253-8EED-39F3D3AB6916,SB,SB,8,11
5D21BCCF-8B0D-6E03-5CBC-39F3D3B7DF87,SB,SB,9,11
5A868E82-35FA-E03C-AEE4-39F3D3BD51A9,PG,FM,9,10
94749C93-D93A-34FC-5AC3-39F3D3BF1CB0,SB,SB,9,11
170DD44E-A203-04D5-60DF-39F3D3C31E1D,PG,PG,9,10
A67C5608-FFCE-FC8D-CF43-39F3D3C64AD4,PG,PG,9,10
C8D1D868-90BE-6060-3A67-39F3D3C701A7,SB,GL,10,12
63F0EC6B-E0CC-DF3C-5FD8-39F3D3C7B722,SB,SB,10,11
FB78DE51-3BFB-88C2-92E1-39F3D3C8116F,FM,GL,10,11
FB78DE51-3BFB-88C2-92E1-39F3D3C8116F,FM,NR,10,11
BC955D6F-94E3-33A2-F1AB-39F3D3C87724,SB,SB,10,11
EF9B8D53-1A9A-22A2-E84C-39F3D3C95A50,PG,PG,10,10
DCB48F79-6417-4443-8C7E-39F3D3CA7119,KR,NR,10,11
911745AE-B644-CA19-D1B0-39F3D3CDB7E3,SB,SB,10,11
07EF7BA9-B9AC-9198-2A76-39F3D3CEF5A0,SB,SB,10,11
DEF92D9D-D8FB-3009-017A-39F3D3CFEAAA,KR,GL,11,12
B3EA375F-27A3-B232-5002-39F3D3D0DD4F,PH,I1,12,9
C1390260-F65B-A933-D3A8-39F3D3D24B29,PG,PG,10,10
4829ADF2-E3C0-089E-951F-39F3D3D3CD6D,SB,SB,10,11
A3411865-EEEE-A422-6A22-39F3D3D6C48F,TW,GL,11,12
201E5CBE-1DCF-5805-B1BE-39F3D3D70173,PG,PG,11,10
A7C008A8-5719-1861-31AB-39F3D3DAF03D,PH,I1,12,9
82AAC18F-C578-D2E5-4C56-39F3D3DB8629,FM,NR,11,11
724AFDCC-92B0-B9D1-0CCF-39F3D3DC20DD,FM,GL,11,12
D95BDD83-EED5-AAB6-C250-39F3D3DDF8F9,SB,SB,11,11
8A8396AE-8665-5E8F-4A80-39F3D3DEE811,PG,GL,11,10
9B764E1D-C3E5-7EDE-F098-39F3D3DFAD35,CK,H5,11,-11
51ACC03C-AEB6-8473-A17D-39F3D3E03F55,PG,PG,11,10
58A508B6-F308-0C99-D8D5-39F3D3E0FA54,PG,PG,11,10
7BF92C17-8CDB-AB8F-C7BE-39F3D3E24E24,PG,NR,11,11
672BDB50-7173-4890-C881-39F3D3E54722,MH,GL,11,12
E677C303-7B56-7FE4-3294-39F3D3E66EEB,PG,PG,11,10
177562F2-323C-C1EF-B896-39F3D3E7B899,PG,PG,11,10
49CD9A0F-A1E2-5F04-D978-39F3D3EB748D,PG,PG,11,10
95B635B6-EF75-0846-19CA-39F3D3ECA7C9,PH,I1,5,9
39C8145E-3A04-AE58-5CA6-39F3D3ED380C,PG,PG,12,10
958ED3DA-1389-CA5C-599A-39F3D3EFBB1E,PG,PG,12,10
C9DB3D95-2E8C-E63B-444C-39F3D3F18A17,FM,GL,12,12
107E0280-1BA9-C0AC-0E91-39F3D3F2199C,NR,PG,12,11
81123BF7-59CA-BBD3-89BA-39F3D3F317B5,PG,PG,12,10
2925FF05-A71E-832F-AEBC-39F3D3F3DC10,TW,GL,12,12
84A184CD-C098-53BB-1FFD-39F3D3F45D0B,PH,GL,12,12
2E3537D2-96CC-7146-AD53-39F3D3F4A97C,NR,GL,12,12
1B5DB80F-F0D6-F9DF-164C-39F3D3F50C4A,SB,SB,12,11
9DDF3BD8-C469-E0E3-BD1E-39F3D3F811CB,KR,PG,12,10
7E587EDC-53AA-BC45-98B4-39F3D3F84850,PG,PG,12,10
5485F156-2A9B-6F01-B820-39F3D3F97120,TV,SB,12,12
442D0219-C575-D03E-AAA5-39F3D3FB6C9F,PH,I1,4,9
2769DFF1-5016-A170-42F6-39F3D3FCC31E,PH,PG,12,10
EBF99B0F-0384-A306-0EB3-39F3D3FD025A,TW,PG,12,12
960F5C93-4B1E-66A4-4990-39F3D3FDC144,PG,PG,12,10
5073899A-FB78-4CF8-36A5-39F3D3FEE058,PG,PG,12,10
A1AFC850-516D-D2D9-617F-39F3D40152FC,SB,SB,1,11
A5E9C81F-C9DF-67D7-6CF2-39F3D402E0A4,VU,GL,6,12
F4AAB539-E059-3AB9-EEE9-39F3D403D7AD,FM,SB,12,11
AC928CEB-1C57-B098-1B8E-39F3D4042D49,PG,PG,1,10
F63497E5-E3D2-3CBE-C2B5-39F3D406581F,PG,PG,12,10
26524B93-A0EA-2CBE-40BE-39F3D4078B9C,PG,PG,1,10
C39DED05-ABBE-978A-C77C-39F3D407AFEC,PG,PG,1,10
C86F0F1C-D380-82DE-69DE-39F3D4080A94,PG,PG,1,10
FDF2E934-93AA-A0E5-7C94-39F3D40840B2,PG,PG,1,10
570A2AF8-1BEF-7121-C51A-39F3D408BB47,KR,SB,1,11
CEF738A9-B9BF-A9E8-F485-39F3D40939A1,SB,SB,1,11
24389F9D-47F3-795A-696C-39F3D409571C,KR,SB,1,11
97497FA0-C745-F487-9AA9-39F3D40BA768,PG,PG,1,10
0ED96919-D81B-A054-18AA-39F3D40CE939,TV,NR,2,12
D5E30A7A-10EE-E805-58B5-39F3D40E75AA,PG,GL,11,12
6610D371-8940-0B85-18C6-39F3D45FBC9D,PG,GL,11,12
6610D371-8940-0B85-18C6-39F3D45FBC9D,PG,TV,11,12
4A8E4938-DF17-D9A1-85FE-39F3D4695A9D,PH,I1,2,9
8C1D3B62-D427-299A-6FED-39F3D46FF39A,PH,I1,2,9
A1F9BF70-2CD2-61FB-DABE-39F3D8D7CB25,MH,H4,1,12
D548B4A6-7E88-907A-483A-39F3D8EF1F3C,TW,NR,1,12
EE96D68D-BA70-D0F2-EEB2-39F3D91B3A9B,PH,I1,3,9
A8204CD3-60A7-A787-37E7-39F3D92F41AA,PH,I1,5,9
5FBEEE0E-9A1E-9A95-508E-39F3D96C2D87,KI,GL,2,12
681123AD-CA0B-9286-C7BB-39F3D989F392,PG,GL,9,12
B46C4288-BBF7-A603-1641-39F3D9907E37,PH,I1,3,9
3E734288-FF56-C365-5729-39F3D9A64AD3,PH,I1,5,9
15AF420F-1AE1-F631-678C-39F3D9ADA52E,PH,I1,6,9
6219F1CB-81A8-9C27-005B-39F3D9B67363,PH,I1,10,9
0D6BE0CC-55C7-2029-A849-39F3D9BBA95A,PH,I1,3,9
A4C8FEAA-171D-40E4-45B3-39F3D9C1EB62,PH,I1,4,9
B9E62B79-19A7-D38E-BC86-39F3D9C75734,PH,I1,1,9
B29EB823-AF57-69AE-309E-39F3D9CF2A09,PH,I1,12,9
5E4FDFFD-42DE-0E8E-845F-39F3D9D4AB1B,PH,I1,5,9
0D2726DD-5E35-AEF3-C49E-39F3D9ED994B,PH,I1,1,9
EAB2B409-2AD5-9AAB-8074-39F3DA0C5C52,PH,I1,10,9
36474EC2-E6DD-78C5-9254-39F3DD424315,SB,SB,2,11
808840FC-BEFD-686A-E107-39F3DD4279A9,SB,SB,2,11
88C6B874-66CA-F361-6F04-39F3DD80E55F,KI,GL,1,12
E478481C-5FFD-1F0A-9C19-39F3DD8DE36A,PH,I1,12,9
C57F2D69-F461-2A80-587B-39F3DDA2500B,PG,GL,1,12
327A7B99-2E3E-CD47-851B-39F3DDE9F9E4,PG,GL,9,12
C654D7C7-0782-3327-F831-39F3DE0FE1C6,PH,I1,5,9
75E2845B-6117-89BF-444A-39F3DE17CA78,PH,PH,10,9
BA5FCCFC-A10B-965C-3EB1-39F3DE51E81F,PH,I1,1,9
81F53730-B4D8-182D-EFD3-39F3DE58638A,PH,I1,3,9
17365E0C-4D3A-16FA-E8D1-39F3DEE96E92,KI,TV,10,12
0D8C98AC-4391-9D88-C717-39F3E2B94AD6,PH,I1,10,9
EBA23870-D62D-BC53-5EBA-39F3E2BE4A6E,PH,I1,3,9
5336A92A-EA37-A1D2-87D0-39F3E2BFC3C6,PH,I1,5,9
F4BA8901-0690-78D1-3361-39F3E2CC091B,PH,I1,9,9
21BF2850-25AF-C5B6-50C4-39F3E32DDE42,PH,I1,5,9
6AA76F4E-681A-8057-D6A1-39F3E334D2C1,PH,I1,5,9
97F5BFBE-4944-7962-BBC0-39F3E337CB48,PH,I1,6,9
1D36D59A-FB91-2860-1E35-39F3E34A43CC,SB,SB,10,11
301545CA-279A-4421-1FC6-39F3E34F70BC,PH,I1,9,9
127DCB6C-5A71-04CC-2733-39F3E36941F8,NR,GL,1,12
127DCB6C-5A71-04CC-2733-39F3E36941F8,NR,I4,1,12
C84FFA52-8A58-BADF-A158-39F3E369FDE6,PH,I1,6,9
5984B4D2-CC2E-3FB1-C684-39F3E437EAE2,JP,TV,10,12
62F74758-D7A0-B909-4D90-39F3E8176B8E,US,I5,3,-11
E037BB0B-F64A-7DB7-5D3D-39F3F1DE0D4E,NR,I4,1,12
1154C7F3-4EFE-5009-E1AD-39F3F2901732,PG,SB,1,11
AD4AEC08-71D6-EE3D-5187-39F3F29272DA,US,I5,8,-10
EB6B5038-378D-862D-DD6D-39F3F2A07D16,US,I5,3,-11
672A65B2-E73A-5CC1-2C98-39F3F2ECACAC,KI,GL,12,12
7875419D-58EF-907A-1A88-39F3F702D124,PG,PG,2,10
6AB9332D-9CEB-19AB-5E33-39F3F7D61357,PH,I1,1,9
2C796DDA-3CA7-A8B7-08AF-39F3F7E66E6D,KI,,7,10
644BB4C8-77B1-D106-7092-39F3F7EC0304,PH,I1,1,9
31E2D6D9-32D8-435E-6D3F-39F3F7F2689E,PH,I1,4,9
032BD047-F61A-529A-5AE0-39F3F7FF11FF,KI,,7,9
B266C505-B81B-DFD3-DEEA-39F3F816563E,US,IW,10,-9
501D7ECB-9659-E056-4994-39F3FC284BAE,PG,PG,2,10
FCA9FA6B-A0F5-3DEF-1324-39F3FC6F0F9C,PH,I1,3,9
63732609-84A8-62B9-D355-39F3FCBA84DC,PH,I1,1,9
3411AF25-B76B-A23A-DD16-39F3FCD406D6,PH,I1,12,9
8602DEBA-9C3B-E096-2B19-39F3FCDE9328,PH,I1,11,9
BB6078DB-48F8-C42A-6D62-39F3FCE97D8E,PH,I1,4,9
B67C8DA4-A5CA-3074-09FF-39F3FD198E32,PH,I1,9,9
9D595B56-14E3-59EF-04C4-39F40154633D,KR,SB,2,11
15F64574-46F5-0A82-2ADE-39F401549DAD,KI,GL,2,12
F6429D15-5D8A-FF13-7265-39F4067AECB1,MH,I4,2,12
5CBEC518-9029-9994-4B60-39F4067B4EC9,PG,FM,1,9
603D932C-1170-CCF5-8BA9-39F406B67F4F,KI,PG,2,10
47B22981-55B1-724B-00BA-39F407CD022E,KR,TV,10,12
2F06F414-019D-64F7-1D21-39F407D1A454,PG,GL,11,12
8ED8D909-6B40-407D-921E-39F415ED53D9,PG,PG,2,10
62A672AE-CE49-CCE6-CCB8-39F41672F0F7,US,H5,3,-11
917E0220-9A9F-2218-7BA6-39F41673C63A,US,I4,3,-11
7E4A38A8-0D89-1A4A-E016-39F417A26CFB,PG,PG,12,10
F23F4D43-C5ED-7980-5CAF-39F417C975E4,TV,SB,1,11
BE675A64-F52F-EF2B-FE10-39F417E3ABF6,PG,GL,1,12
136C2804-0B26-10DB-E638-39F417E5757B,PG,GL,12,12
136C2804-0B26-10DB-E638-39F417E5757B,PG,I4,12,12
A4A27AF6-3FD3-8F86-6DCF-39F41B1196EA,PG,SB,2,11
F60F0547-04CA-3A6D-44A7-39F41B11C970,TW,GL,2,12
69D60332-8C63-ACB8-E032-39F41B287A8D,PG,SB,1,11
6BDB47BF-C6B4-4149-3F9C-39F41B366CFA,KR,SB,1,11
EC5C95BE-C0EF-2FDE-A93F-39F41B3910C0,KI,GL,2,12
4C4E7107-9263-7EA2-D88A-39F41B5578ED,KI,GL,2,12
635033F2-7C28-4346-2093-39F41B89481E,KR,SB,1,11
85EEDF8A-441E-861B-5A40-39F41BAFA8D4,US,IW,5,12
9EC644C9-B357-7CCE-CE37-39F41C6869A8,US,H5,2,-11
3051B549-09C5-29B2-9983-39F41C7B4C46,US,IW,3,-10
ACF9D2F0-FE03-C85B-4099-39F41CCF0CAA,US,H5,5,-11
F9F5B344-B2D1-C030-26B1-39F41CD0546A,US,I5,7,-11
D0A801FB-0CB0-8413-EEC2-39F42098120A,KR,SB,1,11
8F78DA4E-3986-3F44-5F94-39F4211E5E86,KR,GL,11,12
2A6645C8-8184-6358-2495-39F4212264D1,MH,GL,2,12
F5A06E1D-AD5C-204A-ADCE-39F42164E5CD,US,I5,3,-11
F5A06E1D-AD5C-204A-ADCE-39F42164E5CD,US,LN,3,-11
F323FC93-2580-DB02-2B38-39F42170E9B7,US,TV,10,12
28261121-15BD-1462-6899-39F421787FAC,US,LN,12,-11
812B86AD-77DA-CEDE-9BD5-39F4221CBE85,TW,NR,2,12
3C44846A-8C8E-E0DD-2C05-39F422536D46,SB,SB,10,11
46DE7F29-457E-99A0-FBE1-39F4255DC829,PG,GL,2,12
3A4A8C23-75A5-2A63-768F-39F425B4574B,FM,GL,11,12
B258BE98-C35A-8847-2C26-39F425E3CB09,PG,PG,2,10
8F378876-079A-6DA8-DA6B-39F426B964F7,KR,SB,1,11
14032E36-E148-E5CF-890D-39F426F84295,KR,SB,1,11
AEF9B5BF-BF87-7F28-528D-39F42700D387,SB,GL,10,11
AEF9B5BF-BF87-7F28-528D-39F42700D387,SB,SB,10,11
1DBCA155-A034-9336-F04B-39F4270E7698,KI,GL,2,12
B9287171-793D-12B4-C423-39F4272E576A,KR,TV,10,12
42A7AADA-C2ED-D22C-6F78-39F4273FD9FA,KR,TV,2,12
F1589CCC-A769-52B3-84A6-39F4274CE2A0,KR,SB,11,12
CA445D4D-F40C-3A98-BAA4-39F4275A9462,FM,GL,2,12
B926DE27-4DAE-1D4C-BCAF-39F427ADEFD7,SB,,7,12
BEF16141-6598-0C95-0EDA-39F427C90B39,SB,TV,4,12
668595D7-CADC-3BD5-9588-39F42AD36907,NR,NR,3,12
FC6C6736-B621-FA3E-4786-39F42AF1022C,US,H5,3,-11
793EC161-2717-8021-02EF-39F42B00AC18,US,IW,11,12
79573043-2054-B48D-79D7-39F42B4C15B6,SB,PG,1,10
8E20C4F0-143B-3347-72CE-39F42B83DE5B,SB,GL,4,11
2CE30B88-AF44-1B27-40C9-39F42FA9AF8E,PG,PG,1,10
DAF44123-21BB-CD71-1420-39F437554AD1,PH,I1,6,9
354DA2F6-3C5B-EC64-C60B-39F439F657F8,KI,GL,2,12
7D98C8B2-FC09-DD19-4C6E-39F43AC3A232,MH,I4,2,12
C376CF88-19D8-3BC5-0012-39F43ADCBC8B,MH,GL,3,12
2A0EDBD5-9A38-0926-7B5A-39F43F43275C,KI,GL,3,12
78ACDD30-EE9B-0519-5C1A-39F43F522BE3,KI,GL,2,12
8D8AFFDF-0601-D9FC-95EB-39F43FA6386B,PH,I1,11,9
F00CC2EA-A243-B2E1-3F74-39F43FBDA80E,PH,I1,5,9
A05ECAF5-E42D-E9F3-4914-39F43FCA3083,PH,I1,3,9
7D038C5C-DF2E-0A39-1F3C-39F43FF2818A,PH,I1,12,9
17817419-11DC-BF6F-1E2E-39F4400C4160,FM,TV,1,12
08FDAD5B-4CBB-39A1-2E95-39F4401CCBAC,KR,GL,9,12
866C6C8C-6E00-D890-8C30-39F440F16C4C,SB,TV,3,12
35D57027-680A-9D37-4955-39F441043849,PH,I1,9,9
2032170A-F2F9-70E6-7523-39F44483282B,PH,I1,4,9
85509867-11E0-9515-B365-39F444FF9D42,US,IW,5,-10
F304961A-ACEC-8DC4-858B-39F4454F17CA,CK,I5,8,-11
1E518CC8-4C43-2708-46D3-39F445A45FEE,KI,SB,11,11
BF5FC0C7-0426-4C30-B065-39F44967F5C4,KR,PG,2,11
FCB4D0B2-69B0-B72D-E4C5-39F4497E8D93,CK,H5,10,-11
F322B615-A967-05A3-4909-39F449BCC459,PH,I1,4,9
6744CCF2-D8CB-AE84-373A-39F44E8E5F95,KI,GL,2,12
C5610619-A390-C775-A01F-39F44E8E7902,KI,GL,2,12
0EDEA28F-9DA0-C3EE-8CEE-39F44E8E8DCE,SB,SB,2,11
637C34A2-6563-4D14-2230-39F44F12D357,TW,NR,2,12
A8FA1CC5-B196-0487-8C00-39F44F933E27,US,I4,4,-11
E6F6AA3E-F12F-60B6-36A2-39F4507435D1,MH,GL,5,12
396962BC-49FF-F2E1-0D39-39F453B5DF60,PG,GL,2,11
676CB72C-2CB0-5831-0E46-39F458DB225E,PG,PG,2,10
E35D7B47-1AE4-5DFB-F907-39F458DB64AE,FM,GL,2,11
E35D7B47-1AE4-5DFB-F907-39F458DB64AE,FM,NR,2,11
0366857B-9741-5937-4F84-39F45B7DA200,ES,H5,11,-11
2FBFB1EA-5220-FB8C-BB00-39F45B7F77AA,ES,I5,9,-11
3245724E-54C1-E275-FA11-39F45B81286E,ES,H5,11,-10
4EBF701C-F55B-489A-5C1B-39F45E01407D,PG,PG,3,10
9E1663B1-63A1-65A0-0E22-39F45EB60F87,CN,GL,2,12
D5B0BDD9-1071-F535-A62E-39F45EE893C7,PG,PG,2,9
5EE7DE2C-7DB1-7343-4DBA-39F45FB662AA,TW,SB,2,11
3E42E98D-B6B4-BD4B-E63C-39F4607A23DE,FM,PG,1,9
055C5528-29AC-F1FB-A72E-39F463794B93,FM,PG,2,9
673CFF2F-56EA-FD09-4EDF-39F4639F08B5,PG,PG,4,9
8C0093EA-2AFD-214E-F6B0-39F463AE304F,FM,PG,3,9
5226C2EA-2E99-2FB2-F4CC-39F463B22603,PG,PG,4,9
5F7D4794-8882-7A76-8383-39F463B705C7,FM,FM,4,9
F4FFB57C-C5DB-416C-0BC9-39F4649508CF,VU,LN,4,-11
3CF668F9-0C5A-B182-53F0-39F46A3AF8FB,KI,PX,1,-11
2BD39A51-11F5-DAFE-D673-39F46A522848,KI,H5,1,-11
CCF72723-676F-83E5-E56B-39F46B1BC4EB,KI,GL,10,12
E42B90BE-5E1E-A6FA-9C7E-39F46B1E8291,KI,GL,11,12
BA867492-136E-8DAF-EA90-39F46B1FCA76,KI,GL,12,12
8C3D95AB-39C8-49FA-E4FB-39F46B236810,KI,H4,3,12
F1D94349-4590-F04B-DCB7-39F46B27E711,KI,GL,4,12
F1D94349-4590-F04B-DCB7-39F46B27E711,KI,PX,4,12
5EB4DE03-C418-28AA-60F7-39F46B29D60B,KI,GL,10,12
B6988D02-787A-A951-17F5-39F46B2AF7B6,KI,CK,1,-11
2ABB8EA0-9E2B-13DA-DA30-39F46B2CAAAD,KI,GL,5,12
1D7CA6B2-5BB9-D831-C357-39F46B2DE5BD,KI,GL,6,12
B2C97F0F-D485-1FEA-F98E-39F46B2FF092,KI,GL,10,12
C6164C4C-F34F-6F54-8F4E-39F4729C1EDB,PG,PG,3,10
65983F82-08D6-E761-B3A4-39F484999ABC,FM,PG,6,9
3F521E1A-654D-1B14-25C3-39F484C9BBE6,PG,GL,7,9
9A8296C4-231A-8531-9506-39F484CC447C,PG,PG,8,9
4F47547B-9172-3592-F5A1-39F484CEFC84,PG,FM,11,9
A687F957-BE3C-9E39-AEA4-39F484D830E7,FM,PG,9,11
77074DC3-615B-CE6E-A1AD-39F484DF440B,FM,PG,6,9
5D3CDFF4-F5FF-0642-3EFC-39F487CBE6CE,FM,FM,9,9
BF22D7FD-D94E-6093-7E4F-39F487E66DF9,FM,PG,3,9
1F509C83-FC63-359E-A12D-39F487ED601C,FM,FM,8,9
46C1F10C-76D6-4BD0-F1D4-39F487F0E9A1,FM,FM,9,9
5D63E9D3-5856-C1C2-A7CB-39F487F620E0,FM,FM,10,11
2261EEBA-113C-5284-5EA1-39F488327890,PG,PG,5,9
51D079CE-8873-9320-2B9E-39F488927E5B,KI,GL,11,11
08DB16A3-0A13-CE85-41A7-39F48897619D,PG,,11,10
76B355B0-387C-14DB-3CD5-39F4889A03A0,PG,GL,10,11
0E3423FC-3F9D-606E-5F61-39F4889D43F4,PG,GL,12,12
33067628-AB15-7530-910B-39F488B051F2,MH,GL,3,12
DD8032C2-9FBD-2E58-1789-39F488BB85D8,PG,GL,2,12
B9F45A14-5D27-7FDB-2323-39F488C104CC,FM,I4,2,12
E0FCAD7A-D792-C20E-009B-39F488E88793,NR,GL,3,12
A03A8E77-8576-FF29-D1A5-39F488FF28FE,FM,FM,5,9
D9F6D4D4-D73E-0A3D-C3B0-39F4897B1C2A,JP,FM,11,9
82CE0E95-E0AF-05CA-9BF7-39F48985845E,JP,FM,11,9
E67F7485-4BC6-0F50-09D2-39F489889D21,PG,FM,11,9
6138AE33-0D61-CDB1-F132-39F491828C4E,KR,GL,2,12
72B0E555-4A50-A9CF-B19A-39F491836731,FM,GL,3,12
E6440762-DB9B-DC89-223C-39F491F33BE2,JP,FM,10,9
222F457A-864A-84C5-4D0A-39F491FE6E83,EC,IW,2,-7
C3984E1B-7E6B-E6C5-0485-39F492C82665,TW,NR,3,11
AAD5B12A-436A-7522-EABF-39F496A7C234,TW,PG,2,11
B53F4823-842F-10FC-E758-39F496A82826,NR,GL,3,12
9AF8A484-8DDA-C761-53CE-39F497752480,US,IW,4,10
7A4192E1-5FA2-3950-7FCF-39F49BCEAB50,PG,PG,3,10
E6070740-8018-CD23-1C4B-39F4A1FBC646,TV,,9,9
E6070740-8018-CD23-1C4B-39F4A1FBC646,TV,,9,10
E6070740-8018-CD23-1C4B-39F4A1FBC646,TV,,9,12
842059CF-D210-B5B3-94E3-39F4A2000122,TV,,6,8
842059CF-D210-B5B3-94E3-39F4A2000122,TV,,6,11
FE4B3EB8-29C3-E2C2-ACAC-39F4A203A7A7,PG,,9,9
61218DEB-2787-1D2B-4ED5-39F4A2082394,PG,NR,10,11
0B11C558-5391-DAF2-9F8E-39F4A61BC574,FM,GL,2,12
DE1DD385-2DA6-5A05-E3B7-39F4A7B4E1DE,PG,GL,3,12
DE1DD385-2DA6-5A05-E3B7-39F4A7B4E1DE,PG,TV,3,12
381D608C-7D46-9540-AD19-39F4AB8A5E1E,EC,IW,3,-7
C394866F-BA40-364C-2D76-39F4AB8EB261,US,I5,4,-11
ABBA9FC3-D669-2000-8378-39F4ABBF356F,FM,GL,2,12
0EB9E194-7507-2384-4C22-39F4B0CF2CFC,NR,FM,4,11
0EB9E194-7507-2384-4C22-39F4B0CF2CFC,NR,FM,4,12
C60629C7-15A0-F932-BCD9-39F4B0EE97CD,PG,PG,2,10
21AACB61-D1CB-AE9C-5F76-39F4B1F2D478,KR,PG,3,-10
4BAE8992-BB42-B700-BA53-39F4B20E05BE,TV,TV,2,12
EB78043A-B804-8472-F5BF-39F4BB350115,US,H4,4,-11
32C6604A-D502-3138-7D89-39F4C502173F,KR,NR,2,11
32C6604A-D502-3138-7D89-39F4C502173F,KR,SB,2,11
288DB947-A2D8-223D-462B-39F4C5041FB4,KI,NR,3,11
FFFFFFF1-4B40-7BDC-26D2-39F4C504A155,PG,PG,3,10
FF461537-2073-470B-AD18-39F4CA275C04,PH,PG,10,10
FA145F29-C3F3-5D23-99A6-39F4CA2A5086,PG,PG,3,10
A85FF914-D9DE-BCAB-ADE5-39F4CA9A04E2,US,IW,4,-10
F5AC430E-CB36-9806-EA09-39F4CA9B2DBF,NR,CK,4,-11
FC0EDE8C-E986-5964-90CB-39F4CABEB349,KI,FM,3,12
F2D553C3-9BD4-597B-DEB4-39F4CAF78F18,FM,PG,3,10
C8C36CBA-12BE-7A94-CB9D-39F4CFD7EA43,KI,I5,3,-11
477881F1-AE07-1C0E-9B4A-39F4D03D5773,KI,PX,2,12
BC7CEC85-FC38-446B-D095-39F4D599FD25,EC,LN,12,-10
5F0D7A20-AD93-B10B-C0E3-39F4D99E7619,PG,PG,3,10
9D5D2D03-727D-06F5-2597-39F4DA0F09E4,EC,IW,3,-9
499283F0-4974-4ECF-3219-39F4E90F1996,FM,NR,4,11
B61CAF71-162D-F6D7-C1C4-39F4F8E6EB58,KI,MH,4,11
59350128-541A-AA84-7EF7-39F4F9E0C368,KR,FM,8,11
B1E530FB-49AB-183F-2125-39F4FE990366,SB,SB,8,11
59DF8759-67F4-8BE9-1777-39F4FEFDA3F1,PG,I5,5,-11
DF5A6291-C692-993D-90C5-39F4FF2B90D9,PG,PG,12,10
D84FD76F-1A60-A90E-D4D1-39F4FF8FBF80,PG,FM,10,11
A0656F32-C1A2-BC4C-FC84-39F4FF919078,JP,FM,10,9
76652401-F7F1-9E03-E83F-39F4FF92F959,JP,FM,11,9
834A2BA5-37F5-7042-EB62-39F502CDE082,PG,PG,2,10
2DB28628-6AF7-EAE0-8687-39F502CF119A,PG,GL,3,12
FB38A176-7FFD-6A82-BE63-39F502CF7971,KR,MH,3,11
2FFF0E26-CD87-0B8C-42A3-39F502CFB94D,KI,MH,3,11
81A5A0B0-D3F4-AA7F-F526-39F502D12450,PG,PG,3,10
43B81749-52B6-661D-CF62-39F502D1741A,PG,PG,3,10
BF16E1D1-626B-8D04-5363-39F502D1B29E,KI,MH,3,12
A8992E21-90DA-F3E4-F67C-39F502D32416,PH,PG,3,10
75C7F5B0-17E8-72DF-1721-39F50D1B1CAD,FM,NR,3,11
C85BA42E-C2CE-939D-DC39-39F512430565,PG,PG,3,10
F878F6CB-2E94-602F-8614-39F513A14650,TW,NR,3,11
F878F6CB-2E94-602F-8614-39F513A14650,TW,PG,3,11
1DE6B6D6-E236-86EB-2086-39F517685561,PG,PG,4,10
C05D7A4C-680E-E23A-4F42-39F51768A59C,FM,FM,4,11
2C4085DA-50D2-2C22-E563-39F518332265,PG,FM,10,9
47940EA1-0609-BDE2-8B67-39F51837C168,PG,FM,10,9
7951D32A-EFDA-D626-7555-39F518DE800B,JP,FM,12,9
25382238-D6CC-5BF7-32FA-39F518E4D13C,JP,FM,10,9
F9AFE429-A77A-7018-EFFA-39F518EDC2B3,JP,FM,12,9
9C7A59EA-CCB5-EE22-CE74-39F518F181EB,JP,FM,9,9
405E1F01-33DD-AF09-43E4-39F51DB9FD33,US,IW,5,-10
81AC4600-0E59-8875-CB41-39F51E531CCA,MH,GL,3,12
1CB18E63-E294-F069-EDB4-39F5221A62E7,JP,FM,11,9
803ECC73-4F36-217E-DC1A-39F5225DFA0B,JP,FM,11,11
E2D14A08-F186-6D15-6DE4-39F5226DCE7C,JP,FM,11,9
4B792E1A-C76D-100B-C11F-39F52289A443,JP,FM,11,9
C5881AC6-9C38-FBE8-6F4C-39F52355C73C,JP,FM,11,9
6AAA378A-9323-8EAD-8EE0-39F52797C0CF,KI,GL,4,12
571BF9E5-0BF3-3297-AD37-39F527DF72B2,EC,IW,4,-9
3A81ED3D-BA2C-DE63-2CFB-39F52C00E814,FM,MH,4,11
5FD6F96D-3923-2B37-9502-39F53126A2E2,SB,GL,3,11
8455B111-8813-B27A-3823-39F536AE3308,MH,MH,3,12
03071AC5-2DDD-429D-C1E2-39F5380CE889,KR,PG,11,11
D747FB3B-D36E-A9F0-3260-39F53CC35AF5,KR,SB,2,11
E1AAE1CA-2A82-205A-B017-39F53D596878,US,H5,5,-11
32815774-049B-1515-3D6D-39F541EE5380,PG,PG,4,11
897BD221-F0A9-600B-5223-39F542093AB4,PG,PG,3,10
F264AED3-2EBE-589C-B1B0-39F542147F55,EC,I5,1,-9
B92A0521-17FB-BB7A-2FC5-39F5422E19EF,KR,PG,3,11
B92A0521-17FB-BB7A-2FC5-39F5422E19EF,KR,SB,3,11
25AD449A-7C41-8D39-002E-39F542503EA8,KR,GL,3,12
FDE395BB-5338-48C2-43E2-39F542600A42,KR,PG,2,11
973569F1-9035-1722-B3E1-39F54AE7A53C,PG,PG,4,10
32E3D54F-F4C2-1AA0-774D-39F555335584,PG,PG,3,11
4F9CADED-C091-E684-1833-39F55AF9648B,KR,PG,2,10
BE0632E2-39CC-9E26-2312-39F55C3F48DA,TW,TV,3,12
6CE404BD-821C-4D5A-A69B-39F56035DCBD,TV,GL,1,12
F47E2F51-6859-546C-F36B-39F5605B0571,KR,SB,1,12
CED1AE0D-4D46-94A9-A4C6-39F560D1D7E2,KR,TV,3,12
83BBEE5E-EB54-2C4E-42D3-39F56131D0F9,TV,GL,3,12
886AD684-811C-A0B3-83DE-39F5652A3B51,KR,SB,2,12
8519774D-D69F-D191-8529-39F565594761,KR,TV,3,12
0DA25DEF-BDA8-6BA5-36B7-39F5656A0966,KR,PG,2,11
A820BC08-9C67-82FF-6808-39F5660F6F9D,SB,FM,5,11
6543D5EF-C016-A862-03C0-39F5662DA036,KR,TV,3,12
05E3E87A-2A3F-BC05-EC06-39F5663E3F29,TV,GL,4,11
05E3E87A-2A3F-BC05-EC06-39F5663E3F29,TV,GL,4,12
3EE2F839-6BFF-4FDC-01A9-39F569CD90C7,TW,PG,4,11
C0D4DDD4-641F-0D79-95A1-39F569CEAA21,FM,PG,4,11
1F3042D3-DD9F-9EA2-2CB5-39F56A53E70D,KR,LN,2,-11
75F34A6E-1E76-7646-2F73-39F56B3CFC5D,KR,SB,1,11
6BEF735E-A715-A377-F976-39F56BD4817A,KI,FM,3,12
3CB0701D-B39A-D397-F98B-39F56BEE6F2E,KR,PG,4,11
F87BCA86-8F2D-B9BC-DD5E-39F56C23E07F,KI,TV,3,12
4F4AE8AF-F8AE-FFA9-FA52-39F56EF4153F,KR,FM,4,11
3DD671A4-831E-B138-CA71-39F56F3192CC,KR,FM,4,11
1AEF0BFC-C3EA-9356-C494-39F56F6C66BC,KR,FM,5,11
EE046C44-CA24-0426-B1D2-39F56F78FA0D,KR,PG,4,11
1A2E9D75-A47B-9541-5887-39F56F8AD24E,PG,FM,5,11
72D27B8E-DD5E-82BE-5F7D-39F570772F7C,KI,GL,1,12
E798FD58-90AB-831C-2518-39F57940CCED,FM,PG,4,11
27A80326-740C-8F58-429B-39F57EAD0214,US,H5,5,-11
CA7CAEEB-5F1F-C935-2AC3-39F5801495AC,KI,PG,4,11
01737BDF-BD00-C949-917E-39F5838DD190,FM,PG,4,11
ED25290A-4B40-9D99-C137-39F584811664,NR,I4,6,12
933B7DAD-5ABF-A67B-0CF5-39F5848E3C16,KI,GL,5,12
57F4CD4A-67C8-FDE7-E501-39F584B67D3F,TW,FM,4,11
11E153E3-7F47-4D7F-455F-39F5853B8547,VU,H5,3,-11
682DDE28-8F86-A749-78E5-39F58DDA1B86,KI,GL,4,12
82EC93B1-B1E4-599A-CC35-39F58DDA8652,MH,MH,4,12
D96D4C02-F4DE-B3D9-6A56-39F58E6EF64A,TV,GL,4,11
D316F159-86B7-E161-CEA3-39F58F1DAEFF,KR,PG,3,10
6B9F6181-B2F1-1ABC-359F-39F58F3E41B8,KR,GL,10,12
C6CF6BFA-4913-21C6-BBF7-39F59D4DA1A5,NR,GL,4,12
4E120016-B5B0-DDD7-4A87-39F59D4EC893,FM,I5,4,-11
90597BE6-C436-5FBC-6EC7-39F5A79B85E7,SB,SB,1,11
8B63F4D5-3CBF-D9DD-5380-39F5A79EEC35,PG,PG,4,10
1304DF92-9D37-F73E-7F98-39F5A79F826C,PG,PG,5,10
51DF4A1D-A8C5-A8DF-C515-39F5A89FE001,NR,FM,4,12
64D1AE91-CBF3-1092-A1CE-39F5A8FE8E90,KR,GL,6,12
F44FC2F3-D933-F77E-D90C-39F5A94DED11,KR,GL,7,12
DAC473FE-0C95-4260-BB36-39F5B1E74CA1,PG,FM,3,10
DB9007B6-A6D5-2518-4900-39F5BC33F4B7,PH,PG,2,10
551336FE-3B8C-01E3-8ABA-39F5BC354BEA,TW,FM,5,11
5D943D5A-423E-A6BC-9FDD-39F5BC35D3A6,PG,PG,4,10
8C10E443-B749-0E89-3157-39F5C67FD890,FM,FM,5,11
031DCC5D-28B4-3F51-0799-39F5C6801020,TV,H5,2,-11
956C6994-2B1F-527B-1644-39F5C6CABDF4,TV,FM,5,11
147CF501-B400-A9BC-E564-39F5C75D9062,SB,NR,3,11
4AD2C69C-0F2E-2E5C-6B50-39F5C77EF271,US,IW,5,-10
98AF8E3B-06C1-AF24-7C70-39F5C87314B6,NR,I4,6,12
7535C98A-0DC9-D769-3C0F-39F5CBF0DF80,FM,I4,2,-11
A0060F17-5665-0875-600D-39F5CC5FD3E3,TV,MH,4,11
2A233B3C-8EAE-2597-9126-39F5CD045E35,PG,NR,3,11
65891951-08E5-5330-7F82-39F5CD21627D,KI,GL,2,12
4D374AD7-375C-7206-A1B1-39F5CD6EC6EE,EC,IW,4,-9
81D4CF65-8AB8-808E-4F0E-39F5D0CFE2DB,KI,MH,4,12
81D4CF65-8AB8-808E-4F0E-39F5D0CFE2DB,KI,NR,4,12
69C58EA2-D7EC-A9B2-DF96-39F5D0D0127D,PG,PG,5,10
9A1B4CC8-561A-F94B-4520-39F5D170C2E5,SB,GL,2,12
FD622EC6-95FE-0AEA-2604-39F5D1947E86,KR,PG,3,10
FB275859-242C-F201-AAA6-39F5D1A73A6D,PG,FM,5,11
84A92088-D126-F89A-6E24-39F5D1A879C4,TW,FM,5,11
84A92088-D126-F89A-6E24-39F5D1A879C4,TW,PG,5,11
FDD51D64-B00E-228F-6F68-39F5D1B1BB96,TW,NR,2,12
1DFCBCF2-46DD-C5C3-DC6F-39F5D22E0A0A,KR,GL,5,12
1DFCBCF2-46DD-C5C3-DC6F-39F5D22E0A0A,KR,TV,5,12
C2F692FB-DBDC-21A0-061A-39F5D671452E,KI,GL,5,12
F8DE665D-1215-3C13-3365-39F5D8047BB1,KR,PG,4,11
C749EDD7-356B-CE5A-6C74-39F5E041300A,PG,PG,5,10
D6E2514C-4AF1-70CD-1842-39F5EAFB68A4,US,LN,4,-11
E4C68ACC-817A-F3D5-D28E-39F5EC588C94,JP,,1,9
5EFAE4E9-6064-0601-4646-39F5EC880A12,JP,PW,2,9
881F36E5-8E78-9812-F66B-39F5F573EBBD,TV,NR,3,11
86221EC0-B8AB-0094-C3C4-39F5F69E3CAF,PG,,7,9
86221EC0-B8AB-0094-C3C4-39F5F69E3CAF,PG,,7,11
8326E569-FDA4-BB5C-DAAA-39F5F6A1562D,VU,GL,7,11
8326E569-FDA4-BB5C-DAAA-39F5F6A1562D,VU,I5,7,11
FF02F0B6-7BAB-9C4B-60C6-39F5FA666074,VU,GL,10,12
E7E81059-17C7-918D-99FA-39F5FFD0CFEC,VU,GL,11,12
135DB4F7-7EA6-E952-D342-39F61002DAEC,KR,GL,5,11
0EC34FEE-FAEF-4210-D1F6-39F61017A87C,KR,GL,5,12
524399F4-2695-45C8-30B8-39F610BC1A8E,TW,GL,6,12
BD51D62F-3B8D-8C0D-661E-39F6157F0493,PG,FM,8,9
42CA2056-3B27-2727-301D-39F6158B0C52,PG,FM,10,9
F6B710EC-B578-4E99-8F9B-39F615930CBE,JP,FM,1,9
4AB65844-7AA3-47FE-32EA-39F61957432F,JP,FM,11,9
98CD63A8-D57F-3CE9-38F3-39F619587B1B,JP,FM,12,9
98E6F3CA-0757-F298-B4D5-39F61959A620,JP,FM,9,9
23C4AF60-6A33-BAB9-A143-39F6195AD80F,JP,FM,1,9
03A1D63A-76F6-C559-F51A-39F619606512,JP,FM,6,9
5C93D219-499E-ACAC-5EBE-39F61962B93C,JP,FM,12,9
28EED4A1-A023-9545-E9BE-39F61976B798,JP,FM,4,9
E4EC10CB-F56B-240E-7985-39F619B5F353,JP,FM,1,9
88442ED8-3611-9AC9-D48A-39F61E69A712,JP,FM,9,9
C87E2A5F-2F0A-1C9F-85D6-39F61E750D58,SB,FM,5,11
04D0F201-728A-9A32-62B8-39F61E87CBD8,JP,FM,8,9
277BA147-D866-D40E-4DA2-39F61ED0B20A,JP,FM,9,9
B2A6C0A3-262C-D714-A376-39F61EEB14B4,KR,MH,5,11
B2A6C0A3-262C-D714-A376-39F61EEB14B4,KR,NR,5,11
C95FC5D4-0F69-99BF-F3F6-39F61F38A3DE,NR,FM,5,11
C95FC5D4-0F69-99BF-F3F6-39F61F38A3DE,NR,MH,5,11
2AE52F3E-6CB1-A6B8-0F4A-39F61F91334A,TV,FM,5,11
2AE52F3E-6CB1-A6B8-0F4A-39F61F91334A,TV,PG,5,11
9A2E1759-72EF-3269-8C7F-39F61FAD9679,JP,,12,9
0F6C68C3-B717-63E0-4621-39F6237E8BD6,JP,,1,9
96B02AFD-59BB-6791-C2A0-39F6238A9A42,JP,SB,12,9
84034E08-3A96-31CA-577C-39F623B8E1E4,JP,FM,1,9
014F0A5E-50D0-D58A-CCD6-39F623C598A7,JP,FM,11,9
E2C6573E-76A5-80C7-4964-39F623D29825,JP,FM,10,9
5AAF672A-AC2F-D297-B8F1-39F633674541,JP,,9,10
E441363A-0B84-B5DC-689A-39F634A52385,MH,GL,3,12
675EC9F2-B345-26EC-E8D4-39F638B02154,KI,GL,6,12
440E8B7E-8C70-4F41-F69C-39F63D4AFEF5,JP,FM,12,10
47315670-EC7B-B450-294B-39F6473EF3BB,PG,PG,3,10
0BA83984-BBD9-BB72-9280-39F6473F5779,TW,NR,5,12
460DD0D6-6711-9895-2D12-39F6473FC843,TW,FM,5,11
28F1C40E-71DA-E3B2-51C7-39F64741043E,VU,I5,5,-11
A1BADB54-55F3-C010-5691-39F647427203,PG,PG,4,10
697C337D-8F4A-0CBA-B2BC-39F64742C1EC,PG,PG,4,10
B58DEACE-060C-6C3F-C66C-39F64C65521D,TW,NR,4,12
DD2ABCF6-AAE7-3A75-8D9D-39F65728F7AE,US,H5,7,-11
4B3E6CA9-A194-5ADC-69E4-39F65BD99EB6,KI,GL,5,12
753CB230-84B1-1C2A-70F6-39F65C4CDB42,PG,SB,1,11
3E4E1078-8A6A-8A8C-77EC-39F65C6EFCED,MH,GL,1,12
D7280DD9-7041-4571-A97C-39F65CA601FA,MH,I4,2,12
BBBC9B5C-06C8-C71F-24BD-39F6614D1F9B,KI,GL,6,12
B0A179DE-2247-DDA3-4569-39F6707384FE,PG,PG,6,10
72EEA2C7-E04B-2EA6-7AD7-39F67075DD7A,PG,PG,6,10
997E355B-66FB-A464-7D6F-39F67075FCF3,PG,PG,5,10
3A5AF7D8-FD15-4587-14E8-39F675980FBC,TW,PG,6,10
5E86BAD7-D256-606D-005C-39F675984CDF,PG,PG,6,10
9E8874C8-FD61-97A1-AE23-39F67BEA368C,NR,TV,7,12
4E34C7A4-5225-694A-B6C6-39F67C591CD9,US,I5,3,-11
6E9AB118-AE0E-6DE9-DB1A-39F67FE73915,PG,PG,6,10
975672B0-6641-DF5F-422A-39F67FE7AB3F,PG,FM,6,10
01ABB7C1-1D35-33EF-BD5D-39F67FE843FF,PG,PG,6,10
80DD1F3A-AD82-D179-B66F-39F6803CE171,JP,,2,9
A5D00744-E40C-5A7A-7FDA-39F6805E184A,JP,,2,10
B5BC690D-97BF-DC53-39A6-39F6805FBC88,PG,FM,1,9
123CCBDF-8EDF-660B-428D-39F6807AFAD5,JP,FM,3,9
FB329C92-DAC2-05DF-A345-39F680A214A4,JP,,2,9
0EC5E156-0206-B55B-4430-39F680A38B46,JP,FM,2,9
2E6D45DC-6E2A-8E7C-9AD9-39F680A79AAB,JP,FM,2,9
1C45F28E-5572-B978-0714-39F680AB5D6E,JP,,2,9
9197D670-3D50-41C3-4671-39F680CEB26B,PG,FM,2,9
D8C5A30E-A6C8-8655-094B-39F6901B3BF0,FM,FM,4,11
CCAC0A60-74FC-2165-CAEC-39F690F0422E,FM,NR,6,11
CCAC0A60-74FC-2165-CAEC-39F690F0422E,FM,NR,6,12
27A4EC20-4E21-1C8C-513B-39F694806298,VU,LN,6,-10
FCD58AAC-79AB-E365-103C-39F694807CFF,PG,PG,6,10
CDD658DF-5461-3972-73C1-39F6A08A9BED,KR,FM,5,11
9FD815A7-FFDA-BA74-E320-39F6A49822D9,KR,FM,5,12
E2E37F9F-8C05-CD28-E6DA-39F6A4C6F8DF,US,H5,5,-11
03A2C6FA-F863-4F33-D95B-39F6AE3F8BA5,KI,GL,5,12
92C6D4EA-D4DF-D1AC-0AA2-39F6B3A34DFF,FM,GL,6,12
5BFF37E1-F159-983A-B702-39F6B88B2348,KI,NR,5,12
803AB0CA-B4A9-D555-B6B1-39F6C3EBA35A,KR,FM,6,10
5F692EC7-3DA5-C0A3-729E-39F6D3AEC136,KI,GL,7,12
451D45A6-67F7-9E81-CF0E-39F6D9106105,KR,PG,6,10
3804F182-14FC-BA61-2B25-39F6D91FF695,SB,SB,6,11
EE8850B7-013B-FECB-4137-39F6D92CEA33,SB,SB,6,11
FC92C3E7-F0B8-309D-0735-39F6D9413793,SB,SB,4,11
BFAD43C0-C763-CAC3-3C3C-39F6D944EBBA,SB,SB,4,11
E2F424CA-4059-536A-3715-39F6D95141BA,SB,SB,3,11
BCFA7FB1-9D8E-7803-3D78-39F6D95B8B12,SB,SB,7,11
C8299F63-A71E-C089-07C7-39F6D969620B,SB,SB,6,11
4B938E66-6CD5-5C07-FDAF-39F6D96F02D6,SB,SB,5,11
C026570C-DA06-C3AE-0B30-39F6D9742F78,SB,SB,2,11
D0967145-545C-0674-CC52-39F6D97A7428,SB,SB,7,11
F0AE0AD3-BA95-FBA1-DFDF-39F6E6E4F924,VU,I5,6,-11
2BAF1279-88EB-5B7D-6C4E-39F6E8D51A33,PG,FM,3,10
81BF597B-CC38-DAA8-7FA7-39F6F18A1D8F,PG,FM,5,11
C02846EC-4635-74F7-C040-39F70B7CA8AB,PG,PG,7,10
4FB8BC3E-6F33-6E10-7AE7-39F710178D69,PG,PG,7,10
5CC76A9B-BE00-AEDE-7479-39F710D2D204,PG,FM,4,11
30B6F600-C891-EC95-0249-39F710D45983,PG,FM,6,10
80BE6688-FAAE-19FC-BFAF-39F710F5967C,EC,IW,6,-9
DD1C49CD-6FD8-B968-2549-39F71626801D,KR,GL,5,12
5DD6EFEE-A8DE-3BB5-B29B-39F716381ABC,KR,FM,5,11
AEC7C4EC-A558-2198-EC2A-39F716C50084,KR,PG,6,12
20CB37E5-85A1-54B6-26F4-39F724B1CDBB,PG,PG,7,10
5C0303F5-7546-E81D-6EB4-39F73E723944,PG,PG,7,10
01831C23-265A-1178-3CF2-39F74015B0CB,TV,PG,6,10
C8FD2B97-ACC6-6506-118A-39F74081C1AE,KR,FM,4,11
06C3A208-C478-7E55-AD2C-39F745A2FC92,TW,GL,7,11
06C3A208-C478-7E55-AD2C-39F745A2FC92,TW,GL,7,12
8AED980C-62F7-10AE-7004-39F74DE405AA,PG,PG,7,10
85D2B2FF-D4AD-A35B-B091-39F75389F0E7,US,H5,2,-11
31D5EFCE-07FF-83B7-58CB-39F75D576B13,PG,PG,7,10
A242C30D-7813-EA4A-C167-39F75E90C51D,TW,NR,6,12
933DE0B0-45C4-CE3B-7994-39F763CD3D19,TW,GL,12,12
5B106A8B-B130-CB83-7D8E-39F767A47CD4,PG,PG,7,10
5D28415E-3DB1-C3E4-7381-39F77D2F853D,US,I5,3,-11
F754154F-CB5C-62BE-A727-39F786F9EF59,VU,PX,7,-11
F754154F-CB5C-62BE-A727-39F786F9EF59,VU,PX,7,-10
51A6873E-90D6-84F5-A6D1-39F7880B3BCD,KR,GL,4,11
AEF25AB3-3D56-0626-EF3A-39F790D6FE12,FM,FM,5,11
EAD94E4A-51E3-8A11-4D0E-39F7A1185CF2,FM,FM,5,11
CBD876A1-022A-F02F-11AD-39F7A571DF99,PG,PG,8,10
33D9B3FD-0F1D-BA5E-FCB3-39F7A5D560D5,SB,FM,6,11
E45C256A-1A51-04EA-6B24-39F7A619AE16,FM,FM,5,11
D3F572D2-539A-2E74-1376-39F7A64CD5EA,VU,LN,12,-11
1E8F8C2E-1EAE-A840-B45B-39F7AB705A75,TW,PG,6,11
E6657E55-9EAC-D039-DF4C-39F7B116C8D0,VU,LN,4,-10
48AE447D-A4C8-A735-C548-39F7B170ED9F,VU,PX,5,-11
E91E9906-5070-1A88-64B0-39F7B4E8434E,PG,PG,8,10
2100AC6E-EA60-FF1F-607E-39F7BFD23A14,VU,LN,5,-10
A5A1BB01-9DD5-400F-CFEF-39F7BFEA98E0,VU,H5,2,-11
8F907407-B0B8-1028-0283-39F7CF77BFD9,VU,TV,11,12
4A889420-7B02-37C5-0EA7-39F7E864E228,PG,PG,9,10
D2FB5048-CCA2-48A9-F2C6-39F7E9E46E5C,SB,SB,1,11
27C7CF8B-EF2E-E51D-B281-39F7EA1F9D0F,SB,SB,3,11
7681C7B5-A4C8-D6EC-8428-39F7F2B10194,PG,PG,9,10
70E1FA59-5782-5012-7274-39F7F7D792C8,PG,PG,8,10
DCC391AF-89A5-11D7-9217-39F7F8B6D585,SB,SB,5,11
5ED65E4F-FF11-FA07-E172-39F7F8F28423,SB,SB,2,11
6E9AF94F-9669-94BF-027E-39F7F8F42B32,SB,SB,3,11
E95111CA-9368-FBB3-D940-39F7F8F6BDE7,SB,SB,6,11
0B77B88E-F287-D0C2-B52F-39F7F8FADB3F,SB,SB,4,11
1F542700-97FB-4F92-FE08-39F7F8FDA8FE,SB,SB,5,11
E1FE36A7-8C0B-FF84-80B9-39F7F90056C4,SB,SB,6,11
31E2E93F-6959-33DA-9175-39F7F9027521,SB,SB,1,11
CA7257AD-94F0-64FD-3C9B-39F7F90673DB,SB,SB,1,11
91A237EB-C93B-BF15-0A18-39F7F908A6C7,SB,SB,1,11
B51F0CAE-2B1E-68DD-DB52-39F7F90A5DAA,SB,SB,2,11
B63A406A-48CF-E95E-FE68-39F7F90C2B61,SB,SB,3,11
827E5D65-F6FB-856B-DD86-39F7F90E2950,SB,SB,5,11
4F92D868-52A5-B88E-3283-39F7F915AF1A,SB,SB,4,11
F6C509D0-5D2F-9973-DDD4-39F81272EC93,JP,FM,3,9
55E1DAE7-8181-06F6-6FE0-39F81277E6B0,FM,GL,2,11
55E1DAE7-8181-06F6-6FE0-39F81277E6B0,FM,PG,2,11
2A54BB0A-55B9-D4CE-D9AD-39F8131F06F4,PG,,1,9
DAAC95CB-C14C-C80F-41A6-39F81839E0E3,JP,FM,3,9
E195C39C-C82F-2012-094B-39F81849F328,JP,,4,9
EF922C79-F32E-0154-4D22-39F8189AC957,JP,FM,3,9
29D43920-0437-C7CF-1E16-39F81C7C965C,JP,FM,3,9
13E2089B-5BAC-1BB9-25B4-39F81C84BD14,PG,FM,3,9
5761C298-68D3-1179-E796-39F81C8B4886,KR,FM,2,9
FDA15B1E-02BE-83CA-BDE4-39F82C0FC268,JP,FM,2,10
3A3789ED-5E9B-9C36-5C19-39F82C175125,JP,FM,2,9
2B73E56A-A76C-2E0E-5C23-39F82C347057,JP,FM,3,9
7EA24B9A-CABD-60D3-FE4D-39F83AC8E48A,PG,PG,3,10
D02F800F-3059-223F-B5C8-39F83ACA3F43,PG,PG,9,10
24C312F9-EBB2-234B-AF88-39F83ACA6D88,PG,PG,9,10
98D1C615-002B-FF4B-72DE-39F83B1FF7AA,KI,GL,3,12
AC210B9D-7781-EE7A-303A-39F83B25644A,JP,FM,5,9
7922E9FE-7B87-F05E-74DF-39F83B31DF82,JP,FM,3,10
20754A79-93AC-E6F8-55E3-39F83B4929BC,JP,FM,5,9
539F2A08-3A7D-3525-D134-39F83B561471,JP,FM,4,9
23C7151F-5227-9578-9FF6-39F83B8282A8,PG,FM,4,9
31F6D4E2-CCC2-0A20-4BD3-39F83B9E83B7,JP,FM,4,9
A70B48B7-9507-F8F5-E0D4-39F83C9E3C56,JP,FM,3,9
EFD3687D-BC7B-6B1F-D1EE-39F83CAF6BCD,JP,FM,5,9
8C44AFA3-E56D-8472-BA2E-39F8403C754E,JP,FM,4,9
0D11D6F4-95F7-21B0-E206-39F8404F5A1B,JP,FM,4,9
5B436251-196D-3A48-D2CE-39F840605353,JP,FM,4,9
F6FF6464-2C17-2DDE-77F1-39F850267BB7,KI,I5,5,-11
47E6A3AD-FEA9-41D3-C66B-39F8553DCD5B,KI,I4,2,-11
5BC0D610-D09E-B387-CE47-39F85ED9CD17,PG,PG,9,10
97190E82-BBC1-9196-95B7-39F85FB8149B,KI,I5,4,-11
35B59A22-7CB7-A3C8-1475-39F85FD27A6B,KI,I4,3,12
8B379273-E506-7B99-377D-39F863FDC1FC,PG,PG,8,10
4D00CA55-8305-591F-4EE9-39F8753E4330,KI,H5,2,-11
09F288F6-30AE-874E-B506-39F8835D453C,KI,I5,5,-11
66010CEE-4050-27E5-0D0C-39F8836F2B94,KI,I5,4,-11
E0480406-355C-935F-899E-39F883A7C6A6,KI,H5,2,-11
E3FB5B57-7E0F-165C-CD1D-39F898CEA79C,PH,I1,3,9
48130EBC-E540-1FB6-B7F6-39F898EE5B0A,PH,I1,3,9
B1F2A5FD-E9F1-2E4A-5CB8-39F89E18DFD2,PH,,2,9
18268FE0-898E-F90D-DB43-39F8A2DB3C68,PH,I1,4,9
6A988560-075B-3557-3457-39F8A2E8688E,PH,I1,5,9
6949C3F8-50E6-32B9-4C9A-39F8A2F02D19,PH,I1,4,9
F8C61C8F-4CEC-558E-F4FC-39F8A307DD21,PH,I1,3,9
76086D20-EFFF-C6E0-9BE7-39F8A30A156B,PH,I1,5,9
76086D20-EFFF-C6E0-9BE7-39F8A30A156B,PH,ID,5,9
BE102C04-9AEF-088A-DA56-39F8A31CCB10,PH,I1,5,9
25221F44-BD1E-DE92-803A-39F8A3238699,PH,I1,5,9
7E39AA5D-F8A4-DE50-FAF5-39F8A34653E9,PH,I1,5,9
3544B16B-0814-1E29-BFB0-39F8A366B37E,PH,I1,4,9
8213571D-7598-1917-896D-39F8A3D7640F,PH,I1,5,9
031F3EDC-9C3C-9233-A203-39F8A3FD63DE,PH,I1,5,9
BA7D95CB-8E98-1085-04E5-39F8AD4B4C0D,PH,,4,9
A65425F8-997E-C16B-187E-39F8AD4FCBCD,PH,I1,4,9
A9F4AED4-04A5-7831-BFDE-39F8AD6647FB,PH,I1,5,9
1AA06F3C-B342-271C-CC7B-39F8AD7DF9E6,PH,I1,5,9
451EC598-FF0D-1A42-3A11-39F8BCA15703,PH,I1,4,9
6039D6DA-A837-8574-08F6-39F8BCD94A9A,PH,I1,5,9
FA6690B6-4772-6C6E-C6D0-39F8BCED2043,PH,I1,5,9
C0680154-A568-45CE-C245-39F8C1D0052C,PH,I1,5,9
033DD06C-ADE4-630F-6B9E-39F8C1D9D1C2,PH,I1,3,9
D070E041-E29B-C205-FA98-39F8C1FF4039,PH,I1,4,9
1C5CE1FD-5E4D-9AAC-7D77-39F8C1FF403C,PH,,4,9
23BDD4E8-4CC9-7C8C-A86D-39F8C212186E,PH,I1,4,9
4A8AF4B5-F012-C286-7E29-39F8C7110853,PH,I1,5,9
7AD2D62A-F4D8-878E-BE24-39F8C7142DB4,PH,I1,4,9
638387A1-786B-8806-E195-39F8D54C0B8C,FM,FM,9,11
DCA35A1C-535D-18C1-C020-39F8D54E0E13,PG,PG,9,10
93F069C8-4D9A-03A9-4605-39F8D54E56EC,PG,PG,9,10
64266009-B47F-84D8-2D3C-39F8D54F2662,PG,PG,10,10
5DF8898B-AFFF-B279-413B-39F8D5514DC5,PG,PG,9,10
E2C43C32-9C67-83B3-5FBF-39F8E5ED0E59,PH,I1,5,9
35964A47-1365-4673-5526-39F8E5F72033,PH,I1,5,9
975A059B-12AC-CC3D-3173-39F8E6143A42,PH,I1,5,9
FC6CFA00-C783-CC3E-4631-39F8EB767669,PH,,4,9
F145EB17-8C45-8FCA-0DC1-39F8EF0CAE97,PG,PG,9,10
EE114EEA-A4BA-0D1F-5C3F-39F8EF0DCE2A,PG,PG,10,10
F5194222-1685-C7AF-327A-39F8EF0E1540,PG,PG,10,10
039FFCB1-32A7-E60E-FB2D-39F8EF0EA721,PG,PG,10,10
79930CB1-B5AE-6145-DC46-39F8EF0ED0FE,PG,PG,10,10
F1C7DC4D-06A8-A8CD-8A84-39F8F027E7D8,PH,I1,5,9
10B7FD3C-4C86-BF19-9F87-39F8F0332E94,PH,I1,5,9
B3185DB6-37BF-16D7-DA43-39F8F040FD67,PH,I1,5,9
9B5A1F08-EAE0-625C-27F8-39F8F04FF5B8,PH,I1,5,9
FF995515-2DB9-9AA1-175C-39F8F0541829,PH,I1,5,9
3AEB10F3-3CD8-3EC7-223B-39F8F0F6B091,FM,PG,2,9
1D8F8451-55CE-9FFE-A5F5-39F904E4A9C1,PH,I1,4,9
41EC519E-E367-C34D-19D0-39F904E85F8C,PH,I1,5,9
FF4D7669-B8BD-EA80-6AF4-39F904ED5354,PH,I1,5,9
641B9410-8D4B-9385-CFC2-39F904F1B2E3,PH,I1,4,9
AA4A59D5-AC2E-E856-A6CC-39F904F60F5A,PH,I1,4,9
1E1F1F0F-B2C1-4FE6-ED4E-39F90504F3FF,PH,I1,5,9
A7BF7D81-AA0F-0C9B-9B94-39F908C9F7DC,PG,PG,10,10
050DE18C-DD1C-A032-7C52-39F90DF08C84,PG,PG,9,10
364E6221-A7FA-8FCF-604E-39F90F315938,PH,I1,5,9
06F3340D-4696-8AF5-A34F-39F90F3D648F,PH,I1,4,9
D6B922ED-1B86-6956-64CF-39F90F40DCC8,PH,I1,5,9
73B0801A-8CCB-5D18-800E-39F9142A05D7,PH,I1,5,9
08DF025A-41DB-1472-9970-39F914651FF6,PH,I1,5,9
9D439788-DCFF-6C9C-6D45-39F91471B72A,PH,I1,5,9
632C620F-8098-8253-1794-39F9147A27F6,SB,SB,7,11
7902EF32-3AD9-F4D0-DFF0-39F919898B61,PH,I1,5,9
BD1CE743-8BD5-2C4B-8667-39F92F1BB8E7,PH,I1,4,9
7A9557BB-F978-8EB0-108C-39F92F23C9C4,PH,I1,5,9
D8D728D5-8BA9-1F86-0111-39F92F2C3DF2,PH,I1,5,9
2BC4BE7A-7DD3-5BD5-B35E-39F92F7B4FE0,PH,I1,4,9
91876240-0B6F-7205-2074-39F932FEEB85,PH,I1,5,9
2196AFE7-7337-EF2C-C60C-39F9331453CD,PH,I1,5,9
166AE410-208C-D8AB-AAA4-39F9335A33AF,PH,I1,6,9
CFA660F1-E6D7-90F0-7C9B-39F9335B7073,PH,I1,5,9
D6270679-02E4-B2AE-A6D9-39F93365389A,PH,I1,4,9
55DFB047-1EA7-FAE8-3F59-39F9341FD78D,PH,I1,6,9
9C5FC8ED-636C-4376-21E0-39F937C9DF87,KI,I5,5,-11
326A1342-844C-C0EC-6E98-39F9386A98AE,SB,SB,8,12
F35E65A2-3258-2D92-8E57-39F9386C1C4D,PH,I1,5,9
D45ED122-2277-9132-602D-39F9387EB786,SB,SB,7,11
F338E989-5161-7839-62F0-39F938AAEB82,SB,SB,9,11
C1FE130D-1216-B13F-C576-39F938B025F0,SB,SB,8,11
22E2999B-54FA-4114-5BB7-39F938B411D9,SB,SB,8,11
B722AEAE-706F-5719-E420-39F9394EF042,PH,I1,6,9
F1120F3A-A0F9-D571-BE90-39F9395AF539,PH,I1,6,9
1CF5BC12-CF34-01B0-6481-39F93CC65C9B,KI,GL,7,-11
1CF5BC12-CF34-01B0-6481-39F93CC65C9B,KI,PX,7,-11
63238272-66B6-E231-E520-39F93DA9BB51,KI,I5,5,-11
535982DA-6109-0BAC-FB9E-39F93E846DBB,PH,I1,6,9
E33837CB-CEA2-83BF-C8D7-39F93ED3A1EC,PH,I1,6,9
15CEBF09-255C-C0BA-B4E3-39F94CCED352,SB,SB,8,11
905642B5-8D5C-EADB-AED2-39F94CD2C1F0,SB,SB,8,11
E6059F89-76E0-90ED-6D9A-39F950E44F01,PG,PG,10,10
518F0019-8CB3-BB68-CB1C-39F951949853,KI,H4,5,-11
12D20B9D-EEE7-9681-FBB2-39F951D2B804,KI,GL,4,12
41605DE1-C02E-FFA0-6A3F-39F9528295EF,KI,GL,6,12
D0FD0462-7EE6-FC36-C49F-39F9564B40E7,KI,SB,1,11
32453B07-6FA6-0389-12B6-39F95670C12D,KI,GL,2,12
2BB4B51A-2183-CCE3-C6CF-39F956D845AA,KI,PG,3,10
2BB4B51A-2183-CCE3-C6CF-39F956D845AA,KI,PG,3,11
118D2416-A087-174A-F548-39F956FB5A4D,KI,H4,4,12
D6810DB9-CEA1-5140-63D6-39F9579E8E47,KI,SB,1,11
684C8998-1813-8A48-86B3-39F95BE48866,KI,GL,6,12
89B5DEFE-2272-60FA-9328-39F95C0F437A,KI,H4,5,12
3B0B99EF-4489-D3D2-83F8-39F9614749D5,FM,GL,5,11
C519E16E-E7E7-DD20-D492-39F9657FE159,PG,PG,11,10
5ED61846-84C4-680A-02E8-39F96FC941D8,PG,PG,10,10
027EDD2D-EB6E-650F-BF4E-39F96FC9FDD2,PG,PG,11,10
02112D76-0246-DD47-DA69-39F96FCA1DFA,PG,PG,11,10
C587ECBB-5BA0-8F6C-3455-39F97065AE09,TV,MH,5,11
7189428B-899C-1982-CBC8-39F97FA780A5,JP,GL,6,12
36880386-5A44-B17D-79F6-39F98989ABF2,PG,PG,10,10
A0352ED7-309F-87E3-EC56-39F9898A0579,PG,PG,11,10
4EBF9063-BAA4-05D8-8F76-39F9898A4950,PG,PG,11,10
751CEEA3-2390-1E3B-29CC-39F993D4C0ED,PG,PG,11,10
1BD55F04-4FCB-FA40-76F0-39F9B2BD7D52,PG,PG,11,10
F3353340-EA7B-D50D-0140-39F9CC7CDDB3,PG,PG,11,10
77DC1736-C0E3-196C-790B-39F9E6AAEBF2,PH,,2,9
77DC1736-C0E3-196C-790B-39F9E6AAEBF2,PH,,2,10
BCE12EE0-7A5A-640F-61D8-39FA0524EFEE,PG,PG,12,10
BD43C5AE-69EE-FB58-B1F8-39FA0638311B,TW,FM,4,11
1AC75F43-98F2-C0B7-D9EF-39FA0725BCDC,PG,PG,8,12
13D185F4-C298-6600-CCFF-39FA0AB38A78,PG,FM,6,11
789C80E1-9995-69EC-B17C-39FA337E3C9B,PG,PG,12,10
3FCC0734-B92B-7A0D-9163-39FA481577BF,PG,PG,12,10
08E4E435-B411-9955-78A9-39FA488983F6,TV,I4,3,12
6A6EA97F-BA3E-A40C-0C7F-39FA4DC08B0C,TV,I4,4,-11
F3851480-5A76-450B-1BEC-39FA4DE48419,TV,I4,5,-11
082694B5-E1A8-1793-05F6-39FA4E27825F,TV,PX,8,12
55D03FE6-C8C9-55BD-4694-39FA5CB0D94F,PG,PG,12,10
E2582809-8D73-39C3-B439-39FA5D3405D8,FM,FM,7,12
0258FBC8-2F23-5DEA-D480-39FA733052AF,FM,H5,10,12
AC709C5D-CE6A-0B21-649F-39FA80BD9D65,PG,PG,12,10
107FFE2E-79CE-5869-E232-39FA95DF4088,KR,PG,3,10
AE881AC9-31C1-25A3-AAEE-39FA96E51D7A,KR,TV,2,11
466D40EA-9EC4-481B-2A82-39FA9AFEE9C4,TW,FM,1,10
777C9394-E391-D66A-5805-39FAA4C720C0,PG,PG,1,10
655BFB39-7C7D-D5E8-44F0-39FAA4C7672B,PG,PG,1,10
487D3F73-C083-D1B8-702A-39FAB5B8757B,ES,H5,1,-11
D4216B71-FABC-0C35-260C-39FAB5DE4B7C,KI,FM,7,12
1B383934-9D53-3938-641C-39FABA381FC7,FM,FM,7,11
ABC55AF4-40FA-8071-3379-39FABE8C7BAD,PG,PG,1,10
D817AEB0-DF8E-9D45-7D17-39FAC8D5E7D9,PG,PG,12,10
ADCF0E45-A441-2449-A416-39FACDFA6A04,PG,PG,1,10
85390B2E-1EE4-682E-8465-39FAD9C59F34,SB,GL,1,12
83534966-146F-AE25-0EF6-39FAD9DD30CB,TV,NR,6,11
83534966-146F-AE25-0EF6-39FAD9DD30CB,TV,PG,6,11
E614857D-52B5-A6B5-E513-39FADA660468,PH,I1,6,9
77934C36-322F-64BA-88A4-39FADA7A552A,FM,FM,5,11
DD5D54D9-729B-4C27-2001-39FADAA4D5DC,PH,I1,6,9
013B9F08-EBE0-666C-90C5-39FADACF84C7,PH,I1,5,9
F4B6907D-76E1-07CD-9448-39FADAFA5108,PH,I1,6,9
3881E840-E78B-66DE-0614-39FADB0E1F48,PH,I1,6,9
E852CA0F-D619-60C0-8EB3-39FADDF58EF0,FM,FM,8,11
1D5F2686-09F4-DC09-0F6E-39FADE3B1207,SB,SB,10,11
832D7E79-75E2-13F4-46E8-39FADEF4354B,FM,PG,1,9
23906066-5253-8971-4DE2-39FADF184F1D,FM,FM,7,9
D0D8BB7B-AE9A-6131-3AAB-39FADFB4B1B9,PH,I1,6,9
5D6979C8-B79B-B7CF-FC86-39FAE34292E7,FM,NR,2,11
EC2AF6B6-B178-323F-1C9C-39FAE36A9235,FM,FM,3,9
940FDB57-403F-0CF9-229C-39FAE3871061,FM,FM,4,9
40926DA8-D56C-90AA-1382-39FAE55AEB93,PH,I1,4,9
2A24BC59-D833-8A2F-7FDA-39FAE914236F,KI,NR,2,11
DE1F600D-9D91-85C5-02A2-39FAE95BB3E6,SB,FM,5,11
FF14C741-6EEE-34C0-61B9-39FAED2733C9,KR,MH,5,11
3154E4D9-3FD0-E54F-0A9A-39FAED6283FD,KR,PG,4,11
59527E46-E50D-59C8-FDFB-39FAED92AA43,KI,NR,3,12
BB45E2D1-4EC2-F840-FF5C-39FAEEE61E7A,KR,SB,1,11
66EDDC01-C491-7D64-45BD-39FAEEF06AB3,KR,PG,1,10
3C270220-8467-4818-AD5F-39FAEEF4E40E,KR,SB,1,11
201E7D9B-1AE3-D447-7203-39FAEEF92F44,PH,I1,4,9
CF7AF5E7-2F04-79C6-3F03-39FAEF00B943,KR,SB,1,11
C6DF7C89-9D68-3194-53D2-39FAFE81F0E9,PH,I1,1,9
5BC14789-3A63-6F0D-87D2-39FAFEFF11B7,PH,I1,1,9
DF8B7BB7-4DD1-7F8F-AA06-39FAFF0F12A2,PH,I1,1,9
B5AA1EFD-E28E-BF02-42B6-39FB0246019D,KR,FM,6,-10
E90B61F2-F159-670B-4697-39FB02CF67A1,KI,NR,4,11
60D4DA3D-D7E7-EA98-0B43-39FB02EAB06C,KI,I4,2,12
5CF9F195-59F5-FA3C-CC97-39FB03B3E07E,PH,I1,1,9
DFC720D6-6423-71D7-3F32-39FB07A9CE7E,PH,,2,9
706DE30B-F698-FC82-5F71-39FB07B1139C,PH,,2,9
794D82F7-0114-D286-8CF3-39FB08AEE8F8,PH,I1,3,9
BD8DF364-8526-4285-459D-39FB08BCCB0C,PH,I1,4,9
A0E37C70-C519-7270-485A-39FB08CCEBDD,PH,I1,1,9
F6490266-2EE0-F112-937A-39FB094FDAE7,PH,I1,3,9
8464771B-58C8-EF69-813B-39FB0959DFCD,PH,I1,3,9
4154FA51-2FB9-602D-2B2C-39FB10ED094D,PG,PG,1,10
ECC2258C-5605-1E45-EED3-39FB10ED74BA,PG,PG,1,10
7BC3C9C6-CD42-7C3F-CD45-39FB10EDB870,PG,PG,1,10
0E6F9AB5-438C-64B7-01C1-39FB10EE0A94,PG,PG,1,10
09F795CA-2E6C-5497-217D-39FB116EEBC7,KI,GL,2,12
FEB1EC6C-B79A-28AE-55D0-39FB11E16A21,FM,FM,4,10
ADFFE954-3EEC-F571-A109-39FB1217A1B6,PH,I1,3,9
DB38137B-B120-1F9F-95AF-39FB12DB442B,SB,SB,10,11
2A65245F-35A2-330D-4280-39FB12E529C0,SB,SB,11,11
ADE611E8-CE11-69BF-8A50-39FB12F5E5BA,SB,SB,12,11
00D2721F-CF48-7F63-C9B8-39FB12FC4DA8,PH,I1,3,9
5CFE1BEE-3E11-9461-8863-39FB1314256C,PH,I1,3,9
B0F723FF-586F-C63A-32B4-39FB13200C5E,PH,I1,3,9
8C995836-6659-1A89-50CD-39FB136489E4,PH,I1,3,9
90D2D670-E12E-3512-FFE2-39FB1B39CDAE,PG,PG,1,10
A8C4FC39-8539-2960-71C0-39FB205FE97D,PG,PG,12,10
B9BED627-FC66-C3AD-2984-39FB21863617,PH,I1,3,9
EB14182B-6AD9-B880-2FBE-39FB2191C47F,PH,I1,3,9
720274C2-1C54-16A3-FF75-39FB22EF9F04,PH,I1,3,9
D307D838-F79E-0445-201F-39FB22F3F77D,PH,I1,3,9
F15EE3A2-A312-7CCF-E30C-39FB25867BBB,PG,PG,1,10
8E5A9BD2-E3B3-2D3C-2010-39FB2586D62B,PG,PG,1,10
F9020580-2F7E-6A08-9F38-39FB279487E0,PH,I1,3,9
DDD55667-6CDA-B53E-E5F6-39FB2CB18098,PH,I1,3,9
847F88FA-C429-7ECD-423E-39FB2CB88BDF,PH,I1,3,9
D05090E6-1E8E-9B14-1C28-39FB2CE74610,PH,,2,9
9FCC3655-CC2F-6315-3C2D-39FB2CF71CE6,PH,I1,2,9
01E77EA5-6C58-15FF-06EB-39FB2D058F69,PH,I1,3,9
B9A49AC9-2E88-C969-EB8C-39FB2FD321A6,PG,PG,2,10
D239F92D-9C5F-415A-1B11-39FB2FD37630,PG,PG,2,10
7C8F5290-D974-4203-0A7D-39FB3227CC7E,PH,I1,6,9
2B8A8BF8-5B1B-694E-7C25-39FB323282D9,PH,I1,6,9
B642119D-258D-F05B-60C2-39FB3624D32A,PH,I1,6,9
32D809BD-F968-3001-52DA-39FB446D0FCB,PG,PG,2,10
012908C5-9F85-C750-3744-39FB45C56D0A,NR,NR,2,11
047AFB97-0603-FCC8-6AB8-39FB4EB95BB7,PG,PG,2,10
1E5224E7-94C1-4C48-50CC-39FB4F3EAEB5,FM,FM,6,11
EE0647DB-59C1-41C8-B848-39FB50488C72,SB,FM,7,11
EE0647DB-59C1-41C8-B848-39FB50488C72,SB,MH,7,11
8421A8AF-E717-1882-2D95-39FB505070E4,SB,FM,6,11
8915B5E8-0AC3-D029-70BF-39FB50555F7B,SB,PX,7,12
FAC72B99-1152-78DB-755E-39FB53DFD878,PG,PG,1,10
A20C1433-88BB-0946-C5FE-39FB563B00BD,KR,PG,2,11
85FF237A-4DB4-D78E-AE00-39FB63E088D8,KR,,10,9
85FF237A-4DB4-D78E-AE00-39FB63E088D8,KR,,10,10
50EE1B19-B7D6-0FC9-4333-39FB63E74428,KR,SB,12,11
B4B4A4C1-830C-FDA4-B174-39FB64408D7D,KR,PG,2,10
FA08A501-30D8-7540-482A-39FB64549EF1,KR,FM,4,10
E98A4584-FDE0-15EE-F27F-39FB6464835F,KR,PG,5,10
AC33FFE2-23B0-BC52-2993-39FB6471D921,KR,FM,8,11
4A1039C1-C13F-392E-73C9-39FB64C25564,KR,PG,9,11
CF9F52BE-5C76-4F7E-5821-39FB64D1257A,KR,FM,10,11
B9D4B15F-807A-AB1D-5182-39FB64E23034,KR,PG,11,-10
CD6CBF4C-0DA3-19B3-01AC-39FB6E157B0C,KI,,1,9
0BB3E81A-461C-958D-ACAA-39FB6F31AD7D,FM,I5,1,-11
E40A106E-5DAD-079A-DD72-39FB73676295,SB,SB,10,11
35EAFAB0-1026-2C8D-DD0B-39FB736B6B59,SB,SB,11,11
584A3C51-74F3-9766-3705-39FB73797042,SB,SB,12,11
A0CAE8FF-8475-0209-C69B-39FB737F9C07,SB,SB,10,11
0B8DA81B-9462-40DB-037A-39FB73934B13,SB,SB,11,11
407B445A-EEC1-6EED-9E0C-39FB73B08165,SB,SB,12,11
A08DF955-200C-8917-A40F-39FB73BC22F2,SB,SB,11,11
7C3B61BF-D788-8F7A-7B69-39FB74CDFEE0,PH,I1,9,9
CCC56356-06D6-5EAC-D33C-39FB74F7EFF1,PH,I1,10,9
63675379-7F30-FC18-A83F-39FB750AAB96,PH,I1,10,9
9C144B1B-65C4-834A-9B41-39FB79D0E69F,FM,FM,4,11
1ABD61A9-7301-0011-CCC1-39FB79F3C757,PH,I1,10,9
1EF61BDC-64CC-3547-EC06-39FB7A5F70B8,FM,FM,2,11
0D416304-6873-D900-1736-39FB7A73EF3C,PH,I1,11,9
EDC29C7E-8FDF-1F1F-715A-39FB7D0FF2C0,PG,PG,2,10
E9F203F9-B017-0CD0-7E2E-39FB7D29C87F,FM,FM,5,11
6846BE6E-2F3D-E2B2-4BE3-39FB7D31C475,FM,PG,1,11
DDCDEAD1-ED49-B293-3BC9-39FB7D49E867,FM,SB,1,9
076DF27E-180B-EF3E-7571-39FB7D511C53,PG,FM,8,9
13C91228-1A4C-7E11-48DE-39FB7D52FE38,PG,FM,5,10
9E256EA3-32F9-8F52-9A0E-39FB7D5B8937,PG,FM,3,10
A9FFED4B-4BAC-BCA8-9F52-39FB7D5EA90A,JP,PG,4,10
E375BBAF-53C3-A2FE-786E-39FB7D8B231C,FM,FM,2,9
2D7D09F4-D31C-523C-494A-39FB7D8FE07D,FM,FM,4,9
01B2D19C-E384-6969-9A09-39FB7D937951,FM,FM,3,9
35E1964A-79A2-1AB7-F41A-39FB7D975387,FM,I4,4,-11
CB0ABAD0-63DC-7ABB-CC8F-39FB7E3D4722,JP,FM,4,9
67DBAD79-4337-0E3D-017A-39FB7E4818CC,PH,I1,11,9
17DCC245-C8BE-617E-A6BE-39FB7EC64BAD,JP,PG,8,9
554A36B0-3C59-85D5-4416-39FB7ECE3095,JP,PG,12,9
F6AD5DAE-A585-6CCF-1EA5-39FB7ED0E16D,JP,FM,7,9
5F3D7ED2-5C4A-CD8C-16B9-39FB7ED35DD1,JP,FM,6,9
63E687F5-9B18-F112-588E-39FB7ED57494,JP,PG,6,9
94D30A7A-090A-13E9-8024-39FB7EDAF4E3,JP,FM,5,9
91C3F779-00C9-2903-88C0-39FB7EDCDFE1,JP,PG,11,9
36C64A46-CB2F-0C47-7EAA-39FB7EDE77BC,JP,FM,10,11
4E3187E6-AF62-6891-7060-39FB7EE1D97D,FM,PG,2,11
37DCD04E-92EF-5DB2-4655-39FB7F29F2E5,PH,I1,11,9
243FA866-12BD-8914-A444-39FB7F9D3D9B,PH,I1,4,9
74BF3AD7-1C32-A066-D5FE-39FB82E59D3C,FM,FM,4,9
8605B2B1-68E4-E261-92C6-39FB82E88237,FM,PG,4,9
1942A2AB-81B4-CFC9-E896-39FB82ED52BB,FM,PG,8,9
640AE507-5B37-DDD0-813D-39FB82EEEC81,FM,SB,12,9
F116CD2F-C692-0D54-5E94-39FB82F1E4B3,FM,FM,7,9
04329F53-4A65-973C-8F3D-39FB82F4EA15,FM,FM,7,9
3C0B1EBF-7CBC-662D-E01F-39FB82F63603,FM,FM,3,9
A147BBB6-9916-8764-5F10-39FB82F775D8,FM,PG,3,9
62860647-A8D5-3FA1-7E4A-39FB82F9434A,FM,FM,5,9
25B68F9A-8390-DD63-4D5E-39FB82FB44CE,FM,PG,11,10
FF4A7DFC-F9C1-F11C-F850-39FB82FE8FB4,FM,FM,10,10
991860A0-2E04-FC49-5CEF-39FB8C8825DB,PG,PG,2,10
2F68EC5D-E6FC-7083-83A1-39FB93056FEC,PG,PG,7,10
7A97AA79-00D0-19E7-AC6B-39FB9306EA8B,PH,I1,11,9
97491B2E-9FFF-31B9-63B2-39FB9307B1DB,PG,PG,5,10
8F222DE9-79AC-6335-C044-39FB930BDA7B,PG,PG,3,10
EA1F9AF2-1AA1-DDF7-747B-39FB9317E5B1,PG,PG,10,10
E0765C1C-AC55-ACA7-27DF-39FB931E4151,PH,I1,12,9
EE8ECCA1-0693-A846-1F5A-39FB933D9CCF,PH,I1,11,9
B9561A20-1FB3-BA9B-ECEE-39FB933ED8B6,PG,PG,6,10
5CB7B030-ADB1-E98C-E2F2-39FB93618110,PH,PG,7,10
20AB2AB6-69C6-039D-E14A-39FB93A1A398,PG,PG,8,10
9B5B44A8-0E89-19EF-62A5-39FB96E6F4ED,PG,PG,4,10
805E8B9B-2E51-2A77-F779-39FB96EC3978,PG,PG,1,10
29AE840F-78F8-8646-6340-39FB96F55357,PG,PG,7,10
9F56CC5E-C39A-0A44-74CE-39FB97073167,PG,PG,11,10
CF580A39-4831-8C5D-3E83-39FB9709F218,PG,PG,8,10
031635CC-15A9-25CE-908F-39FB97157C16,PG,PG,4,10
BDD640CE-5C50-430F-C925-39FB9BF9085A,PG,FM,3,11
628C97DA-9052-98E7-8198-39FB9CF0E6B1,PG,PG,1,10
5659D8EC-2AC8-1414-5A13-39FB9D4A916F,PG,TV,9,12
7E3883FB-6B4B-4135-2CCB-39FB9D4D2420,PG,PG,6,10
46839CF2-DD8E-0301-50C4-39FB9D54C0F3,PG,PG,3,10
A57AC883-924D-E40C-D885-39FB9D8AE28C,PG,PG,1,10
91066857-4560-B8A5-437D-39FB9D9D70B9,PG,PG,10,10
88597CDA-ED2F-5167-6DCD-39FB9DAC697B,KI,TV,3,12
64B5CA01-E8C4-9EF2-3062-39FB9DC5E20C,KI,PX,3,-11
16807A73-BB86-2377-BCE1-39FB9DC97FB7,NR,NR,6,11
EFC89B49-1BFA-8A7E-8D98-39FB9DE6508A,KI,H5,2,-11
A0D02E17-A369-4332-08C1-39FBA27F8C54,KI,I4,6,-11
A0D02E17-A369-4332-08C1-39FBA27F8C54,KI,I4,6,12
94CC5C5B-D906-BC8C-C887-39FBA282288E,TW,GL,1,12
2A28B286-A0A3-854D-32A5-39FBB61726B9,KI,H5,2,12
B9C2FCD6-A5F1-69A1-6331-39FBB621F95C,KI,I5,6,-11
B9C2FCD6-A5F1-69A1-6331-39FBB621F95C,KI,LN,6,-11
08FEDF26-971C-AEBE-6B37-39FBB634661A,KI,I5,5,-11
262C6A66-5069-6C59-253F-39FBB7B8D552,FM,FM,2,11
A8DFCF70-B74E-433E-F752-39FBBADD7DF1,PG,PG,3,10
73D8BD05-B164-E9D9-D318-39FBBB8DD499,MH,FM,5,11
075B2678-197E-5634-B869-39FBC07A51AF,PG,GL,1,12
97E7A85B-0C69-B538-9930-39FBC08BD496,MH,FM,4,12
3B4A890B-BB7E-4206-30C4-39FBC5525D16,PG,H4,1,12
1E305C78-1F52-42D7-CB04-39FBC5AAED71,PG,PG,4,11
170A13DB-C0A3-DFC1-B292-39FBC5B4D92A,KI,GL,4,12
B90FFCD7-F547-1AFE-76A6-39FBD52A8411,SB,SB,11,11
43498A31-4C2F-358B-F032-39FBD5326749,SB,SB,10,11
8CB813E6-99FE-B947-8963-39FBD9F72E76,PG,PG,1,10
5504BF82-461F-AC30-2D01-39FBD9FC9F6F,PG,PG,10,10
9E5E773C-9CEC-BA27-7BB8-39FBDA39EAE9,TV,PG,3,10
5E15EA2A-A83F-7B37-1833-39FBDAAEE214,FM,GL,2,12
7F8BD51C-6302-9011-E550-39FBDAC95F53,FM,NR,3,11
9580457B-4D61-C894-3812-39FBDFF9DD87,PG,PG,12,10
CC1CC86E-66F7-3156-D5D2-39FBDFFDA1DF,PG,PG,10,10
8BAAB932-4430-3696-82DF-39FBDFFFD862,PG,PG,6,10
A1EBD28D-60D0-1E04-F56D-39FBE001257A,PG,PG,8,10
18361B97-9528-6DD0-1C58-39FBE00241B4,PG,PG,3,10
2C90FF39-D7B4-EC00-5139-39FBE0045B7D,PG,PG,7,10
D36C3A4A-8FB7-32FA-A252-39FBE00640CB,PG,PG,8,10
C5DEF294-9C41-0BC9-ED2E-39FBE0076181,PG,PG,7,10
B18FC03C-C078-D012-8932-39FBE00C936D,PG,PG,3,10
0DB22FEE-34D1-82E3-4602-39FBE071194A,PG,PG,8,10
498E77A7-D5C9-9CDE-C956-39FBE0764841,PG,PG,1,10
BA8C9F4B-FB6F-BC4D-DEF2-39FBE4C3049C,ES,CK,3,-11
E8C08D99-F3F3-416D-DFDA-39FBE4CF5EA0,ES,I5,5,-10
85ADC574-D28E-40D2-4E72-39FBE4D57C4B,ES,CK,12,-10
7399149A-756A-16EB-585F-39FBE4DCEE4A,ES,CK,1,-10
8D04B89B-24BD-9204-F756-39FBE4E2755D,ES,,3,-10
4018E070-FB49-DC8A-C8BA-39FBE4E49DCF,ES,H5,10,-10
ADC18E92-6E16-0338-2FE6-39FBF3838C89,PG,PG,3,10
6BE040D1-001F-18EA-8820-39FBF8AB0B15,TW,PG,4,10
6103A8F0-426E-2EE2-F1A4-39FC03C2426D,KI,GL,6,12
36DD8BBB-CD10-D138-C3FA-39FC0D4892DB,PG,PG,2,10
A5584D4B-234C-3233-CA14-39FC17906867,PG,PG,3,10
BCF5B5A4-CCF5-1EDF-E194-39FC27004801,PG,PG,3,10
B83E6E80-23B3-35C7-22F0-39FC2C933618,SV,IW,12,-9
85FFC608-F299-A004-6EFA-39FC469C84D9,FM,I4,9,-11
51370888-C464-544F-E284-39FC55ECCC12,FM,TV,11,12
4378578E-11B3-F242-6757-39FC6F867267,FM,TV,12,12
8A4FACD9-D8E7-9F1F-ABC6-39FC7441A961,PG,PG,4,10
D799F4C6-69B5-BFC0-90EE-39FC79688962,PG,PG,11,10
57ED188F-632D-26FF-5AEC-39FC796A6FA5,PG,PG,4,10
836232F7-C98E-DEAE-E723-39FC7E8E68F0,PG,PG,4,10
3A1390A7-E03D-6120-3C24-39FCB20C11C5,FM,FM,4,11
39515241-02CE-907E-1D06-39FCB20CA64A,FM,FM,5,11
3D65A5B7-1E58-C21B-88E5-39FCB20F7F1F,PG,PG,3,10
B6CC0812-35DC-64A5-54DC-39FCB210BE70,PG,PG,4,10
409F756F-1F04-15E3-1958-39FCBE0CC34B,FM,NR,4,12
1275DC67-4013-9139-7483-39FCBE87FFC4,PH,I1,12,9
B0414B8E-9E5E-02CE-4FAC-39FCBE90354D,PH,I1,12,9
D2AA1910-763D-92B0-5BE3-39FCBEF9E4E8,PH,I1,2,9
0678091C-1D29-DB2B-5149-39FCBF107DCC,PH,I1,2,9
FBF1B6E9-B1A6-9C25-CC3E-39FCC3071A82,PH,,12,9
C990FF7E-7F2A-1727-2914-39FCC3CF0376,PH,,2,9
1FB64233-FB70-647D-FC45-39FCC4398612,PH,,2,9
32F33F96-106E-39CD-52C8-39FCCBCBB84D,PG,PG,3,10
C386497D-148C-4AC9-390A-39FCCBCC19C2,PG,PG,4,10
E404BD4C-CA31-7703-6A84-39FCCBCCB87F,PG,PG,5,10
AA68931F-B83C-6D46-0445-39FCCBCD15DF,PG,PG,4,10
D2B89E7B-7E74-330B-00D9-39FCCBCE6E22,PG,PG,4,10
8CBAFB0E-C158-6B0C-BE0B-39FCD20BF8C3,PH,I1,3,9
5FF3F450-94CF-8058-B830-39FCD256CD79,PH,I1,2,9
91790C76-0BE9-8FBB-B0D4-39FCD32B8134,PH,I1,3,9
875929CB-2DF5-CD57-0FD5-39FCD32C97B6,PH,I1,3,9
07CC4676-0A3B-F793-F18D-39FCDB9B74EC,PG,PG,1,10
BF28C379-2C58-70FA-0CA9-39FCE5E39E39,FM,PG,2,10
1628192B-468E-BF46-E17E-39FCE640B362,KR,FM,6,11
61218159-E351-12A2-60C0-39FCE661E990,KR,SB,1,11
83D65593-1D46-3024-95E0-39FCE665D31D,KR,FM,6,10
C5EBE098-71A0-6605-4D8E-39FCE6731AFF,KR,FM,6,10
DA03A93A-64EC-F4A9-A9CC-39FD0139DBDE,KR,PG,4,10
4079CFC1-C41A-A4E0-7062-39FD04DCA250,KR,PG,3,10
9D6A3D6C-6856-4F9A-5FD7-39FD050DA07A,KR,PG,5,11
3C3561EB-788F-1683-FE3D-39FD1A1B6EFB,SB,SB,11,11
AC6AF7EB-8760-42D8-B1FB-39FD2857A2C3,CK,,2,-11
D1ED27C3-4C55-2E68-ADF3-39FD28CD76E1,PG,PG,7,10
F163ADAA-C8CD-0A8D-1B98-39FD28DFF24F,PG,PG,12,10
2D27EFDA-5A03-D6F0-4DB3-39FD28E4CFAE,PG,PG,12,10
A6F2C6AD-6A64-0A5F-9B78-39FD293C6C0B,PG,PG,11,10
DEB9597B-4BF3-5D44-6BD8-39FD29534C4F,PG,,10,10
20F0BF88-0AD0-8644-ACBE-39FD29565FC4,PG,PG,8,10
3911BB19-3FFA-EDE1-B2FA-39FD2966F798,PH,PG,2,10
FB4509E4-347A-17C4-EB47-39FD299EB804,PH,PG,12,10
CA9521B6-D01B-5F93-CE95-39FD29E94A68,PG,PG,7,10
E93919CB-0CF4-1E2B-EB81-39FD29F3657A,PH,PG,1,10
60119B5D-6368-B737-CCB3-39FD2A0344F3,PG,PG,11,10
8BC9384E-0DA2-89F3-712E-39FD2A0B0FC8,PG,PG,6,10
7A72470F-1C73-E3D9-88C9-39FD2A0D4216,PG,PG,5,10
BFA01B6A-4824-0DAD-C48D-39FD2A0FCCC9,PG,PG,1,10
6BB92063-E0E0-7C37-8FC5-39FD2A1A970F,PG,PG,1,10
D79DB743-4D0D-D0CB-A5C7-39FD2A42C0A2,PG,PG,11,10
362BB90F-E988-09C6-41DC-39FD2DE23CBD,PG,PG,6,10
7948EF60-933B-063F-85CA-39FD2E28D309,PG,PG,10,10
987A6115-04CD-8A24-2B0A-39FD2E2F67F6,PG,PG,1,10
ED2B84D5-F265-F1A8-57EB-39FD2E32B216,PG,PG,7,10
773149DD-6120-836E-6306-39FD3D606245,PH,PG,7,10
CEC651CE-D7A8-7E8D-DD98-39FD3D88548F,PH,PG,10,10
6027BED7-F820-440D-D43F-39FD3D97EC63,PH,PG,11,10
F3D4792C-8C78-64C4-AD85-39FD3DA4A4AE,PG,PG,9,10
059043F2-B23F-7EAB-3AAF-39FD3DCE87BE,PG,GL,4,12
DC2492A7-85DE-8152-1F50-39FD3DEC4AFC,PG,PG,12,10
FB9E5D4E-C731-0932-8775-39FD3DF6F43A,PG,PG,7,10
F9441628-4CA6-35CC-315C-39FD3E02984C,PG,PG,12,10
67AD04E2-A706-47F6-E363-39FD3E206D33,PG,PG,8,10
E284CA92-6259-49F4-FE98-39FD3E7A0258,PG,PG,2,10
3E378006-1B7C-6BCD-12F2-39FD3E8ACD47,PG,PG,3,10
CEC59251-72E4-1A20-0DC7-39FD3EAE3820,PG,PG,12,10
04C1A279-CFE4-CB4A-8708-39FD3F025DFE,PG,PG,7,10
6EE61105-99A9-840B-A0B4-39FD3F068A4C,PG,,1,10
6E5A4F45-DD58-B5C2-A558-39FD3F0C3799,PG,PG,4,10
5C5205B9-AB0B-7FB2-0A7E-39FD428C1EB9,PG,PG,12,10
4E73B857-9B91-1766-505D-39FD42FBCDC8,PG,PG,10,10
EC2A2CA0-2B8C-BD9D-105C-39FD430288FF,PG,PG,2,10
F0D69016-8BEC-1C0F-2004-39FD47A45E68,PG,FM,5,10
5534AEFF-5833-4BDD-C53E-39FD48471264,PG,PG,2,10
04AF0374-2B89-BA0E-1792-39FD48579034,PG,PG,12,10
DCFD183B-0F1E-58D1-9A13-39FD48F1BA75,PG,PG,9,10
C378B821-55F0-4071-565E-39FD4C8D64D5,PG,FM,5,10
EDC1258C-53CA-B84E-D23F-39FD4C8E4891,PG,PG,10,10
9803FA45-0BA0-2D04-8162-39FD4C8F956A,PG,PG,12,10
B257A311-59F8-324A-5605-39FD4C90974D,PG,PG,3,10
9E151778-A329-BDD4-5B5D-39FD4C93C5A5,PG,PG,4,10
50714F5D-72A3-E740-BAA0-39FD4C9416EC,PG,PG,4,10
59765D75-2508-695D-79B4-39FD4C97AAB1,SB,SB,5,11
33E0E5B4-2DE3-2ABA-4F93-39FD4C9A82BB,SB,SB,1,11
892B9189-66F1-E8B3-18FF-39FD4C9AE569,SB,SB,1,11
2B308788-B9C6-DBC2-16C9-39FD4C9B30D3,SB,SB,2,11
D7D5BDFB-775D-C078-6060-39FD4C9B71DC,SB,SB,3,11
B67FEA13-FA75-80E1-2A28-39FD4C9BAE1D,SB,SB,4,11
E7491C54-51CD-37CC-987C-39FD4C9C0F98,SB,SB,5,11
E32F7D94-6C99-CFC7-6453-39FD4C9EACE1,PG,PG,4,10
02D16984-917A-FFF7-534C-39FD4CDB00F4,PG,PG,10,10
DD0A18CF-4DDA-D98D-D064-39FD4CE6D058,PG,PG,11,10
10897050-B174-C4C6-75F4-39FD4D631C57,PG,PG,8,10
7CF298AD-4657-A67D-6A89-39FD4D78DF2A,PG,PG,12,9
A5D39AE3-DE93-C893-1BAA-39FD4D88E816,PG,PG,9,10
9BF178DD-3658-B7F1-47FB-39FD4E52E15F,PG,PG,2,10
EA31085E-E36A-E1C3-AB48-39FD677CE0A6,SB,SB,2,11
9B19FBE1-077C-C082-6043-39FD6785D5F4,SB,SB,1,11
51904A16-38C6-81ED-B3D8-39FD67B75C89,SB,SB,2,11
794F150A-F122-15C4-F46A-39FD67C3D34F,SB,SB,1,11
18030117-062A-C298-9F04-39FD67D07D0D,SB,SB,4,11
50AC2750-EB33-669D-E394-39FD6837A12D,SB,SB,3,11
59B3F4AF-1EE7-315C-F7C8-39FD683BC7A7,SB,SB,2,11
16A08EF2-CF0C-AB9E-F32B-39FD686187D6,SB,SB,5,11
08E5C657-2035-2D26-D555-39FD68672285,SB,SB,6,11
6039A758-2080-7207-986D-39FD686FD605,SB,SB,6,11
FE36E2C1-D463-131A-D477-39FD9A3597B2,JP,FM,2,9
9B4D16C7-40FB-D7A9-3445-39FDA413843C,FM,GL,4,12
E8B0DCE5-47D5-AA9D-DE9C-39FDBEFB836D,PH,I1,4,9
A05023A1-2B60-3671-67F0-39FDBF3E947C,PH,I1,4,9
313C59FD-7757-D12B-CEC3-39FDBFFE9B3B,PH,I1,4,9
12949C7D-9CD7-3AEF-7567-39FDC83777BC,SB,SB,12,11
BC1D8757-F225-AEFC-5514-39FDC837F05B,SB,SB,1,11
AACDD4ED-6DE5-9EE8-5528-39FDC8383E7C,SB,SB,2,11
CC4300FB-AEFF-221C-23F5-39FDCD4A5937,PG,PG,5,10
52682DAF-62E6-F0B5-BE96-39FDCD4B2E49,SB,SB,5,11
5839BD7F-2206-5F6F-4673-39FDCD71FA5F,PG,GL,6,12
24B3EB1B-5E97-5B28-53D3-39FDCF5E87F0,PH,I1,4,9
7C9FEF50-D057-A68B-B2E6-39FDCF6F7D80,PH,I1,5,9
404577A2-5F83-41EC-BB64-39FDCFC68B5F,PH,I1,5,9
4E2B72AA-CDA3-8782-E187-39FDF67C7BA7,PG,GL,6,12
E018E3C5-3EDE-AC48-057A-39FE1562AAA9,PG,PG,6,10
F2EF0FDA-3667-6223-AFA7-39FE1FAF8CDC,PG,PG,6,10
B4FF3865-AED6-6F1A-46CC-39FE34490165,PG,PG,7,10
95CCA35D-9F4D-BEFF-1F2B-39FE3E954BDA,PG,PG,6,10
CFDA84A2-74BD-9D76-978F-39FE3E95C6CF,PG,PG,7,10
2B929A7B-69B4-CE04-F45A-39FE48E30F6F,SB,SB,6,11
EBFA6A22-2B31-5260-F2E6-39FE4E094FFD,SB,SB,7,11
12134343-81E3-6F2A-545E-39FE6460982E,SB,SB,6,11
DB103C99-7C3F-5242-F02A-39FE67C87C5F,PG,PG,7,10
A0CB3409-B773-1023-D6D5-39FE67C8ABF5,PG,PG,7,10
A2AD1873-68C6-4A61-E311-39FE686BE668,SB,SB,1,11
9121B63F-9D7B-D40D-DE6D-39FE687C1402,SB,SB,2,11
72831E59-8778-A546-505C-39FE6884A0A5,SB,SB,3,11
4D10BEE6-0D24-39A4-0CF8-39FE68895FDB,SB,SB,4,11
7FB1C0E4-2399-9A38-DF6D-39FE688FB66E,SB,SB,5,11
3D7C92E7-C7F8-2949-3801-39FE773BB390,PG,PG,7,10
04EDE25A-096A-4520-F441-39FE7C61D59F,PG,PG,7,10
0B55DC89-585E-93A2-4D17-39FEA06E6794,PG,PG,7,10
FD0CDD61-E417-46A6-0F4E-39FEAB1A9A46,SB,SB,9,11
17D62802-B485-D588-9A3D-39FEABD9B308,FM,PG,2,11
77EF8F48-C5EA-4471-161A-39FEBF53E947,PG,PG,7,10
07CEE232-8787-621E-379B-39FEC47ACF26,SB,SB,8,11
120C7A59-5C67-2F2A-ABD2-39FECF644EF1,SB,SB,8,11
4212C95F-8451-308B-5333-39FEE8878BEA,SB,SB,8,11
C2E30BC4-B402-5AA9-A4F4-39FF11BA921C,PG,PG,7,10
D360748C-14B2-6B33-D0D7-39FF1304F41C,SB,SB,8,11
2C177CA8-5BBE-BFC9-9493-39FF1306655C,SB,SB,7,11
CD775341-3A7B-3EE9-9B92-39FF1307AEF3,SB,SB,1,11
D918B4CC-9C70-54A7-7A7B-39FF13091F48,SB,SB,6,11
9D75BFF9-12D6-76A9-C641-39FF1C07CB75,PG,,1,10
71B18D5F-7BCB-F8BE-5BD1-39FF1C099B22,PG,PG,8,10
A9E760E6-D796-B4B9-F576-39FF212DDDE3,PG,PG,8,10
C6793278-2177-6413-C79C-39FF22122D0C,FM,H5,4,-11
C6793278-2177-6413-C79C-39FF22122D0C,FM,H5,4,11
C6793278-2177-6413-C79C-39FF22122D0C,FM,PX,4,-11
C6793278-2177-6413-C79C-39FF22122D0C,FM,PX,4,11
B68E4F4E-2061-D259-214E-39FF4AE9B8F1,FM,FM,8,11
97F4CBBB-BFAE-9926-9814-39FF4F85D870,SB,SB,8,11
959217B9-37CE-EE44-6449-39FF54AC7149,PG,PG,9,10
781206DC-E653-C251-D1BA-39FF927D8045,PG,PG,8,10
09BD0E85-4FCC-26F0-7019-39FF927E643A,SB,SB,9,11
A977D7F1-1F3F-814F-4C87-39FF927F3CC4,PG,PG,9,10
B9C95D8D-BCBC-5B07-974B-39FFB68E5CB5,PG,PG,8,10
92C8C5FF-05FB-7060-35A7-39FFB68FAE36,PG,PG,9,10
24B4B8DF-4621-E451-2EFA-39FFB68FFF6A,PG,PG,9,10
06766112-DC37-A768-54E1-39FFB690840E,SB,SB,9,11
1076E674-C503-381C-BD45-39FFB690D5AB,SB,SB,9,11
06C7F7A9-0A9C-2364-58A5-39FFB6912A81,PG,PG,9,10
50D7EC06-EBA8-B19B-B8BF-39FFDA959F53,PG,PG,2,10
20AC344F-39D8-1E45-76DF-39FFDA95F5E9,PG,PG,2,10
6AB4F193-3684-8918-C19D-39FFDA9C3A4A,SB,SB,9,11
B127227B-673F-AE8B-9A45-39FFDA9D1112,PG,PG,9,10
611CFD24-D260-6608-CBF8-39FFDA9E8DF2,PG,PG,9,10
AC532515-1250-BF77-219E-39FFDAA03397,SB,SB,9,11
526AD6D7-2C4F-9FEA-7F0C-39FFEA03E7CE,PG,PG,10,10
B0E0DDEA-0D7E-7A42-E168-39FFFB32583A,NR,NR,3,11
FC385A6F-1039-63E4-DFB5-3A000051B6D1,PH,I1,2,9
77E87D03-7CDA-14E5-7D15-3A0003C2EE2D,PG,PG,9,10
633791AB-7E8F-11FC-6CDE-3A000E10D5A0,PG,PG,10,10
D2C078EB-7C95-B266-3310-3A00185D65CD,SB,SB,10,11
E4D643AE-5D2E-6F94-9939-3A002CF6973A,SB,SB,10,11
77B393AA-9428-243F-B3D9-3A0037432940,PG,PG,10,10
5FBD497F-2F52-FE29-CAA0-3A004BDCCDC8,PG,PG,10,10
86059F7C-BEC6-58EE-8A51-3A00659C6A71,SB,SB,10,11
DA3DAB64-5ECC-1653-2143-3A006AC3044A,PG,PG,10,10
44F96E7E-097D-0CB2-D02E-3A007F5C4D8A,SB,SB,11,11
133928BF-B180-52E7-90CA-3A0089A92FA1,PG,PG,10,10
2F3090F0-B191-9233-72F1-3A008BC0099D,PH,I1,2,9
33F1AAD4-BF6B-449D-FE40-3A00904A78FA,PH,I1,2,9
45B7FC71-9069-EA24-E71E-3A009071D88A,PH,I1,3,9
F7D2FB91-9670-2D99-C4FF-3A0090ED2677,PH,I1,1,9
3DF38655-87D2-C95E-2F9B-3A0090EEE8F1,PH,I1,4,9
82A539C8-24C6-98AB-18DE-3A00DC0F1AF6,SB,SB,11,11
1748F011-6C70-C59D-7B32-3A00E1356CEB,PG,PG,11,10
F28536DE-4110-52EE-E9AA-3A00E135A5C4,SB,SB,11,11
9EC56F62-E809-86B4-B23E-3A00F0A83E9E,PG,PG,10,10
20B9A0A4-D7C8-6598-1B64-3A010F8EDF72,PG,PG,12,10
99EC45BE-29C2-0C5A-1859-3A0119DBADF7,PG,PG,11,10
04E2013C-9C4B-0694-6ED7-3A01597431D3,SB,SB,10,11
1E24FFA7-DA6A-7B91-74A9-3A0159835D0C,SB,SB,9,11
4A82C24D-6BF4-9A7F-5B33-3A0161F532EE,SB,SB,12,-11
75A466D5-AEF0-DF4B-9F4E-3A0162AA155E,SB,SB,7,11
9FC3A7EC-C4A0-051B-36A5-3A01768E07C5,PG,PG,12,10
38B6F8FD-6DD4-1F03-A7B5-3A017BB46F83,PG,PG,12,10
73D6FBAD-D1A3-D21B-A18C-3A01AA0D7B2C,PG,PG,12,10
A7588517-87C9-8846-1724-3A01CE19548E,PG,PG,10,10
3DE00A14-F5DC-4534-6A75-3A01CE1A631E,PG,PG,12,10
CBAC6263-274E-5A5E-D430-3A01ED005FF2,SB,SB,12,11
D7195979-49F5-7158-B064-3A01F2268EB4,SB,SB,1,-11
CD75FD87-3B35-C1B9-2FA4-3A01F74D0F0E,SB,SB,1,11
CA886FC4-1C03-C51C-3670-3A01FC732486,PG,PG,1,10
48A080E6-41AE-F58D-2803-3A01FC73382D,PG,PG,1,10
0E24DF88-DCFA-F376-5AAA-3A0206BF9883,PG,PG,12,10
16421E59-BB9B-04E3-A24F-3A024ED96F90,PG,PG,1,10
4190A234-D4D7-00C6-EAB9-3A02A6CC6664,PG,PG,1,10
A42AA9BD-315A-8894-EDA3-3A030A21F023,PG,PG,4,10
7CD5E39B-5C01-471A-7B59-3A030D89C87C,PG,PG,12,10
21382DB9-8E62-5757-DCCA-3A030D912F10,PG,PG,11,10
FD1B4013-80FA-11EC-F3DB-3A030D9A51E8,PG,PG,8,10
D2A0B619-50F8-C96C-7A08-3A030DB78114,PG,GL,5,12
0819F574-541C-C55B-85D8-3A030DD438EB,PG,PG,1,10
B38A53E6-37EE-C494-8C87-3A030DE1D256,PG,PG,2,10
503C1435-E5FE-36AF-320A-3A030DE86E63,PG,PG,1,10
D26C80BF-56E2-4D9E-956B-3A030E3282AD,PG,PG,6,10
4D8061E8-383D-EA07-ADB7-3A030E33DA29,PG,PG,12,10
F05067EC-D486-BCA8-DC86-3A030E426FBA,PG,PG,3,10
74BBA8B4-24BC-6898-C997-3A030E524884,PG,PG,7,10
94120A1C-DFFE-4E38-9459-3A030E75E90F,PG,PG,9,10
48A5BDB9-5E38-9FBC-698B-3A030E7A8F82,PG,PG,9,10
775202D9-333A-F11F-9DC9-3A030F45FB58,PH,PG,2,10
530C0898-8F59-F210-B442-3A0312C2D3BB,PG,PG,2,10
EBF4ADBF-5B79-EFFE-78A2-3A0312D5E7B0,PG,PG,12,10
CD96C5E4-CE2A-BF26-2062-3A0312DFE305,PG,PG,3,10
B48FE475-B0FC-A7CA-D812-3A0312E880EA,PH,PG,3,10
933617B6-824E-2227-CDD5-3A0312EB1DA8,PG,PG,4,10
34C37BE6-E0FC-6D02-4DF8-3A0313290E0B,PH,PG,5,10
67804DEA-5024-4DA1-EBF8-3A0313B7251F,PG,PG,12,10
CD292EEF-008A-049B-737A-3A0313E19326,PG,PG,1,10
5B374289-D1FE-50B8-1227-3A031406E1EB,PG,PG,1,10
82557954-6AEA-F54D-026A-3A03145BB28C,PG,PG,8,10
A67E0AE0-8C2A-652A-67AE-3A0314633680,PG,PG,2,10
E8BF237E-CB61-8EA4-8B95-3A03147A5205,PG,PG,3,10
32C9F50B-04E9-324C-5F23-3A03148B2940,PG,PG,4,10
0704557B-A5EB-C1A5-974B-3A0317DFD165,PG,FM,5,10
8AF14611-B474-5549-E583-3A0318172B2E,PG,PG,11,10
2E44ABD8-A4C1-E22D-CA45-3A03182539A7,PG,PG,12,10
E4C371FF-B7A1-CAF1-425F-3A03183AA60C,PG,PG,1,10
F95ACA12-A2DE-02FA-861E-3A031848CF7A,PG,PG,11,10
6A5AD0BB-8DCB-62EB-8FCE-3A0318AB776E,PG,PG,1,10
E6D2D0EF-5D97-C793-AD76-3A03194AD107,PG,PG,3,10
AA9B6016-A208-E2DB-9C35-3A0319682D53,PG,PG,4,10
C2C6B490-D526-99D0-53BC-3A03275BEDE9,PG,PG,5,10
653D815D-C4FB-D507-07DF-3A0327719516,PG,PG,6,10
6D669000-6C98-61C6-3EB8-3A0327C57A7F,PG,PG,12,10
BB3A0064-9BC2-0834-0403-3A0327DABE4D,PG,PG,1,10
99978B63-8059-DF3B-B458-3A032D298FEA,PG,PG,4,10
37FA11A4-A602-35AC-F4C9-3A032D42EDF2,PG,PG,6,10
56D60CC0-6B34-1286-60F4-3A032DA61C77,PG,PG,11,10
C9941A0E-017C-5C24-A55C-3A032DBCE5EF,PG,PG,3,10
D803FBCA-F917-0D64-A9D3-3A032DDBF1EA,PG,PG,7,10
61BFD557-AF3D-60CA-7612-3A036F62FE2B,ES,H5,1,-10
EC7C2D37-50DC-72DB-9B37-3A037F8290EE,SB,SB,8,11
358AC261-6D53-6CC7-0290-3A037F88DB77,SB,SB,9,11
CB4933FC-733A-67D0-912B-3A037F970804,SB,SB,10,11
AB7AA192-017D-D408-A105-3A037FA9B92F,SB,SB,11,11
86ACBBC1-864A-CBDD-C086-3A037FBB10DD,SB,SB,12,11
43F9CFE5-0FC7-B1F7-9EF9-3A037FC25F2A,SB,SB,8,11
E9E438A6-41F2-6E90-A7EA-3A037FD4FFB9,SB,SB,10,11
2F1C604C-1D15-3E51-2A6E-3A037FDF3F04,SB,SB,11,11
062D6424-1088-9F88-3FFD-3A037FF0929A,SB,SB,10,11
A91C251C-7283-E1F3-1FE6-3A0380A49B86,SB,SB,11,-11
EF6D633E-8554-59D3-BDEF-3A03BDEFCB80,PG,GL,6,12
EF6D633E-8554-59D3-BDEF-3A03BDEFCB80,PG,NR,6,12
3EF637B5-6A34-69BE-834C-3A03C2A4983A,ES,H5,1,-11
1EF7CB8C-D899-B958-7E24-3A03ECF296F8,PG,PG,1,10
2BC3808F-6999-2981-E0A7-3A03ECF33FA7,PG,PG,1,10
E9C423DD-A5FB-E83A-43FF-3A03ECF46FA7,PG,PG,1,10
AC45F707-D49F-406C-C848-3A03ECF4B704,SB,SB,2,-11
A28348F6-5B89-81A5-755A-3A03ECF67B9B,SB,SB,2,11
7D6D62D8-72BD-FFE2-01CC-3A03ECF7C95A,SB,SB,3,-11
03776B2D-B31C-412D-2DD3-3A03ECF8F93F,PG,PG,3,10
5CD4CF1C-5A12-B740-E9A3-3A03ECF990BE,PG,PG,3,10
B2AFBC2D-EFC7-3A57-85D0-3A03ECFAABF1,SB,SB,2,11
96808397-E410-1C5F-60F6-3A03ECFB81E5,SB,SB,3,11
D1A5D635-738F-0693-A903-3A03ECFBD95F,PG,PG,3,10
04A13B5F-639B-388E-3313-3A03ECFBF077,PG,PG,3,10
D47A2FD8-C191-CDAA-A48E-3A03ECFC4076,PG,PG,4,10
771CF050-2EAE-C1CA-AF35-3A03ECFDCAC2,PG,PG,4,10
4C5639E3-635A-2D65-78FD-3A03ECFEDB99,SB,SB,4,11
C5E052AF-5A11-2A2C-9964-3A03FA49F148,PG,PG,4,10
0022BA0B-3D2F-995B-DCEE-3A03FA4A65AF,PG,PG,4,10
7E8FD4BB-8765-C991-A381-3A040059F973,PG,PG,7,10
14360DA1-7D5C-1D2A-47BB-3A0400702883,PG,NR,5,12
1CDB9456-8B8D-E826-8234-3A0404959C2D,PG,PG,3,10
22A4D8F7-6066-779E-8E54-3A040EE25273,PG,PG,4,10
5ADA1747-5DC5-B6AF-994D-3A041E56B0DA,SB,SB,4,11
3205C512-7C97-C81E-EDB2-3A04237CE57C,PG,PG,4,10
C64DA82F-EEA2-DA75-2925-3A04237D4251,SB,SB,4,11
8E24B2F0-48CE-0BC4-50D5-3A04255DB483,JP,FM,12,9
F85DCA33-C3FB-D711-E1ED-3A04256D0607,JP,FM,2,9
3905A6DC-F476-0D40-32F1-3A042ECF23FA,PG,,12,9
A12C32A9-32F0-D3A6-21BB-3A0438152B4A,PG,PG,4,10
DB2CBE8F-E070-6FA6-E2A9-3A043D3C3745,PG,PG,5,10
6DCE1818-D588-4BA2-2831-3A0447895ECB,PG,PG,5,10
A9BD401D-E962-3AA2-81B9-3A044CB05A9C,PG,PG,5,10
360E0DF4-F1DC-A6C4-7E17-3A046147FBD1,PG,PG,5,10
40DAC4DA-984B-2D61-6886-3A047B07F86F,PG,PG,5,10
1AEC67E7-AACF-5FDC-20C4-3A0494C84E7E,PG,PG,5,10
32B58813-D8E4-D967-F41A-3A0499EDFC1F,PG,PG,5,10
47BDBCE1-EBA4-75B6-1E39-3A0520A8A357,SB,SB,1,11
CB0EEFF8-A384-89E6-7867-3A0520ACE29A,SB,SB,1,11
D7AE3868-FD39-9917-406B-3A0520AF1EBE,SB,SB,2,12
283B485E-4D7F-2929-AA60-3A0520B30957,SB,SB,3,11
A3603677-6AC4-6F9C-51D7-3A0520B67BFE,SB,SB,3,11
D5BDF55F-549B-0D9C-A9DB-3A0520BE811E,SB,SB,4,11
0FE2D1D5-F8E9-DA57-6605-3A0520C19E33,SB,SB,5,11
0C5FD2C9-981B-95F6-E1A3-3A0520C55DEF,SB,SB,6,11
ECADE801-1DD4-A741-974C-3A0520C7B965,SB,SB,5,11
A8F47E25-0A8E-AC48-20A5-3A0520C9FD7E,SB,SB,6,11
EBA2D749-C7A1-B6AC-FA4D-3A0520D3E534,SB,SB,6,11
19109418-0C09-7E9F-658D-3A0520D833A9,SB,SB,5,11
7CCDAEFB-91E5-5245-4B5A-3A0520DA49AA,SB,SB,4,11
0804A6A0-8FFE-4C0E-BEAC-3A0520DC9007,SB,SB,3,11
294FAC93-F210-0BD3-97E4-3A05253E8DCB,US,PG,6,10
25771505-DADA-0E29-D417-3A052B818A95,PG,GL,5,10
5D4CD0A6-C276-8B21-8B9D-3A052BF3BC5C,SB,SB,5,11
533CEDD1-A507-1FED-EE89-3A05303E786F,PG,PG,6,10
7CB52384-293F-5C0F-D9F9-3A05DF151FA9,US,PG,7,10
81F3092F-1094-8454-2804-3A05E00DBB61,PG,PG,5,10
9BB30395-F52B-EA49-0CDE-3A05E0100C72,PG,PG,5,10
6D176D10-050C-264F-B1E4-3A05E010342D,PG,PG,5,10
33DA66B3-F15F-A126-BC15-3A05E010EAE3,PG,PG,5,10
A3F61C21-93C0-6A49-C899-3A05E012205B,PG,PG,5,10
D09FB96D-A4AC-086E-1AAD-3A05E012E07B,PG,PG,6,10
5905E42E-74CF-EA45-C5AB-3A05E013ACF2,PG,PG,5,10
57ECC410-F394-0718-F67C-3A05E0148E58,PG,PG,6,10
1F7CF844-0AC4-5A0F-57E6-3A05E0166B3E,PG,PG,6,10
E4B0A6D0-1DE7-B6EC-A9B8-3A05E0179942,PG,PG,6,10
FC8A685F-33C2-D42A-E609-3A05E018ED7D,PG,PG,6,10
4BA36D8C-A806-765B-0E7A-3A05E0194CC0,PG,PG,6,10
46C89863-9977-423E-A78C-3A05E01A3F3E,PG,PG,6,10
7860D384-FC00-7349-1968-3A05E01EA003,PG,PG,6,10
809D65E9-5848-240D-BFC7-3A05E01F3454,PG,PG,7,10
9C293F1E-9782-DF48-D461-3A05E01F5A35,PG,PG,5,10
B7F82658-F2F2-A500-434A-3A05E01F82CD,PG,PG,7,10
406E28AB-FDD8-41AD-159F-3A05E0206763,PG,PG,7,10
4067A833-30A1-21EC-515B-3A05E020B713,SB,SB,6,11
13688AB8-518A-921F-B553-3A05E0215C17,PG,PG,7,10
4CDFFF82-0B40-D26D-8724-3A05E021C936,SB,SB,6,11
35A030EF-1548-F085-4021-3A05E022526F,SB,SB,7,11
1D6FADC5-9D1E-A30D-6377-3A05E022AF03,SB,SB,7,11
5E867A00-CD3B-34E6-BD90-3A05F2FA585E,SB,SB,7,11
1942099A-FC60-C519-0618-3A06026AEE83,PG,PG,8,10
967AAF99-67B8-72DB-A9E8-3A06079114E6,PG,PG,6,10
C666D45E-D35B-4CAF-A0C3-3A0607917028,SB,SB,7,11
2C1DBC5D-A7E5-4008-319C-3A06079196B2,SB,SB,7,11
56A7FF51-88C1-C5AB-6E0F-3A0635EA3C38,PG,PG,7,10
A25E4DF2-0874-3174-3B12-3A0635EA7450,PG,PG,8,10
7D85AA05-E512-E385-A862-3A0635EA9C3D,SB,SB,8,11
60AF235A-6650-F04B-C81F-3A063B1086E3,PG,PG,6,10
5AE49071-752C-3EE3-1550-3A063B11C877,SB,SB,8,11
E52F25C4-8D2B-C00A-EFBF-3A06455E2389,SB,SB,8,11
75E38384-9480-4DE3-65BE-3A064641B68E,PG,PG,7,10
5C0607C4-68A6-304F-19A8-3A0654D22284,PG,,8,10
C63862C8-9892-3E30-272C-3A0659F68E56,PG,PG,7,10
5674CD8F-0428-8F84-9970-3A0664434E7B,PG,PG,8,10
7C8CAC39-DC6A-54FE-4B8D-3A0688516194,PG,PG,8,10
3B67BA55-4354-7F9E-9D00-3A06A210D3D7,PG,PG,8,10
4B15F40A-C1CF-A6B0-1A49-3A06B6A9390D,SB,SB,9,11
7F448087-4A88-8603-9F59-3A06C1DD6E9A,PG,PG,9,10
686A98B4-FA7B-CC88-1B10-3A06C1DEB7FC,PG,PG,11,10
B3F68869-3579-9E8B-36F7-3A06C7A05A0B,PG,PG,1,10
1CCAC1CB-591A-655D-D388-3A06C7A18131,PG,PG,3,10
F8383669-98C1-72A8-BDC0-3A06C7A1FBFE,PG,PG,4,10
BBB44B90-CE77-4ED9-21E2-3A06C7A28318,PG,PG,9,10
E10C9C53-9AC5-8771-3455-3A06C7A40CCA,PG,PG,3,10
F70AFD6D-2A4D-0B0C-15AC-3A06C7A4856F,PG,PG,4,10
0166CEC6-D138-777A-15B7-3A06C7A5547E,PG,PG,8,10
63286939-D8F6-DDBC-331B-3A06E0AA3113,PG,PG,1,10
9EF29CB8-89A9-0FD0-1513-3A06E0AA93BC,PG,PG,3,10
DC2B6FE1-9048-DE71-E767-3A06E0AAF61C,PH,PG,3,10
AD8AB601-5BCB-8B83-697F-3A06E0ABC930,PG,PG,5,10
61B4F081-6380-2384-945C-3A06E0AC908F,PH,PG,4,10
6268D653-AADE-32A7-4ADF-3A06E0ADDA4E,PG,PG,7,10
B1CD5054-D63D-3E5C-269E-3A06E0AF3B48,PG,,9,8
7B6A20C6-52C9-054D-9BEE-3A06E0AF8A46,PG,PG,11,10
A6E90F14-85F1-31AD-B467-3A06E0B05FD8,PH,PG,10,10
E5B746E0-BD96-68F3-FA37-3A06E0B0E39B,PG,PG,10,10
E4A0E9E6-CC94-33F7-2A1C-3A06E0B15D4B,KI,PG,10,11
4133E48E-69A8-1E2F-A02F-3A06E0B219C6,PG,PG,11,10
49844360-C9E6-45CE-D327-3A06E0B27525,PG,PG,11,10
EE745D97-7316-412C-91B3-3A06E0B2B193,PG,PG,10,10
32EB7C09-9AD4-9C31-D432-3A06E0B31436,PG,PG,11,10
1DB7F34F-2D61-9816-A4DB-3A06E0B39A40,PG,PG,11,10
B6D056E3-7CF9-180F-6B9C-3A06E0B3C821,PG,,10,10
521DB732-2AD0-F569-2FD0-3A06E0B3FCED,PG,PG,11,10
E9BA000D-7C84-56D1-453F-3A06E0B433EB,PG,PG,11,10
F5F6577B-5268-EB87-C0D9-3A06E0B48439,PH,PG,12,10
2B215869-6CEE-9582-1413-3A06E0B4B166,PG,PG,12,10
2B215869-6CEE-9582-1413-3A06E0B4B166,PG,PG,12,11
90C92C1E-7DBA-6C35-9238-3A06E0B4F87A,KI,SB,12,11
8C26D973-5D89-D36E-092E-3A06E0B54824,PG,PG,12,10
8E8DB95F-BC6F-3552-4C12-3A06E0B5BDFD,PG,PG,12,10
5A76B8F6-187C-D4D4-0AA9-3A06E0B5FFA7,PG,PG,12,10
580FA115-FEE0-61D0-5C90-3A06E0B63B77,PH,PG,12,10
48F44D20-E185-6B14-664F-3A06E0B661AA,PG,PG,11,10
470833F3-FF6C-591A-9EC6-3A06E0B6D6D9,PG,PG,1,10
BE29912D-296E-4DEE-1545-3A06E0B70A6E,PG,,1,10
ADA14FEC-AD82-C2B8-7435-3A06E0B7B378,PG,PG,4,10
79521E94-2192-8830-69ED-3A06E0B82553,PG,,5,10
C97EB158-6B50-A476-8AF2-3A06E0B86507,PG,PG,6,10
4853CA6D-1976-80FF-E5D5-3A06E0B8A329,PG,,7,10
E269DFC8-B92A-7CA2-ABE5-3A06E0B8E92D,PG,,8,10
D4CE70E3-92C5-995D-0DC2-3A06E0B9225F,PG,PG,8,10
4A522967-D725-5AA8-77C5-3A06E0B9836D,PG,,10,10
02BDAF44-91E0-F081-6275-3A06E0B9BAD8,PG,,1,10
3F0CAA0C-8732-E000-923A-3A06E0B9CA0B,PG,,5,10
949B6884-2600-469F-9DEF-3A06E0BA44E7,PG,,1,10
767F164E-0A28-0A81-B12F-3A06E0BA9CD6,PG,,11,10
16E2C275-5E3B-5072-672A-3A06E0BAF57F,PG,PG,12,10
082905FF-2FD5-A723-DB4F-3A06E0BB0F7B,PG,PG,12,10
D9B907E2-BE6C-599B-D6C1-3A06E0BB455B,PG,PG,12,10
95959885-4697-B19B-76B2-3A06E0BB62A7,PG,PG,12,10
D54C342A-D8A0-6B07-756F-3A06E0BB95B7,PG,PG,2,10
8675F437-1657-0ADF-AA8D-3A06E0BBC196,PG,PG,1,10
3746B4AC-53EB-C10E-7195-3A06E0BC37C4,PH,PG,2,10
2920DCF3-A1E3-DF9A-B4CC-3A06E0BC616C,PG,PG,2,10
74551755-F9BD-4829-0CAA-3A06E0BCA29B,PG,PG,2,10
CC44E65A-58BC-F43E-5935-3A06E0BCDA8F,PG,PG,2,10
E259942D-9D44-9ED2-5E76-3A06E0BD3347,PG,PG,2,10
A0A24490-F892-5975-1C57-3A06E0BD7136,PH,PG,2,10
0E0D7A47-0458-3779-1776-3A06E0BD93CB,PG,PG,3,10
F5C036B0-339D-88B7-3CE6-3A06E0BDB043,PG,PG,3,10
DC474065-6593-98FE-F788-3A06E0BDDC79,PG,PG,3,10
A4DA9012-F659-53B2-4005-3A06E0BE1A23,PG,PG,3,10
B7597161-A11E-5ABE-29AC-3A06E0BE4BAA,PG,PG,3,10
74A36C07-EB24-B374-22C4-3A06E0BEACBC,PG,PG,4,10
8B08715E-46F6-D79D-D0B6-3A06E0BF00ED,PG,PG,3,10
03D2F090-4100-3AF8-85D7-3A06E0BF29F3,PG,PG,4,10
35DA81EA-213E-422E-9792-3A06E0BF86AE,PG,PG,4,10
1F849A38-BE2F-19E6-7A7A-3A06E0BFCDCB,PG,PG,4,10
D8CA722B-6B2C-CCB8-CD49-3A06E0BFFFE3,PG,FM,4,10
18FA37DF-2D6E-1845-34F8-3A06E0C037E9,PH,PG,4,10
6B2B1A80-174C-4F02-FFD7-3A06E0C056AA,PG,FM,5,10
52F76B1C-C074-5A98-64F0-3A06E0C082DA,PG,FM,4,10
5EABA983-7218-762C-5EB8-3A06E0C0BC5A,PG,PG,5,10
6B608D87-CB40-97AD-B5D4-3A06E0C0DE9F,PG,PG,4,10
A3408E78-DA24-7C49-1B2E-3A06E0C15A08,PG,FM,5,11
D2945CCD-377F-BA87-FDB9-3A06E0C1997E,PG,FM,5,9
2B8AD161-4C46-FA17-BAE0-3A06E0C1C1F3,PH,FM,5,10
D3AE5CA6-8049-AF65-7259-3A06E0C2178E,PG,FM,5,10
D3AE5CA6-8049-AF65-7259-3A06E0C2178E,PG,PG,5,10
A70C1B28-9D8A-EEE1-DACA-3A06E0C25623,PG,PG,5,10
80EE68E5-EF9A-256B-D6FD-3A06E0C287ED,PG,PG,5,10
CEABADDF-0A3B-BCDD-E48A-3A06E0C31557,PG,PG,6,10
CEB98D59-2D8B-4E9A-068E-3A06E0C345FB,PG,PG,6,10
CA684C22-7EDB-56B5-9DA2-3A06E0C36E6A,PG,PG,6,10
49A48E75-B84D-2A99-2D4E-3A06E0C392A7,PG,PG,6,10
34E06663-F40C-E02B-1D5E-3A06E0C3C150,PG,PG,6,10
23901182-8F6D-A35E-0897-3A06E0C44040,PG,PG,7,10
D6632DA9-778A-BEB0-C406-3A06E0C4819E,PG,PG,7,10
6420EF55-B367-FF46-016C-3A06E0C4AD42,PG,PG,6,10
9BDD4B4B-B010-5159-9055-3A06E0C4DAEF,PG,PG,7,10
20186CC2-E06A-14C8-6166-3A06E0C511FF,PG,PG,7,10
DC4BCC93-52B9-62CA-3E6C-3A06E0C53BDA,PG,PG,7,10
02C8AC16-4346-1524-4F6A-3A06E0C56E35,PG,PG,7,10
D824716E-D10F-2E26-9240-3A06E0C599AB,PG,PG,7,10
7EE27177-56CA-6C88-7C36-3A06E0C6265B,PG,PG,8,10
B98EBD3A-9F7E-2F5B-26B9-3A06E0C66471,PH,PG,7,10
8EDF5E3B-3CB8-7368-847D-3A06E0C6A797,PG,PG,8,10
ED3F56F1-B376-518B-D298-3A06E0C74583,PG,PG,8,10
8AB54B67-1549-14FA-9825-3A06E0C7C41A,PG,PG,8,10
7A458213-ACBA-7C19-FDD8-3A06E0C7E2F7,PH,PG,8,10
C7AE7741-CE6D-22E7-361A-3A06E0C814EC,PG,FM,9,10
13B45A54-7E34-BBDF-B49A-3A06E0C84625,PG,PG,9,10
E2318741-A4B5-76C9-971B-3A06E0C87E63,PG,PG,9,10
8563B9F9-64EA-174E-FAFD-3A06E0C8B0E5,PG,PG,9,10
9A24E646-6864-AE7E-7970-3A06E0C8E142,PG,PG,9,10
9DFE0E10-7022-BC48-EC8C-3A06E0C923DA,PG,PG,2,10
D986F73A-D4EB-39B1-425B-3A06E0C94945,PH,PG,11,10
37D965EB-FB8E-DFDC-2278-3A06E0C97361,PH,PG,8,10
8EDD087F-BC6E-57F7-ED25-3A06E0C9B6E8,PG,PG,10,10
C5EBC2D4-7FE4-3629-1624-3A06E0C9FAE8,PG,PG,10,10
053D5E45-016A-CD08-2D64-3A06E0CA3170,PG,PG,10,10
6C6F34E8-74AF-56DE-17A4-3A06E0CA54AB,PG,PG,10,10
259FA96D-5025-F192-B6F0-3A06E0CAC758,PG,PG,10,10
045C8703-2652-FF81-9416-3A06E0CAF761,PG,PG,10,10
1314FDB8-42E6-496A-98F8-3A06E0CB32E7,PG,PG,11,10
BBD03DC8-3F2A-902B-97EF-3A06E0CC6922,PG,PG,11,10
982EBF7D-9C28-2DC6-2472-3A06E0CCDCE0,PG,PG,12,10
BAA5A464-25F6-7AEA-2AE9-3A06E0CD202F,PG,PG,12,10
161B3406-7410-37A1-9242-3A06E0CD8D93,PG,PG,12,10
E5660D1B-B18C-DD01-62AD-3A06E0CDF58E,PG,SB,12,10
57E46D4F-7C35-A24D-2A15-3A06E0CEDF7D,PG,PG,2,10
7DA83C20-2C61-8CB6-AC51-3A06E0CF1267,PG,,2,10
F0FB17BB-B683-89B1-E5B0-3A06E0CF20DE,PG,SB,2,11
B1080485-AB15-A3A7-4BFE-3A06E0CF4985,PG,PG,2,10
CA52E56D-03E5-F108-6807-3A06E0CF7828,PG,PG,2,10
E1F9180F-5295-58EF-EC54-3A06E0CFA0EA,PG,PG,3,10
5F0B899E-2B0B-E028-6CCB-3A06E0D044EE,PG,PG,3,10
520211B5-9D46-8B5B-162B-3A06E0D0B245,PG,PG,3,10
7B9431AF-67EF-4AAF-471E-3A06E0D10E2F,PG,PG,3,10
D370DEE1-659E-014F-4D88-3A06E0D18828,PG,PG,3,10
F9B06302-E529-A21B-ADB5-3A06E0D1C544,PG,PG,4,10
1A5E5328-E7E2-990D-005A-3A06E0D23963,PG,PG,3,10
600B52A0-D577-ADBE-3EE6-3A06E0D2708F,PG,PG,4,10
28EA9D20-5C52-85FF-6841-3A06E0D3012E,PG,PG,4,10
C49F596A-A305-9289-8398-3A06E0D4271A,PG,PG,5,10
09B460B7-992E-C0D4-9628-3A06E0D48043,PG,PG,6,10
F5111A59-56F2-8A28-6F50-3A06E0D5177B,PG,PG,7,10
06D9587D-7C09-FF8C-E231-3A06E0D5ABB1,PG,PG,7,10
81C7A0DE-11E9-EB1A-087F-3A06E0D65B4A,PG,PG,8,10
EDAD421B-6663-65BA-6B78-3A06E0D6EA64,PG,PG,9,10
07B60556-B39A-FF81-D8CA-3A06E0D777BA,PG,PG,9,10
7E088349-47A6-3BB8-DBA6-3A06E0D79A11,PG,PG,10,10
0E675533-BC84-64A8-9FF6-3A06E0D8D072,PG,PG,12,10
BF73943C-A872-448A-43B1-3A06E0D90BAF,PG,PG,12,10
81A9F316-5D80-DD5B-AA25-3A06E0D97A72,PG,PG,8,10
F19B4734-C93E-BA5F-6888-3A06E0D9C7F5,PG,PG,12,10
9A3B57F7-6214-DCB3-41D4-3A06E0DA0B4C,PG,PG,1,10
1D2B6955-A172-81FE-4283-3A06E0DA80C3,PG,PG,12,10
36E52302-A319-11A9-54BE-3A06E0DAC0A0,PG,PG,1,10
844225F3-124D-7BAD-CC88-3A06E0DB0BDB,PG,PG,1,10
2E9B471E-4E1D-FE57-920B-3A06E0DB304A,PG,PG,2,10
BADBF2D1-6ED9-51E8-AA9F-3A06E0DB5535,PG,PG,2,10
34465E6A-0672-A697-417D-3A06E0DB7D48,PG,PG,2,10
2E346833-D235-FE7D-A595-3A06E0DB8F3C,PG,PG,1,10
E491F441-2B7F-1B54-0F30-3A06E0DC98B6,PG,PG,3,10
461D8327-D5E8-F348-BA48-3A06E0DCE09F,PG,PG,3,10
1B724550-98C8-D6C2-DFC6-3A06E0DD00D6,PG,,3,10
6708F212-5EFD-453D-C757-3A06E0DD3DAB,PG,PG,4,10
C5A6BDA7-E259-9145-210E-3A06E0DDBD26,PG,PG,4,10
A123C780-53FC-80FC-14DE-3A06E0DDE9E1,PG,,5,10
28EED5BB-4BDE-8BAE-D7FB-3A06E0DE33CD,PG,FM,5,10
B9A028C0-CFD4-FCCC-E1A0-3A06E0DE5BAD,PG,FM,5,10
A5E7CA3F-5501-AD04-A7BD-3A06E0DEE84A,PG,PG,7,10
ECEC3675-F9A3-0DCA-43CC-3A06E0DF9FEC,PG,PG,8,10
2BC560DA-FA4D-163E-F0BF-3A06E0DFC563,PG,PG,7,10
6C6CB2D8-0153-B312-2A90-3A06E0E026B6,PG,PG,9,10
943E2DE0-C580-A810-E690-3A06E0E06834,PG,PG,9,10
DE8B6D72-263A-B73E-4552-3A06E0E10794,PG,PG,10,10
7B309240-B743-FB88-2663-3A06E0E15A7F,PG,PG,10,10
84264815-F807-4901-A9A1-3A06E0E19A36,PG,PG,10,10
4C6D3364-5ACB-0490-AB98-3A06E0E1CB13,PG,PG,11,10
3BC33BF6-A706-F411-93D3-3A06E0E22DB7,PG,PG,11,10
89B2967D-071F-740D-5CE6-3A06E0E24F36,PG,PG,11,10
4F8DEAA6-D2E0-C78B-9533-3A06E5004492,KI,NR,12,11
17529185-3FC9-9658-BD47-3A06E5017425,PG,PG,12,10
4407CC68-E89D-644B-2311-3A06E501C765,PG,PG,1,10
80E0B355-DD26-C1B1-F3F6-3A06E5048687,PG,PG,8,10
BD270F7D-99F5-F3D4-D284-3A06E5050778,SB,SB,8,11
7FE0A27A-9269-C3A7-79A8-3A06E5053A86,SB,SB,9,11
6878731B-E6C2-7541-940D-3A06F47656BE,PG,PG,9,10
09A0E477-978E-96D5-362F-3A0741B622D8,SB,SB,10,11
879ECE0E-B6FC-8C1E-13DB-3A0751284457,SB,SB,10,11
0B5AF472-67D4-5EAE-EB33-3A077534EDBA,SB,SB,10,11
00523DFE-731D-BF07-A535-3A079E6846DA,SB,SB,10,11
1E034492-F14D-6921-9ECA-3A07ADDB2A84,PG,PG,10,10
45FDBC16-D1CB-EF10-69BD-3A07C27541E8,PG,PG,10,10
C508E0C2-9357-BF81-C21B-3A07D7B748DC,US,PG,10,10
C5DC76F0-ADB4-AE91-F8DC-3A07F5F449E9,SB,SB,11,11
7599509A-4D4B-0670-0227-3A08004027E1,NR,PG,11,11
DE0DF198-B08C-FC09-4E3E-3A080566993A,SB,SB,11,11
5DC6CACA-38F4-C4BD-E0A7-3A0814DAAD83,SB,SB,10,11
504E3214-F986-1448-0F17-3A0814DB26E4,PG,PG,11,10
E80E0DE1-0E3F-952C-3B01-3A0814DB7697,SB,SB,11,11
E3CD8733-7475-6E7E-0CD9-3A0819FF8EFB,SB,FM,10,10
C77997B5-4958-1D7E-B84D-3A0819FFE772,PG,PG,11,10
3855F640-C925-C595-D50F-3A081A004403,PG,PG,11,10
7B0B1604-E639-DEE8-AA15-3A082E99F538,US,PX,11,-11
2659DF0A-CB41-63C1-544B-3A084859D3C2,SB,SB,11,11
EB003B4C-4AE3-18EF-D096-3A0852A6A290,PG,PG,11,10
4E63414C-7F74-D688-6844-3A0857CC4C9C,SB,FM,9,11
66C7C089-0B8A-AE5E-05FA-3A085CF35E83,NR,PG,11,11
1AD34135-24B9-8E2C-D2B1-3A085CF3753C,SB,SB,12,11
3963A2C6-051F-8900-0E2C-3A08673F957C,PG,PG,10,10
70BEB098-B8DF-EF22-8178-3A0868B0C99A,MH,SB,12,12
82E83378-5BCE-72D4-5435-3A086C6639EF,PG,PG,11,10
FDD7BC63-6194-156A-EC61-3A086C665B7D,SB,SB,11,11
17B8ABC6-AE29-A93E-A4CC-3A086C667402,SB,PG,11,10
5EB6CF17-2536-6371-A124-3A088626585C,PG,PG,12,10
E99813A6-7C98-D45F-69C7-3A088B4C7718,PG,PG,12,10
4C8DC1E8-6745-42F6-ABEA-3A089073B640,TW,FM,11,11
DD30D73D-96E2-5E88-B1CA-3A089073CC94,PG,PG,12,10
8D402A97-8636-D8D0-EEAE-3A089073E668,PG,PG,11,10
242CC2B2-1F2D-AB6F-5BA6-3A0895997A21,PG,PG,11,10
F32BC68C-3EE9-7AFF-9E6B-3A089FE81DA2,SB,SB,12,11
4BCC9DA1-DD71-A089-E7FE-3A08AA32EC08,NR,I4,11,12
2A5092E3-5FD4-6008-F33D-3A08AA331682,NR,NR,11,11
77300895-F33E-EF12-508B-3A08AF59801B,FM,PG,12,10
77300895-F33E-EF12-508B-3A08AF59801B,FM,PG,12,11
6E21441E-6129-328C-25AE-3A08B09434B3,MH,FM,12,12
F8E5ADE0-10BF-2927-9A66-3A08CA298DE9,MH,PG,12,11
AB1C2B8A-B492-EA92-6182-3A08CF97FBCA,MH,PG,11,11
79401CCF-F427-0D7A-D953-3A08D36717EC,PG,PG,12,10
9AEBD809-D3FC-99AD-17F7-3A08D3D7908E,MH,PG,12,12
6309A190-03E5-21B8-CEE6-3A08D88C27CE,KI,I4,12,12
118D4FAF-B66A-0144-63AD-3A08DDB21DD0,SB,SB,12,11
7A1BF69C-09B7-CBAE-A7EC-3A08DDB26FB6,KI,GL,12,11
612DCCA2-0417-8E1F-D6C9-3A08E2D8C51F,SB,PG,12,10
2EE0862E-4B9F-08B0-7795-3A08E2D8E7A6,SB,SB,12,11
679A4832-F335-F65A-562E-3A08ED2519BB,TW,PG,12,10
049E1F35-FBB4-178A-056D-3A08ED2548C2,KR,PG,12,10
EF493A0B-72F5-4517-E742-3A08F24BFA1E,PG,PG,12,10
CB216406-7B09-55EA-07D1-3A08F24C2618,KR,PG,12,10
CA859D2B-111C-EBD2-AA27-3A08F771F59B,FM,PG,11,11
C85AB82A-4F65-DAC9-026E-3A08F85F4D93,MH,FM,1,11
FFB99A86-865C-C42E-9EFF-3A08FC989B8D,FM,PG,12,9
02B26305-435C-1FCA-C801-3A08FC98EA44,FM,PG,12,11
28C7812E-A34F-7276-F735-3A08FC991F35,PG,PG,12,10
0136081C-73E8-9D54-4154-3A08FC9977C3,PG,PG,12,10
9C0C34D5-55D1-210E-64B8-3A08FC99BACA,PG,PG,1,10
84886A22-A07D-B396-4846-3A08FD78106B,MH,GL,12,12
5512E90A-B64A-C5C1-27C0-3A0901BF349C,FM,FM,12,10
2884BEFD-A18F-B257-8628-3A0906E50F18,PG,PG,12,10
1D2B0DAC-D3AC-39CD-47A3-3A0906E591A2,PG,PG,1,10
976A00EC-A0AE-CE82-A7B2-3A090C0C31DD,PG,PG,12,10
9A687C30-3E85-70F5-3A48-3A090C0C8AEF,PG,PG,1,10
E26E8C74-50B0-AB79-2EEA-3A090C0CAE03,SB,SB,12,11
EACDE360-EA89-CA97-DC2F-3A091179E2B0,FM,FM,12,11
0D98960F-8614-AE5D-C521-3A0912F2F82F,MH,FM,12,11
D61F1EB0-FF12-444E-8C63-3A0916579F48,FM,PG,11,-11
B3A64792-C2AF-30EC-B21A-3A091658AF34,SB,SB,12,11
800105F0-C2AD-E34B-BBA6-3A091B7ED9A1,TW,FM,12,11
0EF8133A-C955-5EA6-6AB3-3A091B7EF4A7,FM,FM,12,11
69572518-D1E5-C3BD-9092-3A0925CB0FB8,FM,FM,12,11
74F24B65-5D29-5CDD-56D0-3A0925CBB120,TV,PG,1,10
8C26D198-BF49-E5DA-7054-3A0925CBD035,FM,FM,1,11
37480493-2F37-97F9-ADBF-3A0925CBE218,PG,PG,1,10
A1B7C263-385D-4BB0-1FF9-3A092AF18D55,NR,PG,11,11
FD013980-304B-C1D4-A025-3A092AF20987,KR,FM,12,10
FD013980-304B-C1D4-A025-3A092AF20987,KR,PG,12,10
8100CC84-AA75-32ED-9A54-3A093018705C,NR,NR,12,12
F09A9368-2116-D279-53A3-3A093018A645,FM,SB,12,11
4DB01C2D-75B9-6497-7DE8-3A0930190F4F,TW,FM,12,11
4DB01C2D-75B9-6497-7DE8-3A0930190F4F,TW,PG,12,11
942A062E-FF27-4370-7CE0-3A09353F6F7F,PG,PG,12,10
15B67BA4-E42D-41F9-7C9C-3A09353FA82E,FM,FM,12,11
602C3F59-3E1C-A4F8-B759-3A09353FBC27,KI,PG,1,10
27F314A1-CED2-6304-15EC-3A09353FDD43,KR,SB,12,12
655BA06E-9E85-6C58-D06B-3A093AD5788B,TV,GL,12,12
DA26CD9D-B157-0EF0-BBDD-3A094177A019,PG,FM,12,10
DA26CD9D-B157-0EF0-BBDD-3A094177A019,PG,PG,12,10
FF5433BD-F874-436F-E557-3A0944B180D2,TV,PG,12,10
DF5B3AAC-D799-8AEE-D887-3A0944B1E201,NR,SB,12,11
9540296B-5E81-EA9F-4CB5-3A094613C31E,TW,FM,1,11
9540296B-5E81-EA9F-4CB5-3A094613C31E,TW,PG,1,11
DA05F638-73D5-3B4B-2FC1-3A0949DAB190,NR,PG,12,11
66B5293D-5B42-0A5C-D6BA-3A0949DAF777,FM,PG,12,11
27472DAF-7739-B7EB-0B02-3A094EFE531B,FM,PG,12,-11
5ED23E30-E08F-196C-B2B6-3A0954252B90,TV,PG,12,10
BEDEE26A-B910-786D-43B5-3A09542560D6,FM,FM,1,10
10BBD7C0-507F-5E7B-75AD-3A095E722AA0,FM,PG,12,9
3BD59267-FFED-BE5F-FB6B-3A095E726998,FM,FM,12,11
A054BA3D-F598-FDDD-DEE5-3A095E72A92D,NR,PG,12,11
A08A6BDD-D97E-521C-B796-3A095E7334F0,NR,PG,12,11
A5793918-6258-3CEE-EBD8-3A095E73999F,NR,PG,1,10
2ACD52FE-B3A1-0A8F-3120-3A095E73E09E,PG,PG,1,10
9BA34D4C-D5DC-FB2F-7978-3A095E740022,FM,PG,1,11
8213DCBE-D6B7-0216-602B-3A095F11618D,VU,TV,12,12
1AC1F20B-D1C2-9181-B86F-3A095F3B149E,FM,PG,12,10
BBF0D3F1-3A2D-327C-8561-3A0960253C30,KI,SB,12,12
5BEF8BB0-F585-7C9D-0BD0-3A0963993305,NR,PG,1,11
DF8A2D66-C4F6-7945-A950-3A0963994BC4,SB,SB,1,11
D5F43525-D851-2704-A3CA-3A09649E801E,JP,GL,12,12
895DE241-23E6-735D-FEDA-3A0968BE8A2D,PG,PG,1,10
ADEBEBA2-8D1D-C021-8E30-3A09692DA894,EC,IW,12,-9
C4EDE7F0-FEA8-52E1-C980-3A0969463CEE,KI,GL,12,12
35997B71-F43B-5B6F-732A-3A096A4EBD7A,MH,GL,12,12
B5578DE5-ED6E-23A5-E9EC-3A096DE4BEE6,PG,PG,1,11
A5117379-CC11-3432-E3CF-3A096DE4DD0F,TW,PG,1,11
99C0D4EE-B9CB-8CE1-AE24-3A096DE5155C,KR,PG,12,10
9B918B0E-AAAC-8171-7639-3A09730AE1AB,KR,SB,1,11
7422BE7F-1C86-3EF6-A24B-3A09730AFCFD,PG,PG,1,10
C7E488BE-58A4-106C-1DB4-3A0978319C44,PG,FM,12,10
0CA473ED-3130-CF44-FB34-3A097831F70D,FM,PG,1,10
00252EAE-C776-F476-A5E7-3A097D56FB2D,US,H5,11,-11
4EAC3A6A-8E21-7859-343E-3A09827DCD79,FM,FM,12,11
11428F96-94AE-950B-9D47-3A09827E90A3,TW,PG,1,11
224A91D8-F36B-17B5-DCC1-3A09827EA714,FM,PG,1,10
7CE5136F-21D3-614D-48BB-3A098328B53D,KI,TV,12,12
5536C778-7504-37D3-4997-3A0987A40659,FM,SB,12,12
F46F9330-37D0-DDBE-6BC6-3A0987A48CAC,KI,I4,12,12
5BDC4AF1-962A-ECFD-02F2-3A098CCAC03B,KI,GL,12,12
CDB7E0AA-0E19-33CB-3E42-3A098CCBA0F4,KI,GL,12,12
F24C5E3B-E33E-BE8F-83AF-3A098CCBD420,FM,FM,1,11
2FAFF7E4-6CED-8944-22C6-3A098CCC09A7,MH,PG,1,12
37D8D959-BDAA-F479-AFD9-3A098D677FA1,KI,PG,12,11
776A531F-A4EC-2C2F-5E1E-3A0991F1820E,SB,PG,1,11
31FD21B8-11C6-8EA9-2A7C-3A0991F1A986,KI,I4,12,12
C1C14B81-45BF-3EA3-58F4-3A0991F1C917,KR,PG,1,10
3737E7CF-2140-570F-ED5D-3A0997178F60,US,LN,11,-11
145B1F59-8EF3-4918-4D3B-3A09971884BE,NR,FM,12,11
A28B4359-D6D1-A229-EF74-3A099718B4C4,FM,PG,1,10
A2F84A74-B066-A683-466D-3A0997190916,TV,PG,1,11
1BE98894-F87A-B096-0C7A-3A09971939C9,FM,PG,1,11
5A513DD6-9E1E-7E68-7A76-3A099C3E0D47,PG,PG,5,10
E94138BA-B481-B29D-FF55-3A099C3F15EB,PG,PG,10,10
5E545F48-3909-8162-4DA0-3A099C405093,PG,PG,12,10
F89282DC-C8EE-6A06-F1CC-3A099C40F01A,PG,PG,12,10
6ADA59F2-BCC2-84FC-347D-3A099C425BDA,PG,PG,9,10
7043EA5D-3E16-975B-9C50-3A099C428EEB,PG,PG,10,10
7F802281-2180-97FD-F488-3A099C42CAB6,PG,PG,12,10
8E1AF89F-28AF-2E7F-6F2C-3A09A1647C5F,TV,PG,1,10
FAADA452-41AC-8653-9F98-3A09A164B4FC,KI,I4,1,12
0E7B755B-B37D-BF8E-1B85-3A09A164FFBF,SB,SB,1,11
DC1621D3-94E1-1F0F-0CC0-3A09A68AD573,PG,PG,12,11
AB2C97CE-2E45-21F2-AACA-3A09A68B3F2B,NR,FM,12,11
021F4C0B-EC1B-17A3-D60F-3A09A68BB447,PG,PG,1,10
0B967B8D-296E-DB9B-AEE8-3A09A71A274B,KI,GL,12,12
F3FF26E2-6834-E9D8-C33E-3A09A754A7B8,NR,PG,1,10
C71A84DE-CAF1-0388-235D-3A09A75B32DB,PG,FM,11,9
B3D652BF-5082-8CD3-B190-3A09ABB166CA,KI,NR,12,12
FA8F8302-7D5B-28F7-5087-3A09ABB18BF2,NR,PG,1,10
5F07461F-44B0-8EFF-0022-3A09ABB228A2,TW,PG,1,10
7D466A7C-45BE-FEFD-EC7B-3A09B0D7705C,TW,PG,1,10
B09AFA8A-FED8-BF56-A3B2-3A09B0D78C63,PG,PG,1,10
54508795-BEFB-5A51-D4C0-3A09B146821C,EC,LN,12,-10
4A334B13-8AC9-C3B7-F8E8-3A09B5FDBE62,PG,PG,1,10
7A38FED9-2DBE-8D18-1EE3-3A09B5FE3A92,SB,SB,1,11
4892F1BD-CA69-30AE-D8A4-3A09B65B312B,MH,GL,1,12
4128A48D-E0C3-BFFF-5393-3A09BB23CDC8,SB,SB,1,11
7BB2FBAD-02C7-0B8E-7C85-3A09BB240537,FM,PG,1,11
2878FE82-0C2E-0698-0F9B-3A09BB241EFB,PG,FM,2,10
FC3DB5F6-A6F4-CBE0-22C9-3A09C570E182,KI,GL,12,12
019A447C-9F22-74D8-49B7-3A09C6F0425E,PG,PG,1,10
99E32C10-C12D-C46F-34F7-3A09CA97493F,KR,PG,12,10
7E85451F-4583-1E9A-F601-3A09CA97AED3,PG,PG,1,10
90B14B23-25CA-F24C-D05D-3A09CA97C70F,KR,PG,1,10
986E3EFC-8DCE-6DFC-26D9-3A09CA980305,KI,GL,2,12
EEEB3B9A-044D-C3E2-A040-3A09CFBD16FA,PG,PG,2,10
84C92B24-B6AF-A9E3-6142-3A09D4E36EF6,US,HB,1,-11
602F9490-B3F4-57FC-2F94-3A09D4E396AA,US,PG,1,10
10EAF400-7C68-C34F-8C61-3A09D4E3E128,SB,SB,2,11
CF2DCC6E-726C-808A-9449-3A09D4E3F89C,NR,PG,2,10
52423F0B-5704-B8A2-F86E-3A09DA09B3A2,US,H5,1,-11
9D8DB045-318C-2BB5-C64A-3A09DA8535F7,EC,IW,1,-10
63247D1B-15EE-AAD5-BD14-3A09E4584CDC,KR,PG,1,10
4C1E4009-471E-E0E2-1C22-3A09E4593EEF,KI,PG,1,10
B2732C8B-88AE-7A8B-DEBC-3A09E97C7C81,TW,PG,12,11
AF2554D5-B2DC-FB1B-7F79-3A09EEA3B1B2,KI,GL,1,12
DA0531C1-61D4-9B71-32B3-3A09EEA3F7A2,FM,PG,1,11
F57546FA-C553-2F1D-4842-3A09F3CA5BC9,PG,PG,2,10
1662B615-31F5-E589-7F95-3A09F3CA8660,NR,PG,2,11
B1C99431-AA75-B04E-5D0C-3A09FE1584E1,US,IW,10,-11
367FCD37-AD52-70E7-3BFA-3A09FE16B848,FM,PG,1,11
04AF7B7E-567F-3046-E474-3A09FE16F460,FM,FM,2,11
90752276-C27E-EDEB-90DD-3A0A033CF428,PG,PG,1,10
63772273-88F8-E5C7-3810-3A0A033D0E8D,PG,PG,1,10
5F17C117-E015-A243-0A49-3A0A033D2236,FM,PG,1,10
F42B452F-EB5F-2D8A-D8AD-3A0A086367DB,TW,PG,1,11
15283509-4ACE-0679-27F0-3A0A0864CC90,KI,PG,1,10
CBA96C14-8D9C-1BCF-2760-3A0A08651F2B,FM,FM,2,10
6EB917E3-A4C5-EEB9-40D4-3A0A0D8992BD,PG,PG,2,10
70B0F74B-8F56-4387-90E7-3A0A0E2C84A3,KI,SB,12,12
D2A36856-68C4-7703-12BB-3A0A1331B9AF,KI,GL,2,11
256185F6-6132-CE53-7BF6-3A0A1380076E,SB,SB,12,11
1F266666-C817-7D6C-17BB-3A0A14266C71,PG,SB,12,11
6B5FE5B4-D1DF-051E-266F-3A0A1435C87A,TW,PG,2,11
030459A1-2F77-32DB-F5CA-3A0A1CFC7165,KR,PG,1,10
7B82588C-09EF-E3F2-C5F9-3A0A1CFD4651,MH,PG,1,11
20026384-F2C9-1862-4021-3A0A1CFD8334,FM,PG,1,11
C74C663B-3D0B-ECAC-8990-3A0A1EE0F57A,FM,PG,2,10
B2A0A213-4092-9083-8603-3A0A2223478C,TV,PG,1,10
3EA3DD59-EB82-6CD0-A778-3A0A2223C146,KR,PG,2,10
326F3B5D-C13E-3C9F-ECD7-3A0A2223F68B,US,CK,2,-11
BCD3F744-7F20-E70E-121B-3A0A222436B5,TV,,2,9
BCD3F744-7F20-E70E-121B-3A0A222436B5,TV,,2,11
2A9169A1-A100-C1AC-D8A3-3A0A274979DE,FM,PG,1,11
FB5AE765-457A-DE3C-53BD-3A0A2C6F45D6,PG,PG,1,10
5D356A23-52ED-C47B-7C33-3A0A2C6FCF32,FM,PG,2,9
C388A4D6-CAAA-AC35-CF88-3A0A2C6FF3B1,KR,PG,2,10
98C44F87-67FF-E03F-9FAF-3A0A31964E0F,FM,PG,1,9
DCA981BE-A7AE-992C-1C51-3A0A3196722D,NR,FM,1,11
A5A9C803-887C-6B26-B18F-3A0A3196B00D,MH,FM,2,11
5C82E112-ECC5-A799-F2E4-3A0A32291DC8,MH,GL,2,12
42B52C39-D95C-302D-06A4-3A0A32BAF0A6,FM,I4,4,-11
E5E93F57-ED13-DD09-8241-3A0A36BC7FD7,KR,PG,1,11
43CA161F-D735-5930-7A37-3A0A36BD53B2,NR,,2,10
16306E1C-7B03-CAE1-AA7F-3A0A36BDB314,KI,PG,2,10
6D3089B4-9CB8-F2F4-A92A-3A0A386EDD7B,VU,TK,2,-11
49E541C4-F2D5-7D6C-93F3-3A0A3BE36D0E,FM,PG,2,11
278A95B1-2052-6C28-5E7A-3A0A3C23F7A3,TV,TV,2,12
C965F0DD-A9BC-258B-225D-3A0A410973BA,NR,PG,1,11
CB8CBB2C-54BB-4612-B4CA-3A0A410A1801,TV,PG,2,10
4C0AA1F5-5333-0A62-6B59-3A0A410A3828,SB,SB,2,11
9B823CA5-74C0-93E0-94E1-3A0A410A75B9,FM,FM,2,11
1E66CAC3-C25C-F92E-B284-3A0A462FA1A4,PG,PG,1,10
0A530454-E421-A6EC-D5B3-3A0A46308642,PG,PG,2,10
E61FF7ED-EF12-D932-9901-3A0A4630E27F,FM,FM,2,11
E61FF7ED-EF12-D932-9901-3A0A4630E27F,FM,PG,2,11
44E7B30E-BF90-1363-FD72-3A0A463116E4,PG,PG,2,11
0E6387E7-1E2E-74B4-8177-3A0A46313F65,TW,FM,2,11
0E6387E7-1E2E-74B4-8177-3A0A46313F65,TW,PG,2,11
15F2950A-B85C-8540-CA54-3A0A463157A3,PG,PG,2,10
1BF1E606-17DE-7AF1-8D79-3A0A46D9266A,FM,H5,2,-11
9A1F02AB-2314-6253-8CAF-3A0A46DA0517,FM,I4,9,-11
D2389E50-EAF5-B03E-F489-3A0A46DB095E,FM,GL,10,12
6700C1FC-D7A0-436C-AA1F-3A0A46DCC0F0,FM,NR,1,11
D6FC799B-596F-7817-FB06-3A0A46DCF0CF,FM,NR,2,11
E8F9298C-FCE6-A0E6-84E1-3A0A46DD8EFB,FM,GL,3,12
50D25FD3-DCBF-5641-2385-3A0A46E9804F,FM,PG,12,10
FDFDE502-8395-F0B9-5428-3A0A46EA52BC,FM,PG,2,11
3796C705-C56E-53B5-09E4-3A0A46EBCAE0,FM,GL,6,11
23A75F4E-C5B8-C5EF-3A4D-3A0A46ED0576,FM,GL,5,12
20BADBF7-F393-DE08-366C-3A0A46ED2C33,FM,GL,10,12
46CE0C52-9540-F26C-E7DC-3A0A46ED57AC,FM,FM,11,11
BEAFE15B-7BDB-87BE-BD87-3A0A46EE66E4,FM,I4,6,12
DDF6A421-2C81-1979-FE58-3A0A46EEADEA,FM,GL,11,12
4475E463-364A-62C3-44F4-3A0A46EF4F91,FM,GL,10,12
D1AB113B-4BF7-4385-BEC4-3A0A46EF8CA0,FM,GL,11,12
874ED22B-A627-F492-8AE6-3A0A4721441D,FM,FM,6,11
9E964AAA-C3AE-52C5-F07D-3A0A4721D785,FM,SB,11,11
04EE0890-D093-D0E6-F42A-3A0A47236CE9,PG,PG,6,9
B36CFFCE-05FA-CB4D-6B16-3A0A4727EE00,FM,GL,1,12
7028BC71-5577-247D-D163-3A0A472A9E22,FM,GL,1,12
9F674CA1-F354-8003-BD2D-3A0A472B1242,FM,GL,2,11
F60474B4-A0D8-5AF5-0CD6-3A0A472C1F60,KI,GL,1,12
ABE47344-04D6-5637-11F7-3A0A472C4978,KI,PG,5,11
C083FB4A-FA98-E0F9-AA6A-3A0A4B563BBA,FM,FM,2,11
3DA4E025-3516-0090-9A70-3A0A4B5676A2,TW,PG,2,11
061C41EF-AEA6-E966-FA5C-3A0A4B569FF0,PG,PG,2,10
B0D5384E-488C-8444-2A34-3A0A55A2965D,MH,PG,2,11
8147CF89-8F8A-9283-AC51-3A0A55A2DCB2,PG,PG,2,10
DB721D82-FC69-9341-7969-3A0A55A2FB76,SB,PG,2,10
62CC1F29-AD3E-73F3-FB39-3A0A56286CC0,KI,I4,2,12
F64268F9-0124-3A07-AEB1-3A0A56362316,KI,PG,12,10
C10551AC-950D-C0C4-07F3-3A0A56B229FE,KI,NR,2,12
634B3610-7348-B285-D374-3A0A5762D17F,PG,PG,12,10
721A4026-2BC6-0436-6076-3A0A5AC97D01,MH,I4,1,12
FFA48128-6461-EFA8-13FF-3A0A5AC9C731,PG,PG,2,10
103841C3-8603-4B05-763F-3A0A5B654CA3,KI,PG,2,11
351F1426-747C-4AB8-F64D-3A0A5C3E75ED,KI,GL,2,12
139087C1-0BAA-065E-7D66-3A0A5FEFF8A5,FM,PG,1,11
1D3BA335-2E9E-0C2F-4077-3A0A5FF050F8,NR,FM,2,11
101360BE-3093-D7F7-988D-3A0A5FF0B690,TW,FM,2,11
8344BB41-07CC-6F90-50FF-3A0A5FF0FCB4,PG,PG,3,10
D2649130-BAC8-0E08-E8B5-3A0A5FF116A7,PG,PG,3,10
C1580DB0-B1B2-F3DF-2193-3A0A61E01A1A,FM,PX,3,-11
2DD3943E-C851-09DA-FE56-3A0A651505D4,US,I5,12,-12
2DD3943E-C851-09DA-FE56-3A0A651505D4,US,I5,12,-10
9CA57CF6-4E9E-894F-5F54-3A0A65162B2F,NR,FM,2,11
2D3618D3-6725-5C08-E05C-3A0A65169D17,SB,SB,2,11
636FE60D-F00A-E707-D259-3A0A6516DE95,SB,SB,2,11
77B0D54A-369F-E8E0-9C03-3A0A6516FC16,KR,PG,2,10
41214C9D-14EA-869E-715B-3A0A65171103,FM,FM,2,11
03E6AC8E-8BA7-3D20-E187-3A0A665D9DB4,KR,PG,12,10
78301786-61F8-33D6-B00D-3A0A6A3C4CEF,NR,PG,2,11
04CB59B4-6E1F-832E-362A-3A0A6A3C8035,PG,PG,2,10
D7C4FC3D-F4B3-8FA1-14F8-3A0A748900AD,KI,GL,2,12
2CFB1143-24AB-70F0-219D-3A0A7ED5BC40,FM,FM,2,11
267D2CF1-48D0-B9D9-575F-3A0A7ED5D53B,KI,MH,2,12
D4D69C76-7C07-1668-C211-3A0A7F2A7699,PG,PG,12,10
CC353993-2B55-6104-75F9-3A0A7F5F6519,FM,GL,10,12
C4DFDF39-F259-2B6A-91B1-3A0A7F6A0B7C,FM,H5,2,-11
28389C51-ED1F-A6E2-72D7-3A0A80622684,KR,PG,12,10
FCE52E54-DF0C-A950-CCA0-3A0A83FC2AE0,SB,SB,2,11
E506E2F5-4745-0B8C-1829-3A0A83FC5B22,MH,FM,2,12
B35E4D92-6E91-A9E3-8625-3A0A844E70D8,PG,PG,3,10
44479735-F237-2018-E004-3A0A84EEC041,SB,SB,3,11
F17C8958-C16B-31BE-299C-3A0A8552F6EA,KI,GL,2,12
5FD89C81-5F25-A177-3C3E-3A0A8A17C012,NR,FM,3,11
8D630763-58BE-B3B2-1D48-3A0A8A621844,US,PG,12,10
34A951F6-2FAA-4DA2-4BBE-3A0A8A8EA51A,KR,FM,12,10
9CCA9819-8CF6-986E-2E34-3A0A8ADCCDC6,KR,FM,12,10
23A215DF-3E77-3BF4-58D7-3A0A936FA42E,TV,FM,2,11
701D610B-7718-B926-066B-3A0A9370154D,PG,PG,3,12
56C98967-8C5E-A48E-5924-3A0A9895EEF4,KI,PG,3,10
2B4ACB31-3337-4FAC-5DAA-3A0A9DBBA85A,FM,PG,2,10
66EA67E5-4CED-DBB4-65B4-3A0A9DBBCAF4,KR,PG,2,10
DE3CC0A4-9D0A-E065-9024-3A0A9DBBED70,KI,I4,2,12
E97049D2-071C-9D1D-B966-3A0A9DBC9141,KI,PG,2,10
F54221F3-D5F5-7705-3869-3A0A9E6E5124,EC,IW,2,12
D1FFFA33-5F79-B8D8-A0EA-3A0A9F8336CD,KI,GL,12,12
D1FFFA33-5F79-B8D8-A0EA-3A0A9F8336CD,KI,I4,12,12
B12B0C1E-1915-7F58-A17E-3A0AA2E21E13,KR,PG,2,10
B00C41F7-1640-AB68-8734-3A0AA2E24DA5,NR,FM,2,11
C84D804C-5667-77C1-2C95-3A0AA2E2EBC3,SB,SB,3,11
29BDB370-2AC6-2E9D-E5C9-3A0AA36D370C,KI,I4,12,12
E2EE3C10-5A58-69E9-0C7A-3A0AA46B0FBF,KI,SB,1,12
9309895D-C5CA-E6DB-FD0B-3A0AA8073B8D,US,LN,11,-10
A0599E19-8193-2C87-8E32-3A0AA80973B9,FM,PG,3,10
88AEAB8A-6908-4A39-FB4D-3A0AA809AA05,NR,FM,4,12
8C3FD4E0-1703-E987-B97E-3A0AB254DE15,MH,PG,1,12
0E562FB7-6EF6-21BB-B987-3A0AB255B70B,KI,NR,2,12
9D9C5753-3804-2B49-0AA4-3A0AB25624B6,FM,FM,3,11
897E8892-B8BA-E367-4162-3A0AB2568215,KR,PG,3,10
0A343F35-FB6A-1FB2-2493-3A0AB256BF1E,FM,FM,3,11
E9FFE9D2-0DF6-24A5-F417-3A0AB77B9603,KR,PG,1,10
48BBAEF0-3458-A693-F102-3A0AB77BFB19,TV,PG,2,10
CF8544D6-A19D-6E81-D39C-3A0AB77C250E,KR,PG,1,10
68EF90CF-88DC-2B8A-4262-3A0AB77CAA2A,PG,PG,3,10
51E2C7C1-7A37-C389-8A53-3A0AB77CDD8F,PG,PG,3,10
6E44582D-6653-54D5-7645-3A0ABCA30468,FM,FM,3,11
7C0FFF62-C1A1-CEAE-D953-3A0AC28E97A9,PG,PG,2,10
C7448734-29A0-E93C-C31E-3A0AC2B64941,PG,PG,1,10
7F95635F-5F6D-8C2E-0F85-3A0AC2BEBEB5,PG,PG,1,10
F09A4A79-22FE-B65F-CCF7-3A0AC2CF5E4B,PG,PG,3,10
2354CC18-4D7A-D3B6-7E3A-3A0AC2DEA797,PG,PG,3,10
E2F2DCF9-CBE0-B6A4-407D-3A0AC6EF3321,US,I4,3,-11
366BE75D-0374-D728-0594-3A0AC6EF6022,SB,SB,3,11
E7AC6D16-F392-1E6A-884D-3A0AC6EF8932,PG,PG,3,10
A223A51B-ED2A-CED9-276F-3A0AC6EFA505,SB,SB,3,11
8190171D-507A-976F-C1CB-3A0AC774CEC9,PG,SB,1,11
DE1EEC05-D1C3-CDAA-16DD-3A0ACC151075,FM,PG,2,11
F9DE6994-4081-5898-9F01-3A0ACC15A9EC,MH,I4,2,12
D6C9AB66-EDC0-BA30-39D5-3A0AD6624562,FM,PG,3,10
B2DAD3DA-2221-7541-DEE3-3A0AD66281F0,PG,PG,2,10
0E845963-FEBB-9630-E0B4-3A0AD8B1C165,PH,I1,9,9
D9987288-2BF9-51A0-CEF6-3A0AD8C67DCC,PH,I1,9,9
E92A3779-ADF4-0581-A9B0-3A0AD8CF07E9,PH,I1,12,9
751ECE16-3A1A-CAB8-AF09-3A0AD8F125A3,PH,I1,10,9
9B418027-935C-EC1F-F081-3A0AD90D6922,PH,I1,9,9
5E94B05F-431C-8EC9-CDA6-3A0AD913B4BE,PH,I1,10,9
96884ACC-2BAF-80E7-4032-3A0AD9371F38,PH,I1,12,9
0416B0E0-1FF7-C89C-63A3-3A0AD9459B59,PH,I1,1,9
9D657D98-663A-4D69-DC19-3A0AD96343E7,PH,I1,9,9
081A0A39-D325-D008-CF7A-3A0AD96E0F42,PH,I1,12,9
3C944963-B6C9-57D6-F4D0-3A0AD9B74849,PH,I1,10,9
C63A2940-96FE-DD25-D473-3A0AD9F7FA9E,PH,I1,12,9
E04F016E-C940-DA5E-0626-3A0ADA0FD682,PH,I1,9,9
52771387-A1BA-50B6-772B-3A0ADB88C427,KI,MH,2,12
B932CF13-7E91-4B6D-3DA3-3A0AE0AE5FC8,US,I5,2,-10
090B7772-1F82-D7BC-944C-3A0AE0AE8309,PH,PG,2,11
B2588AAC-0B52-3D64-66D8-3A0AE0AEB656,KI,GL,2,12
20F513A1-0859-CF0F-FD23-3A0AE0AEF66C,MH,PG,2,11
E7726DDE-6199-66B4-AC35-3A0AE0AF79DA,MH,FM,3,11
A6040543-7815-96FB-36D4-3A0AE0AF96F3,US,IW,3,-10
A87E5D2D-236E-6087-0C91-3A0AE0AFD45B,MH,FM,3,11
0A272CB8-9F48-E305-2248-3A0AE5D5A834,FM,SB,3,11
E2045BE2-3F7E-67DA-4572-3A0AE5D5D84F,FM,FM,3,11
56C4BADA-484C-C122-A058-3A0AEAFB4808,US,H5,2,-11
384A637B-653E-A2A1-8A5E-3A0AEAFB89AF,NR,FM,2,10
5FCA9ED9-74A6-6B75-37BA-3A0AF0223C82,FM,FM,3,11
A9C148E0-AE38-1F54-EC0A-3A0AF548417B,FM,FM,3,11
83AE9EB2-E6CA-6EF9-A12F-3A0AFA6E6488,NR,I4,12,-12
664BA6B6-5035-4276-93E7-3A0AFA719AC5,KR,PG,3,10
5EEC606E-0B3E-3C73-0770-3A0AFA71C7CB,FM,FM,3,11
97C33DF0-495E-1F61-DFA8-3A0AFF989F69,PG,PG,3,10
905768AB-2132-BC13-EA2D-3A0AFF98B210,MH,NR,4,12
BD26C9DE-88EF-C2DB-C262-3A0B09E38A37,SB,SB,2,11
11140750-56F9-9199-9B99-3A0B09E4B415,FM,FM,3,11
9427B8AF-768E-6881-9529-3A0B09E4E95D,KI,GL,3,12
587E2468-2B35-518E-8A44-3A0B0A8D24A2,TW,I4,3,12
28EC2AE0-1991-BBCA-5594-3A0B0F0A799F,KR,PG,3,10
DE239CBD-6361-98BE-7BA4-3A0B0F0B5627,NR,NR,3,11
7113EBC3-084D-059E-E47C-3A0B10268C0A,PH,I1,9,9
571BBC02-C680-2FF2-19D6-3A0B1431CFB9,KR,PG,3,10
37E7ADCE-6D36-9981-A6E3-3A0B143213DE,FM,PG,3,9
F973F372-98CB-7C21-D40C-3A0B143240E9,TW,PG,3,11
7981717E-206E-78C9-486A-3A0B14329871,FM,FM,3,11
820D56F9-0A14-6F6E-ACD3-3A0B1432DBBD,PG,PG,4,11
2516C6B3-00FF-041E-372B-3A0B14B3BA8D,PG,PG,4,10
2610AF52-F250-1517-EA17-3A0B15AFE96C,PG,PG,1,10
49D1A0EA-7924-B155-723E-3A0B1957F3C7,SB,SB,3,11
85753BE3-C00A-19AF-B107-3A0B19581A99,TW,NR,3,12
D31365E2-CAA9-2411-21D3-3A0B19586905,MH,,4,10
A450DAEA-717D-8575-D3B1-3A0B1E7CA459,MH,MH,4,11
97D6E750-8D54-A967-F972-3A0B1F02EE54,PG,PG,3,10
58DCB9F0-67EA-B925-41B7-3A0B1F16897F,PG,PG,1,10
DAC8FA60-D121-8B48-CC66-3A0B1F308393,NR,NR,4,11
633541ED-85C6-6384-36F3-3A0B1F5DF252,PG,PG,1,9
5D76B342-637D-408E-8754-3A0B23A442BC,KI,PG,4,11
8E635E38-EC60-1563-F0DD-3A0B23A4797C,NR,,2,10
0989FF4C-0B27-9869-B91D-3A0B28C87785,KR,PG,3,10
F7FF7CF2-1EDF-511E-E1C9-3A0B2DF03450,NR,FM,3,11
F7FF7CF2-1EDF-511E-E1C9-3A0B2DF03450,NR,NR,3,11
3ACA6BB8-E026-DCC9-1649-3A0B2E5033AD,PG,PG,5,10
7DA1344E-064A-21BA-FE23-3A0B2E8ED752,PG,PG,9,10
EF980E1A-73FD-0861-878A-3A0B2EADF39C,PG,PG,10,10
10FEB2AE-03B2-2C90-52B7-3A0B2FBB0227,SB,SB,4,11
4F2E2A6C-1AD1-2457-D280-3A0B331758DF,US,I5,3,-11
4F2E2A6C-1AD1-2457-D280-3A0B331758DF,US,I5,3,-10
D19CB4E4-27D4-DE0C-1F26-3A0B3317E5E0,KR,MH,4,11
D4F2525F-C988-1576-6559-3A0B3317F791,KR,PG,4,10
D66F9CF6-93F6-849B-C5D3-3A0B331807B2,KR,PG,4,10
A157DE3D-9537-E7A6-F31C-3A0B383CFC38,TW,PG,3,10
4D952F2D-293E-5EE3-C8F2-3A0B383D536C,NR,FM,3,11
7B611A74-7D18-2776-27A3-3A0B383D7C1C,KI,I4,3,12
4695062C-BF2C-3E53-0026-3A0B383D9FF2,PG,PG,3,10
C80D5AD9-591F-39B2-AC1B-3A0B383E061A,FM,MH,4,10
0FDA6A50-4516-92AB-B274-3A0B383E7CDE,KR,MH,4,11
D880F293-DC75-793D-1040-3A0B383E9AA8,MH,GL,4,12
4015C403-62AE-1A0D-323A-3A0B38CCFF36,KI,GL,4,12
722CF84C-64A0-B84C-ABD2-3A0B3D65D17E,KR,PG,3,10
13642EE3-AEDC-A910-4C96-3A0B428BAFBC,KR,PG,3,10
75DE04B0-0778-127B-DB81-3A0B47AF3D2A,KI,PG,3,10
7FB18545-B618-AEB8-0DE5-3A0B51FCA36F,KR,PG,3,10
101FA54A-2FC3-B019-2DCB-3A0B51FD69D5,TV,PG,3,10
0713D098-2FD9-C285-CE48-3A0B51FDF6BA,PG,PG,4,10
9C2873CE-53A1-643C-14C3-3A0B51FE0F83,FM,NR,4,11
5BA6CB1F-1985-E37B-AD6A-3A0B51FE2891,FM,NR,4,11
0E585919-CE5F-03F3-FCA5-3A0B51FEA578,PG,PG,4,10
0A537AEE-3C66-28FB-D7B8-3A0B53E57982,PG,PG,2,10
1D3B6B24-9F77-A84A-9503-3A0B57228604,KR,PG,4,10
C42B1C6C-481D-CCD9-FF7B-3A0B57238661,KR,PG,3,10
48686E3C-E714-8B35-6722-3A0B5723AE72,TW,MH,3,12
2B9667CB-0D7E-7B95-B166-3A0B57245267,KI,MH,3,12
7A40BE02-AEEE-5C06-4C25-3A0B5724ABBE,SB,SB,4,11
4EBD40A8-0D62-8A80-9128-3A0B574310A2,PG,PG,3,10
1DC32A85-7107-720C-69F5-3A0B57CFD61D,PG,PG,3,10
45B09AB0-9A97-EA3C-8D5A-3A0B57EDEF2B,PG,PG,2,10
4B03EC8C-C236-0CFC-AF65-3A0B5831F286,PG,PG,8,10
CC0001CC-1098-D77D-969A-3A0B589FF552,PG,PG,1,10
EAFD85ED-9B4A-1B98-AB96-3A0B58A2F031,PG,PG,2,10
54690DB4-C37E-BC9B-02D7-3A0B58D2C175,PG,PG,9,10
9FFC416E-3C02-EFB9-C91F-3A0B58D47AC6,PG,PG,12,10
3537AD0E-9B6C-E6BF-4A6A-3A0B58D7D37A,PG,PG,8,10
86DA1F84-85A9-638D-B603-3A0B58D97E7D,PG,PG,2,10
476A0A09-9306-C65A-650E-3A0B58EEB2B0,PG,PG,2,10
0134FDB7-32FF-3CFC-C49D-3A0B58F0B139,PG,PG,4,10
8F6AA4BC-D3AD-C4A4-4BF2-3A0B58F5017F,PG,PG,3,10
BD298D4D-B668-08C2-32DB-3A0B58FA7BED,PG,PG,4,10
A3A0C31A-1DCC-41B4-66D2-3A0B590A004E,PH,PG,12,10
E181B2AE-1009-EA81-3CAC-3A0B590C8E27,PG,PG,9,10
E024A236-007C-3DDD-A44B-3A0B5915BDCB,PG,PG,9,10
279D239D-0C85-8A6C-9767-3A0B5C6561F8,PG,PG,2,10
2ABB382B-4451-66D2-6F9C-3A0B5C99CA88,PG,PG,2,10
73141F73-70A7-96DD-0DB2-3A0B5CD765F1,PG,PG,2,10
76AFA58C-73BD-4300-0732-3A0B5CDD9A7C,PG,PG,2,10
7EBE2015-9645-D6B3-2AD1-3A0B5CDFB8DA,PG,PG,7,10
3B712506-9AFB-B913-6BD6-3A0B5D6048B7,PG,PG,3,10
AAE12B42-D9CD-FC2A-0543-3A0B5DAE5E20,JP,,2,9
4407305B-621E-6D16-3B50-3A0B5DB2B881,PG,,1,9
C4802EAD-46E5-9B5B-3B4C-3A0B5DB6175D,JP,FM,1,9
B7F4CE78-34AD-83F9-76F8-3A0B5DC199A5,JP,FM,12,9
DFBC6831-745E-D069-6160-3A0B5DCD9B87,JP,,2,9
C3E8C60F-F25D-DBE9-333C-3A0B5DD703CE,JP,FM,12,10
47B51997-2474-EB20-D87F-3A0B5DE51A28,JP,,1,9
049913B1-0A22-CBC9-6561-3A0B5DEE74DE,JP,FM,1,9
EE5A0D2B-50D0-7AEB-D767-3A0B5E0AA447,JP,,2,9
C17203AD-6185-44BA-DDD0-3A0B5E0CB539,JP,FM,12,9
BB798EEA-FAE0-3539-412F-3A0B5E134A08,JP,,2,9
3F31C76C-F5F7-C95B-A818-3A0B5E22C172,JP,FM,1,9
2C6A7909-2EEE-7A3D-AD72-3A0B61A7AF85,JP,,1,9
1C185FEC-BE09-5DE0-A24C-3A0B61AA3CB9,JP,FM,1,9
ABE9DA94-C881-F313-4971-3A0B61B0CB5A,JP,FM,1,9
DA3A1879-33F3-B9D7-C24E-3A0B61F56076,JP,FM,1,9
649D2F71-FF3E-2082-7F9F-3A0B61FD8B8A,JP,FM,1,9
57731340-7479-F7B1-808E-3A0B620D5B87,JP,FM,12,9
47CEC2EE-BD61-EDBE-95AA-3A0B6217CB41,JP,FM,12,10
7BA7E861-A159-FAE9-3582-3A0B621CC72E,PG,FM,12,9
E37B9BFE-2D2B-F365-0E85-3A0B635D56E5,PG,PG,2,10
623BF408-6FEA-D009-46D7-3A0B66961EBD,FM,,2,9
FF5B06EC-CAA1-647D-8D0C-3A0B6697D69A,FM,FM,3,9
D3DAB673-F490-6B7F-DAA5-3A0B66983720,SB,SB,3,11
4C3A2D26-1BA4-83B2-6178-3A0B66984B80,NR,NR,3,11
C23C3907-33AB-2672-2222-3A0B6698D1B4,PG,PG,4,10
5CC2A2C3-754E-2ED5-62AD-3A0B677B4C92,PG,PG,3,10
135E1926-D5AD-D921-D26C-3A0B6BBB2245,MH,,3,9
135E1926-D5AD-D921-D26C-3A0B6BBB2245,MH,,3,11
44A2699E-5F5B-5775-AA30-3A0B6BBC3AB6,FM,NR,4,11
DF3A45FB-39C5-587E-FD29-3A0B6BBCF02D,SB,SB,4,11
793830A5-F23D-5D65-2D96-3A0B6BBDD7F1,NR,NR,3,12
E1753E3F-4152-8B13-A648-3A0B760719AA,US,LN,3,-11
28DA3AA4-D5B5-BB14-F917-3A0B7607F67A,NR,NR,4,11
EFA1A482-48BE-D9FB-69CA-3A0B76081A59,FM,MH,4,12
5152E254-2315-670B-7B7F-3A0B760838B1,KI,,4,-10
23815C37-6978-23DF-09E2-3A0B76717059,MH,NR,3,12
15BDA6D3-BC34-D5E2-F54F-3A0B768775BD,PH,NR,4,11
E4ED4E3E-CAFF-C59F-99E2-3A0B76AC74FE,TW,NR,4,11
54956317-9F57-065E-05E8-3A0B770AB0F5,MH,GL,3,12
0C1F4CA8-B0EA-46BD-3765-3A0B7B2F58E2,FM,NR,3,10
5DC384AE-6405-9078-57A0-3A0B7B2F76B6,PG,PG,4,10
E0981D32-D3FE-A1BF-69DF-3A0B7B300646,PG,PX,5,-11
9685C2A9-34F6-6C9D-E1F4-3A0B7B7AC43A,NR,NR,4,12
794161DC-C1F4-A53A-9071-3A0B7BBC2796,NR,NR,4,11
06760AF6-C809-6741-A41A-3A0B8053AC40,KR,PG,3,10
B412B135-222B-7AA8-C6C9-3A0B805490E0,PG,NR,4,12
90F357B2-54A8-4EC0-598E-3A0B8054CDF7,KI,MH,5,12
2CC058CB-946A-8C9B-0DF0-3A0B80B38DE8,FM,NR,4,12
E28C1473-017E-BC13-E974-3A0B812FC32F,JP,FM,3,9
0CF40E5C-B5AA-7F02-369F-3A0B857A1A7F,TW,,3,8
D5B6AC6D-FC0B-E657-3CC3-3A0B857A91B0,KR,PG,3,10
88764993-9C2C-7E75-BEDE-3A0B857AEDC5,FM,NR,4,11
6FD07238-D40F-F39D-DCEE-3A0B857B2E7C,MH,MH,4,11
CE5A0F01-9C9D-2E7B-8316-3A0B85B71E0C,JP,,2,9
54C339D5-5341-DDF8-18A6-3A0B86F891AE,JP,FM,3,10
54C339D5-5341-DDF8-18A6-3A0B86F891AE,JP,MH,3,10
5DEB604B-EFEF-7CF3-FDED-3A0B871E5000,JP,FM,2,9
22DD6A28-46C3-B170-104F-3A0B8AA10DDD,KI,GL,4,12
E8967BCD-93B0-7FFC-EDF1-3A0B8AA12773,FM,NR,4,11
3428F834-C8BC-9C30-4E60-3A0B8AA14FED,PG,PG,4,10
09658238-3905-762B-7BBE-3A0B8AA19526,PG,PG,5,10
BF899E2A-C626-31CE-9D5C-3A0B8AA1AB78,PG,PG,5,10
F86C4C5D-5C9B-CF48-7482-3A0B8AA1DFD3,MH,PG,4,12
E04A6138-4194-63B0-F285-3A0B8FC6B4D3,KR,PX,4,11
41FA2354-ADB6-93DB-4BBE-3A0B8FC6EF25,FM,PG,4,10
B2BFF67B-FF70-ACA6-E28D-3A0B8FC6FC0D,KR,PX,4,-11
9BA5A075-650E-F9A2-575D-3A0B8FC708A1,KR,PG,5,10
B8720C34-BFC4-84B1-0ABC-3A0B94ED789C,KI,I4,4,12
4A40A044-347C-FB68-C4CB-3A0B94EDB471,PG,PG,4,10
63EED767-4CA5-BFE3-6C35-3A0B94EE0ABF,US,H5,4,-11
3D644D58-08B8-3E15-9F20-3A0B9A134C18,FM,NR,3,11
7E3C1444-A735-72F8-4C7A-3A0B9A139405,KR,PX,5,-11
F37A62CF-4339-CF5D-DAA4-3A0B9A13A86A,PG,PG,5,10
CFAABD8D-1E73-FF00-120F-3A0B9A860F4F,TW,GL,5,12
2A7EF1FF-E239-BA56-E7B7-3A0B9F3A70D3,MH,GL,4,12
CA151233-98B6-C76B-B406-3A0B9F3A976E,KI,,5,8
E0837DC0-4B76-FBDB-3952-3A0BA45FD3C8,TW,FM,3,11
642EDD23-C5C3-3639-D6BA-3A0BA4606AF3,US,H5,3,-11
D1B439DC-45E4-DABF-15D5-3A0BA460B9C7,SB,SB,4,11
1243EEA5-1B56-5A3D-A043-3A0BA460D095,FM,NR,4,12
420CD7F3-E05D-8BC1-96A9-3A0BA4C6899D,PH,PG,1,11
F8192DC4-C3F4-3192-7F7E-3A0BA51563A4,KR,PG,3,11
D50E1EF4-3683-279C-D496-3A0BAEAD96D8,FM,NR,4,12
2C065A6C-81E2-EE01-BDBE-3A0BAF7DD9FB,PG,PG,1,10
84378C11-6EF8-F357-9B48-3A0BB3D31D26,TV,PX,3,10
147D89F9-8AF4-9658-4D03-3A0BB3D34813,MH,,3,8
3D6C9E38-C103-1994-27F2-3A0BB3D3F502,KR,LN,5,-11
ABB892B8-882D-A7FC-56AF-3A0BBE8A0956,PG,FM,5,10
7A7B6438-8DBD-FD61-2B0F-3A0BBF101BEE,NR,GL,5,12
8D5E088C-2F32-14DF-6DD8-3A0BBF30E0D0,NR,NR,5,11
83828E51-E4BB-C9A3-B25B-3A0BC3468F55,FM,PG,4,9
AE427FF9-CB35-DB7F-164D-3A0BC346C563,KI,PX,5,-11
A73F7626-2964-536E-CD69-3A0BC3A7E97B,PG,NR,4,11
6910AAD7-3617-D55D-7A7A-3A0BC439A30A,KI,GL,12,12
FCBE6854-CBA8-0A66-6FA0-3A0BC9A047C1,MH,GL,5,12
84E46470-7A39-D780-8D0D-3A0BCD94A8FC,KI,GL,4,12
9BB8ED88-41C7-5D48-E539-3A0BD7DEFCC0,JP,PG,2,11
8610965D-BFEF-AAD7-D957-3A0BD7DFB930,FM,SB,4,11
9E2A540F-7A5C-37F5-81AD-3A0BE7541E1B,FM,GL,4,9
D9B3A702-F51C-5604-4CB3-3A0BE7545CB7,MH,I5,5,12
C658BE22-2C1A-3122-1C3B-3A0BE754859E,FM,GL,5,11
A7F28F26-6721-6F35-43FC-3A0BE755044F,PG,LN,5,12
9551D0ED-8135-FAD0-1D0B-3A0BE755254D,KR,PX,4,-11
6FF4F47E-BC01-76C0-A616-3A0BE755485A,FM,LN,5,-10
52EFD8A1-B303-738F-93F6-3A0BEC798B92,FM,,3,8
7500BD10-72B3-28AD-D5C7-3A0BEC7A7C45,SB,SB,4,11
8B33BD9D-18F4-50D8-DBE9-3A0BEC7B1549,FM,H5,5,-11
41711A8C-B48F-CB52-D309-3A0BEC7B798B,NR,GL,6,12
72291DD3-FAC9-6140-DB10-3A0BED9DFA5E,MH,I5,5,-11
72291DD3-FAC9-6140-DB10-3A0BED9DFA5E,MH,I5,5,12
1E332E79-50A2-EF55-DB47-3A0BF1A0C2B3,US,IW,4,-10
9C39F78E-5B0B-7A21-B70C-3A0BF1A10BF8,KR,LN,5,-10
4260CB26-99C7-B06E-A4F9-3A0BF1A152DA,PG,LN,5,-10
73E04AE2-C2D7-215C-C2F3-3A0BF1A17FE5,KR,LN,5,-10
A61D81E1-1210-3012-4CC0-3A0BF35480F9,PG,PG,12,10
846B573C-EDEA-0711-D1A1-3A0BF768B677,MH,,5,9
846B573C-EDEA-0711-D1A1-3A0BF768B677,MH,,5,11
8DE5AFD6-3D07-4968-F9A2-3A0BF7E5954F,KR,PG,2,10
4CE2D13D-DF84-1220-C071-3A0BFBED0371,TW,LN,5,12
EE97F1CB-EF89-228F-10EA-3A0BFBED452F,KI,I4,5,12
3506C3CF-7E9C-298C-941C-3A0BFBED7CD9,FM,LN,5,12
F03E4F18-A952-473B-3D86-3A0BFBEDBD7A,PG,PG,5,10
72110BF3-0180-6520-3A1C-3A0BFBEE24A0,TV,GL,4,11
7E97270F-6782-96A7-A054-3A0BFBEE38B4,KR,H5,5,-11
15A2BBE5-B079-0341-5197-3A0C0113674A,FM,LN,5,-11
0F3AB303-2B5F-9A23-808B-3A0C06396359,KI,I5,5,10
6A001F38-FBE2-B7F2-087D-3A0C06990F59,TV,PG,2,10
16F0C947-A2B4-2B33-CB43-3A0C069E9257,TV,PG,4,10
60EB6362-65B0-7108-750B-3A0C06A2A077,PG,PG,1,10
BA5E3118-E4CD-FDF9-DCAC-3A0C06A788A3,KR,PG,3,10
76326988-EC49-37D8-1AB9-3A0C06A9A0FD,KR,PG,2,10
7404611D-63D1-0BEA-9CDF-3A0C06FD9DD6,EC,IW,5,11
3397F87D-6CB4-C298-144C-3A0C0B5F2739,KI,GL,2,12
C79200DF-DCA5-B4BE-6079-3A0C0B605F39,NR,H5,4,11
6EF4351C-F452-F201-31A2-3A0C0B6093D7,NR,H5,5,-11
4A864B66-E7F7-6D86-335E-3A0C0B61095C,NR,LN,5,-11
BA6A2B3F-C3B7-1F37-0AF9-3A0C15AC2964,JP,FM,12,9
CF745C93-9B5E-41A6-736A-3A0C15AC7253,JP,FM,12,9
CF745C93-9B5E-41A6-736A-3A0C15AC7253,JP,MH,12,9
158379F9-1B3D-5078-232E-3A0C15AD66E7,PG,PG,4,10
EBEA86B5-DACF-E293-B18D-3A0C15AE12B7,KR,LN,5,-10
A03602E6-2C78-AB12-580B-3A0C15AE33B2,KR,LN,5,-10
866D8950-6B99-FD25-F029-3A0C15AE63AA,US,IW,5,-10
1A528645-F5B6-FE3C-C364-3A0C15AE821F,PG,PG,5,10
5A85F923-6264-D262-3228-3A0C15AEFB04,KR,LN,5,-10
3B4840DA-5196-37CC-9834-3A0C1AD2D175,KI,MH,4,11
9142E09C-CBBE-5033-4CEA-3A0C1AD33C22,MH,LN,5,-10
F41722FE-6CF9-3AC7-28E3-3A0C1AD35177,SB,SB,5,11
80C6F103-3E4B-3109-E31E-3A0C1AD374F6,KR,LN,5,-11
80C6F103-3E4B-3109-E31E-3A0C1AD374F6,KR,LN,5,-10
94798DE3-1DB3-240F-DB42-3A0C1AD3867F,MH,I5,5,12
F48A6292-7AA0-FD6E-F1D1-3A0C1AD3D81E,US,H5,5,-10
65B00F86-370A-A3C8-F294-3A0C1FFA5676,KR,PX,4,11
ABBA0863-83C7-3D4D-D9D6-3A0C1FFAA6AD,PG,PG,5,10
C2B2CEEE-9283-8E08-1AEE-3A0C1FFAEDDA,SB,SB,6,11
E599C976-9729-25CF-75B4-3A0C251F7A39,SB,SB,4,11
3FC732DA-F063-F8AC-5F2D-3A0C251FBC9A,KI,GL,4,12
3ECD36C4-1F04-C38F-AC3F-3A0C251FF02F,FM,GL,5,11
3ECD36C4-1F04-C38F-AC3F-3A0C251FF02F,FM,GL,5,12
1F2BE772-B0AD-3462-9EF2-3A0C25204FCD,PG,PG,5,10
400A1A7F-4E50-23B0-13D6-3A0C2A465626,FM,GL,5,12
801D075C-B8B8-34B3-3291-3A0C2AF30E96,TV,GL,6,12
632C77CB-A03C-8FF5-63CF-3A0C39B9FCA9,TW,GL,5,12
4A49B6C5-B953-F31A-E2A2-3A0C39BA1E6C,FM,GL,5,12
FA047C96-7138-6384-B7E6-3A0C39BA59F9,KI,GL,5,12
C815B817-3E56-D24D-899C-3A0C39BB1368,FM,GL,5,11
430C6D87-B896-CFD7-80C1-3A0C3EDFC079,KR,PX,4,-11
CE2896D1-CBAC-AB96-9DDA-3A0C3EDFEE91,MH,LN,5,-11
75A85D3D-1C5D-D531-A867-3A0C3EE01A9B,NR,GL,5,12
E073498B-2AA3-8B94-4950-3A0C3EE03115,KI,GL,4,12
F710C39A-2B71-02CF-F03C-3A0C3EE09C0C,KI,GL,5,12
C220CB0C-CB73-07D2-F668-3A0C3EE0D052,US,I5,5,-10
F9275BB8-3A5A-E127-072A-3A0C3EE11765,KI,I4,5,12
760AEBFB-D739-2BE1-52C1-3A0C3EE129D5,KR,LN,5,-10
85044A1B-7F91-AB4F-7730-3A0C3EE1925E,FM,GL,6,12
85044A1B-7F91-AB4F-7730-3A0C3EE1925E,FM,PX,6,12
810F83A6-849C-FD6A-2A29-3A0C3EE1A9FF,KR,LN,6,-10
75816620-904F-A7D0-1D51-3A0C72C90805,PG,FM,4,9
23764750-3118-F152-B71C-3A0C734F1FB9,JP,,4,9
670BE223-8B9C-0573-AD9D-3A0C7352ED2C,JP,FM,3,9
0792B7C6-3663-BF65-7D01-3A0C743AA280,JP,FM,3,9
85F9AE90-B75C-A9EF-36E3-3A0C78BF74C0,MH,I4,5,12
683AD800-0A89-D8CA-D596-3A0C9D2FB065,MH,GL,6,12
A9D7D45F-A08D-DD26-34AA-3A0CA13B4E16,MH,GL,6,12
3783BBEF-3474-A2F7-A5AA-3A0CA72CC5C4,MH,GL,6,12
4322A618-A285-53C2-6677-3A0CAC89F4F8,FM,I4,6,12
585AD000-54BB-933B-0064-3A0CB02AF4EB,FM,PG,1,-10
7F1A11C4-8046-72C1-E281-3A0CB02B4DD7,PG,GL,2,12
138F1BA6-EAA1-D020-0ECA-3A0CB02C0659,US,IW,4,-10
3987D74C-38AF-D4E7-119A-3A0CB02C2BB9,FM,NR,4,12
914A74A8-C767-51E8-806E-3A0CB02C79D4,US,H5,5,-11
A9A89FFF-6A3A-5AD2-C0CB-3A0CB02CCDE6,TV,GL,5,12
F536A45E-772D-9E57-3B61-3A0CB02CF6FE,NR,LN,5,-11
70385520-DED8-3BF5-12FA-3A0CB02D3250,NR,PX,5,-11
70385520-DED8-3BF5-12FA-3A0CB02D3250,NR,PX,5,12
F077772D-0237-6B24-A637-3A0CB02DE877,VU,PX,5,-10
4C4BF299-5924-BA72-2253-3A0CB02E123F,PG,PG,5,10
E15DA8B0-85AF-0CA2-27D9-3A0CB02E473C,FM,GL,5,12
423925CC-BF3D-44C1-6AFA-3A0CB02ED485,KR,PG,4,10
89EF102D-15E1-6152-B98B-3A0CB02EFDD9,NR,GL,5,12
B1AE675D-BF6E-AFB7-913D-3A0CB02F85AB,PG,GL,5,12
CC29F15F-BA4A-58AD-40C3-3A0CB02FF0F5,TV,LN,5,-11
7BD10098-D878-0A03-9E76-3A0CB0301E75,PG,GL,5,12
C35E4543-F100-5675-4DB8-3A0CB03040E6,PH,GL,5,12
22E7D217-7BB4-74A2-E2E6-3A0CB0306D48,TV,LN,5,-10
603E0AD7-0ED0-25B8-B215-3A0CB030C0D2,FM,GL,5,12
B702618A-3E2E-C610-43F7-3A0CB030D913,KI,I5,5,-11
D174D9D0-FA05-FE59-9000-3A0CB031065B,MH,I4,5,12
BC7B0CBE-29CB-8CD2-AC18-3A0CB0311E0E,PG,GL,6,12
A3509D0A-E516-1293-8474-3A0CB0316646,US,I2,6,11
E26655FC-A5B7-C714-BE89-3A0CB0319CE7,PG,GL,6,11
9EAD82C4-EA88-643A-325D-3A0CB031C9C6,FM,GL,5,12
75BAD27D-8C4C-4190-5C69-3A0CB0320085,FM,PG,6,10
75BAD27D-8C4C-4190-5C69-3A0CB0320085,FM,PG,6,11
033A2053-6F6C-DE88-2E3D-3A0CB032A3C3,PG,GL,6,12
123DA5A3-34EA-F238-06DD-3A0CB03308D4,TW,GL,6,12
7B5F536F-B415-54D1-89A5-3A0CB0332003,FM,GL,6,12
5F7BDC8A-A67A-9657-0B81-3A0CB0336677,FM,PG,6,9
3262AABB-568B-2ED4-2ADB-3A0CB033ABB9,NR,GL,6,12
3E398FDF-0A43-EFFD-36D3-3A0CB033C59A,SB,GL,6,11
D001A427-C709-F480-B6A8-3A0CB033F3A2,FM,GL,6,12
854CBA1C-8537-9980-9997-3A0CB03402B5,JP,GL,6,12
EC364841-0A39-3995-DBCA-3A0CB034231E,TW,GL,6,12
94031EE7-76B2-4572-FF3C-3A0CB034589E,NR,GL,6,12
7943782A-4709-AFDE-8EFF-3A0CB0346BF9,TV,GL,6,12
0365ACA4-6038-D80D-ADC9-3A0CB0347924,KI,I5,6,-10
C080851D-C083-BC60-318F-3A0CB034B600,KR,GL,6,12
59237234-B0FA-64D2-75E7-3A0CB0352FE6,PG,GL,6,12
53B54020-81F4-309C-EFCA-3A0CB0358563,NR,GL,6,12
53B54020-81F4-309C-EFCA-3A0CB0358563,NR,NR,6,12
3C9E7A17-4E9A-E5C5-B427-3A0CB035AE26,PG,PG,6,10
4674BB55-7B8C-A362-8A73-3A0CB03644B6,KR,LN,6,-11
7C29DDCD-9AF4-7908-77E1-3A0CB03679FC,KI,I4,6,12
2D1A2C56-C3B2-8F7F-6153-3A0CB036C3D0,PG,PG,6,10
852A0C7F-5397-DA00-88A6-3A0CB036FA83,FM,GL,6,12
C05B994B-4664-2203-54B0-3A0CB0373058,KI,GL,3,12
8DFF7EBF-789B-2F66-E9AA-3A0CB037816F,KI,LN,6,-11
203C8A07-FB0C-7013-CFAC-3A0CB037A786,KR,LN,5,-10
BABDEE58-1035-6D22-8C7E-3A0CB037EA11,PG,PG,6,10
57F813DF-42A1-1269-6785-3A0CB037FA54,KI,GL,6,12
091C2D77-A875-5F4A-BC0B-3A0CB03818B4,KR,GL,6,12
0C31666F-9B56-4C0E-7083-3A0CB0384C79,TV,LN,6,-10
72199501-9C90-BB0F-43A3-3A0CB0387687,FM,GL,6,9
4798A1F0-56CB-9FD7-2F2B-3A0CB03886E5,FM,,7,9
0A465E7E-1763-FEE0-0CDF-3A0CB038A77F,FM,FM,6,10
4A3F79C2-B559-658D-3EE5-3A0CB038E61E,FM,FM,6,12
239B1321-5D6A-9DB6-45E5-3A0CB0390BD8,KR,I5,7,-10
94EC7E9D-7FD2-EAE3-9E34-3A0CB039577A,PG,PG,6,10
E9A3F563-4E07-43AF-DDA2-3A0CB039713D,PG,PG,6,10
79BC9512-57E1-E799-9710-3A0CB03988BA,KI,I4,5,12
FCBEE058-E25F-55EF-35B3-3A0CB5535243,FM,LN,6,12
74635E5F-EA76-EFD5-D690-3A0CC5265325,FM,H5,5,-11
93B4956E-987C-7B6D-610F-3A0CC57E3DA8,KR,PX,4,-11
5F12F7DA-5E3F-49D5-4620-3A0CC5A6EC64,KR,LN,4,-11
5F12F7DA-5E3F-49D5-4620-3A0CC5A6EC64,KR,LN,4,-10
7456B400-4628-11FB-FA7C-3A0CC9ECDC5F,NR,GL,6,12
7456B400-4628-11FB-FA7C-3A0CC9ECDC5F,NR,NR,6,12
A195CD60-2FEF-1934-A4A4-3A0CC9ED4B6F,FM,GL,6,12
118BEE78-F65A-1AD4-B6A5-3A0CC9ED8092,PG,PG,6,10
02C4120D-FB24-6A37-76AA-3A0CC9EDA21B,SB,SB,6,11
F9537396-AFBD-D9A0-967F-3A0CC9EDBADC,TV,,6,8
F9537396-AFBD-D9A0-967F-3A0CC9EDBADC,TV,,6,10
F4AA2488-9B27-1D9D-3C71-3A0CCF13C7A1,SB,SB,5,11
7D31A49D-AC63-9CBD-E734-3A0CCF13E37D,NR,GL,6,12
661AEE49-91B2-3B64-F1F5-3A0CCF140729,FM,I4,6,12
2CBB4EA4-2EF9-BC6E-B404-3A0CCF144F28,TW,GL,6,12
EDF05611-6A33-9D5F-BDEE-3A0CCF14DA5A,NR,NR,6,12
E72CDD59-DB79-0D16-9834-3A0CCF14F986,MH,MH,7,12
E39B953A-8B7B-C63F-D474-3A0CCF1518C0,KI,I4,6,12
4B7D80DC-1E90-3956-0257-3A0CD4387F28,MH,GL,6,12
4B7D80DC-1E90-3956-0257-3A0CD4387F28,MH,I4,6,12
B46FFB41-B4A0-3070-BFD5-3A0CD438C162,KI,LN,7,-10
C801AD45-079E-2DA9-3770-3A0CD95F70BA,US,IW,6,-10
2D1BE97F-6FA8-5EEA-9E21-3A0CD95F8909,TW,GL,6,12
A23B7247-1EC4-DA6B-2734-3A0CD95F9E2D,KI,PX,6,-11
E07AA06F-3B77-6AFD-9E64-3A0CD95FE4AF,PG,PG,4,10
5B02DAAE-41DD-264F-A080-3A0CDE85FD58,KR,PX,6,12
D96C23DB-E88C-8892-02FB-3A0CEFEF38B6,JP,FM,4,9
1B9412E3-5C86-207C-C012-3A0CF31FCD0F,US,IW,6,-10
DAB830BE-98FC-E879-84EE-3A0CF31FFD56,US,,6,-11
BBB4499D-2C71-B678-7115-3A0CF320A600,NR,NR,7,12
DF2CF0C7-CF08-A775-7BF7-3A0CF35249FF,JP,GL,4,9
676BF75E-5F93-EF54-7FDD-3A0CF4FABCAC,MH,I5,6,12
5B40E0A7-E471-B68B-DBB1-3A0CFD69F0F5,NR,GL,6,12
01B4BA81-BB33-3C51-44FB-3A0CFD6A6921,KR,LN,7,12
8625A585-5054-7CCE-9A02-3A0CFD6A89D9,FM,FM,7,11
185F9C47-71F3-D87C-F852-3A0CFD6AC598,PG,PG,6,10
BE9637D8-D793-67FA-BA97-3A0D02928CDA,FM,LN,6,-10
A6880C34-E9D5-B27D-E934-3A0D0292C857,KR,GL,6,12
C216F41F-BD98-9F9C-A61D-3A0D0293282F,NR,NR,7,12
CD539B84-56FC-7AA0-5D60-3A0D07B6B0B2,FM,FM,6,11
4B84F049-F467-7AD1-32A1-3A0D07F3E135,MH,I5,7,12
24E359A9-6370-4754-A26D-3A0D07FDE685,MH,I5,7,12
2D844DF6-7309-3BE9-2C5D-3A0D0CDE355C,FM,GL,6,12
3C9E8DDC-6078-1250-1176-3A0D0CDEA861,KR,GL,5,12
6795E9AE-F1A0-9264-C847-3A0D0CDEC8F3,FM,FM,7,10
79191DAD-2345-1F58-E8B0-3A0D0CDF62CD,KI,GL,6,12
067FA6B2-F139-C0C4-A32A-3A0D0D3100D5,JP,,5,9
774B738C-6566-D5F3-B6E1-3A0D0DC886E2,JP,GL,5,9
2D8E148F-5F2B-82B8-A116-3A0D0DE9B794,JP,FM,5,9
02CF321F-72E9-AA99-9229-3A0D12048F5B,NR,NR,7,12
5CE6EAC8-C5CF-5797-5CFE-3A0D1204B9E0,FM,LN,7,-10
7EE65E8C-942E-4ED9-150F-3A0D1204D172,KI,LN,7,-10
19806D71-D461-50EE-8E74-3A0D172BAD2E,SB,SB,6,11
0708DC1B-235D-972F-4A33-3A0D2177690A,FM,FM,6,11
B44C16DC-273F-BA15-1A5F-3A0D217788BB,KR,LN,6,12
CCCA694A-E3B9-743E-2D3B-3A0D2177DD77,KR,H4,6,12
0C61A8B7-CD8B-237E-AE90-3A0D2178267D,KI,GL,6,12
021B1FFC-B0F9-4015-856D-3A0D2178CB93,PG,PG,7,10
FAE70CE6-9630-C4DE-C4DC-3A0D2179035A,KI,LN,7,-10
AAFE6BD2-7C82-86F1-A48F-3A0D269CFD76,KI,GL,6,12
E7CAB855-70A4-CB85-7E70-3A0D269D5EF7,PG,LN,7,-10
6112A7FD-54B1-D88C-4857-3A0D2BC46152,TV,PX,6,12
D3C9466A-28F6-6BF3-98B8-3A0D30EB18FB,FM,,4,11
9FF12758-8D5F-5DB2-7CF9-3A0D30EBB4F6,FM,PX,6,12
5F69954F-8944-DF47-ED1A-3A0D30EC4F3D,FM,MH,8,12
2BAE4EC0-98AB-733C-BF94-3A0D36106343,US,IW,6,-9
8A6B438D-AAB1-C53F-CA10-3A0D3610D323,TV,LN,7,12
AE44B7BA-CB09-616C-656B-3A0D3610FA7D,SB,SB,7,11
08121C2E-8679-AE3C-5CA8-3A0D3B38188A,KI,GL,7,12
406F79BF-4B77-A469-2498-3A0D3B384117,JP,I5,7,-10
7C7EEEBC-D51C-DDEC-FBAF-3A0D4FD09346,TW,GL,7,-11
895C5E4C-94FD-8AF8-C7D9-3A0D4FD0B805,NR,NR,7,11
2AF263E3-B911-1757-C217-3A0D4FD11036,NR,NR,7,12
75E3C0A5-AF31-C752-78C4-3A0D4FD138B2,PG,LN,7,-11
49922B36-9754-016F-4AB7-3A0D4FD1B699,PG,PG,8,10
998E9201-A518-161F-CE1E-3A0D4FD1CE13,FM,LN,7,-10
80C33C04-613B-6C04-DEFA-3A0D50488695,TV,PX,7,12
D3519684-3D71-05BF-292E-3A0D506B7EB8,PG,PX,7,-11
76A5E35E-3A33-E5F0-B535-3A0D54F5ACC4,SB,SB,5,11
111B6013-493E-8BCD-43CB-3A0D54F5EC53,KR,LN,6,-10
D9ACEF24-3C00-6304-E2E0-3A0D54F63AD4,FM,PX,7,12
3D9B4673-BC5D-7FF5-037D-3A0D54F65B58,NR,NR,7,11
7E90310C-1586-D09A-C7C2-3A0D5A1C8528,TW,MH,8,12
336D46C4-A184-4EBD-FBEA-3A0D5A1CC16B,PG,PX,7,-11
A49A370B-4BCD-DDB5-EF8D-3A0D5ABCD2E9,JP,FM,6,9
076B3F14-F1B9-1A7E-2545-3A0D5F42D9D1,NR,NR,7,11
8F60E17E-FBB2-B912-9A52-3A0D5F42E693,PG,PG,7,10
9EC05ADB-DBBF-D72A-5EB5-3A0D5F42F85A,PG,PG,8,10
0619D5EA-8829-CE65-3ED7-3A0D6468FFA2,PH,MH,7,12
4968AF58-4817-FE0A-0E8A-3A0D6469122B,PG,PG,7,10
572DE652-66B1-334F-54E4-3A0D6EB672AF,KR,PX,7,12
55BE7166-F150-EFAF-1487-3A0D6EB69DAD,KI,LN,7,-10
89319F60-4D1A-A8CF-9F2D-3A0D6EB6D32A,MH,GL,6,12
2E583108-B58C-CA98-116D-3A0D6F54F1DB,MH,MH,7,12
D276D8B9-4880-5162-2D4D-3A0D705CCECA,TV,PX,5,12
73B62FE4-6D5B-1323-B121-3A0D790261FF,FM,PX,7,11
AFE24C01-4E3C-0E51-79AF-3A0D79028AAF,TW,GL,7,12
2A7ABE25-0520-9646-4085-3A0D7902BAFD,PG,PG,8,10
ADE6FADF-6FCD-3C9C-23A0-3A0D7902D640,US,IW,8,-10
C768E923-0A7B-87A2-DC54-3A0D7902E90D,US,I5,8,-10
9332CF8D-50B6-EDE2-4503-3A0D797EFAFE,TV,H5,3,-11
0EAC4D82-5802-10D1-72FC-3A0D7E292C9A,US,I5,7,-10
2BFBA9FD-C577-3BE1-6402-3A0D7E293ED6,TW,PX,7,12
B923CA80-C628-BAA1-567D-3A0D7EA15F4C,TV,PG,1,10
94E2D362-26A2-085C-7C6C-3A0D7ECBB6C8,TV,LN,8,-10
3E21A70D-0B2D-9A65-DC59-3A0D834F7C0F,KR,LN,7,-10
05AB11BC-C00C-F98F-436A-3A0D834F9C10,NR,NR,7,11
DDD2711F-3CFE-31CE-1D8F-3A0D83B1911A,MH,I4,8,12
A988D4FD-377A-2C0D-EF9E-3A0D8D9BFA00,KI,I5,7,-10
2AC9DE23-58E4-EB23-5B01-3A0D8D9C2FAF,FM,PG,8,9
884092FF-B942-B138-F5E3-3A0D8D9C49EA,KI,GL,8,12
45F6A1D7-5804-C296-02F1-3A0D92C22CD5,KI,PX,5,12
0EC97A63-F276-3CFF-8668-3A0D92C2A672,KI,PX,4,-11
FA424EB2-1F7D-2874-3E2B-3A0D92C2CAB6,NR,NR,8,12
44AC38D3-4380-BE22-4CD3-3A0D97E9D1AE,KI,GL,7,12
7A9746F8-9E8A-F81A-E34B-3A0D9D0F016B,SB,SB,6,11
3BA5DFC0-155F-BB91-33B3-3A0D9D0F4A47,KR,LN,6,-11
3B3C99FB-EA98-3DB6-5A3A-3A0D9D0F7294,JP,LN,8,-10
A309F721-A4C4-5CA7-313C-3A0D9D0F7E7F,FM,PX,8,-11
02ECB16C-BCFE-48BA-26D9-3A0D9D4951FA,NR,,7,12
9B4B71D1-B415-4189-444C-3A0D9D4C166E,NR,NR,8,12
4A4D74CB-5D41-FAEE-87B6-3A0DA75CDCB7,FM,MH,7,12
6318BBA0-924E-4B65-045F-3A0DA75D42F0,KR,LN,7,-10
B88E9C3D-95D2-9DD5-1975-3A0DA75DA0D5,NR,NR,8,12
77083DB1-4B49-99A9-49D8-3A0DA75E222D,PG,PG,8,10
E5CD4461-97B4-79F5-7742-3A0DA75E96DC,PG,LN,8,-11
C109A41D-096A-3A5B-195B-3A0DA75EAD4B,FM,MH,8,12
AD9C99CF-B594-42C9-192E-3A0DA75EC492,PG,LN,8,-10
85C537E3-C316-5E0D-5301-3A0DAC8195D0,KR,LN,8,-10
45E8FA85-A944-663A-2111-3A0DAC81B8E1,FM,MH,7,10
66063784-A621-59A0-CAF3-3A0DAC81D0CE,MH,LN,7,-11
5C8F8343-A5BD-4325-9CB9-3A0DAC81E727,NR,NR,7,12
D3473C21-E588-F903-924C-3A0DAC81FA5B,MH,,7,9
11E532FA-1F33-60F5-50CE-3A0DAC8227C4,FM,MH,8,11
FDBAE3F6-2411-5390-AD8F-3A0DAC823335,FM,MH,8,12
FDBAE3F6-2411-5390-AD8F-3A0DAC823335,FM,NR,8,12
58795966-55B8-69B4-B21C-3A0DAC825031,FM,MH,8,-12
76F8F873-896E-14C1-822C-3A0DB1A9E23F,KI,LN,8,-10
0ECFB2A0-0BBF-2ACC-936E-3A0DB1AA2DA5,NR,NR,8,12
E1134E5A-7C4F-3AF9-69F3-3A0DB1AA4797,NR,NR,8,11
1BAE2F4C-51CB-F211-9048-3A0DB1AA60D1,TW,MH,8,12
7DFB4D14-E12C-5AE9-6580-3A0DB1AA69AB,KR,LN,8,-10
E444AF8C-D395-875C-64B9-3A0DB1AA7B69,KR,LN,8,-11
160F5092-C5D5-8E5E-28FE-3A0DB6CFA38D,SB,GL,7,12
D036B763-9BA9-0ABF-055B-3A0DB6CFCFD3,FM,MH,8,11
37921C8C-5D69-12F0-5FCF-3A0DB6D00615,TW,NR,8,12
222D1EDB-23FB-E74A-0C72-3A0DB6D02CA1,PG,LN,8,-10
C3D87346-00B0-05CB-98B3-3A0DBBF60512,KR,MH,8,11
4DDE27F6-03F5-D269-30E8-3A0DBBF6209D,KI,LN,8,-10
B47C2DE4-A63D-CDF7-31E4-3A0DC11D1AE4,FM,MH,7,12
7CB51E0E-836E-DC63-BCF7-3A0DC11D4D15,SB,SB,8,11
B575A6EA-A69C-D4F6-F700-3A0DC11D7BC9,NR,NR,8,12
0D21047F-7AF9-7C6B-2DE7-3A0DC11D9D50,KI,GL,8,12
574B26A9-D3FA-8FE5-209A-3A0DC6429098,FM,MH,7,12
A3D10CDF-43DE-8FBC-AE71-3A0DC642A491,KI,PX,7,-11
4FC9356B-C993-3F3F-133C-3A0DC642C30E,US,IW,7,-11
13072C58-E36A-4C8B-4FEA-3A0DD08FCC28,SB,SB,7,11
4012C92B-632A-2300-C673-3A0DD09069BE,FM,MH,8,12
4C09AC0B-2DFB-4697-75A2-3A0DD09085B7,FM,FM,8,12
35296271-78D2-65A1-4D41-3A0DD090A786,US,IW,6,-10
3909B8E2-27AE-FFB5-7394-3A0DD090C96B,NR,NR,9,12
3CA2F348-1F80-BFC6-A9D7-3A0DD090EF70,PG,PG,8,10
CF8C40F6-6B2D-51F4-F803-3A0DD090FF09,TV,I5,8,-10
CF8C40F6-6B2D-51F4-F803-3A0DD090FF09,TV,LN,8,-10
C927D4DA-E833-74EC-E4DC-3A0DD5B6BB00,MH,I5,7,-11
C927D4DA-E833-74EC-E4DC-3A0DD5B6BB00,MH,PX,7,-11
25E940D6-D90F-1871-2EE9-3A0DE002A42C,FM,FM,8,11
5C74FF1F-6172-69F6-DF24-3A0DE5292905,KI,LN,8,-10
55341D8A-B0FB-B6D7-0161-3A0DE5294D61,TV,MH,8,12
E59A8EEF-DE3F-49B1-A29D-3A0DE5297FCB,TW,NR,9,12
6957E5AF-0AA7-430A-7AE2-3A0DEA5022E7,TW,MH,9,12
A87DA78F-9A7E-0EF7-4DB1-3A0DEF75EAA9,KI,GL,8,12
B3D2235B-6D02-73F0-45BE-3A0DEF76131F,TV,I5,8,-10
5F7F537E-D28C-D0B3-E1FD-3A0DEF766E19,KI,GL,8,12
4E265280-8786-5C9C-AB57-3A0DEF767612,KR,LN,9,-10
CB8B2220-F8C5-DB38-31A2-3A0DF49BF224,FM,,7,-12
22F3E766-366A-68FD-8844-3A0DF49C1223,FM,LN,8,-11
14E90267-66DC-282A-F066-3A0DF49C5A30,TV,TV,8,12
F2264557-A7B2-CBC5-CD5E-3A0DF49C6F0C,KI,LN,8,-10
55A066AE-38C8-4E93-72BE-3A0DF9C46693,MH,MH,8,12
B2E70AD9-D74E-3F03-F9CA-3A0E040EF1EC,FM,LN,9,-10
1250F171-944C-809B-11E4-3A0E04100E30,NR,NR,8,11
458907AF-128E-73C7-F78D-3A0E0A0FAB6A,JP,FM,7,9
2E09EDEF-0A25-5383-4A22-3A0E0A1047A1,PG,MH,8,12
76DB88EC-0461-392D-5E48-3A0E0A317C16,JP,,6,9
51698E8E-90B2-C28C-681D-3A0E0A403E39,JP,,8,9
DE9EF1E1-D9EC-DB87-FB58-3A0E0AB6236A,PG,LN,9,-10
61D79513-8BB4-D7DC-FC28-3A0E0AC46162,JP,FM,8,9
258D82F9-17C0-516C-CCC0-3A0E0E5CF0E3,KR,LN,8,10
258D82F9-17C0-516C-CCC0-3A0E0E5CF0E3,KR,PG,8,10
B9443F79-D5A8-0626-E3A8-3A0E0EB72B59,TV,LN,8,12
65784BDD-C444-C1DC-8602-3A0E0EC22A04,MH,MH,9,12
4DB287EF-1524-E3FD-DF5E-3A0E0F4BD567,KR,GL,6,12
55AAA086-D220-4E2E-C0DE-3A0E0F5A6057,KR,LN,7,-10
EE00B4A0-FAA4-D49D-4520-3A0E0FC7A20A,MH,I5,8,12
0A6E8C51-E64C-0C03-9A3B-3A0E0FD7E8D4,KI,H5,4,-11
E75C2D7F-444A-ACF0-E690-3A0E1383B331,US,I5,8,-10
FC098365-406B-802F-F3C1-3A0E1383E8C9,PH,MH,9,12
06F3927E-BD3A-D064-3433-3A0E1384778E,KR,LN,9,-10
CF8CDB9B-50BF-6366-4612-3A0E1384F073,FM,LN,8,-10
E14BD7BE-9A08-FD25-4506-3A0E150CA785,MH,MH,8,12
32AA5CD0-AB95-914E-0EFE-3A0E236AC892,MH,MH,8,12
ACE6300B-337D-8F9D-1867-3A0E2D4260D1,KR,LN,7,-10
C8D60368-C804-2C4E-6797-3A0E2D42E578,KR,LN,6,-10
1A197636-C909-1C4B-E03B-3A0E2D434264,KR,I5,8,11
FCC5EDC0-5C8C-84D9-4AEC-3A0E2D436C81,FM,FM,8,10
AEB23245-C19B-3B26-B923-3A0E2D43A780,TW,MH,9,12
9ADCD180-48D0-AE3A-94AE-3A0E2D43B18E,FM,LN,9,-10
B0BE93C6-9BA9-BAB7-24C1-3A0E2D442F8E,PG,LN,9,-10
958C14F1-00A4-1793-1FB8-3A0E32692339,NR,NR,9,12
7241460A-0C9C-2672-0CC1-3A0E32695CB0,KI,LN,8,-10
BA02AAF6-18D3-7542-5F5E-3A0E3269966F,KI,GL,9,12
BD9A889A-FA9B-4A7C-7C02-3A0E3269A3D2,US,I5,9,-10
0C807512-32C8-D0BF-E69E-3A0E3269ABA9,SB,,8,11
0E7E239E-8391-571A-BAEE-3A0E3269BB48,KI,LN,9,-10
5C37D367-F861-3844-5DF6-3A0E3269D40C,KI,LN,9,-10
C0B2CE0F-4FC5-29B2-869A-3A0E3269DB3F,KR,LN,8,12
5CBF6A6A-D25D-B53A-B0F8-3A0E326A0E8D,PG,PG,9,10
1E14F8C9-32C5-B206-DA3B-3A0E326A18CA,KR,LN,9,-10
CAF77E1B-82FD-6D99-0607-3A0E326A5192,FM,FM,8,11
FBFE0135-0948-7E38-10CE-3A0E331696CE,KR,LN,8,11
6CFDB722-9D75-B19F-CE5A-3A0E37902A33,FM,I5,9,-11
3E2CF3E6-6718-7444-F53E-3A0E379035D6,KR,LN,9,-10
68A8B900-0D7D-177C-2AFE-3A0E41DB4197,FM,MH,8,12
FCF2AA9A-7EC4-E445-566F-3A0E41DB5E74,KR,LN,9,-10
814C9E74-09D1-56D3-CC20-3A0E41DBA11A,KI,GL,9,12
5542217A-8D83-04F8-9509-3A0E41DBC336,KR,LN,9,-10
9026BBE1-F04B-09A7-B827-3A0E4700F2C0,FM,MH,9,11
35719127-0732-399C-2CA0-3A0E47015446,MH,MH,9,12
F7EB14E4-88B2-C858-568E-3A0E478331DC,TV,H4,6,-11
F7EB14E4-88B2-C858-568E-3A0E478331DC,TV,I4,6,-11
BA41DA7F-D7E8-2B36-E5C8-3A0E4C2813CD,KI,PX,6,-11
BA41DA7F-D7E8-2B36-E5C8-3A0E4C2813CD,KI,PX,6,12
E932D02D-EF93-7880-2335-3A0E4C283A9F,KI,GL,9,12
34C6CA1C-01E6-A3A6-395A-3A0E4CFAD7E6,KR,LN,9,-10
7DE5C18D-38BC-4FA1-B044-3A0E4D17E336,KR,PX,5,-11
BB56DF42-9CA6-0E70-410A-3A0E514DE607,PG,LN,9,-10
E729A93D-4DF0-5B3F-002D-3A0E56757539,US,I5,8,-10
D6EA6B0F-26F5-140E-419C-3A0E56759088,JP,LN,9,-10
55344F82-D31A-4C6B-6128-3A0E5675DC48,FM,I5,9,-11
01BE5CDB-7FC9-91D1-D6A0-3A0E56760C34,PG,PG,9,10
4D777E73-2603-19AD-57B9-3A0E567629DE,KI,GL,9,12
5093C54E-0767-8601-E38A-3A0E56763DCF,FM,PG,10,9
176570BF-5FDC-7C22-39F7-3A0E60C11C8C,US,I5,8,-10
88F5F2FA-10E9-6BFF-9D7B-3A0E60C15E3B,FM,LN,9,-11
BCC3E48A-EF63-F7F3-2D35-3A0E60C1764A,TW,PX,9,-11
4E8D409C-2ACA-14F1-0E26-3A0E65E7D212,TW,PX,8,12
B21E3C94-4F25-4F3A-31EC-3A0E65E87330,KI,LN,9,-10
3A58451D-1211-D3D4-E6C7-3A0E6B0DED92,KI,LN,9,-10
2323E0BD-57FA-7C76-D165-3A0E6B0E1D1D,PG,PG,9,10
F3069EE4-C1FD-C062-6211-3A0E6B0E3D5D,PG,PG,9,10
38C6BD46-DC39-B84B-B3A7-3A0E755AC4FA,TV,LN,9,-10
A7C6A650-952A-5FD4-D128-3A0E7B4E2516,KR,PG,12,10
35BA6AB8-0809-BF9B-BE32-3A0E7C6AFA1C,TV,PX,9,12
AFAD5218-77F5-21B7-3980-3A0E7FA714B3,SB,SB,8,11
FC0214B2-E3DF-594C-3080-3A0E7FA76782,NR,NR,9,12
6AEFA54C-D117-3DDF-D6D2-3A0E7FA7827A,MH,GL,9,12
668AACFA-6C49-CCCF-75D1-3A0E7FA7A9AB,KR,LN,9,-10
370F0933-4CB5-7BF6-6FD4-3A0E7FA7C0C8,MH,I5,9,-11
420882C7-CFCE-000A-DAE2-3A0E7FA7DF01,NR,NR,9,12
601EE3FB-18D2-6375-27CF-3A0E7FA7F3E9,FM,I4,9,12
75590842-4E6B-0172-0D96-3A0E7FA861D0,PG,LN,9,-10
86D73CF6-6C8E-FDE5-BBAA-3A0E84CEB6D5,KI,GL,7,12
4A7EE7CD-582B-2E03-FA24-3A0E84CF5AA8,FM,I5,9,-11
558D27C5-C5B8-E237-D721-3A0E84CFAAAE,KR,LN,9,-10
B014549F-182D-856D-7BCC-3A0E84CFBFAB,MH,GL,10,12
F27FCCD3-1500-C787-BB26-3A0E84D025CF,FM,FM,7,11
A2DFD64E-B120-A968-FF0D-3A0E84D03C55,KI,GL,8,12
EB5B9AD0-240A-1B67-427A-3A0E84D048ED,KR,PX,6,12
38CA092E-D1E1-1C23-765C-3A0E89F4EBCA,KI,GL,9,12
6C6103CB-2037-0854-D0EE-3A0E8F1A80B3,NR,GL,9,12
6C6103CB-2037-0854-D0EE-3A0E8F1A80B3,NR,NR,9,12
0369560A-AFE8-FFEB-C1AE-3A0E8F1A8D7C,FM,PG,9,9
A6C1021E-E06C-795F-4F81-3A0E8F1A9FC4,NR,GL,9,12
18893684-B320-106A-F6CC-3A0E8F1AC65D,FM,I5,9,-11
2CC557D2-B808-DF02-7E82-3A0E8F1AD53F,SB,LN,9,-10
1430EBC1-CF13-7613-C3E9-3A0E8F1AE39E,FM,I5,9,-11
B289295C-9A0A-A674-B160-3A0E8FF107DD,FM,,8,12
B001476D-89AD-F35A-311F-3A0E9002DF7D,FM,I4,9,12
5C09E4A7-4769-82B3-030B-3A0E94406E6D,KI,GL,6,12
5FC9DB53-9090-EA20-E2A8-3A0E94407E64,NR,NR,9,12
8C6767BF-1338-D570-7951-3A0E9440D28E,KI,I4,10,12
2733BE60-39E6-4C38-0CA6-3A0E9440DD0F,KR,LN,9,-10
23A150FD-DF1F-E0C3-E605-3A0E9440EA1C,MH,I4,9,12
6F6F5698-8219-8D19-3E4A-3A0E95C3B18C,JP,PG,12,9
8CE2E1A5-49EE-90C6-BE45-3A0E99668428,FM,,8,10
F621A55C-E600-D503-19E8-3A0E996716D0,FM,MH,9,11
BA75E6BA-AA80-9F7F-9163-3A0E99674C2B,SB,LN,9,-11
D9AECFF4-DEB7-EEAB-7199-3A0E9967C4B7,KI,GL,8,12
7382A557-AC69-FF65-C41B-3A0E9A1F0504,TV,GL,9,11
B29F2AFD-D5FA-6D39-B2EB-3A0E9A27BD9F,TW,GL,9,12
B4515214-D2C2-FB76-D3C0-3A0E9E8D5D06,US,I5,8,-10
77052ED0-7D0F-1DC0-8C40-3A0E9E8DB0E2,TV,LN,9,-10
9922D0DE-6256-F2F2-A171-3A0E9E8E2BF6,PG,PG,9,10
833A52FC-4521-1549-CC85-3A0E9F1F793E,SV,IW,12,-10
31A2B354-1911-E293-C8A8-3A0EA3B4314B,NR,I5,9,-11
819D1787-D564-EEB6-067A-3A0EA3B4989F,KR,PX,9,-11
E5E5D06E-9BB3-2A1B-8577-3A0EA3B4B37F,MH,PX,9,12
6D455CAC-2E8D-6DA1-C882-3A0EA3B4BED1,FM,I4,10,12
A04B3155-6ACE-725C-64C2-3A0EA8D9E788,KR,PG,7,10
9A6862FC-AC8B-23AC-2516-3A0EA8DA1F5F,US,I5,8,-10
40040103-8D2F-DE21-0222-3A0EA8DAC7F9,NR,GL,9,11
D90E0841-7973-A2FA-6319-3A0EA8DAF75B,KR,LN,10,-10
1114881A-6375-51D1-5E48-3A0EA8DB0801,MH,I4,10,12
70FFD16B-DAA0-392A-9998-3A0EA8DB1F6C,PG,PG,10,10
97B16ED4-7ECA-FCD7-1333-3A0EA8DB32C8,FM,GL,9,12
4AC24886-74FE-BF74-7A97-3A0EA8DB3CC6,KI,GL,10,12
0E443AA8-0D4B-20F0-ABED-3A0EA8DB5E43,NR,I5,10,-10
72025046-4009-1DFB-8682-3A0EAE00CF9A,FM,FM,9,11
E215F2BA-21CD-DDFE-527C-3A0EAE011E9F,KR,PX,9,-11
CDB0ECCB-D261-BBF9-8767-3A0EAE019E76,MH,GL,10,12
CDB0ECCB-D261-BBF9-8767-3A0EAE019E76,MH,TV,10,12
C5690009-9928-CE51-1B05-3A0EB327A9B0,FM,I5,10,-10
821E583E-3EC8-F454-5E95-3A0EB327D666,KI,H5,10,-11
EA2C08D0-2A64-33CC-FB82-3A0EB327F4D3,SB,SB,10,11
9A9EF1B8-9184-8ACF-493F-3A0EB3CC16D3,KI,TV,2,12
4ED17A0E-0768-5798-FEFA-3A0EB415F1CF,KI,H5,4,-11
BF998B72-4E5A-28FC-E6B1-3A0EB4DAC9A4,PG,PG,7,10
D5A94907-261E-841F-71F8-3A0EB4E4C42E,PG,PG,12,10
6682B7E1-6902-9DFA-3380-3A0EB84D5570,FM,I5,8,12
29F0D0D7-7ADE-6493-8870-3A0EB84E5263,US,I5,9,-11
13954F0E-EEBE-53B4-54E5-3A0EB84E640F,US,H5,10,-11
50C0F470-BCEF-43BF-351B-3A0EB84E849D,KR,LN,10,-10
8D30DD53-3C6A-67BC-DE88-3A0EB84E942F,KR,LN,10,-10
E4D7112B-C12E-83E7-9AB8-3A0EBA0FDE71,JP,FM,8,9
925A622D-8ABF-3CD4-6EEE-3A0EBA20C05D,JP,FM,8,9
2B2A8984-EF13-38BC-ED55-3A0EBD74AE29,KR,LN,9,-10
F57B9511-0B8E-BBFE-E4D4-3A0EBD7526E3,TW,GL,10,12
4CCE8CBF-C857-9A94-B91B-3A0EBD755195,KI,GL,10,12
48A4F089-1E54-F061-57C6-3A0EBD756F2A,PG,PG,10,10
69EBD3E0-BAE7-F1A5-EA9A-3A0EBD757CA7,PG,I5,10,-11
2E5C20B2-0555-2DD8-7B70-3A0EBDF16E3F,KR,LN,7,-10
5B733B07-7140-0BA3-4971-3A0EBE0C0CD2,KR,LN,9,-10
B5501C18-CD0C-1797-F10B-3A0EBE4D8F98,KI,H5,5,-11
3E2ABE38-4F2E-E2E9-E757-3A0EBE83565D,KI,PX,6,-11
5703432F-EA5F-F1A6-978E-3A0EC29AF334,KI,I5,9,-11
7FE6EA17-5267-C89B-280C-3A0EC29B2747,KR,LN,9,-10
F100DF64-FDB1-853D-4D07-3A0EC29B34BD,KR,LN,10,-10
C6CCFE50-86D9-899B-0058-3A0EC29B3FA0,KR,LN,10,-10
510809CE-EF0C-80F6-4D4E-3A0EC29B5BF6,SB,GL,10,11
8566B0B4-0BE8-00D6-A2E0-3A0EC29B62EC,KI,GL,10,12
3DAD01AD-A4DA-34FC-9AC8-3A0EC7C07750,FM,PX,8,-11
2F2CA21C-E6E9-5DD6-29D3-3A0EC7C1502F,FM,PX,10,-11
9F0A53C8-8D06-717F-0EF5-3A0EC7C16AB7,MH,SB,10,12
D05239F3-FE1F-75D3-9829-3A0EC8A86693,PG,PX,10,-11
E93797A3-F163-C5DD-5877-3A0EC92F8D1F,KI,I5,7,-10
6DFCFF54-7737-7DCA-280F-3A0ECCE6D580,KR,LN,9,-10
10288D53-A33C-5656-B354-3A0ECCE6E98A,TW,GL,10,12
EE07CC1E-73B3-019D-0528-3A0ECCE6F95B,FM,GL,10,12
78B34D64-ADD5-2ABC-4F0C-3A0ECCE70E84,FM,LN,10,-10
FBA3BA94-AC10-B79C-2586-3A0ECCE720E0,KI,GL,10,12
352C7188-09B0-6B0F-A137-3A0ECCE764FD,KR,PX,10,-11
D04349BE-C3BC-40BE-D3A4-3A0ED20D8483,SB,SB,9,11
850BA605-D989-B9B3-0EF7-3A0ED7349DC3,NR,I4,9,12
B6C9E774-3E0E-056A-E7BF-3A0ED734BB36,TV,LN,9,-11
0B7BAE53-7F25-28C0-E2AA-3A0ED734C7BE,FM,I5,9,-10
3C724712-5AC3-48D6-2DFE-3A0ED734F75A,TW,GL,10,12
63377C94-229F-BCB5-8E5C-3A0ED735107B,FM,PX,10,-11
DA3A616A-9CAB-C6A7-6964-3A0ED7ECF878,KR,PX,10,12
1D23A073-2F6C-19ED-7ACD-3A0ED808BC7D,KI,LN,7,-10
F782F0F3-6F41-53C5-FF3E-3A0ED81A811F,KI,H5,4,12
999334AF-A4B3-B798-96B0-3A0ED828F7F3,KI,LN,4,-10
33E4B904-FCAE-DF97-2DFC-3A0ED8A5393C,PG,PX,11,-11
28E5761E-A7D4-BF5A-E29B-3A0ED8B49618,KR,H5,10,-11
28E5761E-A7D4-BF5A-E29B-3A0ED8B49618,KR,PX,10,-11
B9110C53-B4FD-4913-B5B4-3A0ED8C29ADA,KI,H5,10,-11
090C6E73-8508-D0C5-E932-3A0ED8EF186B,KI,H4,6,12
0A12A8FA-0FD9-E264-2B81-3A0ED9042ADA,KI,PX,4,-11
CCDB692C-B266-1A50-919D-3A0ED91FA7FA,KI,GL,5,12
4694B00D-7EBF-816D-B314-3A0ED9376154,KI,GL,1,12
7411BA7D-1170-5C5F-C2E6-3A0EDCDAF8BD,KI,PX,2,12
364A9C6E-7440-2060-4023-3A0EDCF2E2F6,VU,H5,10,-11
14E4AF1D-FBE8-8E1F-DE1C-3A0EDD5AC117,SV,I5,9,10
1A1A1092-36DE-D3DA-CEA5-3A0EE6A8739C,TW,TV,10,12
E471655F-E029-8A78-BB38-3A0EE6A8F3DD,FM,PX,9,-11
275A378F-A9F8-36C9-1216-3A0EE6A90FA4,PH,,9,9
275A378F-A9F8-36C9-1216-3A0EE6A90FA4,PH,,9,10
275A378F-A9F8-36C9-1216-3A0EE6A90FA4,PH,,9,11
3A5BBF9C-BD8E-A8DF-3A5C-3A0EE6A9239A,KI,LN,9,-10
19C65F64-9BAC-E513-E479-3A0EE6A92F48,KI,PX,10,-10
321ECF05-FE60-578A-692C-3A0EE6A99773,FM,I4,10,12
511F26F5-2005-9A10-40AE-3A0EE6A9AA1E,JP,H5,10,-11
B2009824-2C3A-329D-F614-3A0EE6AA004D,MH,GL,10,12
13453333-EB0E-7717-89D5-3A0EE6AAEA8D,KI,GL,10,12
F8F2E5C2-5556-E9C8-BA83-3A0EE6AAFBA8,KR,PX,10,-11
E3C2B20F-A258-E7D2-3EF1-3A0EE6AB7424,TV,GL,9,12
EF16362E-60F2-B851-4155-3A0EE75F7C28,KR,LN,10,-10
EE2C7A79-6A4D-9C78-27BD-3A0EF0F3E175,FM,PX,7,-11
0E444434-AF45-4275-AFF2-3A0EF0F41851,FM,PX,8,12
062AA765-CCDC-12F3-E584-3A0EF0F50D73,PG,PG,10,10
197CE78B-0AC4-2B75-2AD4-3A0EF0F54CA9,TW,GL,10,12
EE9E4A70-E4B1-8855-C1CD-3A0EF0F563F8,TV,I5,10,-10
5C069792-A948-3552-870B-3A0EF0F593F0,NR,GL,10,12
0468550A-33DE-DBBD-0DC6-3A0EF0F5A448,SB,GL,10,12
2E1B1240-EA99-59B5-2BDF-3A0EF0F5B9BD,KI,GL,10,12
E6D93390-2BF2-1706-48FB-3A0EF61B77CF,KR,PG,9,11
22C67C03-A99D-743B-E738-3A0EF61BBBD0,PG,LN,9,-10
0852C536-19D3-3E36-1B4E-3A0EF61C2411,KI,I5,10,-10
0852C536-19D3-3E36-1B4E-3A0EF61C2411,KI,LN,10,-10
4920BC91-8F3C-1191-9D3D-3A0EFB41BDBD,FM,GL,10,12
86D07B6D-4C4E-CA3B-A482-3A0EFB41CE5D,TW,GL,10,12
D475A261-01BD-51C0-2DE3-3A0EFB41FAC8,NR,GL,10,12
C1FF9BDB-3F08-CCE6-7CA6-3A0F0110208C,KR,PX,11,-11
977117C3-87C7-175D-878F-3A0F01132636,FM,PX,10,-11
977117C3-87C7-175D-878F-3A0F01132636,FM,PX,10,12
7BA6592D-4177-6767-5DA4-3A0F017CE797,KR,PX,10,-11
66D68A6E-3385-697D-AE4D-3A0F066E9A22,SV,LN,10,-10
FC2066C1-01A9-94D3-D17D-3A0F0AB42929,NR,GL,10,12
B07BA91B-4EFB-ED6C-0952-3A0F0AB43B45,PG,PG,10,10
9CB02C02-8153-91D3-0817-3A0F0AB45E84,FM,PG,10,9
52FEB2E3-E8D6-3373-59DA-3A0F0AB49095,NR,GL,10,12
2DC18C09-C96F-5D96-AA64-3A0F0AB49D8B,NR,GL,10,12
81C3BB76-6A9E-478E-442E-3A0F0AB4B360,MH,GL,10,12
EB85FEFD-5E8C-25A1-881E-3A0F0AB4BA38,KR,PX,10,-11
C2F87576-BE1D-A1AC-EE9F-3A0F0AB4D0DF,TW,GL,10,12
92C4BC13-678D-7D1F-AA1B-3A0F0AB51C22,PG,H5,11,-11
B032781C-CAEF-62CC-63E1-3A0F0AB54215,KI,GL,10,12
F1D6B743-8191-3761-BF3D-3A0F0FDB4AAB,PG,PG,10,10
C3DB796F-4006-1D55-EE68-3A0F0FDB6D84,MH,GL,10,-12
FB88283C-4367-3AC6-C326-3A0F0FDBC58B,FM,I5,10,-11
573C2E9F-CA47-F061-5925-3A0F0FDBCB4D,KR,PX,10,-11
FD64C4FE-CE99-2576-F7AF-3A0F0FDBD35A,KR,LN,10,-10
FD64C4FE-CE99-2576-F7AF-3A0F0FDBD35A,KR,PX,10,-10
FDB21937-FEF5-58A3-9AD8-3A0F0FDBE17E,TV,GL,10,11
DA35B77F-4708-4D1D-EA4D-3A0F0FDBFB5E,NR,I4,11,12
AA0BCC17-2DDE-E6E5-7C91-3A0F0FDC0642,FM,PX,10,-11
E0587ED3-CF9C-8C0B-F36E-3A0F0FDC23D7,TW,PX,6,12
74195714-06D2-48F7-206F-3A0F103C54C6,MH,GL,10,12
335BC6B3-05F9-B86C-F44F-3A0F1042E53C,KI,TV,10,12
BEFE1B9A-E91C-CEAA-DE0F-3A0F1A27204C,TV,I5,10,-10
5BFF70E1-AA4F-DDEA-4C86-3A0F1A273B2E,ES,I5,9,-10
E9C11D12-351E-BCA5-0A92-3A0F1A2790B4,MH,PX,10,-11
2E60AD7A-BDDC-BFCC-D411-3A0F1A27D04C,FM,I4,10,-11
F80BF092-F0EE-0B30-58F6-3A0F1A27DFD0,TV,GL,10,12
DE65ED23-9604-63FF-A7A0-3A0F1A280440,FM,FM,10,8
DE65ED23-9604-63FF-A7A0-3A0F1A280440,FM,FM,10,9
2658024E-663A-6B13-646B-3A0F1A280DE8,NR,GL,11,12
F4DD9C00-D5FB-F0F9-15E9-3A0F1F4EA8E6,PG,PG,10,10
643EF35D-37AF-4B45-8534-3A0F1FDF1FF4,MH,TV,10,12
5C0A37DB-44FC-1D80-D611-3A0F247B1203,NR,GL,10,12
64EE1E48-A76F-3776-AE62-3A0F24AE36B9,MH,GL,10,12
CC8DA616-FF4C-7421-7786-3A0F24CF11F2,KR,PX,11,-11
9BF2CB5F-1841-BFDC-B61D-3A0F250632B7,VU,PX,9,-11
8310193E-BF10-BAD1-7FE5-3A0F250D8CBC,VU,LN,8,-10
9E619C41-B3C1-BA7D-DB50-3A0F251939C1,VU,I5,7,-10
CA89227A-A409-7FB7-B5F6-3A0F251E6333,KR,PX,11,-11
EB8A8885-48C6-BE3E-DA3B-3A0F252BC8E6,VU,LN,5,-10
75A8B4C2-E80F-27CC-AC44-3A0F2549ACD5,VU,LN,3,-11
51EC3C87-E03A-924B-ED12-3A0F255E670D,VU,LN,9,-10
40E49DD2-97CF-4F41-05F9-3A0F257A285C,KR,PX,11,-11
17B4264E-42AB-D38B-AA90-3A0F257AAD7B,KR,PX,11,-11
68DBDFFF-685A-F100-BA93-3A0F25E168BE,VU,LN,7,-10
63174AD8-E26F-FBAA-FF9C-3A0F2600D494,VU,H5,4,-11
19330B32-88EC-0548-CD6B-3A0F299C0392,FM,I5,10,-10
19330B32-88EC-0548-CD6B-3A0F299C0392,FM,LN,10,-10
447C9FB2-9212-1237-E171-3A0F299C93BC,NR,I4,10,12
DE5F9166-23D1-C8C3-0EDA-3A0F299CB03B,FM,GL,10,12
1865C48E-EA67-F29F-86A5-3A0F299CE270,FM,H5,10,-11
A534CDAD-4EAE-9D37-4D54-3A0F2EBF8D4D,FM,LN,8,-12
47E83089-2D38-4278-862E-3A0F2EC1028F,FM,GL,10,12
46620B6B-1BBC-F971-525A-3A0F2EC10E05,NR,GL,10,12
61D2D4FE-7B54-88CB-7BE4-3A0F2F157EFF,KR,PX,11,-11
26F2B45C-208C-F81E-DDAD-3A0F2F351D59,PG,GL,10,12
DE742F28-43A4-8625-BCEF-3A0F33E6E62D,US,LN,10,-10
B3A10BD7-5E27-FF99-E69E-3A0F33E6FE4A,KR,LN,11,-11
9FBFBA60-4E77-9AC4-FAE4-3A0F33E710C0,KR,FM,10,11
E6FF1351-30A0-26DA-5873-3A0F3E34B448,KI,GL,10,12
3E837833-B2DC-4C14-6FD5-3A0F3E3512E5,SB,SB,10,11
225635AE-5AA7-3D57-424C-3A0F487F410E,PG,PX,10,-11
A8F42CEB-C74C-EEC0-9595-3A0F487F8D19,PG,PG,10,10
5D33F1E6-1FAB-84E1-64A2-3A0F487FB85B,NR,LN,11,-10
C09D23C0-542A-CF3E-48D8-3A0F487FC0F5,SB,SB,11,11
20A228BE-C99A-6703-F29A-3A0F487FCFFC,KR,PX,11,-11
78CFCEE3-4E1C-589F-1BA0-3A0F48AC44E5,PG,PG,6,10
B512FD0F-2427-5D81-AC8C-3A0F48C08112,PG,PG,9,10
08E09678-51F7-83C4-671F-3A0F4A09CC4D,PG,PG,7,10
D8245417-C1D0-72AE-AB55-3A0F4A20CB2E,PG,PG,1,10
EDD33A6F-D194-A6AA-40BA-3A0F4A342459,KI,GL,1,12
A1465D4F-634F-41E4-AC6A-3A0F4A423317,KI,MH,2,12
9118A406-9706-657B-24C3-3A0F4A4E96D4,KI,GL,4,12
0DBE383A-0D6B-043A-23EA-3A0F4A517263,KI,GL,11,12
8D8098C8-FAD9-4F22-FDAA-3A0F4A81E526,KI,PX,11,-11
FAA7997B-5906-D6F0-DEFD-3A0F4DA5A14D,TV,GL,11,12
529E7A0D-705A-8518-F69A-3A0F4DA5B0AD,KI,H4,11,12
34EFC475-6F21-55EC-1A70-3A0F4DA5BFAA,TW,GL,11,12
AB5B126A-5C64-A468-5EE0-3A0F4DA5CE06,KI,H4,10,12
607E248C-C380-82A2-0037-3A0F4E06BEDE,PG,FM,5,10
128E9046-A7B4-BC58-EAFC-3A0F4E902505,PG,PG,1,10
F9C75140-A147-845C-27EA-3A0F4F4509CE,PG,PG,1,10
A908224A-5D16-2EBE-50C3-3A0F52CBAEC5,SB,SB,9,11
1EFEC4C6-C727-A6B2-1143-3A0F52CC4FE9,KR,PX,11,12
5A89D280-F997-1707-C715-3A0F52CC744C,SB,SB,10,11
D804D69D-F0D4-A357-6393-3A0F52CC8657,SB,SB,11,11
3CBC801B-875D-816F-6E1C-3A0F52CC9551,KI,GL,10,12
7BDBC533-6948-EFDB-F95C-3A0F57F1F00D,ES,I5,10,-10
C740961F-6D32-B278-CC12-3A0F57F28FB7,KI,H5,10,-11
953E00B0-273B-E036-3001-3A0F57F29F59,TW,PX,11,12
BDE89F8B-8598-81C9-6D8A-3A0F57F2A7B5,JP,H5,11,-11
984B19BA-DD72-646C-2F35-3A0F57F2C5C1,FM,PX,11,-11
980BB348-8932-3A6A-C241-3A0F57F2EFB6,KI,GL,10,12
1FD5860F-1F7B-9031-8E89-3A0F582BE23C,PG,PG,1,10
7521A08F-15F6-E6B8-1D7F-3A0F58318230,PH,PG,11,10
2527A47F-F390-E0FD-B577-3A0F58655BCC,PG,FM,10,10
64022278-2C7D-CD59-99DA-3A0F5871EB55,PG,PG,12,10
9C23467F-4DE3-8EA2-B4C0-3A0F5D1862CB,CK,H5,10,-10
563E642B-249A-8BEC-6950-3A0F5D189700,FM,PX,10,-11
BBCBE17B-8347-A602-60B2-3A0F5D18AE6E,US,IW,10,-9
92CC4C4D-3506-C7E1-6FCE-3A0F5D18CC4C,FM,PX,10,-11
3162F595-4BF2-FCD1-1BF1-3A0F5D18E6EE,TW,GL,10,12
E0A8C7D7-ECA5-5880-21F6-3A0F5D19288B,KI,PX,11,-11
89384A04-1660-402A-0A48-3A0F5D1936FA,KI,PX,11,12
05C89041-18C4-7962-409E-3A0F623E7A77,TW,GL,11,12
9E54BE9B-D629-16B7-46EB-3A0F623EAC98,US,,11,-11
0216F3BC-DDEE-C358-430C-3A0F67652F96,SB,SB,10,11
C610F1DB-27EE-35E3-31DE-3A0F67654A37,KI,TV,10,12
ABB889B0-31A7-6BDD-7CD7-3A0F67A2536E,FM,PG,1,10
CD6596AA-CB2B-7171-6958-3A0F68729DE1,FM,PX,7,-11
2AA5ED23-E32E-2D8E-BD34-3A0F68F6FD64,FM,TV,10,12
05D841E0-8979-07A1-2083-3A0F6C8C046D,FM,GL,10,12
4E62D9BB-59CC-204C-9E09-3A0F6C8C2AA6,FM,,11,10
4E62D9BB-59CC-204C-9E09-3A0F6C8C2AA6,FM,,11,11
4E62D9BB-59CC-204C-9E09-3A0F6C8C2AA6,FM,,11,12
6FC4F8A6-238A-CA12-8E9E-3A0F6CBACB8C,PG,SB,1,11
08056925-BDE7-D66F-FC80-3A0F6D26573E,PG,TV,11,12
BA6EFE76-5DBB-BEF1-DF09-3A0F6D79FBD0,PG,PG,3,10
F9C7B702-33AE-E69C-980A-3A0F6DD1DE52,TW,GL,11,12
F4381A07-8FE3-EEEA-AE20-3A0F6E20B6E4,KR,PX,11,-11
2C3828A6-BE08-7493-8126-3A0F71B2F83C,FM,PG,11,9
9A456814-1421-985A-A3DF-3A0F720C1045,TW,TV,11,12
4571EA5B-F75F-D8DF-9DD8-3A0F728A2F16,PG,PG,4,10
7E8F0817-EA17-E7FF-D618-3A0F733BC8FB,PG,PG,6,10
51E28EBB-AE04-31CD-5352-3A0F7350DAF6,PG,PG,7,10
48856425-6DD2-E49A-8B41-3A0F77B3132F,PG,FM,7,10
2B5101E3-3B5B-A079-A3F7-3A0F77B6D906,PG,PG,2,10
905A3F30-D89F-7B1C-BD85-3A0F77B83C8F,PG,PG,4,10
E18BC4DB-BB41-063B-3686-3A0F77B975C0,PG,PG,4,10
31F07AAD-3262-B9B4-0ED3-3A0F77BA9FEB,PG,PG,6,10
DF225A45-9E73-77E1-A3CB-3A0F77BBBEBE,PG,FM,8,11
79E3C222-35AB-A75E-84A4-3A0F77BCDE9D,PG,FM,10,10
2A138B28-6D79-4DAD-CFE1-3A0F77CCF457,PG,PG,11,10
07E1C30F-D908-DF75-6DC8-3A0F7846BA8F,PG,PG,11,10
E0BAA762-B54C-54C9-C071-3A0F7BFEF3D5,KR,PX,10,12
586B9E8B-80D4-13AB-BE25-3A0F7BFF12F8,KI,H5,11,-11
CB30ED7E-4037-F3B3-6851-3A0F7BFF3CB9,SB,H4,10,11
B4558A6D-9B41-3F47-B580-3A0F7BFF885F,FM,PX,10,-11
770E0AD0-EB50-4669-F013-3A0F812553A0,US,LN,10,-10
4368C692-A866-43E2-8E09-3A0F864C7BDB,FM,I4,10,12
1B2EBB52-CAB3-B09F-51DF-3A0F864C99B8,MH,GL,11,12
EA0B59F0-47E1-E645-A7DE-3A0F864CA85C,PG,PX,11,12
09BDA71A-05FF-E096-D873-3A0F864CBC7F,FM,GL,11,12
8B3A9181-A055-2C12-CF9C-3A0F864CD4AD,MH,H4,11,12
FE6E17E7-DDFF-9311-73B1-3A0F864D1AEF,TW,GL,11,12
D6A3783F-06DF-D664-252D-3A0F8B72BC9F,FM,PX,10,12
10D83E17-85A0-CA5C-049D-3A0F8D0857B7,JP,FM,9,9
A7FBEE94-267A-DC84-4D6F-3A0F8D13FE76,KR,PX,11,-11
F31D6604-7124-660A-AD49-3A0F8D62F9DE,KI,PG,1,10
6209180F-5EDE-952E-5D31-3A0F8D6A8175,KI,PG,4,10
D5D9DC47-2A54-58BB-E36D-3A0F8D6BE4DE,KI,FM,5,10
D5D9DC47-2A54-58BB-E36D-3A0F8D6BE4DE,KI,PG,5,10
3F3947BF-3FDD-088F-B0B3-3A0F8D6CCE4E,KI,,6,9
97214742-0D48-DB48-1EDD-3A0F8D6F150D,KI,FM,7,10
C779BF8C-5F55-B576-F9B9-3A0F8D702B12,KI,PG,9,11
A46F1793-7F3D-36A5-439E-3A0F9098BB75,NR,H5,12,-11
9350035F-A2BA-9473-9C99-3A0F95BE8467,FM,TV,11,12
60A575D7-0E11-E6CF-EEA0-3A0F9AE62849,SB,SB,11,11
68671B7F-11B5-201A-FB10-3A0F9AE66F36,PG,PG,12,10
20093609-21C0-6557-6B17-3A0F9C6190A6,MH,TV,11,12
84B54DD0-A3AA-C1BD-2624-3A0FA00A43AD,KI,GL,7,12
A975ED0F-ECAB-84CC-78ED-3A0FA00B01D9,TV,H5,11,-10
54E899EE-E8C4-AC31-6C4B-3A0FA00B0926,FM,H5,11,-11
2E8A9D6F-2CAE-6016-754A-3A0FAA5902E7,KI,TV,11,12
D1BD967C-8DAD-1854-46B4-3A0FAF7F692D,FM,GL,11,12
206B723E-814A-1453-379C-3A0FAF7FD22C,KR,LN,8,-10
18AFBBC7-5643-9CB8-E3AD-3A0FAF7FE8CB,KR,LN,9,-10
C4B07E24-7A11-F837-FFC1-3A0FAF7FF2D2,KR,PX,10,-11
312F270F-E1B5-1774-8BC9-3A0FB4A58D66,KI,PX,11,12
940BEE60-882F-D89B-C9F5-3A0FB4A5A167,MH,H5,11,-11
BD98957F-5020-905E-4B65-3A0FB4A5BD7E,FM,TV,11,-11
143DD835-480F-68B6-C63F-3A0FB4A5C711,KI,GL,11,12
3E102640-6FC0-BB28-772C-3A0FB4A5FE19,KI,TV,11,12
4E9E0A22-1568-F63A-F425-3A0FB9CC0EF7,PG,PX,10,12
466352F5-5D1A-15E7-8823-3A0FB9CC594A,NR,GL,11,12
466352F5-5D1A-15E7-8823-3A0FB9CC594A,NR,TV,11,12
B3EB0C92-81BA-E0C2-22ED-3A0FBEF17BBB,NR,LN,11,-11
3E4C566E-DCEB-A501-0081-3A0FBEF191C4,NR,H4,11,12
E9597675-2615-4C78-7AB0-3A0FBEF1B9DC,FM,PX,11,-11
F9F41EC6-9A2A-2DB7-1CC8-3A0FC41873E6,TV,PX,11,12
A1435394-85E8-486B-745C-3A0FC4187D5E,KR,PX,11,12
B3F91284-CD7B-2544-1CC4-3A0FC940CC11,NR,GL,11,12
6258CCD5-4BAC-A774-F8E5-3A0FC94109FD,NR,GL,12,12
6258CCD5-4BAC-A774-F8E5-3A0FC94109FD,NR,H4,12,12
6258CCD5-4BAC-A774-F8E5-3A0FC94109FD,NR,I4,12,12
E675058A-B69E-D241-6BD6-3A0FCE64288B,MH,TV,11,12
A4E97378-F18B-013C-6F6D-3A0FCE643E20,PG,TV,11,12
A6C205C1-FF0B-ED31-712C-3A0FD38AD998,MH,H4,11,12
110F758C-F66E-A6ED-8E7B-3A0FD8B11963,FM,GL,9,8
C2A13566-63E1-6B09-955C-3A0FD8B1D60A,US,LN,11,-10
9580A5EB-D072-BB12-0338-3A0FD8B21DD9,ES,I5,11,-10
A7C3F4C3-DD87-2BCE-FC6F-3A0FD8B24E49,NR,GL,11,12
36A72391-D1F9-E867-87EE-3A0FD8B28E27,KI,H5,11,-11
9E71C155-7F7A-9914-3824-3A0FD943F97D,PG,PG,4,10
FE81B300-5090-CA57-9CA8-3A0FD9455777,SV,LN,12,-10
ED355B6D-0062-A4B6-F168-3A0FD976563F,PG,PG,5,10
A140F487-BA9B-29AC-3A71-3A0FDA3B085B,PG,PG,6,10
02DC2F6C-6516-677F-09CC-3A0FDDD88BC5,ES,I5,11,-10
02DC2F6C-6516-677F-09CC-3A0FDDD88BC5,ES,LN,11,-10
02DC2F6C-6516-677F-09CC-3A0FDDD88BC5,ES,PX,11,-10
9D527009-1C46-4332-E5C6-3A0FDDD8C4D6,TW,GL,12,12
06D954BD-CF31-204F-5A87-3A0FDDD8F2EB,TW,TV,11,12
5440A5C8-3D47-FB4D-60A1-3A0FDE0A0DC0,PG,FM,8,10
105F6048-7DAA-BD14-C895-3A0FDE1959A2,PG,PG,8,10
6EF80B84-6EDF-CC0F-486B-3A0FDE47851C,PG,PG,4,10
ED626E62-3B73-1F94-882F-3A0FDEB4D0A6,PG,PG,7,10
37DAD858-069E-B0D2-6952-3A0FE2FE2036,KR,PX,12,-11
00804508-1366-64A8-D6D7-3A0FE2FE2EBC,FM,GL,11,12
F447210A-5AB7-27DD-9164-3A0FE2FE48F0,TV,GL,11,12
029823AA-DC62-07FD-0450-3A0FE2FE5973,KI,H5,12,-11
F77C70E6-31B4-5DE9-74B6-3A0FE2FEBFFE,NR,GL,12,12
248FC934-8F33-C442-A7C5-3A0FE2FED1C3,KI,GL,8,12
E55EF6CA-CF4A-32DD-CC7E-3A0FE470E5B4,MH,TV,11,12
442C20B5-5B2B-D4D0-E047-3A0FE4D711E3,MH,TV,12,12
81760CAB-6D86-ED21-443E-3A0FE825D279,SB,PX,11,12
3105352A-EA46-D4B5-8B04-3A0FE8264466,KI,TV,11,12
AE008C20-C14E-A00A-6FF5-3A0FE8267DB4,TW,GL,11,12
49ED55E8-6357-B150-D3F9-3A0FED4A72FD,SB,TV,10,12
E21B57AE-BEE1-278F-7B57-3A0FED4B3644,NR,GL,11,12
E0E35236-4D1A-9FEB-5AF1-3A0FED4B8C54,PG,PG,12,10
4EA12A15-D7AB-A6DA-7177-3A0FF272088A,FM,PG,12,9
782A8B43-1CC1-5CA0-9E82-3A0FF2722045,MH,MH,12,12
AB15AED7-8638-60E7-E389-3A0FF79876FD,FM,PX,11,12
9256BB0E-B635-1C4B-CB78-3A0FF7990AAE,FM,PX,12,-11
5533C822-CDE2-F0D3-A314-3A0FF799211B,KI,GL,12,12
5533C822-CDE2-F0D3-A314-3A0FF799211B,KI,TV,12,12
8E17EA02-5D9A-D5F7-966F-3A0FF79940B0,SB,GL,11,12
8E17EA02-5D9A-D5F7-966F-3A0FF79940B0,SB,PX,11,12
1529170F-789B-CC90-8CA9-3A0FFCBEF2DA,FM,GL,11,12
665B1AFB-A77E-8475-8547-3A0FFCBF355A,SB,GL,12,12
E2009A5F-9924-E699-1103-3A0FFCBF79E9,PG,PG,12,10
00908145-65C0-F9F7-9E96-3A0FFD7D2FB5,KI,TV,12,12
ACC64E6D-C500-2E5D-D6F1-3A1001E49402,PG,PG,7,12
F143BF49-73C2-136D-B067-3A1001E5B67B,KR,PX,11,-11
AB8838C1-82A4-3128-A387-3A1001E61C23,PG,PG,12,10
DFE74270-1ED5-E1BC-F758-3A1001E66DE4,PG,PG,12,10
3087FBC5-E1B1-E7AD-05EA-3A1002B9D661,KR,PX,12,-11
FBFC2191-95E2-8465-D654-3A10070BD013,SB,SB,11,11
B4B07C67-9B76-7C4B-8BF4-3A10070BDD94,TW,TV,11,12
7B2B2C9B-BC7A-FA4E-952A-3A10070BE7E9,KR,PX,11,-11
2078A4A8-AD9D-800C-4FDF-3A10070C2986,FM,H5,12,-11
1576F952-5557-4396-3D6E-3A100C321D53,FM,PG,12,9
ED098CF1-E2CA-B96C-7AC6-3A100C32261A,FM,TV,12,12
8332952F-5A35-ED5B-826F-3A100CABE1C7,JP,,10,9
B6D5E7B0-129D-BED2-E16E-3A100CED1A22,JP,FM,10,9
86328BB9-CBEC-EF41-3E31-3A1011584E05,FM,PX,11,-11
1CFB0D3E-E4B1-46B7-2E36-3A1011589A54,TV,GL,11,12
6572A557-53B0-DA05-0515-3A101158CDF3,FM,H5,12,-11
F98E1242-303F-6740-082C-3A10167DDB7A,PH,PX,11,12
8F23CB3E-43FC-9617-259E-3A10167E2F8F,TW,GL,12,12
3E722EA0-9629-3E20-4EF9-3A10167E491E,PG,PG,12,10
D8CA208C-3252-38E6-1C2D-3A101BA43CB5,KI,,11,11
4E319319-8F65-9FCD-32BD-3A101BA46F7D,KR,PX,12,-11
EA5F6373-F413-6D06-37F1-3A101BA48A85,FM,GL,12,12
B23C637B-EE17-2DCC-6BC5-3A1020CB4C6E,US,LN,11,-10
6D5ED849-91A1-D088-E0AD-3A1020CB7423,FM,H5,11,-11
6D5ED849-91A1-D088-E0AD-3A1020CB7423,FM,PX,11,-11
998CD7A5-0ED3-5796-7395-3A1020CBB152,KI,GL,12,12
E6A462FF-68BF-1908-030D-3A1020CBC40C,FM,PX,12,-11
E6A462FF-68BF-1908-030D-3A1020CBC40C,FM,PX,12,12
9455AD14-3849-8F65-AE6B-3A1020CBE536,PG,PG,12,10
BC3B28C3-76A0-A3F4-4358-3A1020CC051A,TW,SB,12,12
DDBD962A-005B-394A-1553-3A1025F20CA3,SB,SB,11,11
9D98E700-796E-3F74-D90A-3A1025F244E9,PG,PG,12,10
D54D012E-A324-FF66-1F04-3A1025F2521D,FM,PX,12,-11
66A12C8F-BDC8-A0DF-0A2E-3A1026AF6ECF,TW,TV,12,12
1CE3DD6D-1FA7-84C1-1C7A-3A1027871D5A,KR,PX,11,12
E34ECC98-593F-4586-EE66-3A10279316EC,PG,PG,2,10
FDAB7558-39AC-A306-9E8E-3A1027B57B85,PG,PG,3,10
F65B34F5-A6F7-5C81-A6FE-3A1027C42A31,PG,PG,8,10
6B7C6903-CA61-FB27-C3D3-3A1027D49616,PG,PG,8,10
31E826C1-526A-6B22-F420-3A1027D9E663,TV,TV,12,12
70BF8C01-7913-4DDA-9841-3A1027DC029A,PG,PG,9,10
0F0C9450-0050-9C09-637A-3A1027E1B401,PG,PG,10,10
2701BF79-545D-FAD5-BFB9-3A102B18808B,NR,GL,11,12
2701BF79-545D-FAD5-BFB9-3A102B18808B,NR,H5,11,12
4165AAFC-8E5D-F90C-B86D-3A102B18A1E0,PG,GL,11,12
E2B1F001-6C69-7544-3E38-3A102B18F959,FM,PG,12,10
332064ED-1B18-F630-E7EE-3A102B1956C2,TW,NR,12,12
8DE5F264-CE3A-81EC-7BB4-3A102B198459,KI,GL,9,12
05C5BE96-CF1A-05C2-7835-3A102B19A013,KI,H4,10,12
2730CA76-9035-4382-5599-3A102B97304B,KR,PX,12,12
1A0C4ACF-09FB-DDB9-57ED-3A10303DBB40,JP,PG,11,9
84E0B56C-BAC7-777F-F88F-3A10303DDB84,JP,PG,12,9
B3E018E4-619E-B25F-BD23-3A10303DF35C,JP,PG,12,9
5FEC545A-9184-7E0C-908A-3A10303E0501,JP,PG,12,9
4E319CEB-6A06-9356-EE8A-3A10303E1C2B,JP,PG,11,9
DEA75874-27E8-BA96-6041-3A10303E3061,JP,PG,12,9
F081DC4A-003C-375D-4AFA-3A10303E4652,JP,PG,12,9
EA41EE20-E3F1-9F71-596E-3A10303E5D63,JP,PG,12,9
4675AADF-2D85-EF5A-6966-3A10303E6FFA,JP,PG,12,9
1338E4A6-416B-51BC-37B8-3A10303F5CEA,JP,PG,11,9
3F587A5E-8E6D-2E48-092A-3A10303FCDCC,JP,PG,12,9
C7C16749-0B1C-D6BE-1B5B-3A103040522F,JP,PG,11,9
DBD689D2-C1DE-7F2E-69D7-3A1030406D6C,KR,TV,12,12
FC40E148-F4B3-D5D4-AC6E-3A103040836C,KI,TV,11,12
3D09E7AE-D22C-C9AF-C4C6-3A1030E25033,MH,GL,12,12
3D09E7AE-D22C-C9AF-C4C6-3A1030E25033,MH,TV,12,12
E3853F74-0D5F-14E2-2FAD-3A1031B42F44,TV,PX,11,-11
3CD151FF-E59E-55A4-9EF8-3A103563907D,SB,SB,12,11
DA1BD60B-1743-57C1-9390-3A103563C27A,KI,GL,12,12
9ABD2A01-A286-0923-85A2-3A1035640914,SB,SB,12,11
255E123E-C470-48DC-84F1-3A103A89D2C6,MH,GL,11,12
62870CE0-2A5E-9068-FEE5-3A103A89F9A1,FM,PX,12,12
D7BC6B24-A29B-DD1F-C72E-3A103A8A156B,FM,SB,12,11
6CAD0589-7217-30AD-DC8C-3A103A8A23BD,FM,H5,12,-11
32011592-7507-B9D3-DD30-3A103A8A7873,MH,GL,12,12
F5926D87-8A8A-6B05-9EB6-3A103A8AA4B1,PG,PX,12,-11
4EC0A9F3-07B2-0574-B2EF-3A103FB032D8,TW,PX,12,-11
E16C5B11-B869-A397-86D3-3A103FB06DAA,ES,LN,12,-10
74C915E0-9AC1-1EBC-A25C-3A103FB09171,KI,I4,12,12
CBC794C6-04A9-2CDD-3313-3A10404FFA23,KR,PX,12,-11
E65BDC07-7B92-1541-56FF-3A1044D72D28,FM,FM,12,11
D675C7D0-00A0-59EE-3F8C-3A1044D7AF8E,KI,TV,12,12
AAB8630F-B779-B549-58FE-3A1049FD0C3D,MH,PX,11,-11
70717F98-DB94-8806-5C7D-3A1049FD229F,NR,H4,11,12
70717F98-DB94-8806-5C7D-3A1049FD229F,NR,I4,11,12
47135FA9-B998-390A-32A6-3A1049FD5E7A,PG,PG,12,10
1DD9C0CE-61C6-7B09-5590-3A1049FD7AA7,KI,H5,12,-11
96DA7ED8-7AC1-4407-2386-3A1049FD8858,TW,GL,12,12
96DA7ED8-7AC1-4407-2386-3A1049FD8858,TW,MH,12,12
C5AC1B66-B45D-C5FE-5B22-3A1049FDA479,PG,PG,12,10
49836139-813D-8BCA-A7F5-3A104A2E85B3,PG,PG,8,10
7315A3E9-21E5-9821-45E9-3A104A39B714,TW,PG,2,10
6F1872C4-586D-253C-8396-3A104A77817B,TW,FM,5,10
5C17CAB4-62C3-A153-81F0-3A104F23ED48,TV,PG,11,10
4C4AF796-7432-F118-8DBD-3A104F2481AC,FM,GL,12,12
95D8FE7E-EA64-BCDA-FBFA-3A1050121F1A,PG,PG,2,10
0D82BFA2-6E8D-E0AD-4742-3A105021DAF4,PG,PG,4,10
61444238-370D-E26F-BC2A-3A1050BAC617,PG,PG,4,10
3492262A-CC34-A499-6916-3A105449DE44,US,LN,12,-10
F27F9634-E939-2AA7-6DBC-3A10544A05FC,NR,I4,12,12
D8913BEA-8F77-1A96-D5FE-3A10544A1483,FM,GL,12,12
739AD7F7-BC69-C7C7-9E8E-3A10544A1E6E,PG,PG,12,10
3598D3FA-3957-BF41-DE00-3A10544A3439,MH,MH,1,12
B3C8B27A-0285-C656-3F7C-3A105484963E,PG,FM,5,11
818DDEA1-6631-D51B-8428-3A10549BA556,PG,PG,7,10
2B16F458-EAFD-85A0-96C6-3A1055143BAA,PG,PG,9,10
47A31D60-BBD3-94A2-8164-3A10551F882B,PG,PG,8,10
F036DE7D-133E-AD52-9256-3A105970AAB5,PG,PG,12,10
B65B12BD-8BB9-09AA-6B94-3A105970C4C3,KR,PX,12,12
EADC1679-A572-FB4A-8709-3A1059715E87,PG,PX,12,-11
34C52AFC-53EA-37E9-0836-3A105971A9F9,PG,PG,12,10
DD65D0F9-93F3-45C7-A1EB-3A105E96A207,PG,SB,12,12
A81E8055-A6D4-AB42-6C8C-3A105E96D298,FM,PX,12,-11
41B15540-542E-20ED-7807-3A105E96E2B1,KI,I4,12,12
A2823E65-B1DD-5719-043B-3A1063BD9521,KI,GL,12,12
58B807AC-CD90-4D15-C726-3A1063BDB912,TW,GL,12,12
44ADFD55-20AF-FC98-E474-3A10641C6065,PG,PG,7,10
EF2E929D-49B5-096F-AFD4-3A10647C6760,EC,LN,12,12
FBC830C7-CCA8-DC4C-09A8-3A1064DAE7DD,PG,PG,9,10
52106562-D0C2-C82D-5424-3A10654B34AB,KR,LN,10,-10
45AAB728-C957-15EE-08FC-3A10655D3285,PG,,10,10
9ACB44A0-FE8B-F457-26FF-3A10658659DB,PG,PG,7,10
6BA2BFF8-ADA0-419E-C47D-3A1068E40384,NR,I4,12,-11
999F1C08-04D9-D078-F951-3A10691FED2D,PG,PG,8,10
4C3DB531-851C-F467-5EA0-3A106987DE12,PG,PG,11,10
1BBC5345-B043-C9FF-C2DD-3A10698E0166,KI,MH,1,12
60B8734F-0D9F-CD4E-B075-3A106E0AB95E,US,LN,12,11
FDB4B391-D67B-94ED-204E-3A106E0AFACD,SB,SB,12,11
A759BDE9-90F2-4ABA-4EB0-3A106E0B3D86,PG,PX,12,12
23EE9970-C683-50F8-5D24-3A106E0B6C9F,JP,PG,1,9
0086B0E3-C5A3-AFA9-B452-3A106E0B7A6B,FM,PX,12,-11
98CCE579-CFB5-660B-745B-3A106E0BC1B5,KI,GL,11,12
DD8AD910-F0F7-0013-F28A-3A106FD8124C,KR,PX,11,-11
687BD2C8-E189-07F1-9F8A-3A1073305D05,NR,I4,12,12
1C48EFDF-25B3-F91E-5B31-3A10733075EC,SB,SB,12,11
28EFDC80-915E-9592-0086-3A107330B20D,PG,PG,1,10
C6556730-A5E2-E87C-56EC-3A107856C5C9,US,LN,11,-10
A237A071-4EF2-FBF9-F42B-3A107856F07E,TV,NR,12,11
356FC9FA-5540-3D98-8105-3A1082A3775E,SB,PX,12,-11
63FF6B39-7FEC-197B-BDFD-3A1082A38FF2,TW,MH,1,12
684A7233-4B68-9FFC-052B-3A1082A3AC07,MH,I4,1,12
55A835B7-469F-4D97-001C-3A1087C9C283,FM,GL,10,12
55A835B7-469F-4D97-001C-3A1087C9C283,FM,NR,10,12
2DF6EC74-2ED4-1558-3A89-3A1087C9D9F3,FM,,11,10
8ADA1F7C-E8E2-47DD-2C42-3A1087CA2702,SB,I4,12,-11
90EBE3E0-925F-7D9F-1549-3A1087CA3778,TV,SB,1,11
D5ADD036-E731-658E-6BA2-3A108CF06FB1,SB,PX,12,12
593D194F-263B-B39D-2340-3A108CF09F48,PG,PG,1,10
49489D7C-BCB6-EA24-E075-3A108CF0AAEC,FM,PX,1,12
DB38CEF4-3849-7F67-25D9-3A108CF0D2F8,KR,H4,1,12
E2EAFE87-0A51-38F3-EF9F-3A108DC520E0,TW,NR,1,12
2BF3BF88-9774-4948-0283-3A108E630AA1,TW,SB,1,12
D08A3DD3-5A43-D820-C3AB-3A108EB147B1,MH,TV,12,12
61429372-982A-3848-A9DC-3A109216ADBD,KI,H5,12,-11
D04BE64F-3772-6152-E2F3-3A1092507254,MH,GL,1,12
BBDB9ED9-01DB-3D19-58B3-3A109257FC37,MH,TK,12,12
6B11428D-EB96-E19E-1E9D-3A1093091A10,KI,H5,12,-11
80165F81-F6EC-A37C-1113-3A10931DF28C,KI,PG,2,10
9581AEE7-3734-5EB3-B504-3A10932BBC41,KI,PG,3,10
38EEA513-F478-3A0E-E06D-3A1093312F51,KI,I5,5,-10
89480FDC-3CDE-3BAB-E91C-3A10938F1B4F,KI,H5,10,-11
F11805DD-EB8A-1726-A7FC-3A1093A3DD47,NR,TV,12,12
E514B0BE-9DFD-9F45-D13E-3A1093BC5C4E,NR,NR,12,12
62413DC7-441A-BE8D-D7DD-3A1093BE39ED,MH,TV,12,12
25553695-190F-7251-E1F5-3A1093CFDB0F,NR,I4,12,12
265CC99C-DAD5-0B7C-FDD9-3A1093CFF371,MH,TV,12,12
8CD49F87-006F-176B-6BB3-3A1093F481DB,NR,NR,8,12
2B9864AA-78FC-F53E-F8C1-3A10940412F3,NR,TV,12,12
B98382C6-2AFA-9E18-01F8-3A10973E3A65,FM,H4,1,-11
F2F43030-16FB-AC12-3309-3A10973E5257,FM,PX,12,12
7EA50C6C-6F56-F18D-DFC5-3A10973E5A03,KR,PX,1,-11
5DB80AFD-4A7E-CED7-B387-3A10973E70EE,NR,GL,1,12
115D8426-AA5D-115E-F8A1-3A109C637F48,JP,FM,12,9
45A30DAD-2BCE-3DD3-DF50-3A109C63D506,KI,TV,12,12
5751448D-CA51-A233-1CD2-3A10A189E90D,FM,PX,1,-11
102568EB-950F-0CF5-C790-3A10A6B0A22B,PG,SB,1,12
3B982F66-3143-2D7D-30EA-3A10A6B0AF79,MH,GL,1,12
085FB662-F051-586E-90F4-3A10ABD71748,PG,PG,1,10
10B3E46E-D624-4E24-DE92-3A10B0FD47FB,PG,PG,1,10
E2D3DCC7-F237-3AE1-56D8-3A10B0FD5897,KI,GL,1,12
45FD9DA0-0912-3790-A52D-3A10B0FD7AE0,FM,PX,1,12
171A8839-A122-1682-2EA0-3A10B2754DF5,VU,H5,11,-11
078A2885-7565-38EC-0E6C-3A10B28FDFB7,VU,H5,12,-11
BC049A60-72CB-1E86-9C02-3A10B299B042,VU,H5,10,-11
63888457-785E-DB20-CC93-3A10B623A37A,FM,GL,12,12
54246405-4762-2737-73C6-3A10B623AE12,FM,H5,1,12
6D8386DA-0508-D5A7-0001-3A10B623BD52,NR,SB,1,11
EB875091-26B7-AD02-AD11-3A10B623C7AE,TV,PX,1,-11
061EB52C-97BF-8AD0-25CE-3A10B623DF0C,KI,PX,1,-11
59587F64-BA6A-3C1A-F45E-3A10B714748E,KR,GL,12,11
D0A96C12-E5F0-DDA8-5F4B-3A10B72A250A,KR,PX,11,-11
86F2F8B8-30FB-9553-1636-3A10B73AA008,KR,PX,12,-11
69A0CB69-398F-39F1-6297-3A10B7AB0B13,KR,GL,6,12
1BB516E2-6596-A910-6249-3A10B7B81F6D,KR,TV,12,12
0B89BCB3-0B76-AC27-D9BC-3A10BB48BCD7,PG,PG,12,10
0236791C-40A2-46CA-E20C-3A10BB48E3CA,PG,PG,1,10
26B0C287-279A-069C-51FD-3A10BB48F431,FM,PG,1,12
5A1AD67C-56FE-AC81-231C-3A10BB490768,FM,H4,1,12
3A1EA4F1-6E4E-ECED-5955-3A10BB491560,FM,PX,1,12
3696F289-DB88-11F2-B1A6-3A10BB4922B1,NR,GL,1,12
4278D7E9-0101-E28B-9409-3A10BB49422F,KR,PX,1,12
20BEB2EA-718F-9831-C95D-3A10BB495CF2,PG,PG,1,10
E37A9100-E87F-0B00-9878-3A10BBFB990D,KR,PX,12,12
F2709DE4-7C2F-4763-D20B-3A10BCEBA4AE,TW,MH,1,12
ABAA0FD9-8630-3AB0-C0CF-3A10C06F612E,FM,PG,12,9
33AD08AB-F272-2875-3323-3A10C06F7DBE,KI,NR,1,12
7168DEB1-3F94-B760-0A10-3A10C06F94B1,KI,H4,1,9
01C0045E-FED2-9845-98B0-3A10C06FA3F6,FM,MH,1,12
F93C0B20-8929-850E-549B-3A10C06FD070,KR,PX,1,12
7CBB250D-CA4B-DA22-A1B5-3A10C59555A2,FM,H5,12,-11
48CA0F10-C25C-970A-5A89-3A10C595D594,NR,GL,1,11
17A8A3FC-B96D-3606-A0EF-3A10C595E8BC,NR,GL,1,12
F29C7942-31A0-56DB-2B22-3A10CABC2296,TW,PG,1,12
2ED05A96-36BB-BB29-DD5C-3A10CABC40C4,TW,GL,1,12
CA2DDD23-2E36-BCFC-3FD0-3A10CABC7B3B,MH,MH,1,12
B4681C14-E0A2-50B3-F813-3A10CFE2D57E,FM,GL,1,12
20703288-DD5E-C92B-A948-3A10CFE2EDDA,PG,PG,1,10
BCC06DBF-8FDF-FE5B-2B23-3A10CFE32CC4,PG,PX,1,12
680341F0-D6AF-BE0E-EC44-3A10D508D36F,ES,CK,1,-10
9633320F-1E7F-9974-DDB6-3A10D508F8D6,MH,GL,1,12
4C9D2B07-B417-D913-4BD8-3A10DA2EBDE4,FM,PG,1,9
852A0A7F-03D7-F59F-2338-3A10DA2F1E57,FM,H4,1,12
87F5A0A0-C511-B9D2-20DC-3A10DF573A5F,FM,H4,1,12
A92A2248-BC79-5CE1-A785-3A10DF578542,KI,NR,1,12
78AC3D25-8927-7238-DC43-3A10DF579812,MH,GL,2,12
78AC3D25-8927-7238-DC43-3A10DF579812,MH,NR,2,12
78AC3D25-8927-7238-DC43-3A10DF579812,MH,PG,2,12
2E00CA69-6DFC-2B41-63B0-3A10DF57A324,TV,H5,10,-10
DD3DB70B-F379-69CE-F2FE-3A10E47C2024,US,CK,12,-11
DD3DB70B-F379-69CE-F2FE-3A10E47C2024,US,LN,12,-11
EDE8B63B-2C62-A340-CC08-3A10E47C93FC,PG,PG,1,10
F6A07FE8-2CC1-6923-20B8-3A10E47CB8AD,NR,MH,1,12
6571714B-94C0-674F-0E50-3A10E47CCCE6,PG,PG,1,10
E31C4929-9D5A-B2C3-6E41-3A10E47CE5CE,KI,PX,12,-11
18023BA0-5100-0409-FADB-3A10E9A2727A,MH,TV,12,12
8B5A68B8-EFAE-030D-E406-3A10E9A2E3D2,TV,PX,11,-11
38418816-C0F7-3017-E060-3A10E9A302CC,TV,PX,1,-11
30F891C6-0346-3278-19F9-3A10EEC838E5,PH,PG,1,10
CB6A8E96-8B91-4A59-4B91-3A10EEC84CC7,US,I5,1,-10
FE9C7864-F1F9-B05A-54C0-3A10EEC86450,PG,PG,1,10
165F8962-4763-4393-C51F-3A10EEC88709,KR,PX,1,12
5214FC5D-F243-4B43-414B-3A10F3EF890D,MH,MH,1,11
69AB96E6-3E80-C519-E28B-3A10F3EFA295,FM,MH,1,12
6A65BA81-5D8E-5AE2-B7E6-3A10F3EFDB2F,FM,GL,1,12
3C03C435-240D-796C-EA29-3A10F3EFEAF6,KI,NR,1,12
631590E6-D3B7-B506-3276-3A10F4A8CCB9,KR,PX,11,-11
01ACEE96-397B-B063-DCFB-3A10F4DA5A99,KR,LN,9,-10
3F1EE68E-759F-70C2-1C93-3A10F4E9C0BE,KR,PX,11,12
AA82CC36-AF16-EB80-1B87-3A10F5694E99,KR,PX,12,-11
DE7D6192-5C8B-CD30-0972-3A10F914E685,TV,H5,12,-11
DC596D0F-D389-3AD1-25EC-3A10FB33868D,FM,H5,10,-11
D29C2C57-A6C7-7E07-CA92-3A10FE3BB987,TW,MH,1,12
89310468-976E-CCB6-E01C-3A10FE3C0042,PG,PG,1,10
A4E697B2-9E78-ACFA-DB0B-3A10FE3C0D6F,PG,PG,1,10
06245A50-2B99-566F-1401-3A10FE3C30AB,TW,NR,1,12
58664524-4224-66BB-4548-3A10FECB3446,TV,LN,8,-10
B7D56DDD-3419-6EC3-FE65-3A11002F52D8,TV,LN,7,-10
88A6FCBB-ADCE-5ED6-F2BC-3A11034A91AA,PG,GL,1,12
8128C280-7B77-1F41-7198-3A11034AAAAA,KI,GL,1,12
891C70E3-290F-FAA6-D36B-3A11034AAF14,PG,FM,2,10
DB20B5F8-AB1C-CC19-37F5-3A11043C33BD,EC,I5,1,12
DB20B5F8-AB1C-CC19-37F5-3A11043C33BD,EC,IW,1,12
36C8DCA0-8C22-2E0D-59D2-3A1105233955,TV,PX,11,12
F779EA9F-A812-181B-0EC4-3A11053B97B9,TV,LN,9,-10
DCD141BB-906E-A0A9-4D66-3A110548C6ED,TV,LN,8,-10
E9F9C356-3968-4DB8-1CF8-3A1106D7E7B8,TV,,9,12
4C917956-8DF9-FD5E-64D8-3A110907A8C3,TV,H5,12,-11
EF85E8E4-245A-FFD5-5FF0-3A11090AE31B,TV,PX,7,12
47F98908-C989-9126-D0F7-3A11095958CA,KI,TV,12,9
565534A4-5B98-9817-59CB-3A1109854D6F,KI,PX,11,12
170F4CF5-897D-FF6C-854B-3A1109BA8B8C,KI,,10,11
1C2D8803-4CEF-1F0F-8D83-3A1109EC6C82,KI,LN,8,-10
67BFA834-A4E1-3744-3619-3A1109FCF14F,KI,LN,9,-10
04D4EAE2-ABA2-05AC-411E-3A110A14AE15,KI,H5,10,-10
EDD2B7EC-F63B-71DA-5DAD-3A110A209ACF,KI,H5,11,-10
EDD2B7EC-F63B-71DA-5DAD-3A110A209ACF,KI,PX,11,-10
7BBAFC9B-6EA7-3CEF-8D8C-3A110A494E86,KI,PX,9,-11
320DFCBD-DA5D-52D1-CBDF-3A110A5E55AF,KI,H5,12,-11
C83FDFEF-2DCC-AA4D-371C-3A110A66E34C,KI,TV,11,12
7321F3C7-A328-2E43-1E82-3A110A7D5300,KI,PX,11,-11
44C0A828-2F74-A4D1-1452-3A110DAC1E0C,US,,9,-11
CEC97755-8C7C-1FEC-0177-3A1112D300CD,KI,GL,1,12
72F14E5E-E06B-8583-FE0F-3A1112D30AEF,US,I5,1,-10
AC031534-CE2A-CF34-5102-3A1112D315D6,SB,SB,12,11
32BDA3A6-6F27-BCCB-8523-3A1112D3255D,TW,GL,1,12
944A5D6C-9C63-E47D-8CCB-3A1112D32AFB,KR,GL,1,12
AAB80D7F-4DA1-35A1-87EE-3A1117F9CF15,PG,PG,2,10
A50A486B-6699-FD40-55C4-3A111892A543,TV,GL,12,12
E5DFC0AB-8D56-D2A7-43B1-3A1118BF06CD,TV,H4,10,12
5202183F-5564-47C5-7F4F-3A1119C0F146,KI,H5,10,-11
A9C9F9E1-A10F-AA5E-BAC6-3A1119CB0812,KI,PX,8,-11
7F73A933-218F-B698-FC4F-3A1119D71F98,KI,TV,12,12
CEF1AFC0-2ED9-4BE2-6C93-3A111D1F9E8B,KR,PG,12,11
1640C108-7983-9DB5-29B3-3A111D1FCEB0,FM,GL,1,12
C237D37B-54F4-977E-C653-3A1124A3588F,PH,I1,1,9
23259A23-B201-305E-F541-3A11276CD41C,KR,PX,1,12
1A90CDB4-225A-D388-4BB1-3A11276D60CB,PG,PG,1,10
29D31F62-3727-40C0-6C84-3A11276D8454,PG,PG,1,10
11B6CB45-BBCD-74E4-64A6-3A11276D9083,FM,PX,2,12
94BF3D50-583B-4659-32DE-3A11276DB857,KI,TV,2,12
8E083078-ACCE-6283-9614-3A112C92635A,KR,PX,1,-11
DBABFBB3-86EA-B247-9C31-3A112C926D9B,KI,PX,2,12
8527DE36-E659-0BDB-AF33-3A112C927E89,MH,FM,2,11
78AFBDD6-AC0E-59F5-71F8-3A112C928282,FM,,2,11
8B8DE3CB-0747-1D0C-5337-3A112CCCDC08,CK,I5,7,-10
A889F9A7-B7E6-9730-1704-3A112EFD0147,PH,I1,12,9
65A7B1B1-B053-0F29-E185-3A1136DEF9B1,US,H5,1,-11
8AD242AD-9C33-2D34-6A94-3A113C052B0D,KI,NR,2,12
2A95D89D-7559-E3CD-8D39-3A113C8D8670,PG,PX,2,12
5AAE61C1-1E8D-CAA4-1837-3A113CA1F911,KR,TK,2,12
091A3CD2-E1AA-D8A5-EA58-3A113CB55E1C,KR,PX,2,12
9154612A-0168-F2CB-CB76-3A113CC56B39,MH,FM,1,12
A1621176-380E-94CA-59DC-3A113D7274CC,TW,FM,2,11
C4DFCCE0-220E-A51C-4736-3A11412BA23E,SB,PX,1,12
78446BE1-87E2-2BDD-5BB3-3A11412BAA19,US,I5,1,11
7115EF70-47BC-C4F2-2A8E-3A114202B117,KI,NR,12,12
E91BCE03-CB24-400D-FCEA-3A1142607FC5,CK,H5,3,-11
4C66FBBC-C19E-46B6-BEDE-3A114297975A,KI,GL,11,12
1591EDA1-9962-6976-FB23-3A1142BF646B,KI,GL,11,12
9BCF2401-8DB2-1961-8E5E-3A11430E8727,KI,GL,7,12
83F02F8F-B6AF-4549-4912-3A11431DE26A,KI,I4,5,12
7DD082D4-EE0A-F3BC-A65E-3A1146527CC5,TW,FM,2,11
FA004C99-BD24-3D7F-FAB2-3A1146FEB7AD,KI,MH,4,12
CF8B0C7D-A51A-3C86-702F-3A114716BCE7,KI,GL,3,12
144B23A6-E357-B220-C6C6-3A114729A2C7,KI,PG,1,12
B55A9187-AC3E-93A7-0F38-3A11473C9E4D,KI,GL,12,12
B55A9187-AC3E-93A7-0F38-3A11473C9E4D,KI,NR,12,12
82B03986-5FDE-F41D-0185-3A114751B789,KI,I4,11,12
BDA684A6-88FF-3C9C-D20A-3A11479CA94C,KI,GL,10,12
D993544F-E0CE-5DC6-90B1-3A1147CF4F54,KI,GL,7,12
18745DB8-B73A-AF3D-E600-3A1147E03718,KI,GL,12,12
AC43DF9C-3447-7C50-E920-3A1147EBEA59,KI,GL,8,12
845158EE-E259-D745-FA2A-3A1147FE4DF4,KI,GL,1,12
845158EE-E259-D745-FA2A-3A1147FE4DF4,KI,MH,1,12
845158EE-E259-D745-FA2A-3A1147FE4DF4,KI,PG,1,12
75C540CF-BEA7-10D6-A148-3A11481DEBF4,TV,PG,1,11
44D04F67-737D-649F-3B1B-3A114B78C88E,NR,FM,2,11
44D04F67-737D-649F-3B1B-3A114B78C88E,NR,PG,2,11
A5D10FAA-B4FC-F113-9DB9-3A114CD6E0B2,KI,PG,2,10
5A6203AB-4B04-42D4-286A-3A114D08D4C5,KI,LN,5,-11
35344D6C-039C-7229-C8DA-3A114D353AFD,KI,LN,8,-10
98675008-CC37-AAE5-87F9-3A11509F0F59,KI,MH,1,12
B5606405-37E0-C201-7EDF-3A11509F3ACF,SB,SB,2,11
2B493D61-62F1-4C92-9CC3-3A11509F4309,TV,PX,2,12
0F1ED484-1769-C58D-BA0F-3A1150AD6D53,CK,CK,12,-11
92D5B010-A1B6-36D6-0B8C-3A1151EDE68B,KI,PX,2,12
4B1E8A72-2023-7106-8780-3A11526DCEF9,KI,TV,1,12
30514614-8C15-F8C4-8483-3A115289587C,KI,LN,7,-10
5CC65606-56CC-F169-11FF-3A1152953847,KI,H5,6,-11
5CC65606-56CC-F169-11FF-3A1152953847,KI,PX,6,-11
B189493F-754E-7A58-ACA1-3A11529F6463,KI,LN,5,-10
006EC461-9E3C-39D3-1330-3A1155C58AB0,NR,GL,1,12
08865647-6B4B-EB16-94D2-3A1155C5AD2D,FM,PG,2,11
B5F69658-DE62-0DA4-9FB3-3A1155C5C8F4,MH,NR,2,11
8A0C4A65-7504-BD50-95D3-3A1155C5DF5B,FM,NR,2,12
692D6341-404A-31E6-B0B7-3A116011C0D9,NR,FM,2,11
E3DDCEEA-C206-650C-DD4C-3A116011CAFF,MH,FM,2,12
3D6AB7A5-D0B2-D59C-CD5A-3A1160B9AC2C,PG,PG,3,10
93097B24-852C-FDA0-3107-3A1160C7696D,PG,PG,4,10
7F0A1565-3976-D4F4-64F9-3A1165387D8F,TV,FM,1,10
DE702BE3-193B-8EEE-A989-3A116538960D,KI,FM,2,11
EE549F89-5DF8-E8D6-F8F9-3A116538AD46,PG,PG,2,10
34D5A4C1-675D-532D-81C9-3A116538B86D,FM,FM,2,10
0570A477-EB3B-7CFC-EB56-3A116671335E,KI,I4,12,-11
334352F7-CC67-1D8F-C9E1-3A116686D39C,KI,H4,11,12
13B5D9D2-43A0-7C66-64BB-3A1166988EB3,KI,GL,10,12
A89B50D5-0A3F-5A1E-DFBD-3A1166A878BB,KI,GL,9,12
14AF12DB-65D0-6346-7819-3A1166BE318B,KI,GL,1,12
B2F5FC6B-A41E-8CBE-49CD-3A1166F30EE0,KI,GL,8,12
69D20890-8310-91C9-7EB0-3A116710881B,KI,NR,7,11
101415A6-37C6-0A3B-C8A7-3A1167264A33,KI,I4,5,-11
3A8C3DAC-E9AF-FAF2-BE53-3A116A5F0F4C,KR,PX,1,12
58E8B08C-62A0-D379-0660-3A116A5F28F1,JP,PG,1,9
DAA03E7C-CB87-2650-C983-3A116A5F35F0,TW,PG,2,11
EAB89ADD-7ECE-4F9B-DDD6-3A116A5F44A2,FM,FM,2,10
EAB89ADD-7ECE-4F9B-DDD6-3A116A5F44A2,FM,PG,2,10
F25A031E-120C-2982-30D4-3A116A5F99D2,FM,NR,2,11
9457FD3D-B3F1-2F0E-C92C-3A116A5FACE5,MH,SB,2,12
7BF86BD2-10DA-9307-A6D9-3A116A5FB455,PG,PG,2,10
A8BBFB91-8449-D191-BF88-3A116AE928F0,KI,GL,4,12
3345D1F5-9D94-5032-D905-3A116B1C1A0D,KI,I4,3,12
A305B329-DED2-9D44-1F3B-3A116B2ADF5F,KI,GL,10,12
1EFE23D8-267F-F7FA-2960-3A116B48D408,PG,PG,2,10
5435F099-7AB1-F83B-E91C-3A116BB2C4A5,NR,FM,2,11
131D6324-6481-405E-2D57-3A116C0ED88D,KI,SB,12,12
A16343DB-E310-007B-44EB-3A116F853B76,KI,FM,2,12
E7F582D5-E6DB-B7C6-29EE-3A116F854D3B,PG,PG,2,10
3334F2DB-A2D6-7D34-9D81-3A116F8557A2,NR,FM,1,11
88EFB0E7-3277-9287-E672-3A116F856E70,TV,SB,2,11
B8BEDF70-01CE-72E3-A7B3-3A116F857421,TV,H5,1,12
C375A00C-B400-9024-07B0-3A11702788DF,NR,FM,2,11
C375A00C-B400-9024-07B0-3A11702788DF,NR,SB,2,11
2B7D5797-BF5B-8D74-78DB-3A117167FB84,KI,TV,10,12
7426C929-C48F-2401-AE10-3A1174AB02BE,FM,PG,2,11
FB2398FE-8037-5A76-A0E5-3A1174AB113F,TW,FM,2,11
85032EB5-A2B5-5813-DD63-3A1174AB44E2,PG,PG,2,10
E0FD989D-1EEC-2E0C-61A8-3A1179D1D0B3,FM,FM,2,11
26E93A88-8771-4CFC-BCED-3A117EF7BF18,PG,PG,1,10
CB44462C-89D6-BA4E-78F0-3A117EF7CACF,JP,PG,2,9
AA8DCD45-DB16-DADA-C2F5-3A117EF804B1,PG,PG,2,10
2FC9E466-EBA0-2FAB-A04A-3A11841E18BA,SB,SB,1,11
AD30D34A-967F-C219-F8F6-3A11841E22FB,JP,PG,2,9
E8AF75D5-B250-EC0D-CEE1-3A11841E3328,US,H5,2,-11
E8AF75D5-B250-EC0D-CEE1-3A11841E3328,US,I5,2,-11
2A40EFEB-410B-F019-853F-3A11841E4552,KR,PX,2,-11
D709075C-1F72-2F10-1BD3-3A11841E4AB4,KR,PX,12,-11
73679195-7B45-8744-947E-3A118471BFC4,PG,MH,2,11
73679195-7B45-8744-947E-3A118471BFC4,PG,NR,2,11
7E30C0CD-40E9-314E-B16A-3A1184A1E074,KI,H5,10,-11
D8B4C947-CCB9-A311-1D9D-3A1184AFA43A,KI,PX,11,-11
73FAA6A9-EC57-03D2-E9D7-3A1185003D88,KI,I5,11,-11
48871B55-F4B1-B2E9-F96B-3A1185260BAD,PG,PG,2,10
B7AB7D5C-7E7A-A79D-4444-3A118543BD1A,PG,PG,11,10
3760B2E9-42CC-4CE4-D7A7-3A118600216A,PH,PG,12,10
4DA8FC42-4301-9117-9499-3A1186590603,KR,PX,2,12
355276DD-6E19-EC16-E28D-3A118945189F,FM,FM,2,11
DD90B906-4A02-66D7-B981-3A11894568FC,KR,PG,11,11
839DBCC9-F80E-6BB3-B12E-3A1189457771,TW,FM,2,11
18448757-5BD4-3938-74D2-3A1189458624,KR,PX,1,12
26548977-31C2-8548-F132-3A118945C08E,KR,PX,2,12
C7164E6F-AD63-6B0B-9DD4-3A118A05DAEE,JP,PX,11,-11
FFB21DA4-921D-A267-8752-3A118A506CAA,FM,FM,6,10
F0050D12-133A-6A33-BEA0-3A118E6ADE5B,JP,PG,1,9
E9B14667-B8DA-169C-5F38-3A118E6AF3CF,FM,PG,2,11
8E160A61-64A0-1670-D377-3A118F810E57,KI,LN,9,-10
3A5B0B17-75F4-3CD7-702F-3A119391AC9B,FM,PG,2,11
CB2499CB-D54B-3B26-46C3-3A1194CFB0F6,MH,FM,2,10
847FCDA9-F4AD-4DDB-1DA1-3A119598DF90,KR,SB,3,11
1389318C-43E8-B101-718A-3A1198B87829,PG,PG,2,10
3F5296F4-CCCC-E1CC-A536-3A1198B87F94,US,,3,-10
A7AD38B6-AEC0-0538-A0BC-3A119DDE3F09,KI,TK,2,12
AE7F18D0-C071-10EF-25CD-3A119DDE5CB2,PG,PG,2,10
DA7672E1-A17B-C99A-FE1B-3A11A304C06D,PG,PG,2,11
D5474123-FEBA-2768-66F0-3A11A304D316,MH,,3,11
D1C20870-EF05-B8E7-407A-3A11A304DDC1,KR,SB,2,11
D52CE460-ED9B-C67D-3C75-3A11A82AA9C1,FM,PG,2,11
D52CE460-ED9B-C67D-3C75-3A11A82AA9C1,FM,SB,2,11
0626CB75-89C4-CA9E-CAD0-3A11AD51C9F4,NR,PG,3,10
4F36F1CA-13C3-B92F-0ABB-3A11AE3FDE08,SB,SB,11,11
17FC12CE-F4E1-76E5-A2DE-3A11AE773A21,EC,I5,2,-5
22ACEC6E-6CB7-5F48-0291-3A11AF40DB30,FM,PX,6,12
2C9EA6D4-0A71-E91A-EF79-3A11B277299A,MH,PX,2,-11
5F02139C-73E1-D7B2-55B8-3A11B8336BFA,FM,I4,1,12
1819E4F5-4D5C-AC2B-B0EF-3A11B86ABCE0,FM,H5,10,-11
2935D5C8-6048-225A-C612-3A11BCC25029,FM,PG,2,10
A9697CD3-EF4B-FB7D-7740-3A11C1EA2BDB,FM,PG,2,-11
0B58F476-98B6-A643-3133-3A11C1EA360F,KI,PX,1,-11
BC2BE2C7-3648-E0FC-418D-3A11C1EA4B6B,TW,PG,2,11
17642E4B-3535-4B82-CF45-3A11C70F091D,JP,PG,1,9
21AF218D-F083-A8F5-26A3-3A11C70F1D9C,TW,SB,2,12
C0D5CECC-B17E-7903-C678-3A11C70F3690,TW,SB,2,11
9DD5821E-47B5-24AB-8935-3A11CC3571F3,JP,PG,2,9
B37B6AED-F41C-10A7-0A25-3A11CC358CE6,VU,PX,2,12
C5885919-CED0-3054-8390-3A11CC3592CF,MH,,3,12
4E9AEE92-BB60-4F17-BC1C-3A11CC3598C5,KI,PX,1,-11
426D0291-DB1D-0CCE-3F66-3A11CDA0BDC9,MH,TV,3,12
E5E5FCAC-7846-5EC0-E570-3A11CDD6F15E,TV,H5,11,12
E5E5FCAC-7846-5EC0-E570-3A11CDD6F15E,TV,TK,11,12
990BB7A4-F989-51A3-821D-3A11CF36C6E0,PG,PG,12,10
C60B482F-C137-8524-1F75-3A11D15BB0AD,FM,PG,1,11
5CA41888-DA7B-CE0F-7AA6-3A11D15BD77E,PH,FM,2,11
7B467BB2-8EC2-D1E8-CB98-3A11D15BEC12,TV,H4,1,-11
AAF7FD1D-A717-DC2F-6A93-3A11D1A64C2A,PG,PG,1,10
129EB85A-8590-A31E-063D-3A11D2673CD2,FM,TV,1,12
1F1C0CA8-BABC-36DE-233B-3A11D26AA3CF,FM,,7,9
93C9B3C3-916C-A91F-E411-3A11D68227C0,KR,TK,2,12
BBF76CE1-0713-4259-03B4-3A11D6825018,KR,SB,2,11
E0A0433F-B613-7578-12AA-3A11D8042B54,PG,PG,3,10
7C217316-F95B-8FA5-3057-3A11D80EF473,PG,PG,3,10
CE9FD041-4C04-1776-0FA4-3A11D82BEFEF,NR,,8,9
CE9FD041-4C04-1776-0FA4-3A11D82BEFEF,NR,,8,10
F44188F9-9CA8-4DF6-B991-3A11D8305E20,SB,SB,7,11
CE96BA3C-7FBC-DC7F-78DF-3A11D8312CD3,NR,NR,2,12
C33EF5F9-C74A-EAF4-9EA0-3A11D850E99E,NR,,8,10
C33EF5F9-C74A-EAF4-9EA0-3A11D850E99E,NR,,8,11
C33EF5F9-C74A-EAF4-9EA0-3A11D850E99E,NR,,8,12
B1A73B77-3CE9-9927-3D4C-3A11D854315D,NR,,8,10
B1A73B77-3CE9-9927-3D4C-3A11D854315D,NR,,8,11
AA502A58-114F-29EC-EEAE-3A11DA5C55EC,PG,SB,2,11
A56C3FC5-29B0-2F36-BA08-3A11DBA9EEE1,FM,FM,2,9
A56C3FC5-29B0-2F36-BA08-3A11DBA9EEE1,FM,PG,2,9
487D7E76-FDB5-8289-169D-3A11DCDFE9BB,TV,LN,9,-10
E2039EF7-B70F-FC30-9325-3A11DD7B781B,FM,PG,10,11
4BE90D5B-9702-D43F-E2DF-3A11E0D03F3C,JP,FM,2,9
65CAF548-43AB-2A2B-EC8D-3A11E0D0503A,PG,PG,3,10
7852D545-8FB3-BDEE-D76E-3A11E1139E7F,FM,FM,11,11
6E9A97A4-2715-6B70-059D-3A11E5F6ABA6,KR,SB,3,11
95DE45EE-5B1F-F063-8BF9-3A11EB1D1F30,FM,FM,2,10
95DE45EE-5B1F-F063-8BF9-3A11EB1D1F30,FM,PG,2,10
C6AF2C5A-6430-78FD-3D1D-3A11EB1D3A67,JP,FM,3,9
24A0E701-E9EA-650D-6B8A-3A11EB1D59BC,KI,PX,3,-11
98C917D0-B017-8E9F-202F-3A11F04362FB,TW,FM,2,11
D10083BD-6140-B58D-AA56-3A11F0436E28,NR,FM,2,11
7A86D97A-F889-19F3-AAC8-3A11F04378CA,TW,SB,3,12
804D52B3-6CBB-4C20-11A7-3A11F04383C8,TV,SB,3,11
E46DC5C7-7BC2-8D8B-FFFE-3A11F04393BD,NR,FM,3,11
062C4ED2-5354-DF29-8ACA-3A11F569C82B,JP,PG,2,9
4FD2263A-FA0C-1FF4-76DE-3A11F569D704,US,I5,2,-10
06CB8E7F-CA08-0EB9-3E97-3A11F569F279,PG,PG,3,10
F5D869CD-AE65-4067-4D06-3A11F5D8EE97,VU,PX,3,12
2DFBC2BD-F162-1FD7-28DA-3A11F6B1908E,PH,I1,12,9
D244575A-DC5C-797E-E134-3A11F6C250DE,PH,I1,1,9
BE76007E-206A-BEE1-6361-3A11F6C5EC5B,PH,I1,2,9
0A94FA6D-2CFA-D686-48E9-3A11F7082F95,PH,I1,3,9
E0032D32-E4E5-9513-9C18-3A11F7F20D17,PH,I1,2,9
8A9CC08A-C711-D17F-4B9C-3A11F801503E,PH,I1,1,9
073229DA-3DED-4EA9-6A56-3A11FA9002DE,US,H5,1,-11
AD58DD0D-3EFA-F5D6-9424-3A11FA900FE2,FM,MH,2,11
584603A5-88EC-AC47-C3A5-3A11FA901878,SB,SB,3,11
1B64F3D2-F789-D1E0-05EC-3A11FA901FEC,PG,PG,3,10
CC7144DC-6E17-B8E0-039B-3A11FA9036D4,TW,FM,3,10
A22D3574-41DB-175B-042C-3A11FA904390,SB,SB,3,11
40EE48D5-D736-2A58-EAE6-3A11FA904A6C,SB,PG,3,10
08A15337-EF46-3A8C-58F0-3A11FA9058EE,NR,FM,3,11
2E7F306C-2B32-2FA2-93D4-3A11FB40F43F,KI,GL,11,12
6CB719CC-9223-CB6C-1B04-3A11FB605DAD,VU,TV,3,12
0875BD63-612E-7CED-A57B-3A11FC307F57,KR,PX,2,12
A15C22B9-BA29-65AD-3B8D-3A11FC548B88,PG,PG,4,10
6067D27B-B31A-5A11-16A1-3A11FC646D44,PG,,7,10
6E184968-6541-9C1A-F4DB-3A11FC67F33F,PG,PG,4,10
B77CDB51-4B6B-9B5A-FC1C-3A11FFB69F7F,FM,H4,2,12
AC3E2DA2-7AA7-E31A-F478-3A11FFB6B200,JP,FM,3,9
98DF0001-F49C-3B2A-4871-3A11FFB6DB2A,KR,SB,2,11
A37C439F-85D8-B241-92CD-3A11FFB6EC85,PG,PG,3,10
64B1E8EF-8FA7-7427-5DD9-3A11FFEC2CB2,NR,PG,2,10
F878694A-0B44-D134-5C6A-3A11FFF19EA8,PG,PG,11,10
DBD40EA1-1C34-3520-7E1F-3A120000B64E,PH,PG,6,10
E7190230-7B2F-F6E2-22EE-3A1200139B2B,PH,PG,7,10
77656277-2B1C-DEF0-6D8F-3A120099A958,KR,TK,3,12
833918D7-B7A7-A228-95EA-3A12009E229A,PH,PG,11,10
89CA5F7F-9C7C-DEB8-C15C-3A1200D019CE,KI,NR,1,12
B58C9AA7-ED8B-C218-5F34-3A120173B912,KR,PX,11,-11
B6BFC825-E01D-CAE1-DE70-3A1204DCAF3E,KI,GL,1,12
2CDE292A-945A-1232-1B0C-3A1204DCE7FC,PG,PG,3,10
A104AB97-B467-92C6-3575-3A1204DCF9FF,MH,TK,3,12
C417ABE1-81AE-57ED-6C28-3A12051E1360,PG,PG,1,10
5DC781D6-B56D-9B75-AD69-3A120530E543,PG,PG,11,10
F2730CCE-EAE2-C2DD-26AC-3A120A02F671,KI,GL,1,12
7F6B7650-51FF-0929-A3D8-3A120A03066B,FM,PG,2,11
43D28BCF-D884-DF8D-5186-3A120A0315E6,SB,FM,3,11
20710684-C9CA-BC68-C7EF-3A120A03377B,PG,PG,3,10
5FE0F2A2-086C-96E3-1D61-3A120A035416,SB,PG,3,-11
28C21CCE-9F7F-D9D1-7EC7-3A120A036EBC,KI,TV,2,12
AE2CCACD-628E-B69E-11D3-3A120A038372,KI,GL,2,11
F5235746-9BDA-DF09-54F6-3A1214BF4FEC,TV,TV,1,12
0FF4751C-CAFB-1577-E01F-3A1215D0A8FB,PG,PX,11,-11
D5F522DB-0040-D13A-24EF-3A121976419F,FM,PG,3,11
D8567042-C87F-AE25-7D35-3A1219764BEE,SB,SB,3,11
1C0E6A90-DE4D-A5BF-2946-3A1219765B95,FM,FM,3,10
22EF6463-8B24-AD62-8375-3A1219766341,TV,FM,3,10
413C7BEE-65A9-0E56-447A-3A121976B2DF,PG,PG,3,10
24937213-7B0D-A4D1-4B14-3A121976BF88,PG,PG,3,10
7B7CA367-6841-F7DE-13C8-3A121976C751,KR,SB,3,11
DABE1BF8-F947-C8F9-11A5-3A121976CEEF,NR,FM,4,11
CC7CF7EA-03BF-8450-542B-3A121976D8ED,FM,FM,3,11
C8843062-F48A-2327-22AF-3A121976EB49,PG,PG,2,10
58DF1971-4FBB-E6D6-4E97-3A121976F0BB,KI,NR,1,12
1BA12F23-F770-2EE2-BC37-3A121A8C0B39,NR,TV,3,12
10603897-5020-2491-AD51-3A121F68B7C2,KR,PX,11,-11
A8FB2B7F-034D-3919-17B4-3A1223C2F482,NR,,1,8
B7E9C1A6-EFF1-C2C9-E289-3A1223C3494B,PG,PG,3,10
1C16ECED-4A3A-68E5-A06B-3A1223C3B5AF,TW,PG,3,11
7BB88288-FFDC-8458-286F-3A122469B35C,VU,,11,10
D5636FB7-9B99-4809-3EA8-3A122E0F9E83,FM,PG,3,11
C8BF98B2-BEAF-792E-FF03-3A122E0FBF80,US,I5,3,-10
F40B8E34-37A9-4D60-5C77-3A122E0FEEB2,PG,PG,3,10
AE1F7554-571A-2D52-E1BF-3A122E10098B,SB,SB,3,11
E13FED9E-4503-405A-3215-3A122E1017A8,PG,PG,3,10
A7916697-059E-0800-4107-3A12391BF54E,KI,LN,4,11
1431B8A1-97C0-6CAF-6802-3A123A1C78FE,KI,TV,10,12
22AB502F-EB93-F632-90DD-3A123A2AF36B,KR,PX,12,12
0A74943A-6766-81AD-CEFD-3A123A4C8D39,KR,LN,9,-10
E2342C0D-A74D-42F2-9FB1-3A123A52965F,KI,TV,12,12
21D2E068-A426-D697-E89D-3A123D82B14F,PG,PG,12,10
879C8246-1797-7ED2-868B-3A123D82C8A9,FM,FM,3,11
3F6D1D82-1ECF-8E58-A341-3A123D82DB89,TV,SB,3,11
0BFCB66A-30C0-4C33-55CD-3A123D82ED34,FM,FM,3,11
3FBEAF8F-AC57-5D2F-D4AA-3A123D82FB85,PG,FM,3,10
E86D29FC-F59C-6808-8BC8-3A123D830DAC,FM,FM,3,11
C672D5B6-B0AB-11CE-64D2-3A123D8318C0,JP,FM,3,9
1958ED6B-9A66-9B72-B7D7-3A123D832735,KR,SB,3,11
04F6978D-7AD5-0DBA-C701-3A123D832E44,FM,FM,3,9
F508BA45-E8D8-337F-7C28-3A123D8335BB,PG,PG,4,10
DC0F0B2B-4E4E-EB7E-649A-3A123D833B3B,TW,SB,4,11
560D02E6-4BC0-9AEB-6943-3A123D835323,PG,PG,3,10
670BB232-201F-163E-BAFC-3A123D836364,SB,SB,4,11
9F284DDC-A540-A438-000C-3A123D836B2D,TV,FM,3,10
61B19DCE-BED5-E81B-329E-3A123D837572,FM,FM,3,11
43BCD700-5BF7-E014-C141-3A123D837C6D,TW,FM,3,11
E0BC42E5-C0F8-67F7-746E-3A1242A93034,NR,FM,3,11
215FDA0D-1140-27F7-AD63-3A1242A94925,TW,FM,3,-10
15984C36-8273-9B1D-A433-3A1242A95437,NR,FM,3,10
3EEE0781-72E8-A1A9-2AE8-3A1242A966F5,TW,FM,3,10
3EEE0781-72E8-A1A9-2AE8-3A1242A966F5,TW,PG,3,10
53E29682-7974-C9D9-E0B5-3A1242A96E0A,FM,FM,4,11
3B97BC4D-BDAF-5C59-EC34-3A1242A97A10,KI,TV,3,12
D7689665-AAC7-3E9A-4816-3A1243460E13,KR,PX,10,-11
980C6774-3952-CAD0-3413-3A1247CFAF1F,FM,FM,3,10
8A88C53E-CF84-E3FD-847B-3A1247CFC093,NR,PG,3,10
9D023BE2-2C85-91FE-0F40-3A1247CFEC07,KR,SB,3,11
A20DFFB7-82A1-C867-0FD3-3A1247CFF6A5,PG,PG,3,10
5B6C905D-9FBF-BD7E-6F7B-3A124CF5DB55,SB,PX,10,-11
CD56B9B4-1CC0-8634-A78C-3A124CF5FFEE,TW,PG,3,10
BBC763E0-59E4-B28E-87B8-3A124CF6193A,FM,FM,4,11
75FFF277-D75F-D203-4049-3A124CF65858,FM,FM,3,10
5F0D3E43-A5A6-3CDD-DDA4-3A12521C7C45,PG,PG,4,10
4B9E08F1-08E8-60AD-3205-3A12521C8979,SB,,4,10
7D595BB1-371F-A917-7DA8-3A125742EDB9,TV,FM,3,11
9F30A2B7-5068-1B29-1A07-3A125742F62E,PG,FM,3,10
B52DFF2C-ABAB-CE76-4621-3A125C699110,MH,GL,4,12
942FF19F-441B-EED6-961D-3A125C699B4B,TW,FM,4,-11
E9658BA3-218C-0708-072A-3A125C69A700,SB,SB,4,11
872D202B-A33C-D6E9-D9F7-3A12618F65F8,PG,PG,3,10
2C526A69-943C-F4A3-D7A6-3A12618F6DEB,FM,FM,4,11
F0872A63-FC1B-11EB-19B0-3A12618F7444,FM,FM,4,11
3C7C6BB0-ECB0-5545-6385-3A12618F79B8,JP,FM,4,9
52DB4737-E2AA-35AD-05EC-3A12618F90AE,KI,TK,2,12
41D940DB-5D10-482A-2240-3A1263132305,PG,GL,9,12
D68D565A-C813-B76C-4AF7-3A12631F279F,KR,TV,12,-11
FA4BA356-537D-48A0-7504-3A1266B64DFD,PG,PG,3,10
7A956D0F-D612-4962-7BB0-3A1266B65678,FM,FM,3,10
BEEDD941-A92E-BB9E-DA6C-3A12685B07AF,TV,FM,4,10
EB520373-0408-72EC-90B5-3A126BDC3913,JP,FM,3,9
0AB2C4C3-C618-7414-3AD5-3A126BDC5954,NR,FM,4,11
51CEB88F-3DD5-87D2-F12D-3A126BDC7E38,TW,PG,3,10
A86CA016-D0E4-276B-A2B6-3A126BDC8416,TW,PG,4,10
975E0230-2DB8-1C8F-82EC-3A126C61BC56,KI,SB,4,11
D6089364-EE28-9217-14C6-3A12710295DD,KI,SB,4,12
AD1FD650-4688-E450-A2B4-3A1271029DC3,PG,SB,4,11
01109EAB-F5F2-F41E-EABF-3A127102C928,TW,FM,4,10
48B22076-2635-A1B7-C3B4-3A127102D295,KI,GL,4,12
E2491E91-1C6D-801F-628C-3A127102DB25,TV,FM,4,10
E2D31549-F8B2-770A-97E9-3A127102E3CD,MH,GL,4,12
44C63F21-C5F9-AFCD-E4A8-3A127B53AE0E,FM,FM,3,9
A1FCE1CC-39ED-4E53-FE2F-3A127B53D07C,MH,FM,4,10
FF6DDEB4-3DA7-B9C2-1678-3A1280765671,FM,PG,3,10
E1F30F3A-30AA-43CF-A87D-3A1280767DFA,PG,PG,4,10
AF90D359-5F54-3E13-1BAE-3A128AC27324,JP,FM,3,9
286E2C01-72BF-4D5F-8FC1-3A128AC29D1D,JP,FM,3,9
C6A2739B-42EE-952C-4B03-3A128AC2A77E,PG,FM,4,10
A9E75503-095C-E12C-1552-3A128AC2BBDC,PG,PG,4,10
2756A54F-6ACB-E75E-3E0F-3A128AC2CF73,KI,FM,4,11
4B33EA0C-E781-98C9-CBEB-3A128AC2D6D0,PG,FM,4,10
E142B53D-E9BF-584F-FA6D-3A128FE89FED,FM,FM,4,11
86AC75AB-DB28-E365-D079-3A129A35307C,KR,SB,3,12
8B18EE37-D081-B8F5-D07E-3A129A3559A2,PG,PG,4,10
915B2906-D5ED-4F23-E04F-3A129A3571D8,TW,FM,4,11
19946A0A-D17B-60ED-88FD-3A129F5B9F63,SB,SB,3,11
0924F12A-18E2-0E8A-554E-3A12A483331C,KR,SB,5,10
FEC50F6C-6A40-9CA4-4C68-3A12A483493D,SB,SB,4,12
E422547C-9732-82E8-77C7-3A12A4836A12,KR,SB,4,11
D984D131-AD24-FE38-40DD-3A12A4837717,TW,NR,4,11
D768E175-58D6-45B7-8307-3A12A483860C,FM,FM,4,10
2D8465DA-A13C-6EB8-734B-3A12A483AE41,MH,TV,4,12
C7BCF730-F541-3524-589C-3A12A9A9B55F,KI,GL,4,12
1A0CD22A-AAF7-1372-7359-3A12A9A9C214,PG,PG,4,10
A2BDED53-1EE5-90B1-C269-3A12A9A9EBE1,PG,PG,4,10
298DC096-BA64-D415-4CCA-3A12A9A9FC32,PG,PG,4,10
D21A6205-8619-2A37-3156-3A12A9AA0A4F,TV,GL,4,10
9B3C4251-AF33-8711-9B2B-3A12AB5D9518,KI,GL,5,12
B6C805BE-DF8E-563F-7609-3A12AECE8FF5,PG,FM,4,11
26A9781C-32A3-0839-526B-3A12AECEBE37,PG,PG,5,10
91FD1C77-DC1B-C06C-92EB-3A12B09CFD1F,MH,SB,4,12
F06F13E1-F659-4926-CE48-3A12B3F503D5,US,I5,3,-10
44850FA0-239A-D472-1DA2-3A12B3F50D92,SB,FM,4,10
A10DD7A0-1CA7-7D88-2757-3A12B3F53E05,FM,FM,4,11
4AA25D3C-9039-1A16-589A-3A12B3F54A09,NR,FM,4,10
FC81B711-2F6D-2759-6A16-3A12B3F55358,TW,FM,4,10
FC81B711-2F6D-2759-6A16-3A12B3F55358,TW,FM,4,11
BF01D1E9-D3D2-02F8-F2F6-3A12BE41A537,KR,FM,3,10
AD9963BD-2DE2-E3CB-6651-3A12BE41BEC1,KR,FM,4,10
9CC9C08C-9B06-6925-8C87-3A12BE41D70F,NR,FM,4,10
65DA533E-1CAF-8ED3-9A91-3A12BE41E197,NR,FM,4,10
B911FF6F-B1C9-86A4-1E90-3A12C3685091,PG,FM,4,10
D6E10365-E60D-C313-11FB-3A12C3685AA9,PG,PG,4,10
70E33517-C4F1-D9DB-BDEB-3A12C368746E,PG,PG,4,10
C4AE81F7-3FAB-6033-1682-3A12C88ED8F8,US,IW,3,-11
959C98C6-B7A7-02D2-62D7-3A12C88EE8C5,KI,SB,3,12
34DB3FA3-2BFE-93FB-7632-3A12C88F022A,SB,SB,4,11
3A6C0722-EF58-8E8B-79D1-3A12C88F1050,KI,FM,4,10
E27CBFA4-8EF7-D34B-260F-3A12C88F2410,TW,FM,4,-11
C1164E61-8A73-B535-52CA-3A12C88F2B1A,NR,FM,4,10
0967F93C-23BD-6EF1-A18B-3A12CDB4E745,TV,FM,4,11
F08F4B1C-58B9-A1DA-B976-3A12CDB4F992,FM,FM,4,9
F08F4B1C-58B9-A1DA-B976-3A12CDB4F992,FM,FM,4,10
4A95680F-043E-3BD5-AD8E-3A12CDB5074C,PG,PG,4,10
322E68B5-9FD1-F0C4-A67B-3A12CDB52633,TW,FM,4,10
34F1D06E-BEC8-BE0B-927C-3A12CDB532B5,PG,PG,4,10
7C21A3BF-4478-2BCD-F2E5-3A12CDB53B60,PG,FM,4,10
02AB490D-C02F-82D4-006B-3A12CF7054CC,KR,TV,12,12
03B3F31F-C03D-132C-664D-3A12D2DAE95E,KI,GL,4,12
65F46634-7D0D-8F49-2AAB-3A12D85C00A4,TW,FM,4,-10
72252B1C-5D13-53CE-3A62-3A12DD27C469,FM,SB,4,11
12F3DDE2-F13F-7B43-65F6-3A12DD27CE7C,TW,FM,4,10
7FBB5C80-764D-C4FE-BCC1-3A12DD27D7C6,MH,FM,4,10
C139C190-E442-72E6-15B6-3A12DD27E823,TW,PG,4,10
C56364F9-5AB2-02BE-7ACB-3A12DD27FE4F,VU,NR,4,12
6F395587-02FF-ADD1-C20A-3A12DF050493,KR,PX,1,12
A1367FB3-9FB3-87C3-230F-3A12E24E5CD3,NR,SB,4,11
5481BB79-99D1-7D89-908B-3A12E24E6FB8,FM,FM,4,9
CCA64ED2-CB92-B1B8-C56E-3A12E24E7592,KR,PX,1,12
E604912F-8D46-0936-5C91-3A12F28EFE06,SB,PG,5,10
622BFCFC-71AF-BACD-74F2-3A12F3788190,KR,PX,1,-11
711A4DEA-1D26-4266-757B-3A12F3AE7C36,VU,PX,1,-11
0A367200-F75E-5249-402F-3A12F8BAE53B,PG,FM,4,10
ED992BF8-DF08-035C-EBAD-3A12FD643B7E,FM,PX,1,-11
448B7CD9-42CC-0F16-401D-3A1301344218,MH,SB,4,12
8643A6B2-25EF-8C04-757A-3A1301348459,PG,FM,4,10
2A6A361C-560F-8F6F-84F1-3A13013492C4,NR,FM,4,11
E1CCBCB0-57A0-7086-C996-3A130134AC6B,KI,GL,4,11
6DF7D2BE-18CA-9FFD-88D7-3A130134DDD1,NR,FM,4,10
74E90920-2676-E9E7-0A19-3A130134FA5E,PG,FM,4,10
788DC36F-B941-0C5F-DDC3-3A1301350569,MH,SB,4,12
A549EE4C-38B2-F8EB-CD00-3A13013522E6,KR,FM,5,10
99142C57-4D55-7E49-DEED-3A1301357E66,FM,SB,4,11
1E01F17B-ECF8-5DA8-889D-3A1310A79388,US,I5,4,-9
2903D5AA-F249-9B82-DA8E-3A1310A7ABF6,SB,FM,4,11
0176E2B9-7A71-A80D-F7D9-3A1310A7B38A,FM,FM,4,10
1E18DC6A-9169-BCD0-9973-3A1310A7BDB9,KR,FM,4,10
17EAB50B-B868-6692-B479-3A1310A7C781,FM,FM,4,11
7728768A-C654-5155-DAC7-3A1310A7D52D,FM,FM,4,10
CAEB80D8-CD44-8242-6D12-3A1310A7DF3A,CK,I5,4,-11
4F7C45AC-009D-03F1-3A29-3A1310A7FE02,PG,FM,4,10
4F7C45AC-009D-03F1-3A29-3A1310A7FE02,PG,FM,4,11
A7B9E8EB-969E-9BD1-6ACD-3A1310A805E6,JP,FM,5,9
8165758D-E11A-01BD-0A09-3A1310A80D5C,KI,FM,5,10
7BB14177-F723-5375-6BB0-3A1310A8297E,SB,SB,5,11
75130071-C9A8-F26A-71A1-3A1310A844D4,KR,FM,4,9
B6A1A4F3-BF00-96F0-8880-3A1310A86103,KR,SB,4,9
FCF4ACEB-F788-45E4-562C-3A1310A8667F,KR,FM,5,10
60D1E29D-14B8-7206-86CE-3A1315CDF684,US,I5,4,-9
8DD8B550-2E7E-5BCE-16D6-3A1315CE2DB7,KR,PG,5,10
B11D0C7E-5603-A429-609A-3A132A7639F3,FM,PG,4,-11
C6B6319F-2344-C80D-5645-3A132A782B78,KI,PG,5,10
C1A4CD7C-1056-B3E6-8BC5-3A132A83980F,FM,FM,5,9
ED97E7C2-DB4A-90DA-8465-3A132A86DDA0,TV,PG,5,10
8E908B06-09EC-E11D-F87F-3A132A88E493,TW,FM,5,10
1AE015B5-31A9-1485-1192-3A132A88F831,PG,PG,5,10
8C23FDB8-D028-5879-43A1-3A132A88FFF8,KI,PG,5,10
D14C9E54-DFFC-9360-71C3-3A132A890710,NR,FM,5,11
29652D2E-BEAA-7BD8-2AB1-3A132A890FA6,FM,FM,5,9
DA9ADDEC-AF13-1814-FCF2-3A132F8C83ED,KI,PX,1,12
5377CFA1-6504-FBAA-E170-3A132F8CA9C3,US,I5,4,-9
DCC6A3F1-FF54-4138-7303-3A132F8CBE3D,MH,SB,4,11
216B6C9C-46D9-F82C-98CA-3A132F8CDA8C,KR,PG,4,10
BD945B3B-2672-E282-DCE0-3A132F8CE837,FM,FM,4,10
BD945B3B-2672-E282-DCE0-3A132F8CE837,FM,FM,4,11
81DD74BA-6DF2-959A-DED4-3A132F8D0305,PG,PG,5,10
41BB5EC3-FB3F-168E-B3B6-3A132F8D129B,PG,PG,5,10
F33EBCBD-4043-2EE9-265E-3A132F8D2001,SB,SB,5,11
FFC97EB6-3ED9-DF2A-B826-3A132F8D2E65,KI,PG,5,10
DCC07424-3BC5-89B6-0BD9-3A1339DA60A8,US,I5,4,-9
7CD1ACC7-5720-CA74-74A8-3A1339DABD2A,FM,PG,5,10
2B45A2F9-104D-89AD-57C1-3A1339DACBD8,KI,SB,5,11
D84D3AA0-C415-8916-A478-3A1339DAF322,SB,PG,5,10
B584A628-37D4-1153-C774-3A1339DB1F7A,FM,PG,5,10
3DA62EBB-163E-0A58-3F2A-3A1339DB45A7,TW,PG,5,10
01009DE9-F5CF-33C9-F880-3A1339DB571E,FM,FM,5,9
76C994AB-05AE-B5EB-C643-3A133F007F01,MH,FM,4,10
4B0340B3-6BC8-8E46-33E4-3A133F00A9A2,PG,FM,4,10
6EF15367-2809-06DF-31CA-3A133FC34ADC,TW,PG,5,-10
8838DA29-AC89-3D36-B532-3A13494DB3E6,FM,PG,5,11
B615AF84-9A06-04BB-8658-3A13494DBA7B,KR,PG,5,10
A291FDC1-B8C1-7456-CD8D-3A13494DD25D,KI,PG,6,10
AE13843F-F018-48A5-AACB-3A134A272C4B,MH,SB,5,12
1E098103-F2E3-E668-465A-3A134E73260A,TW,FM,5,10
BF120C32-28DA-2338-798E-3A134E7356B8,PG,PG,5,10
154A7A05-1F6C-DDBD-E91F-3A134E73741C,JP,FM,5,9
A6B7A232-8279-E818-CC84-3A135399DF07,PG,PG,5,10
DC8A32C2-AEF8-7064-E0BF-3A135399F47A,TW,PG,5,10
B2988B86-F763-A040-DEC2-3A13539A0065,JP,FM,5,9
AEFED60C-C2DF-8EA7-28F4-3A13539A5D95,MH,SB,6,12
E1D2DF56-E4E3-CEB2-CD9D-3A13539A6CBA,KI,PG,5,10
B3B02371-E2CB-7474-BDAE-3A1359CF02BC,MH,TV,3,12
4106E007-3369-8C24-5FF1-3A135DE5F925,US,I5,4,-10
24691660-2D33-C8D5-665F-3A135DE64005,NR,FM,5,10
7DC090E7-3107-F8A9-1692-3A135DE65D04,JP,FM,5,9
00A7CE2A-E883-F5AE-7C43-3A135DE67922,PG,PG,5,10
CB1BA215-5C5D-D6F1-DC59-3A135DE6B4A8,VU,PG,5,11
48B48163-1FE7-A8A2-9135-3A13630C69F8,US,I5,4,-9
B6BBEAB2-74A0-61DA-D141-3A13630C85CC,KR,PG,5,10
E3784024-837A-052C-AC89-3A13630C936C,SB,SB,5,11
A1CEADCA-9C4B-11CE-C998-3A13630CADF9,FM,GL,5,11
A1CEADCA-9C4B-11CE-C998-3A13630CADF9,FM,SB,5,11
D8F67AE2-36A2-3D5F-23E9-3A13630CC89E,PG,PG,5,10
B3856463-868A-7EDC-35EC-3A136D594AEF,KR,PG,5,11
B54FE801-EECD-2DC6-8F24-3A136D59623A,PG,PG,5,10
7BFDAA23-FD9F-F10F-C013-3A136D598B8D,PG,PG,5,10
CCFED617-F88A-B976-788E-3A136D59A248,MH,SB,5,11
FEF9FB06-1683-8EAF-C972-3A136D59B6AD,TW,PG,5,11
8D681464-33DF-7D3B-B485-3A136D5A02E8,FM,FM,5,10
8D681464-33DF-7D3B-B485-3A136D5A02E8,FM,FM,5,11
7FF4A485-E3B2-9692-8F38-3A136D5A1C22,TV,FM,5,10
2550419C-532C-E869-6737-3A136D5A44E1,PG,PG,5,10
D3371929-E6B3-BA3A-A60A-3A136D5A51B5,PG,PG,6,10
49893B36-19CF-3922-84AB-3A137CCED8A1,KR,FM,4,11
7D2950A7-14E3-1631-AC3F-3A137CCF0B0E,FM,FM,5,10
3DB3D65F-44CC-1D23-42B7-3A137CCF21E5,JP,FM,5,9
BF22F648-04C6-27F5-FAA7-3A137CCF3058,PH,PG,5,11
114A6D06-06E2-FEF2-2A7F-3A137CCF4169,PG,PG,5,10
458FDF50-4E9A-3092-06A7-3A137CCF5254,FM,PG,5,10
062835B8-6353-184C-CDD9-3A137CCF5BF4,KI,PG,5,11
32428286-1C62-28F4-B292-3A137CCFA4F3,KI,SB,5,12
AC954509-3F43-0C27-6BC7-3A137CCFC5C6,US,I5,5,-10
EF75F085-B39E-0E8C-FEF4-3A137CD0279D,PG,PG,6,10
2C990EF6-B143-9596-735F-3A137CD06D5A,TW,FM,6,11
1228A315-AE1F-16E2-8248-3A137CD078E0,US,LN,12,-10
FEDCE0F3-79D0-F16E-EF76-3A137DA71975,PG,FM,6,11
C31E2588-6C5E-DC59-C0A2-3A1381F3AF1C,FM,,4,8
C31E2588-6C5E-DC59-C0A2-3A1381F3AF1C,FM,,4,10
E7BA97ED-4501-0D1C-38BE-3A1381F3D99E,FM,PG,5,11
510555CA-2803-53A7-EE87-3A1381F40CA6,MH,FM,5,10
E1EC6D32-3351-3D83-5828-3A1381F42651,SB,SB,5,11
E8D7B9A1-3621-78BA-83D0-3A1381F46D46,TW,FM,6,11
5CB34CDF-922A-3831-00FF-3A1388D08DA9,TW,FM,5,10
BF908B0E-4E54-DEED-C16B-3A138C4028BA,KR,PG,5,10
ECED0195-3205-26DE-B320-3A138C40843B,KR,PG,5,10
4E32EAB4-E7BF-A36D-CD5F-3A139165F31D,NR,,4,8
4E32EAB4-E7BF-A36D-CD5F-3A139165F31D,NR,,4,11
31C26441-9286-9049-252D-3A1391662B2D,NR,FM,5,10
3B3CA5A8-4022-4D97-62D4-3A1391663A31,MH,SB,5,12
90398233-F6AE-9F58-FA08-3A139BB1DD94,KI,GL,4,12
5989FC8D-32ED-E4F1-7B28-3A139BB204FC,JP,FM,5,9
026BA4C2-2898-C52E-65D2-3A139BB21684,NR,FM,5,11
026BA4C2-2898-C52E-65D2-3A139BB21684,NR,PG,5,11
B53B43A9-1AEC-706C-338B-3A139BB241C4,NR,FM,5,-11
C69F08DD-AF4A-2C29-052E-3A139BB25063,NR,PG,5,11
122E4CA7-DEB1-77AB-5800-3A139BB25D4D,FM,FM,5,10
1E5E55EE-3737-D140-A326-3A139BB278E3,NR,FM,5,11
A60C7DA0-F848-8E12-9005-3A139BB28988,SB,PG,6,11
A3607B18-3240-5266-0F7B-3A13A270A98B,KI,PG,6,11
ABBDE9C6-3621-7C7A-21DF-3A13A6007448,NR,PG,5,10
07E956F6-72A4-4705-46AE-3A13A600C0AB,PG,FM,6,10
07E956F6-72A4-4705-46AE-3A13A600C0AB,PG,PG,6,10
2D0B9176-EBBD-E86A-6042-3A13A600CDFF,FM,PG,6,10
6BC3BD5F-BCC9-43CB-10C5-3A13A600FF25,FM,PG,6,10
F862BE7D-4D2D-5C83-9AAF-3A13A601202B,NR,FM,6,10
950986D6-A3B9-025C-BD8C-3A13A69317F5,KR,PX,12,12
7F36219C-3D1F-DE55-E141-3A13A6982DE3,KR,PX,1,12
0CDA1971-1D44-9D74-83B8-3A13B05E2329,KR,PG,5,11
A8279F71-D7C2-15F7-52D8-3A13B06012BD,SB,PG,5,11
CE931AA6-7991-9C0C-4706-3A13B0640701,SB,PG,6,11
AB4E7AB8-14E7-4FEF-8E20-3A13B065E824,JP,FM,6,9
24B022B4-E0B2-E20D-D052-3A13B067F77D,KR,PG,6,11
CD97CA9B-A3AA-5FF4-C4E8-3A13B0680DA6,TW,PG,6,11
F5B74EA6-3EE6-A947-8D86-3A13B06823AE,FM,FM,6,10
0E8694D6-7D40-AF28-DBA4-3A13B06841A8,FM,FM,6,11
335CA1C5-FCEC-5B80-1422-3A13B0686240,PG,PG,5,10
52B8B736-A631-F88D-128E-3A13B5721166,US,I5,4,-9
F97A57CE-2C3F-43DA-B576-3A13B57243C8,MH,SB,5,12
4044DE68-32DD-087F-D7A4-3A13B5726B61,PG,PG,5,10
0F996CA1-68B6-6D16-DAA3-3A13B572DC5E,SB,SB,6,11
86F9805E-99B5-7319-193B-3A13B572F052,FM,FM,6,9
B3194CCA-CDE1-2C96-9B8A-3A13B57310F3,PG,PG,6,10
DFBB4975-3025-8860-FCF0-3A13B5732C7A,TV,PG,5,10
9C3ECB18-5539-9877-575E-3A13B57338A6,SB,SB,6,11
A2BDA5D0-C6BA-F0BD-990A-3A13BA99B45C,US,IW,5,-10
E838CD28-A0F3-A9C9-DF1F-3A13BA99C70D,TW,PG,5,10
93EF0704-C996-1188-B104-3A13BA9A32AD,JP,FM,6,9
1832A7E4-4A98-2642-E4AA-3A13BFBEDF44,CK,H5,2,-11
27816F52-13C4-42E3-9E4F-3A13BFBF2563,KR,PG,6,11
0F96B12E-8B74-1A2C-9AE4-3A13BFBF3C54,KI,PG,4,10
5CF03AE0-7E70-CE09-95E0-3A13BFBF6629,FM,FM,6,11
AF7FEF24-CF1F-0964-539F-3A13BFBF86F9,CK,I4,4,-11
C34F828F-CBE3-4E46-F62F-3A13BFBF8F40,KI,PG,5,11
1EDE682A-8BB4-EA3A-5DA4-3A13C57AC14C,PG,FM,6,10
CC618BD3-F0C8-31C5-1B4E-3A13CA0B6849,JP,FM,5,9
BD9C99A3-EB89-6DE4-1739-3A13CA0B7A27,KI,PG,6,11
DDA1AAE9-3C9E-7E97-F8E8-3A13CA0B931C,NR,FM,6,11
25AB4240-8F53-9C87-31BC-3A13CA0BAFDB,JP,FM,5,9
595B53BD-6C0D-EE5A-D73F-3A13CA0BBA90,MH,PG,6,11
757099C6-041C-7BEC-19CB-3A13CA0BC5C8,PG,PG,6,10
DAA0DCBF-9107-3499-DA50-3A13CA0C2771,TW,PG,6,10
B5392B41-BDED-ACA7-1842-3A13CA68EB36,TV,FM,6,10
811F9E85-459A-E993-CC3B-3A13CB8AC9F2,PG,PG,6,10
4B81D2D3-5978-3F0F-8E5A-3A13D457A1BB,PG,PG,6,10
DCAD6FFE-4F6D-608A-E4A7-3A13D457BDD2,FM,FM,5,11
4AAA910E-F4D3-1DA1-D3E4-3A13D457E7CF,JP,FM,6,9
27604723-B520-8767-10FF-3A13D457F391,US,I5,6,-10
2B2F2F8E-AEDC-02D9-67FF-3A13D457FE53,FM,FM,6,9
190E3FD1-9B9B-A223-B0E7-3A13D4584850,NR,FM,6,11
190E3FD1-9B9B-A223-B0E7-3A13D4584850,NR,GL,6,11
190E3FD1-9B9B-A223-B0E7-3A13D4584850,NR,PG,6,11
0D1ACDF9-7FDF-BB2D-E3A4-3A13EE1777D6,FM,PG,5,12
5C95D99D-F9A5-2C12-2633-3A13EE17B82A,KI,PG,5,11
840C466B-BCFD-C3D5-F5D8-3A13EE17C422,FM,FM,6,11
FACA07A5-5913-3D94-056F-3A13EE17F394,KR,PG,6,10
0DA00904-7367-FEA1-C92F-3A13EE17FEAA,FM,FM,6,9
D63FDE49-A8A5-4EF5-6A43-3A13EE180D46,PG,PG,6,10
4038CB84-6891-F4DA-9190-3A13EE1816AF,FM,FM,6,10
8060B1A3-0A97-6BD6-AC45-3A13EE182DA2,PG,PG,6,10
E3D87BBC-A6C6-5339-7A6D-3A13EE184898,MH,FM,6,11
7422648A-E7D4-1797-107E-3A13EE1870D9,PG,PG,6,10
5BF738CB-3296-29A6-B021-3A13EE188CB6,FM,PG,6,11
AFCB41D0-CAC4-26FF-2151-3A13EE189474,NR,FM,6,11
81CEB767-A179-7EF2-DFAA-3A13EE18BEB3,JP,FM,7,9
5763873D-1413-E84B-9E48-3A13F33E48D2,US,LN,6,-10
7442F935-0D29-0B22-704B-3A13F33E5DE6,MH,FM,6,10
4BCD4FE2-9800-162D-9B06-3A13F33E6D84,PG,PG,6,10
4AD285D9-D9F9-78C9-E3A9-3A13F33E7DAB,FM,FM,6,11
BFF02ABA-7BD9-C329-61DD-3A13F33E8DE7,TV,PG,6,11
7360E66E-2B3E-8F41-4FF3-3A13F33EB5FE,KI,PG,6,11
16CDCA68-4743-E56C-4D8A-3A13F33EF4A9,KR,PG,5,10
612B8521-6957-C38E-3AD2-3A13F33EFFAA,KI,GL,6,12
D36A1FB0-49CB-CE52-F86D-3A13F33F0EAF,TV,PG,6,11
0322E3F9-C5FE-E0EA-674C-3A13F864863D,PG,PG,5,10
A753C634-CDCE-0363-635D-3A13F8649636,PG,PG,6,10
27AAA8D4-2EDF-AD0B-1CE8-3A13F864A416,TW,PG,6,11
FC20A4D2-1C8D-E6D5-F92A-3A13F864B850,VU,PG,6,11
B1DA0838-C41F-1242-B304-3A13F864C26C,SB,SB,6,11
073E38E5-B829-258E-A4D0-3A13F864CB0F,NR,PG,6,11
B446A3C1-E164-0267-44A6-3A1402B161C6,PG,PG,6,10
F4FFAF68-7055-991B-EAC9-3A1402B1959F,FM,PG,6,11
09768764-F117-8694-46E9-3A1402B1BFCB,PG,PG,6,10
DE128E70-0103-5F4A-4C4F-3A140E9B615A,VU,PG,6,11
EC64CEE6-6B8C-2756-26D6-3A140F047042,KR,PG,6,11
745598B5-3C1B-F718-4C8B-3A140F0D0C68,KR,PG,6,11
0B2EC54E-964A-3571-E500-3A140F272D41,KR,PG,6,10
A6690851-6349-C02B-4BB9-3A1412CB61DD,KR,PG,6,11
C752939B-E8CE-0CFA-B620-3A1412D4E7E2,KR,PG,6,11
B1DB7ABB-58B0-72FD-F7AC-3A1413436E23,KR,PG,6,11
1A08A810-BE02-DA5A-5E33-3A14142B0EBE,US,H5,3,-11
013A1975-C489-15F3-CD79-3A14142B6AA2,US,,8,-10
4D1CCA94-32B3-CF2B-E664-3A141436A15F,US,IW,10,-10
954B55D6-5C6C-365F-FE0B-3A1414398AAC,US,H5,2,-11
B78E34CD-033D-C722-862A-3A14187A08D8,KR,PG,6,11
3F4672B6-A9E3-2EE4-1E51-3A1418EE6AB0,MH,MH,6,12
43B4CD29-0505-567D-2627-3A141D3D7D0A,VU,PG,7,11
695C43C2-B2EC-63D6-59AD-3A1421978F34,US,PG,2,10
9873265A-23A1-9A55-67B3-3A142197EBEA,PG,PG,6,10
9C50E473-29D1-0D9B-CF45-3A1421981A39,PH,PG,6,11
16E31AF5-E831-9026-2006-3A1421984BD1,KI,PG,6,10
4E53DDF6-6B5D-D710-A78C-3A1421985B0D,JP,FM,6,9
8FB8B12F-DA9D-D2A1-98D4-3A142198A3E5,FM,FM,6,11
7FEA9244-E4D2-8494-03B0-3A142198ABBA,SB,SB,7,11
1EFF2870-99F4-C598-710E-3A142198BD1F,NR,PG,6,10
E86E40C2-9973-1991-13A5-3A142198FC4F,PG,PG,6,10
443976EA-1A89-8EA3-4EC8-3A142199049A,PG,PG,7,10
AECB4F90-5BC9-0A85-8164-3A1421990FCB,FM,PG,7,11
C44586EF-B84A-2582-2032-3A1421992153,KI,PG,4,12
35BFE672-F5E3-958B-117D-3A1426BD76EF,FM,FM,6,11
96A22EE6-A999-0D1C-E949-3A1426BD8434,US,I5,6,-10
B6B63C64-A2EE-695D-BC28-3A1426BD87FD,MH,,6,11
997FD24E-0B3D-B781-303A-3A1426BD9827,KR,PG,6,10
415DBB5B-69EB-2DB0-4183-3A1426BDAA15,TW,PG,6,11
A7906205-4133-BAF4-3A6A-3A1426BDB74D,NR,PG,6,11
9529AEC4-116F-FA9A-5BAE-3A1426BDF89F,MH,PG,6,10
B64F2863-D861-26A2-04F0-3A143B6642F9,US,IW,6,-10
04E04BD2-922A-1486-3C9C-3A143B68721B,NR,PG,7,11
2ACD41E9-D02D-BF90-FB03-3A143B689C93,FM,PG,7,11
88236ECB-A368-6CB3-F293-3A144ACC473E,US,IW,6,-10
C033089D-9F92-9B7C-D2E0-3A144ACC67E3,KI,PG,6,10
0B115174-0945-471C-0A3F-3A144ACC6F3E,KI,PG,7,10
A68EAF3B-D06A-E4CD-4F84-3A144ACC831B,NR,PG,6,11
E9E7F1A4-2637-FDA5-D9F6-3A144ACC9390,KR,PG,6,10
8EA42350-48BE-58FB-9C20-3A144ACCCC1E,KI,PG,6,10
AE6380AB-73B0-1BA0-2584-3A144ACCD559,PG,PG,7,10
08A89293-9B05-2B17-D348-3A144ACD0287,PG,,7,10
C9A14DE9-53E5-56A6-5E7C-3A144ACD0785,JP,PG,7,9
7E90A4C9-865D-1A43-BC7A-3A145B1F945F,TW,PX,9,12
7C48F1D1-2FA8-9852-053A-3A145F63C8BD,KR,FM,4,10
01BE29BA-70EB-29E7-C4AB-3A145F640A83,JP,FM,6,9
B9EAA187-B36C-967F-CC78-3A145F64385A,TW,GL,6,11
7E76E5A7-2000-89FE-AC33-3A145F6442C5,NR,PG,6,11
3D63E961-690C-8CE0-D060-3A145F6467C1,TW,NR,6,12
7192096D-AD78-FDFE-9688-3A145F647204,TW,PG,6,11
215E46A0-8124-F689-0ECE-3A145F647ABF,PG,PG,6,11
3CED8058-9067-5615-57C4-3A145F648AA1,TW,GL,6,12
6C809963-E41C-7432-7EAA-3A145F64C0E8,KR,PG,6,11
365E2202-982D-3A1E-3143-3A145F64F7C9,KI,GL,7,12
2873A427-E356-6A8B-847C-3A145F6523AD,FM,FM,7,11
E2C2CBD1-71F3-599C-6F0B-3A145F65435B,KR,PG,7,11
F3FE7DD0-E025-D3EB-64BC-3A145F6547D8,NR,NR,7,11
AFEBFF12-05D9-4A37-C1FF-3A14648A0D76,KI,PG,6,10
995E6FBF-5C0F-FA6E-2BDB-3A14648A17F4,US,IW,6,-9
91DE091F-B6E5-3800-4E11-3A14648A6529,FM,PG,7,9
C2456DF3-45B8-FDEE-D655-3A146A51575E,NR,PG,6,-11
28A08868-259F-C690-0A23-3A146ED60D47,TV,PG,4,11
A848B7E7-AD9C-654D-7019-3A146ED65A38,PG,PG,6,11
5C86AFB8-5FD9-DB27-42D3-3A146ED6641E,PG,PG,7,10
6ECED067-1A42-F973-0014-3A146ED67CFF,FM,PG,7,9
E0F4B4AD-E2A1-4AD6-FBC5-3A14748E9E96,KI,GL,7,12
AF4455AE-5340-523D-1612-3A1479233B79,JP,PG,6,9
9AE61E94-4ADF-604A-D0FB-3A1479234723,KR,PG,6,11
EF868750-6006-11B1-69CE-3A14792377EB,PG,PG,7,10
37882026-5D15-9261-3750-3A14792391F5,SB,SB,7,11
8FA45B30-1A33-8ECC-C2B2-3A1479239DEA,PG,PG,7,10
F5A9A040-0DC8-2041-6039-3A147923A8E5,NR,FM,7,11
6C805609-BBB9-EBB7-3690-3A147923BBCF,PG,PG,7,10
81A3C097-F561-997E-73A7-3A147923EB85,FM,PG,7,11
B5E37012-EB5A-0E2A-9879-3A147993739B,MH,GL,7,12
5A0E0C14-5D95-9DE2-94AA-3A1479997684,KR,PG,6,10
E012CCE6-A720-46ED-96D8-3A147A1F9D9D,TV,NR,7,11
DEDB81EB-91DD-ACF9-8AF8-3A14851E6B71,US,I5,5,-9
B937BC75-3552-3D60-C891-3A1488961EB4,NR,,5,8
B937BC75-3552-3D60-C891-3A1488961EB4,NR,,5,9
B937BC75-3552-3D60-C891-3A1488961EB4,NR,,5,11
20D92F27-BEDB-F910-B969-3A1488967757,PG,PG,7,11
0C0DB3DD-6F2D-648D-7E4F-3A148896843A,PG,PG,7,10
2B7E0B13-A47E-76F3-3DEB-3A148896902F,JP,PG,7,9
EC6C0492-3467-1F2E-369B-3A148896C3A7,FM,PG,7,11
72278BBB-9ACF-B8D3-E7FB-3A148896ECAC,SB,SB,7,11
061159DE-6C2F-CA47-E41C-3A14889712FF,TW,NR,7,11
B82A4ACF-FAE2-3C5E-1752-3A1488971C8E,PG,PG,7,10
D336ADE4-6293-40AD-F31B-3A148AA3E941,TW,PG,7,10
8C69BDA7-C16B-19D9-547A-3A148E8F1792,PG,PG,7,10
4B26DD64-299F-DD1C-8A99-3A149E941C7A,MH,GL,7,12
74A9EEEA-15BD-CE11-3F47-3A14A2560906,PG,PG,7,10
32928593-7BD4-3E31-74BE-3A14A2566D30,JP,PG,7,9
4F7B88EE-0638-B944-2B11-3A14A256836F,FM,PG,7,11
C527F42B-AA40-E757-93D7-3A14A2569C27,FM,FM,7,10
53C2CA0E-FE84-56BA-865C-3A14A256F475,MH,FM,7,11
22E5BF57-BEFD-8B20-BDC0-3A14A257045F,FM,PG,7,11
89053E5D-3B5E-D266-FCF6-3A14A2571E8D,PG,PG,7,10
92FFBD08-E87E-CB9E-AD0D-3A14A257324C,US,PG,7,10
48506FB9-5ED9-2249-E96D-3A14A25781A2,KI,PG,7,10
217515FE-E296-4B1D-A64E-3A14A257B976,KI,FM,4,12
623BB58A-9C8E-663E-ABA6-3A14A787A58C,US,IW,6,-10
AF9668AB-51B7-4F5C-25C0-3A14A787B707,US,IW,6,-10
5DBC67E0-2217-825B-F88E-3A14A787CBF3,JP,PG,7,9
7CA6B600-ACBB-1A6D-6D4D-3A14A787F382,KI,PG,7,11
8F5D8F3A-2542-92D5-546A-3A14A7880195,PG,PG,7,10
C6375960-F7B7-F801-BC35-3A14A7F03597,PG,GL,7,11
DFC73E73-4C3E-6225-7D82-3A14B1C83353,PG,NR,5,11
03F0ED17-AAFC-9AF3-A291-3A14B1C8A632,FM,PG,7,11
11FDEA1C-A3D9-8411-D5D0-3A14B1C8BA00,SB,PG,7,11
DB98926C-56B0-B915-D171-3A14B1C8C50C,PG,PG,7,10
6F7FCFAA-F247-BD58-D2BC-3A14B394EC46,TV,NR,8,12
B4B8C163-EFAC-852D-54B2-3A14BC14F047,FM,PG,7,11
F3A506D0-F096-A120-535B-3A14BC14FAEA,PG,PG,7,10
22889719-B20A-CC0C-320B-3A14BC15131B,PG,PG,8,10
DB35FED8-CBBB-7D86-37BB-3A14C13AC776,KR,PG,6,10
00C6EE6F-12C5-FF9A-EDEA-3A14C13AD587,KR,PG,7,11
1C07DFCE-A515-44B4-5A18-3A14C13AE5B2,PG,PG,7,10
D3B41083-53BE-5F39-8B7C-3A14C13AF459,TW,GL,7,11
611FCB2F-DC35-2678-88AC-3A14C1DCDE80,KI,PG,3,10
561E3FC8-8B4D-7E9E-7F58-3A14C729DA1A,KI,,3,12
075A5FBA-9369-43B3-B929-3A14CB876E18,FM,PG,7,10
AA0AB86A-4B5C-9408-6182-3A14CB87777B,KR,PG,7,10
75E5A947-638A-9B8E-2F54-3A14CB87A9AF,PG,PG,8,10
8EDE1D8E-B5AC-CAA2-7E7D-3A14CCCCA9A2,TW,GL,8,12
0D67E9A7-04C8-B3B8-3FC9-3A14D0ADD24F,FM,PG,7,11
48DAA2F1-3281-6381-8F8C-3A14D0ADE593,SB,PG,7,10
39255E49-D5B9-B01B-A18F-3A14D0ADED4D,KI,GL,8,11
369F44D1-1837-5E4A-C729-3A14D0AE0A81,KR,PG,7,11
AC60458B-1D93-48F5-F049-3A14DAFAF067,NR,PG,7,11
D51FF217-6FC8-6B1C-C54A-3A14DAFB04B3,PG,PG,7,10
1AF03366-EC6D-D233-92A4-3A14DAFB11FB,FM,PG,7,11
4BEBE0DF-20C6-48E4-2FCE-3A14DAFB61F6,PG,PG,8,10
CE83A139-4E6A-B38C-BB5E-3A14DAFBAF66,KI,NR,8,12
068DF3BB-67DA-C974-170D-3A14DAFBB470,JP,FM,8,9
E704CA84-5B74-930E-49C6-3A14E02177FB,FM,PG,7,9
84356D9F-5579-3166-575B-3A14E021B08C,TW,NR,8,12
B272BADA-807B-6D9B-B6F1-3A14E548CC89,PG,PG,8,10
225E8447-63C8-1498-B3E6-3A14E58EDFD7,MH,,1,10
73E05431-318C-8B8B-055E-3A14E6C6A637,TV,GL,8,12
3ED192E0-3DE8-7B47-791A-3A14EA6EC250,JP,FM,8,9
6B54FFD9-D1D7-684E-7634-3A14EA6EE175,PG,PG,8,10
2D2E1381-9FFD-B0B8-1D45-3A14EA6F2E2D,TW,NR,8,12
79B65ADB-2255-10B4-40CE-3A14EB3E4266,PH,I1,2,9
19142266-32C3-F628-0CB2-3A14F9E0D77E,US,IW,7,-10
EE1C168A-A25C-AEB1-FB10-3A14F9E0E8C8,JP,PG,7,9
1F995767-8E0B-4D7B-1D2C-3A14F9E0F59E,TW,PG,7,11
3CDB7733-EAC5-0D5D-5A21-3A14F9E11CF8,NR,PG,7,11
9D7D15C2-26E7-EDF7-28E6-3A14F9E12679,US,IW,7,-10
6DF92E30-6B40-756D-9058-3A14F9E16CCB,VU,PG,8,11
ACD9A9CE-6233-6653-93FA-3A14F9E18E87,SB,SB,8,11
34AC2583-B1EF-5D7B-9905-3A14FA52E16F,MH,FM,8,11
34AC2583-B1EF-5D7B-9905-3A14FA52E16F,MH,PG,8,11
18EDEE29-BE6A-D502-53C6-3A15042D7182,PG,,6,10
3DD0CAE9-5060-E13E-C070-3A15042DB0FD,FM,PG,8,11
CF23245A-239C-7558-0CB6-3A15042DCB8E,NR,NR,8,11
DFF173FE-3986-56AD-E03E-3A15042DD20D,KR,PG,7,11
3A3211E8-6156-21FC-F12F-3A15042DE0F2,FM,FM,8,10
2E7BDAB0-11E1-65B9-62AE-3A15042DE777,PG,PG,8,10
0C878512-05CF-4FAD-9EFC-3A150A4C1482,NR,PG,8,11
E33F2925-A139-FE02-52E6-3A150A611F64,PH,,12,9
61BF11CA-D751-3494-C576-3A1518C72C0F,US,IW,7,-9
6F212A33-0A9B-F177-EE5D-3A1518C74775,VU,PG,8,11
CB96D20D-6182-7A7C-3665-3A1518C8022D,KR,PG,8,11
D3D5C543-B679-7622-6583-3A1518C84ADE,JP,PG,8,9
1340562D-8A73-D138-AE97-3A1518C876AA,FM,FM,8,11
09F47B90-C84B-7FB3-BB34-3A1518C8BF18,NR,PG,8,11
8A328CD5-1BF5-C00C-D4D9-3A1518C8CA3E,KR,PG,8,11
CF9ABE9D-5A9B-6150-9700-3A1518C8FD9B,JP,FM,8,9
05FDB2D0-9AC7-C6DC-AF1A-3A1518C90E5A,FM,FM,8,11
F7835827-47B5-CBEA-A157-3A1518C98864,NR,PG,8,11
C91DA775-1D81-3F28-F3CC-3A151980854D,PG,PG,8,10
D5457B64-8D19-B9BF-3C31-3A151A888A95,TV,MH,8,12
7990E5C6-3858-BE8E-731A-3A151DED8361,FM,,7,11
2C92EFF4-619E-EEDB-489B-3A151DED955C,FM,PG,8,11
A86A8AF4-110F-3796-368B-3A151DEDA9C3,US,LN,8,-11
0A32E745-A82E-8E60-09A3-3A151DEDB65C,FM,FM,8,10
38D1AA0A-AB31-D5A5-1E31-3A151E9970F9,KI,NR,8,12
DF03B79B-1DC4-E98C-7F7D-3A15283A0F70,FM,FM,7,11
EE5D7C05-6FCB-AFEB-BF6F-3A15283A1CA1,US,IW,7,-11
7141A67E-1CBE-794E-4312-3A152EFCE247,KR,FM,1,11
4EAE7DC1-5379-E977-9B8C-3A152F269440,KR,GL,2,12
91A79CEE-E4C8-EF4F-E5CD-3A153286A6F7,US,IW,7,-10
0F300039-CBC6-10E5-623C-3A153286BC85,PG,PG,7,10
1CE8A492-002C-6C25-06B2-3A153286D7F7,PG,FM,8,10
1CE8A492-002C-6C25-06B2-3A153286D7F7,PG,PG,8,10
5ADB96B1-C9FC-5925-DAD8-3A153286EA72,PG,PG,8,10
6A215EF8-4839-8317-0FC3-3A153287411D,FM,PG,9,10
342DB663-4B1B-AEBD-4216-3A15328754B3,SB,SB,8,11
16C3BF49-CE35-500B-CC48-3A1533569508,TV,MH,8,11
0EBC708A-7507-CD2B-A39A-3A1537AD52D7,PG,PG,7,10
8EE588CA-9E59-8A77-F617-3A1537AD75FC,NR,PG,8,11
A27FE62B-AA7F-EA2B-B10C-3A1537ADA47A,FM,PG,8,11
83219CBA-AC5F-204D-26F6-3A153B02BD12,TW,PG,5,10
4A4C40BD-A74D-2D19-43C6-3A153B0913B3,PG,PG,8,11
42B77965-C12F-72C0-C356-3A153B0AA23A,TW,NR,8,11
42B77965-C12F-72C0-C356-3A153B0AA23A,TW,NR,8,12
3CCCA472-39F0-3413-B821-3A153E3D0655,TV,MH,9,12
0F52A2B4-E24F-4A01-B8ED-3A153E494F20,TW,MH,8,12
CCAC84FC-68D7-2058-7A7A-3A1547211553,FM,PG,8,11
290DD0B0-8FFF-644F-3EB3-3A1547217EFD,PG,PG,8,10
5BABEA82-9A51-FC2C-BFE4-3A1547222807,PG,PG,9,10
4A528C2C-908A-5FC0-818E-3A15516CA77E,FM,FM,8,9
A91FCA63-8BD7-83C7-DEFE-3A15516CF235,FM,FM,8,11
D9631A44-38EB-C243-541C-3A1551D055FC,PG,PG,8,11
2831244C-D4D1-2319-D17E-3A155693B7B1,KR,PG,7,10
F856C49A-C045-29F6-7065-3A155BB9DD23,FM,FM,8,9
5DFD3B20-7FFE-BEB7-5158-3A155BBA08AD,PG,PG,8,10
6FA6483C-444A-25F6-8654-3A155BBA437F,NR,MH,8,12
E4D6ED5F-7BF3-FFB2-1774-3A155D536841,KR,LN,8,12
1A14DC0F-7DB3-2247-4DED-3A1560DFF700,TW,PG,8,10
035B3534-7970-B883-07A6-3A15611E6982,KI,TV,11,12
497B97FC-5FB5-91BD-2076-3A15628634A6,PG,TV,1,12
9E768ECD-447F-4307-9CCD-3A156286A0B7,PG,SB,3,11
355E1EC4-5014-3BAB-FE10-3A156286E996,KI,TV,3,12
9A9D4765-A036-2E5F-AF4E-3A15628739F8,TW,TV,3,12
E02928D4-FD40-AA38-DC02-3A1562880A86,KI,TV,2,12
19CC6F47-18BE-6D8D-8837-3A1562886E43,KI,TV,2,12
DF19E3D9-330F-2AC7-5E57-3A15628A06D0,KI,TV,3,12
1A72B760-3B2E-54EA-A652-3A15628A4C4A,MH,TV,3,12
61FF4789-330C-4184-49A6-3A15628B0D94,PH,TV,3,12
BB6332D3-AB82-B3AD-3B0B-3A15628B32F3,PH,MH,1,12
5C0D81A5-ED4F-2E7E-BD83-3A15628B8D8E,KR,SB,2,11
F85999FB-FF85-BDE3-8525-3A15628CB2B6,NR,H4,1,12
ED8D4F1B-9FA0-B2FA-DD23-3A15628CE9B4,NR,FM,2,11
B945BBC4-C578-9F5E-6EDD-3A15628DAA81,NR,FM,4,11
FD33A52D-2FED-C4EE-802B-3A15628DF7EF,FM,TV,1,12
F33AF4EE-7E27-8B66-A44B-3A15628E64C9,KR,TK,3,12
DF8AEFBF-2347-FFB7-7B77-3A15628EB401,KR,PG,4,11
44D4F4A2-106D-1E88-057D-3A15628F832E,VU,PX,1,12
20FB48C4-6607-01C3-373A-3A15628FDAF1,KR,PX,2,12
137588AB-6731-F8F7-C1BC-3A1562905056,KI,TV,2,12
DEE91E37-7788-D5EC-D594-3A156290F150,KI,TV,4,12
8EB8656A-2110-B45F-5EA3-3A1562915129,SB,TV,1,12
9DB6B36B-D26D-6D3F-E96B-3A156291A161,SB,FM,1,11
A7165358-34D9-2D0D-2788-3A15629200EE,PG,GL,1,12
80065092-2B14-70CB-58D3-3A1562926E7C,KI,TV,2,12
697D40A1-D77C-F17A-B875-3A1562929D09,KI,GL,5,12
BD3038AA-6154-D88C-3514-3A156292FDE8,KI,TV,2,12
1A3DC6BE-482A-41E6-670C-3A1566065F8C,KR,,2,12
80C687CF-D59D-C50B-6950-3A156606CCE7,PG,PG,8,10
DABFDA91-237A-A66E-F25B-3A156665769F,TW,PG,8,11
FD877B48-0A0E-BD93-2BF3-3A156B2C92DF,JP,FM,8,9
E9E7A45A-0911-B8EA-B570-3A156B2CAF8C,NR,PG,8,11
FF63F063-FD46-685C-938E-3A156B2D826C,KR,PG,8,10
E7D57FA3-BD8E-CCD5-3BBF-3A1575794D77,TW,FM,8,11
F465E430-938E-FC1C-EB51-3A1575797C08,KI,NR,8,12
AEC636C0-E9DD-9509-C68E-3A15761C276D,VU,PG,7,11
6A9BCB3B-271F-F804-1074-3A157735CFEA,MH,PG,8,12
B559AFB3-8288-12A1-D10E-3A157A9FC0B7,MH,PG,8,12
397E2F43-3319-E809-B532-3A157AA03EAF,US,IW,8,-10
397E2F43-3319-E809-B532-3A157AA03EAF,US,LN,8,-10
9314BFDE-E552-1927-1A76-3A157FC69AB8,SB,PG,8,10
0F6EFF55-E523-B8D2-DF38-3A157FC6BFB1,PG,PG,8,10
15B62313-E859-1D06-06F5-3A158A147DF1,SB,PG,9,11
1050ECFB-9234-6F13-253C-3A158A14F88D,TV,NR,9,11
A2B6AFD5-CDB1-B54D-48D4-3A158B9A0CCC,PH,I1,1,9
BD52B805-931E-0D47-1D69-3A158B9B0AAF,PH,I1,3,9
2AE420CC-F786-536F-4275-3A158BA3712D,PH,I1,9,9
24D63424-DFA6-2F23-760D-3A159EAC7D42,KR,PG,9,11
B8FA6A6E-9063-7C42-59E4-3A159EAC912E,KR,PG,9,11
47931598-D8F1-10F6-5D92-3A159EAC9E81,NR,PG,8,11
837EC18A-DF65-E820-C83A-3A159EACAA68,JP,PG,8,9
DEEBD750-4124-56A3-164C-3A159EACBB7C,PG,PG,8,10
A4434A28-BB87-A61B-3835-3A159EACEBBD,FM,PG,9,11
B7FE48B7-F540-21FD-7D23-3A159EACFB4C,FM,PG,9,11
58A11C0D-218B-F70E-7B15-3A159EAD0417,PG,PG,9,10
39C34F0F-7C51-1DD4-694C-3A159EAD3699,VU,PG,9,11
40A89FE7-06AE-641C-88DB-3A159EAD3C30,PG,PG,9,10
E5AEF8E1-73E2-BC84-8602-3A159EAD5D2A,PG,PG,9,10
940CC3C6-572F-903F-A14A-3A15A3D2D974,US,I5,8,-10
940CC3C6-572F-903F-A14A-3A15A3D2D974,US,IW,8,-10
7B0270EB-DEB7-FE99-DA99-3A15A3D2F559,KR,PG,8,11
9F83A129-1D8C-096E-1B39-3A15A3D3017A,PG,PG,9,10
148D101D-D206-2FBA-375E-3A15A3D323FC,CK,I4,7,-11
EB9F5DB5-7587-A600-9612-3A15A8F9255D,PG,FM,7,10
188F82B8-63E4-F6AD-30C9-3A15A8F92FE3,KI,PG,8,10
F7E13FB8-6299-F583-224C-3A15A8F96EAA,FM,PG,9,11
E43F7460-AAEC-5F60-7DA6-3A15AE1F9B79,KR,PG,9,11
D9B2CCAB-1F09-719F-B447-3A15AE1FA7A0,JP,PG,8,9
AD0E1E7D-ABF6-ADDB-92BA-3A15AE1FB220,US,LN,9,-10
BBCD5A15-EDFB-7DD0-2E86-3A15AE1FC3E5,PG,PG,9,10
E5ABA663-312F-62B7-7428-3A15B34669D4,PG,PG,9,11
A1D30631-824A-0757-5E0C-3A15B86C33CB,KR,PG,10,11
BCA1875C-6943-440C-D354-3A15B86C3FA5,KI,NR,9,12
A801D56E-3758-51DF-DE31-3A15BD92B4AD,US,I5,9,-10
36445779-DEFE-066C-83B4-3A15BD92CD0D,TW,MH,9,11
36445779-DEFE-066C-83B4-3A15BD92CD0D,TW,PG,9,11
4AFF38F3-CF16-5D59-5C34-3A15BD92EDA7,PG,PG,9,10
83FC2DDD-E5C7-74C5-9320-3A15C2B90569,KR,PG,9,11
EBC28799-4D5B-4EF1-EED0-3A15C2B9420E,PG,PG,9,10
700F8E56-8D42-1F61-57EC-3A15C2B94AC8,JP,PG,9,9
D621FB00-B58D-C96E-3717-3A15C2B95988,US,IW,8,-11
2A74A67D-4212-0E22-0686-3A15C3DFA54A,US,I5,2,-11
A36EDD98-4513-51A4-299C-3A15C3E10066,US,I5,8,-11
99A93EB0-0398-74DD-9530-3A15C3E1C79F,US,I5,7,-11
639ED094-A0DD-9704-0A50-3A15C3E2C98B,US,PX,11,-11
5F514870-1226-A2C1-32B5-3A15C3E33CD2,US,H5,12,-11
23820090-CBAB-C141-4187-3A15C3E3CB96,US,IW,6,-9
33574360-DFCD-CBFC-B558-3A15C3E475D2,US,LN,11,-10
944E5082-3C6F-21EB-C88A-3A15C3E58737,US,LN,11,-10
33B92E35-CD7E-3549-CB3F-3A15C3FF8841,US,IW,6,-10
CEDA91A4-E18D-EE03-8A47-3A15C3FFDBBF,US,IW,12,-10
C804D382-AAF7-BD5C-73FD-3A15C7DF3793,JP,PG,9,9
5473DD25-4ECB-9C15-DD44-3A15C7DF502A,SB,SB,9,11
A812AE82-0857-D5ED-9FC2-3A15C7DF5A6D,PG,PG,9,10
68626F44-F843-C25E-A087-3A15C7DF7095,SB,PG,10,11
A2968CDB-83DD-186D-D76D-3A15C7DF7796,PG,PG,10,10
BB618437-055B-D771-422F-3A15C8A582F1,TW,MH,9,12
05D547E6-E4B2-5A35-CC1B-3A15CD05C6EE,VU,PG,9,11
5721CED9-1119-8807-45D1-3A15CD05D578,FM,PG,9,11
26DAAF75-0B1A-4D21-1642-3A15D22BE777,NR,PG,8,11
A008BE09-331C-61E8-B959-3A15D22BF940,NR,PG,8,11
DFC0A3B3-A96F-DE07-3435-3A15D22C3D03,US,PG,9,10
61235424-1537-198E-FEC1-3A15D22C469D,PG,PG,9,10
1B18FFA5-D504-2FAA-7355-3A15D22C5FA4,KI,GL,8,12
F04A6063-8CBF-E423-F973-3A15D2A31886,US,LN,12,-10
6A4D2B04-3BD0-A905-9698-3A15D2C0B5E7,US,I5,12,-10
CED2281E-B8F3-1B72-A3A2-3A15D30BC972,JP,FM,8,9
8023BE0D-679E-9EF6-D833-3A15D752512C,KR,PG,9,10
B514B8AC-1479-1DC9-0DDB-3A15D7526933,JP,PG,9,9
EABEE694-C3A8-FCAF-C20A-3A15D75275B6,KI,PG,9,11
F6A7CDD5-41A0-55CE-14B0-3A15D75297D0,VU,PG,10,11
146F3F59-D33F-079D-6DD6-3A15E19E146A,TW,MH,9,12
F7CCF2A9-2CDE-589C-DE45-3A15E24E420A,TV,PG,9,-10
06765657-4081-A97E-6F6E-3A15E2599760,MH,PG,10,11
963D9387-342E-A1AE-B60C-3A15EBEBE0A4,KR,PG,9,11
0BDDDD1C-1F5E-27AE-99B9-3A15EBEBF90E,US,I5,9,-11
2BD84F9D-8747-A8AE-7E10-3A15EBEC06A4,NR,NR,9,11
684AE238-6892-D76E-EA5F-3A15EBEC1737,PG,PG,9,10
80BD6E7F-143E-44C3-C72A-3A15EBEC1EE7,SB,SB,9,11
BFC3B443-E308-01ED-E704-3A15EBEC2FBB,NR,FM,9,11
F26876F9-DDA6-34E0-F6C6-3A15EBEC3A7F,KR,PG,9,11
A122DC6C-705A-B78A-2FA4-3A15ECEB16BF,TV,PG,9,10
A3E63785-CC8E-1A87-E9D1-3A15F6387276,NR,PG,8,11
2843070E-70B0-1ACC-17A2-3A15F638D7E2,PG,FM,9,10
9839CC47-D74B-B346-BFFF-3A15F639232C,FM,,10,8
82D8DF5F-16CF-3247-2F3F-3A15F63937AF,PG,PG,10,10
D4FAC8F0-B1A5-258A-B96B-3A15F639675E,KR,PG,9,11
2F8B11F3-8A08-F2A0-19C7-3A15FB5EF84C,JP,PG,9,9
8D31F77B-799E-B23F-496B-3A15FB5F073B,TV,PG,9,10
1DA21AA1-00F1-3237-D69D-3A15FB5F4846,TW,PG,9,12
94FD29D6-B92D-8504-AEC1-3A15FB5FBB6E,US,IW,9,-10
A5B7DA62-313C-E0FF-B364-3A1600856DA0,FM,PG,9,11
113BE46E-6C2E-D512-747A-3A1600857F43,PG,PG,9,10
94315460-A751-AB4D-8344-3A1605AB9620,JP,FM,9,9
98BA1572-039F-D07B-62D6-3A1605ABA87E,PG,PG,9,10
2D55CC48-C53B-4A6B-3BB8-3A1605ABD478,FM,FM,9,9
BB5E52B7-E804-7E53-683A-3A1605AC0122,TV,,5,10
711F788B-4EC5-24AE-C555-3A1606D6FCB2,KI,SB,4,11
7B787199-2CC6-0FC8-4943-3A160C26183E,NR,MH,9,12
5BFC0C03-8DD7-A510-AFD5-3A160C6A7DB9,KI,GL,3,12
5E090BBD-EF90-CC6C-468E-3A160FF8B5EF,JP,PG,8,9
35ACCC96-6A87-F96A-0D51-3A160FF99B40,TW,PG,9,10
0559DEBF-76F1-FCD3-41A5-3A160FF9C902,PG,PG,9,10
800BDDFD-0BDB-AA11-F423-3A160FF9ED75,PG,PG,9,10
B6233E22-EAEE-0B82-4AFC-3A160FFA395A,PG,SB,10,11
FB321E33-0DDF-1709-43E4-3A160FFA8D1A,PG,,10,11
EADE0FE0-E05B-180D-D2B6-3A162F68058E,MH,PG,10,12
283B59A5-A8C6-9466-63E2-3A16359D6ADC,TW,FM,10,11
F4A57C61-6C6C-066F-012B-3A164EE35592,PG,PG,10,11
46B74C36-5FF5-CA39-5A49-3A1653936B61,KR,PG,9,11
56F56C30-55D4-6509-144F-3A16590BB962,PG,PG,10,11
9F6E9DEF-E3C3-B8B3-0A16-3A1663A2CCD7,MH,GL,10,12
9F6E9DEF-E3C3-B8B3-0A16-3A1663A2CCD7,MH,TV,10,12
8304DCF8-6640-4754-5DBA-3A1671D1CFB5,KR,PG,5,11
990BE42B-4717-7E5F-F85D-3A1671D862EA,PG,PG,10,10
B7178154-54A9-1A23-5523-3A1671D8B695,TW,PG,10,11
900DFF9E-D317-E45F-656D-3A1671D9943A,KI,PG,9,11
94F32568-70A0-FDD2-BE8C-3A16734BCDF4,SB,SB,10,11
E48C5294-8ABC-DC65-D937-3A1673537D14,SB,SB,10,11
F56B904A-0D96-1CAC-C878-3A167DB96329,SB,PG,10,11
F56B904A-0D96-1CAC-C878-3A167DB96329,SB,SB,10,11
31A0852B-E16F-6BAC-36F3-3A1687808D17,SB,SB,11,11
FF489AA9-5D38-9861-56B7-3A16884D422A,MH,PG,10,11
A60DAC75-F285-13F3-8637-3A1690B743EB,FM,H4,8,12
CAEAC600-8D42-4716-5B70-3A1690B7652E,KR,PG,8,10
464705EA-5926-89A1-C58B-3A1690B7A686,FM,H4,9,12
06CBAF2A-BD2F-6796-C07B-3A1690B7EE95,US,IW,9,-8
1F0FC897-2E4C-6C3F-C241-3A1690B84588,JP,PG,9,9
28EBD81A-8E04-ED15-EC2F-3A1690B8C2CA,JP,FM,9,9
9DDE2622-1586-C459-68DE-3A1690B8D50F,NR,PG,9,10
25FE5451-87A9-5B9F-F8A7-3A1690B90323,KR,SB,10,11
3C27D571-C993-F029-2D9A-3A1690B98DE8,TW,PG,9,10
8A9B3D48-EA5B-C095-5A21-3A1690C001DC,MH,PG,10,11
3B3EDA62-2C07-9E5E-D66D-3A1690C00B10,FM,PG,10,11
F71562D4-EC34-2C9F-216B-3A1690C31AD5,KI,GL,9,12
A5F35C17-FE9C-61F5-9619-3A1690C32B96,JP,PG,10,9
CDFC6934-89AE-1FD5-72EF-3A1690C337E5,PG,PG,10,10
D533BC14-F195-E73B-A53D-3A1690C34042,FM,FM,9,9
6AFE4CC3-B936-70BA-6A1D-3A1690C351F8,JP,FM,10,9
B24AEE7E-032D-363C-EA0E-3A1690C35A8B,NR,PG,10,10
B9B8E203-4319-4641-51EB-3A1690C37743,PG,PG,10,10
CD79F7BA-2535-9B31-6510-3A1690C38128,FM,PG,10,10
A35F5C1B-A85D-1956-22D7-3A1690C4EE13,PG,PG,10,10
3C7166D4-8973-8144-5E5C-3A1690C5BFBB,PG,PG,10,11
B4969FC8-FDCB-3608-6937-3A1690C5CCFD,PG,PG,9,11
A982A764-68BA-BC16-9156-3A1690C6F93A,PG,PG,10,10
DA1BC7C6-A6C8-5FF9-1044-3A1690CC05DA,PG,PG,10,10
C18D369F-CBA6-0533-7081-3A1690CC9AC0,PG,PG,10,10
565803D3-B637-D61D-7D49-3A1690CCA5C8,NR,PG,9,11
C57A4E8C-80F1-910E-0A6B-3A1690CCAC77,US,I5,10,-11
9CB1B1B1-CDEE-CB9E-AD9A-3A1690CEDFC2,NR,PG,10,11
FFF55C7B-5667-E924-C9C0-3A1690D02F90,TW,PG,10,11
B3AC68E4-F6E5-496B-3294-3A1690D55E85,SB,SB,10,11
84909FB2-D482-6921-F641-3A1690D5A031,KI,GL,9,12
7880964C-E2DE-846A-3F0F-3A1690E312AF,PG,SB,10,11
BB25455B-246A-EE23-81F4-3A1690E8F951,KI,GL,4,12
3FC21603-5C6A-12C4-6647-3A1690E92BA5,SB,SB,10,11
867AF3B2-2C36-0A0B-F04F-3A1690E937B5,PG,PG,10,10
575C6CF1-CBA8-9D9A-7C13-3A1690E9EEF8,PG,SB,11,11
C6129650-A5E6-3400-A4A9-3A1690EE5265,KI,PG,10,12
561E6283-5D98-5163-B22D-3A1695DE4F1B,FM,H4,8,12
F7B84524-2CE1-2722-C8F5-3A1695DE9FF9,KI,PG,8,12
CCE0E92D-B43A-43B4-64EA-3A1695DF661D,US,IW,9,-10
9F65EF92-E1BB-ACC5-D7D2-3A1695E13A24,FM,PG,10,11
DEB701FD-D786-4CE5-BFB7-3A1695E1431D,US,LN,10,-10
AE3E7466-29E1-F612-1461-3A1695E1958F,JP,FM,10,9
70C678C8-7C99-CE8C-9F02-3A1695E19C35,PG,FM,10,10
843BB0BE-F159-B363-4EA7-3A1695E24D61,PG,PG,10,11
84613366-0222-D739-C299-3A1695E25252,PG,PG,10,10
3B4F854B-4B15-B3C9-0F13-3A1695E258D6,FM,PG,10,11
E3FAEC3A-7286-EB9E-1635-3A1695E5C5E2,US,IW,10,-10
D71D4B18-B6A3-C5C1-D656-3A1695E5CD2F,FM,PG,10,11
C2348B32-6F03-43DF-4656-3A1695E5FDE0,PG,PG,10,10
CB3466EB-0F32-F671-AB8A-3A1695E60457,PG,PG,10,10
093AE48B-6A07-CA99-8A42-3A1695E61993,MH,GL,10,12
384F48A4-36A7-402D-789D-3A1695E66D68,JP,PG,10,9
8B4CCA82-3331-D906-1977-3A1695E68617,TW,FM,10,11
917BA585-4408-FAB5-6F90-3A1695E6B39A,FM,I4,10,12
568E7E77-0DCC-DE61-3F98-3A1695E6E527,US,HB,10,-11
FFFF395E-80F4-2A99-A73B-3A1695E6F17F,FM,FM,10,11
23490DBE-C15C-81F2-631B-3A1695E6F759,TV,PG,10,11
2C02BA09-6E39-5F90-B0B4-3A1695E71910,NR,PG,10,11
6771F764-618D-3DEF-96C4-3A1695E71E1D,TV,PG,10,11
598D7196-88B3-7FFE-204F-3A1695E72699,FM,GL,10,12
50347D49-D644-AA46-8270-3A1695E753A5,KR,SB,11,11
0D9BABA9-5BBB-22FD-3A59-3A1695E7770E,FM,PG,10,11
D83EEE69-34AE-27A7-C952-3A1695E798F1,KI,I4,10,12
9CC10E0B-F7E3-17B5-4BA0-3A1695E7B73E,KI,GL,5,12
AAE24137-E52E-4BFB-BD72-3A1695E7E760,KR,PG,10,11
5506DDF1-2F05-51B1-74A8-3A1695E7EE82,KR,PG,10,11
E3E35372-DC09-BC08-6822-3A1695E8541C,KI,FM,5,10
35921656-58F7-8440-3624-3A1695E85A2A,KI,GL,6,12
F0206E7A-BAEC-6088-9774-3A1695E87FBE,KI,GL,7,12
B41F4003-7861-4D3C-5766-3A16967444DE,MH,I4,10,12
B41F4003-7861-4D3C-5766-3A16967444DE,MH,MH,10,12
B6A22584-C02A-412F-1015-3A16968CF900,MH,I4,10,12
7D60741C-FFC3-1BD2-939F-3A16973496C0,MH,GL,10,12
B91D51ED-67D1-6F37-9EFC-3A169BFF8BB0,PG,PG,10,10
D878AE35-7863-9C5C-B1E2-3A169C9A773E,MH,GL,10,11
D878AE35-7863-9C5C-B1E2-3A169C9A773E,MH,GL,10,12
096686AD-EBFF-3B26-5F53-3A16A0E338FC,KI,NR,1,12
3EF6D856-AA9F-EA36-5593-3A16A0E5DD5B,KI,PG,2,11
9B5046EE-5448-CC1F-FEA2-3A16A0E7CFB0,KI,TV,3,12
DCD28DDD-B9CE-E844-617F-3A16A0E9A9FC,KI,SB,4,12
2DCB59CC-A43C-6FAC-A70E-3A16A0EF2E81,KI,GL,6,11
E25E4DE3-80F0-653E-ED11-3A16A1D5B6FA,PG,FM,8,10
E478C106-8716-FFD5-2422-3A16A55CBB87,PG,PG,10,10
7015BE11-034E-A8C9-49E8-3A16A55D1CE1,KI,SB,1,12
5DABD817-39E2-2EAA-C53C-3A16A55F59A4,KI,GL,10,12
5DABD817-39E2-2EAA-C53C-3A16A55F59A4,KI,I4,10,12
06E4E5F1-D062-4384-457C-3A16A59D7712,KI,GL,1,12
0F0EA1A0-B00E-91BB-927C-3A16A5BB7D71,KI,GL,4,12
0F0EA1A0-B00E-91BB-927C-3A16A5BB7D71,KI,SB,4,12
D5826F63-CD8C-1325-D942-3A16A5C7AE26,KI,I4,5,-11
EE0E3337-0479-CE48-4E1A-3A16A61E359F,KI,NR,7,12
A0E88849-10DA-4F8B-3690-3A16A6F3608F,KI,,10,9
AD705E69-761D-AD4B-7B6F-3A16A706877A,KI,TV,3,12
61BBF759-5B75-8C9E-C208-3A16ABA30422,KI,I4,10,12
CE8D8E23-94DF-6F93-05C1-3A16BA09791E,KI,MH,11,12
BEA728B0-F820-4D04-875A-3A16BA1234D7,KI,I4,11,12
6F702AC4-186C-E7BA-5FB9-3A16BA1F59E2,KI,FM,4,8
DBD30437-4668-240A-6EA4-3A16BA527B08,MH,GL,11,12
1C46C9B4-30D1-53AF-2069-3A16BA58CB20,KI,TV,2,12
4F65F7F3-A5DD-3658-7AC6-3A16BA7CF5B4,KI,GL,11,12
B44A220F-09F1-A4A0-1CBE-3A16BACE68E6,KI,GL,11,12
82DD7323-9A77-635B-D10B-3A16BAD5D395,KI,GL,9,12
4C089CF2-7A07-397E-1B12-3A16BAD864BC,KI,GL,11,12
2CC70362-B64A-3260-8BB6-3A16BB17D4D1,KI,GL,11,12
FB3778AC-9E1E-C0C5-D516-3A16C0E0EF4A,NR,FM,4,10
C4CA0369-BAAF-CB09-0B6B-3A16C10AE25E,NR,PG,6,10
177F5957-1719-2299-127C-3A16C21B35DD,NR,PG,7,10
33544FC9-5245-7F40-3F47-3A16C222843C,NR,MH,9,11
42E1C9E1-3C9B-7394-4232-3A16C22D9E03,NR,PG,9,11
4D8E6198-F37B-C749-9BD0-3A16C2377B58,NR,,9,8
CC08074F-13FA-8291-4DE7-3A16C23A8E4A,NR,FM,3,11
7DCFD1E9-E592-C8D5-B105-3A16C247792C,NR,I4,10,12
CA3DB8C1-D956-DD8B-F388-3A16C48E64D8,NR,I4,10,12
40F38E9B-99F6-B35D-4F1C-3A16C4AD3CC0,NR,I4,11,12
D14D7AD8-3844-841B-4C3E-3A16C4D84001,NR,I4,11,12
3333D399-15E8-66EA-C7C6-3A16C51E9963,NR,PG,10,11
F8F8D3EF-369E-8058-F60A-3A16C5C44501,NR,PG,11,11
084C83CB-079B-738C-D599-3A16C5D4244B,NR,I4,11,12
AF665A76-40E7-D50A-F8E4-3A16D8D94CFF,FM,PG,10,11
DA9E4118-9907-58C0-F5BA-3A16D8DED025,TW,MH,10,12
3DAF5A73-1EDD-0079-1819-3A16D8DEDC10,US,PG,10,10
74835ED4-6C5C-0C53-4872-3A16D8DEF484,PG,PG,10,11
93C961B5-0524-53D4-089D-3A16D8E4C4BC,PG,PG,10,10
8E375F6D-3512-B861-8CAE-3A16D8E55A93,PG,PG,10,11
5B623A11-BB5C-1345-9B4A-3A16D8E5D030,PG,PG,10,10
67203E69-B126-2B32-0C0F-3A16D8E60FAC,PG,PG,10,10
2D3B60C7-D9FF-08FC-6D47-3A16D8E903FE,TW,PG,11,11
4A08A0E0-66B5-44EA-8F33-3A16D8FF1D1A,FM,NR,11,11
61AE7E7D-9CE6-EECB-95A0-3A16D902A172,FM,PG,11,11
731941DB-6792-F8C5-A419-3A16D902B531,JP,PG,11,9
79B0B6D5-6A56-BB3C-2006-3A16D905EA58,KR,SB,10,11
C280411C-1B3D-50AE-678C-3A16D905F04D,PG,PG,11,10
798F174E-22C1-E6A6-759D-3A16DEAC250C,MH,I4,11,12
74173071-F8D0-7CDB-C76E-3A16DEB768C8,MH,NR,12,12
70EFB255-EDE7-0F07-4232-3A16E320CF1F,PG,PG,9,10
66C5C60D-A6A4-3976-26BD-3A16E320E790,TW,PG,9,11
B8337814-E3DC-9B2C-E16C-3A16E321293F,PG,PG,9,10
DFE94203-F468-22DF-B7E5-3A16E3219DE4,FM,PG,10,11
807FB409-F503-4A61-6D33-3A16E321B1EB,JP,PG,10,9
8239DCD6-C72C-BBA6-6ADF-3A16E3224795,JP,PG,10,9
220F0234-8D1A-1E96-BC13-3A16E3224FE1,PG,PG,10,10
55AEEA0D-81CA-A653-678E-3A16E3226301,SB,SB,10,11
5DB1091A-FC12-68D1-51EC-3A16E322FD0B,JP,PG,10,9
7F3A1287-9B2F-60AE-0BA2-3A16E323072B,KI,SB,10,11
E9E9F663-6C77-7303-7932-3A16E32315ED,FM,PG,10,9
FDB22645-8230-732B-FA4B-3A16E3236434,PG,PG,10,10
FCA3DC2F-457F-3394-8721-3A16E3266E6A,TV,SB,11,11
90AE78C1-1469-6E67-E5AF-3A16E32BA3B2,PG,PG,11,10
840B1067-5AA5-0842-9DDB-3A16E32BAB4B,TW,PG,11,10
88BC3974-1F85-A9A7-A2CC-3A16E32BC905,KI,PX,11,-11
3BC73207-7ECC-974C-F57F-3A16E32C2F20,TW,GL,10,11
57AB453B-74C9-0674-B391-3A16E32C6D51,US,I5,11,-11
707FCBAB-B173-4BBB-AAC1-3A16E32C956E,PG,PG,11,10
D44BD66E-FB06-1617-08F7-3A16E32CC2FD,KR,SB,11,11
0D03767B-4494-4157-1E2C-3A16E32CCBC0,PG,PG,11,10
DAD0A852-9C0B-1D0D-811F-3A16E32CE023,SB,SB,11,11
3F89347B-C359-909E-CA99-3A16E32CE435,FM,GL,11,12
AD53C327-D5E8-F39F-CFAC-3A16E3349E0C,SB,SB,11,11
DC67AF57-9093-6A72-E0FD-3A16E334C657,PG,PG,11,10
04F03445-DAAE-E423-BBAD-3A16E44DB1E4,TW,PG,11,11
B42F0DDD-2AC9-9BFB-2ED2-3A16EA109243,MH,NR,11,12
7F702BAF-4A59-6F29-1564-3A16FCDF1346,US,IW,10,-10
6AE46EA5-A912-4D92-CE03-3A16FCDF21D0,KI,SB,10,11
A017583E-592E-5BD0-4E38-3A16FCDFFD72,FM,I4,10,11
A017583E-592E-5BD0-4E38-3A16FCDFFD72,FM,I4,10,12
A017583E-592E-5BD0-4E38-3A16FCDFFD72,FM,NR,10,11
A017583E-592E-5BD0-4E38-3A16FCDFFD72,FM,NR,10,12
A333CB5B-0AD7-3291-FE99-3A170206E4BD,FM,GL,10,12
B7EDE79E-9590-B5F3-7042-3A17020FD6F7,PG,PG,11,10
266E7C47-2A83-3CB3-CF91-3A1702129ADA,TW,FM,11,11
F7307C06-0FC1-001C-D922-3A170212AC5E,PG,PG,11,10
02A04DA4-B9CF-E265-75F3-3A1702132E11,PG,SB,11,10
FC7C0FEC-C1C7-F40D-0402-3A1702133468,PG,GL,11,12
2493585B-1750-AEF0-A9A0-3A170213C0CC,TV,SB,11,11
A76CC54A-7460-CAD4-799C-3A170213C4CA,KR,SB,11,11
8F7D8137-1CC1-42BA-7694-3A170213D00B,PG,PG,11,11
78E9E84B-A083-7572-1E90-3A1702146511,MH,GL,11,12
7CE25985-2FD0-8ABF-3A2D-3A170215233F,KI,GL,9,12
CC4E5EFF-D869-7076-5C97-3A17021528C1,JP,PG,10,9
664A034B-43E5-ADDC-B7C8-3A1702152F41,KR,PG,11,11
2372671E-2799-4EEB-5DCD-3A1717939803,MH,NR,12,12
30135D8A-2CA4-6E29-BF8C-3A1717A3F59C,MH,TV,11,12
C574C3B5-3853-EAEC-E209-3A171BC3D2FA,PG,PG,10,10
CCD7EADE-3CF7-CB66-FB60-3A171BC553A2,FM,SB,11,11
5637317C-B66B-1E39-C17E-3A171BF93993,KI,PX,12,12
5AEFF8C5-DF49-A10C-6C0C-3A171BF9D51C,SB,SB,11,11
0237656C-FD50-E03D-71A0-3A173C02446E,MH,GL,11,12
0237656C-FD50-E03D-71A0-3A173C02446E,MH,I4,11,12
5F8BD839-2F68-509B-4943-3A173C701765,MH,MH,12,12
5F8BD839-2F68-509B-4943-3A173C701765,MH,NR,12,12
1DAFE424-1596-3448-C6D3-3A17504DB0E1,TW,NR,11,12
916B507D-EAD4-79E7-8B7D-3A175A05AD30,MH,I4,12,12
A3A55AD0-975E-F93F-9CD6-3A176902116F,FM,PG,10,9
CF394AA3-B5E0-CEE8-B9B7-3A176902C2BB,MH,I4,11,12
5FE14DDC-C7A1-4F8F-5347-3A1769038FE9,PG,PG,11,10
A891BBD9-F4B7-DAC7-86C1-3A176903AFA7,PG,PG,11,10
54814D04-3D72-984D-B6E2-3A176903C065,PG,PG,11,10
B1FBDA04-3187-B104-A349-3A176903E5C3,FM,PG,11,11
21667EAA-97A5-4336-2242-3A17690449B4,FM,PG,11,11
DECC58B8-F94E-8C9F-3CB5-3A1769046257,PG,PG,11,10
B292E24A-CFB0-05C6-EA66-3A1769048FFF,FM,FM,11,11
8A12C7BB-36B7-0653-0380-3A176904B5D8,FM,GL,11,12
8F9DCA76-FE82-668F-C770-3A176905186B,PG,PG,12,10
2409E8AC-B344-5756-96B6-3A176905BB83,KR,,12,9
A01384D2-8543-739A-DEA6-3A176905CA70,PG,PG,12,10
A796820E-BA9C-157A-4EE9-3A176905EB55,KR,SB,10,11
5F548334-4431-5E72-FD39-3A176E27F85C,KR,SB,11,11
0D7C21A0-673F-6473-1FF9-3A176E281F32,JP,PG,10,9
CBBE8540-B218-79CF-B181-3A176E2833DB,KR,SB,10,11
A0915DA6-E4E9-2FCA-3311-3A176E2843CB,PG,PG,10,10
FD719CD3-50F4-C4CE-9D5E-3A176E287262,FM,PG,11,12
68AC9326-7EFE-974F-549D-3A176E28910D,FM,H5,11,-11
2E83A2F0-6CD8-3A50-459A-3A176E289884,KR,FM,8,10
9E617ECF-9688-C8C3-BBE5-3A176E28A071,FM,PG,11,12
E8F1701F-2A2B-78CD-651E-3A176E28AA28,PG,PG,11,10
5ABE0D0C-755F-05FA-5B19-3A176E28BB73,PG,PG,11,11
5ABE0D0C-755F-05FA-5B19-3A176E28BB73,PG,SB,11,11
75DFF385-37DB-FD44-3F7E-3A176E28C220,KI,SB,11,11
4E2CD9E2-AD31-E649-EC9C-3A176E28D984,JP,PG,11,9
EC75740F-AAA4-FBF5-38B5-3A176E28F47D,JP,PG,11,9
BC0DEC09-95DF-6496-55CE-3A176E290005,PG,PG,11,10
A4890728-0C9A-0254-6CBD-3A176E290E85,FM,PG,11,12
8A2EB968-AC86-FB5F-9740-3A176E29181A,US,LN,11,-10
73C740FE-D18C-6F13-4F26-3A176E29203C,JP,PG,11,9
82219B18-45A8-D9C9-B92C-3A176E292766,NR,I4,11,12
7EBF0D64-883F-2490-A934-3A176E29315C,PG,PG,11,11
E026D82F-8302-1FBA-0564-3A176E294CB9,PG,PG,11,10
FB508BF5-791D-B9FC-F0E6-3A176E295C4E,PG,PG,11,10
D582257F-C0B5-E984-54EC-3A176E2974A3,TW,PG,11,-10
EC7AF5EC-8BBB-B975-FA14-3A176E297DA2,PG,PG,11,10
36224959-DB96-3185-AC05-3A176E298665,US,HB,11,-12
76BF8D95-D624-B73A-18FD-3A176E298E26,NR,I4,11,12
EB28DDF7-C2EF-585C-7C85-3A176E2998A0,JP,PG,11,9
FDC6EF34-16BF-E126-E4C6-3A176E29A0B4,US,LN,11,-10
B14EEC27-DCA2-D503-EB38-3A176E29C8CD,KR,PG,11,11
55FAFFFB-33B4-37C6-706B-3A176E29D9ED,PG,PG,11,10
D06C6CBE-F01C-C056-C327-3A176E29EA89,NR,I4,11,12
DC201259-176D-1FFA-3B18-3A176E29F08D,JP,PG,11,9
22A9EE3E-71D0-4109-7F36-3A176E2A0226,NR,I4,11,12
5B303EC2-F7E1-2998-8A9D-3A176E2A0A5A,KI,SB,11,11
03158739-3A0D-543A-EFB1-3A176E2A13B7,KI,I4,11,-11
3ADFC228-B03A-557C-818A-3A176E2A23B2,KI,PG,11,11
6C37D4D9-C708-B2CE-F16D-3A176E2A3121,NR,I4,11,11
50BA93C6-EB9B-EB00-5E9B-3A176E2A4045,US,PG,11,10
796FD18A-60DC-010E-F7C6-3A176E2A52F3,SB,PG,11,10
168C3D44-3617-2AD6-02E6-3A176E2A5A1D,PG,PG,11,10
594A7165-B002-EF26-184B-3A176E2A61A4,MH,MH,12,12
6EFB4E73-BC27-76C6-D9E2-3A176E2A788E,PG,PG,12,10
B90B75B2-800A-4E0A-9BA1-3A176E2A7FD1,PG,PG,12,10
F6ADC8CC-D3AE-6FCE-3274-3A176E2A8A05,PG,PG,12,10
0A0C5B29-93BB-B57B-7D6C-3A176E2A920B,TW,PG,12,11
D03107FB-0A60-5D85-7A1A-3A176E2AA2F3,TW,PG,12,11
338F863C-55AC-C328-0524-3A176E2AB702,FM,SB,12,11
7D319AF5-1054-7F08-DBA7-3A176E2ABD98,KR,PG,12,10
16B4714B-A71F-8604-F1BC-3A176E2AC392,SB,SB,12,11
DCE63386-6BA7-EEE9-391C-3A176E2ACB5E,TW,PG,12,10
6372DC90-A15F-89C7-12B7-3A176E2ADEE0,TW,PG,12,11
120B8BD4-494F-5196-1E89-3A176E2AE641,MH,GL,12,12
0D35E509-F21B-0A3A-D9F7-3A176E2AF2B3,TW,PG,12,10
638CE269-CF92-C9C1-4743-3A176E2B00F7,TV,SB,11,11
0A8F1933-26F1-06AF-2AC9-3A176E2B1965,KI,I4,11,12
6827B5EA-CF94-8174-D568-3A176E2B1FBE,TV,PG,9,11
A3751200-5C69-4B61-ABD8-3A176E2B25C3,TV,PG,10,11
FE1BF94B-7A6A-49A6-03C1-3A176E2B2D4B,TV,SB,11,11
1927F1F8-123F-35AA-14AF-3A176E2B3431,KI,NR,11,12
D1AADBDB-5253-220C-95F8-3A176E71C2E3,MH,NR,12,12
6E7FF8CE-CAC5-5CA5-B1DA-3A176F7ABAA3,MH,PG,6,10
608F5475-48E0-9A70-C2BB-3A176F90DFF8,MH,PG,11,11
CDF83ADA-AAFB-A63B-88BF-3A177874CF63,JP,PG,11,9
2D801142-842D-EEAF-5F49-3A177874E68C,PG,PG,11,10
D9778E92-CDD1-A4A7-7B9B-3A1778750119,KI,PG,11,10
5F0ED99B-C9E3-5AD9-105E-3A177875156C,NR,GL,12,12
D188314F-8FAA-E401-69DA-3A1778754E48,NR,FM,12,11
5D9491DA-3BF2-99D2-121C-3A1778756243,PG,PG,12,11
6E123502-FCBA-7CA1-228A-3A177DA15585,FM,PG,12,11
A31562BB-B12B-2A1A-3DEB-3A1782C28367,PG,PG,12,10
A745050F-3D45-7618-44B4-3A1782C2C7A2,PG,PG,12,10
9D9D7512-CE22-378F-A636-3A1782C34182,JP,PG,11,9
3470375E-00FA-5686-E32D-3A1783244037,TV,GL,3,12
E878C692-CA68-FFCF-BF4B-3A17838B4E8F,MH,GL,12,12
A726F6F8-CF7D-30FD-5FF2-3A1787E7F4BF,SB,PG,11,11
9BC120B0-72F1-8D2D-116A-3A1787E8038D,KI,PG,12,10
151F6A5E-A0E3-1A3B-DE9B-3A1787E83A83,PG,PG,12,10
8D1C7783-45AC-3054-32D4-3A1787E855C2,FM,PG,12,11
6B4B48AE-1A5F-1BF1-2336-3A1787E8AC9E,TW,GL,12,12
8705F005-F057-E688-D1DA-3A178D0E1A50,PG,PG,12,10
A14F9AAF-4993-B895-6D72-3A178D0E2CBD,PG,PG,12,10
BD8DDB56-14D1-875B-28F7-3A178ECB666B,TV,SB,12,11
D132FE3E-F736-4ABF-4B18-3A1792346FD7,PG,PG,11,10
AE9A3F3A-782F-E19F-9E3A-3A17923480C2,PG,PG,12,10
E36C8564-D028-6469-1C7F-3A1792349720,FM,PG,12,11
D8A7CCDA-6381-BC52-B178-3A179234A4CA,TV,PG,1,11
B262447D-9827-9E7C-BA7E-3A179234AC40,PG,PG,12,10
8237D5D4-E587-B223-0392-3A1792FDA34B,PG,PG,12,10
594E53A3-6968-4C91-53AB-3A1793271F3D,PG,PG,12,10
B3B29912-92B2-08DC-FD25-3A179335F23B,TV,H5,1,-11
B59ED2E6-C2E7-E45F-51DB-3A1793E79371,PG,PG,11,10
D0F033D8-0499-CA54-B578-3A1793FC2985,TV,SB,11,11
68B9E56D-7D19-F736-538A-3A17975ACB6D,FM,,9,8
68B9E56D-7D19-F736-538A-3A17975ACB6D,FM,,9,10
43DEEDED-9508-9583-60C5-3A17975AD75F,CK,H5,10,-11
A0F77A1F-6245-185D-11D3-3A17975AE533,US,LN,10,-10
2B2C0631-D880-3C0F-9E17-3A17975B04B2,PG,PG,12,10
92ADC6BC-962D-96D5-3486-3A17975B40B7,TW,FM,12,11
6A437443-76CF-6F9A-00B6-3A17975B4C9F,FM,PG,12,11
FA15BCAA-6E9F-3576-1B82-3A17975B5A24,PG,PG,12,10
8B5EFE15-631C-194E-DE5A-3A1797C50923,KI,GL,8,12
FEBFF2BF-CB37-8738-5A83-3A1799248ADE,TV,PX,1,12
4F3164E0-2065-0D56-AE4C-3A179D33CAF4,TV,SB,10,11
386564BB-B6EE-E8D2-0E73-3A179D6861BD,TV,PG,10,11
D10BD221-5AFF-6323-2DBE-3A179E04B3D8,TV,PG,12,10
75364252-0D00-0F0D-7B96-3A17A20E9958,TV,PG,11,11
65CC962E-3BF0-FC43-8BEE-3A17A2826A3A,PG,,10,10
6EFB9CB6-1D19-786A-C825-3A17A3352389,PG,PG,1,10
388D60BF-B871-13C9-E73B-3A17A385C990,TV,TV,2,12
53FEDBE5-09E4-E153-204C-3A17A3A6BCD3,TV,SB,12,11
E74492F3-3AC1-E2AC-A413-3A17A7BC7A06,TV,H4,1,12
4EC85E88-168B-5903-3E1A-3A17B11ADC33,PG,PG,12,10
5306435C-ED84-F656-CA5C-3A17B11AF281,PG,PG,11,10
7FA45864-C05B-A954-9BFD-3A17B11B29C3,PH,PG,11,10
B9D047D7-D565-806D-6584-3A17B11B4C3A,PG,PG,12,10
A53AF63B-3C7F-98E4-C342-3A17B11B8884,SB,SB,12,11
0EAB6C5E-7209-2644-EE4A-3A17B11BDC4E,TV,FM,12,11
6C5AFA57-BD52-18C1-2989-3A17B11BEE04,JP,PG,12,9
99EBDFBB-A036-6082-51A2-3A17B11C023F,FM,PG,12,9
1478451C-CB66-966E-1006-3A17B11C4330,PG,PG,12,11
B494FD5F-893B-0806-7CF3-3A17B11C6120,JP,PG,12,9
5419BA0F-E5E3-51DF-B477-3A17B11C8B74,JP,PG,12,9
E297533C-243C-57D3-BBC4-3A17B11CA1A0,PG,PG,12,10
ACCB5201-98BF-56CF-E48B-3A17B11CDBE7,PG,PG,12,10
4D044027-6FDE-44E1-DF57-3A17B11D0184,PG,PG,12,10
ABC74E74-BAA9-4588-CDD0-3A17B11D0EF0,SB,SB,12,11
A04DEB1A-B078-1EA7-EA00-3A17B11D2630,JP,FM,12,9
25D06ABE-9204-176B-6DFB-3A17B11D49E2,FM,FM,12,11
98AE4E94-3D0D-9CB6-6A02-3A17B11D6779,NR,NR,1,11
03D1B31F-F1C0-B978-318D-3A17BB6A7999,FM,TV,11,12
DB52870F-098B-38CE-923C-3A17BB6AACC7,JP,PG,11,9
A0D7038C-C18F-441F-5D6C-3A17BB6AD311,PG,PG,12,10
CC58B53B-9B44-1EAC-E99B-3A17BB6AF9B1,PG,PG,12,10
3C06E007-3482-EF6C-476B-3A17BB6B7B24,KR,SB,11,11
C9F364B1-7784-62AE-2D65-3A17BCBD557F,FM,PG,10,11
F5504338-73CB-D53A-C4AC-3A17BCBDA850,FM,FM,8,11
7209631B-11CB-95B6-3F73-3A17BCBE69BA,FM,PG,12,10
F53279F8-C005-AA0F-DFC4-3A17BCBEE77D,FM,PG,12,9
FA37055F-1E2C-1238-A357-3A17C0F0200C,MH,NR,12,12
167C8EC5-4D2F-C305-F873-3A17C0F9648B,MH,TV,12,12
51331311-C301-1208-2466-3A17C1DD6893,MH,TV,12,12
FDFCC62E-F410-8BD8-9458-3A17C1F25210,MH,GL,12,12
2D000D37-3C5D-77A0-446D-3A17C62F88EF,TV,FM,12,12
DAA21F08-D2BA-8196-E605-3A17C79483C1,MH,NR,12,12
AF089EDA-0271-6064-BF62-3A17CC4E0E58,MH,PG,12,11
F539D93A-9450-3D5F-8800-3A17CC8CD103,PG,PG,12,10
D7DCDFB6-0CEC-72DA-EB6A-3A17CCF4994E,KI,GL,12,12
7F8EC76D-B61E-A90C-7C23-3A17DB1870AD,SB,SB,1,11
1AEC1278-B1E1-C424-20D3-3A17DBE05B9F,PG,PG,12,10
27494C2A-0747-4181-5FFB-3A17DF7429E5,FM,H5,11,-11
2C4DC625-01E3-BFE7-41FD-3A17DF74964C,NR,NR,11,12
24811DBB-4837-C9CE-94DA-3A17DF74A9A4,NR,FM,11,11
53BC4544-017B-74C6-7048-3A17DF74DD66,PG,PG,12,10
A66F387A-53D1-3BC5-EB65-3A17DF7501DA,PG,PG,12,10
4111AE11-340B-DF15-2F36-3A17DF752A85,JP,PG,12,10
6DF7A92F-F6BD-0522-0F53-3A17DF75A6C1,PG,PG,12,10
D3F0E9A7-BF53-53CD-6889-3A17DF75D664,TW,FM,12,11
92967FBB-7969-0BE0-CDB8-3A17DF760927,TV,PG,12,11
3764FB96-A3F8-BD90-30D1-3A17DF764A6B,PG,PG,12,10
244D0C04-5FCD-6A32-EA7E-3A17DF768B0E,FM,PG,1,11
C41C9519-05A9-442B-ED4F-3A17DF76AEDD,KR,PG,12,10
F13553AE-B199-8C41-9636-3A17DF76D607,JP,PG,1,9
BBCCEA8D-157C-F79B-C81D-3A17E00E31C0,NR,NR,12,11
CD8AD925-A57B-30B0-8708-3A17E06045B7,KI,SB,12,11
88BC2B8C-C280-8D2A-0F73-3A17E0F1D7D7,MH,NR,1,12
BE64AE0C-193F-9CA4-F2D0-3A17E9C71ACF,FM,PX,11,12
86DB42AB-1D86-5978-1F57-3A17E9C88F64,NR,PG,12,11
99D921C6-326F-CA0D-AC42-3A17E9C8FAB6,NR,PG,12,11
4D1DDFC6-56A3-8FA6-BE1D-3A17E9C9258C,FM,PG,12,11
CBCDB1C7-792D-4C7E-7F99-3A17E9C954FC,US,H5,12,-11
6D58D6BF-24C9-6A63-E3C2-3A17E9C971D4,PG,SB,12,10
027437FD-4B55-C010-4C79-3A17E9C98A64,NR,PG,1,10
C2C726CC-98F6-3A35-CC67-3A17E9C99373,TV,PG,1,11
8797EB53-A13C-22D0-8711-3A17EA56B89E,NR,PG,12,11
7D9B0B11-074B-215F-42AF-3A17EA7E64CC,NR,FM,12,11
961B22C1-0EA0-026F-78D0-3A17EEE8DACA,FM,PG,9,11
77928C17-48D0-1FEC-40D3-3A17EEE8EE76,PG,PG,9,10
018F6263-83E5-4459-5EE7-3A17EEE9BBD5,US,LN,11,-10
2F8E9D59-B886-9CBC-619D-3A17EEEA2049,PG,PG,12,10
0D7DDB65-4609-6770-09C4-3A17EEEA363F,JP,PG,12,9
72725B5F-8871-DFF5-2CFD-3A17EFA74DA8,KI,,4,12
C1BDA414-4AE9-9EB0-3CED-3A17F0B224F3,PG,PG,12,11
D9CBB59B-1BA8-206F-77AA-3A17F0B41E5F,KI,PG,6,11
9D02C98E-0E18-FB8C-6D2F-3A17F0C83660,KI,GL,1,12
FB307EC2-3362-BFA3-DC48-3A17F0D172CD,KI,PG,9,9
84164A8D-FD20-50E6-20A2-3A17F936E2AB,PG,PG,11,10
6D5D9E05-6AC4-CE5E-C179-3A17F9390EEB,PG,PG,12,10
F3D188BB-207F-1FD5-6ADD-3A17F93C66A3,KR,PG,11,11
95F1BC0D-6AF3-187E-7AFB-3A17F93DB28E,KI,GL,12,12
38EF8C7A-1720-E889-1070-3A17FF53BC4D,MH,GL,1,12
907DE955-A2CF-BE8D-10F4-3A180446C316,KI,PX,11,12
B220ECE6-C336-4A77-50FD-3A180932F60A,KI,GL,12,12
A476AAF1-8909-5529-6494-3A180E4B82C5,TW,I4,10,12
DE35E614-EB3E-56A0-1FF9-3A180E4D7133,PG,PG,9,11
6EBE623C-DDBF-BB71-B723-3A180E7D972F,KI,PG,6,11
0DCD08DD-CFFB-0212-50F0-3A180F90ACB0,FM,,9,9
D84FB2FA-79BA-23D6-7951-3A1812F34F96,FM,TV,12,12
49A1517E-3610-B08B-37FC-3A1812F36400,FM,PX,11,12
4D1AE1B9-AF81-B792-B472-3A1812F370D0,US,HB,12,-11
EA312D2A-B2B0-F5FC-6A45-3A1812F3B397,FM,PG,12,11
745170A1-D260-D38B-6F3A-3A1812F42FDD,PG,PG,12,10
1CCEB180-F86E-F4C1-A1F3-3A1812F4995A,FM,PG,1,11
227C9657-734A-095F-B724-3A1812F4B8A6,PG,PG,1,10
35C7C2F7-E172-DCB3-E20C-3A1812F4E404,PG,PG,1,10
DBF2A032-BE8C-8DAC-51DA-3A1812F51FCA,FM,SB,1,11
B7C85BB7-9291-83AB-6923-3A1812F537E1,FM,GL,1,12
131D3D87-9591-5486-C358-3A1812F56B66,PG,PG,1,10
AB910661-C7A9-237A-36D9-3A1813278286,KR,PG,11,11
B1995022-10A0-38D0-CB49-3A18181A0312,PG,PG,12,10
E72BD626-9656-EB7F-3172-3A18181A1156,PG,PG,12,10
1F64ECA2-7B6E-27A8-A0DC-3A18181A2861,JP,PG,12,9
84F02083-468C-019D-C4B9-3A18181A334D,US,PG,12,10
C88B8659-241D-9B0E-BF8C-3A18181A3CE0,PG,PG,12,10
8454CFA2-988D-FF3D-8AE2-3A18181A7EDC,US,LN,12,-10
6DF3FAB7-7E98-5B78-3FD5-3A18181AF286,FM,NR,1,11
E925F684-9087-AB12-F16E-3A181D404AE8,US,H5,12,-11
60EC29F0-087A-E37A-1ADF-3A181D407806,TW,TV,1,12
2F5BB250-FD87-7070-90DC-3A181D40BB24,FM,PG,1,11
DB64E96A-0154-7A50-9587-3A181D40FB53,PG,PG,1,10
5C757A31-DD39-66B7-A9E8-3A181D410BA3,PG,PG,1,10
16531335-6CA2-64E1-33A0-3A182075D6E8,KR,SB,12,11
A3D85403-9E16-090B-62BD-3A182077C38B,KR,FM,5,11
CC9CA244-4425-16B1-C7A5-3A1820780046,KR,PG,6,11
99376565-BAA6-19B4-9441-3A18207C3E1A,KR,PG,7,11
348AC679-B19B-7922-E0C1-3A18207D59EB,KR,PG,5,10
C819E194-EF26-790A-4B9D-3A182376184B,KI,NR,1,12
41EDEACF-0799-79B6-8BE8-3A1823792D98,KI,NR,1,12
49F9C0E5-1925-6352-3EB8-3A182395767B,JP,PG,12,9
E3A19141-42A3-4D81-6B40-3A18239A3EB9,JP,PG,12,9
48716920-13A5-291A-0FD0-3A18239AD49E,JP,PG,12,9
55266D36-D4E6-22D8-AEF1-3A18281CE258,FM,,10,9
C83F26DB-1F49-84B7-74BD-3A18284AFB34,FM,H5,4,-11
C83F26DB-1F49-84B7-74BD-3A18284AFB34,FM,I4,4,-11
564F1E7E-9EDB-CC8B-9183-3A18287B0924,US,HB,11,-11
792660B0-5C34-B634-716C-3A18287B6941,US,I5,3,-11
91EC6074-0B32-C503-F42E-3A18287F312D,US,I5,10,-11
91EC6074-0B32-C503-F42E-3A18287F312D,US,LN,10,-11
25EDAF4B-B6BA-A105-328F-3A182932BA32,FM,,11,10
D4A7B7A3-1FB0-7EF1-0A8D-3A1829653190,FM,,9,11
49B1A6EA-279A-7B30-F062-3A182E61B6DA,PG,PG,1,10
B77239D5-8A56-8A95-D358-3A1831ECE5E0,NR,PG,1,10
DE9EE6FB-1D3C-90A4-A97B-3A183340B835,NR,FM,12,12
F846B774-B8E5-CED4-A694-3A1835F1FD04,FM,GL,1,12
F846B774-B8E5-CED4-A694-3A1835F1FD04,FM,TV,1,12
CA6F32F8-2A71-834F-A628-3A1835F20A85,TV,TV,1,12
071900DA-C6AC-B8DF-926B-3A1835F2183C,PG,PG,1,10
D23E51BF-3562-34D8-99F6-3A1835F21EEB,VU,SB,1,11
AB69002E-07C9-77C9-0BB4-3A1835F22CAB,KI,SB,1,11
6A9E7105-3C92-DE46-2779-3A1835F232E1,FM,PG,1,10
A1492498-2AFB-924F-0354-3A1835F24471,TW,TV,1,12
EFE78E59-8364-8B1D-44DD-3A1835F25FC6,PG,PG,1,10
6CB8C111-4C34-C90E-2A29-3A1835F27D4B,FM,PG,1,11
6DB637FB-470B-B446-52D4-3A1846F39AC6,FM,SB,10,-11
737AA018-105D-4F9B-100D-3A18472E9613,TV,PG,1,11
3ABBC673-1729-A1F0-C471-3A18476EB4EC,ES,H5,12,-10
0EDDCEC1-57D6-43C8-F66A-3A1847F61A80,TW,PG,1,11
56956102-5446-7D12-355E-3A1848185752,KR,SB,1,11
58CDD4C1-795A-9C42-1E21-3A184BCD93F6,KI,PG,12,-10
F3B36EFE-826D-B00A-D67D-3A184BD45212,KI,GL,12,12
76AE93D8-270E-CF69-DF17-3A184C5B6F7E,KR,SB,10,11
18D6F288-8FA8-9545-DD5B-3A184C6C15AF,KR,SB,2,12
29C86CC2-F08D-CBB7-D21D-3A184CA6AECB,PG,PG,2,10
F1587DE4-7459-1D44-ABBD-3A184D3F44DF,KR,PG,10,11
E5F2865B-1881-0199-BFB6-3A184D6430DB,KR,PG,8,10
48C5A28A-78D9-E199-08D9-3A184D899F06,KR,,8,11
9048A6E2-1359-5E47-80D4-3A184D8C3957,KR,,8,11
287972D8-7A7A-5321-4834-3A184D8D8234,KR,PG,9,11
044BAA7F-A2E6-33DB-2F07-3A184DAE4FCF,PG,,10,11
6BEF00D2-9205-17AE-7A78-3A184DB08B3B,PG,PG,10,11
F33451C3-9AFE-0BD5-26A4-3A1850C6632A,PG,PG,1,10
968AAF61-2770-A22F-0554-3A1850C6B9A9,SB,SB,1,11
4CCA3610-504A-3FCC-D7C0-3A1850C9A549,PG,PG,1,10
4B334635-6F91-6069-866D-3A1850D3E8C7,PG,PG,1,10
BAF9CC9F-E0EA-89F8-2748-3A185163ED3D,MH,GL,1,12
84748506-1BC2-815B-44F9-3A1855E6CC6D,JP,PG,12,9
3BBE241B-A0BD-DB66-8B72-3A1855E7AFA5,NR,PG,12,11
313B4FDC-41E8-4082-ED54-3A1855EAD852,KI,SB,1,11
22F08A38-1D12-58F2-5381-3A1855EADF13,PG,PG,1,10
BF23CBA4-91D9-4442-FB11-3A1855ECDCE7,US,PX,1,-11
8A7B9BE6-B368-DBE3-0EEC-3A1855EDEC71,JP,PG,1,9
DFE40262-8E14-58BD-6B3C-3A1855EE6F3A,PG,PG,1,10
1D9F9680-859B-393B-D5A7-3A1855EE7A83,TW,PG,1,11
5A54E269-13E1-4844-4594-3A1865591827,JP,PG,12,9
2777F14D-3B10-5540-495D-3A186559AECE,PG,PG,1,10
CCC17D0D-DF50-39C6-92F8-3A186559D022,TV,NR,1,11
CCC17D0D-DF50-39C6-92F8-3A186559D022,TV,PG,1,11
A3796B29-BEC4-85AD-D812-3A186559DBC8,MH,NR,1,12
C608A2D6-7F4D-C685-B5C7-3A18655A2F42,KR,TV,2,12
6CB8101D-DE5C-583A-081F-3A18655A485B,PG,PG,2,10
EE539037-EC2A-6046-5BA7-3A18655A5D52,KI,GL,1,12
EE539037-EC2A-6046-5BA7-3A18655A5D52,KI,NR,1,12
C56AF4EB-CCD0-887E-B61E-3A1870539795,KI,CK,3,-11
C56AF4EB-CCD0-887E-B61E-3A1870539795,KI,CK,3,12
06A27B14-5CEC-F746-21C3-3A1870AED676,EC,LN,10,-10
DC2AEA2D-0446-8CDB-B7A0-3A1874CC74B8,SB,SB,12,11
2EB74230-B135-A4F9-A754-3A1874CC8E7A,FM,SB,1,12
01BA1200-848C-517D-A1F0-3A1874CC9B7B,PG,PG,1,10
1F27BE53-27DC-DB14-D896-3A1874CCA141,JP,SB,1,9
2B44C1F2-5991-D0FD-798E-3A1874CCB76B,PG,PG,1,10
8450384E-3F63-E160-011B-3A1874CCD80F,FM,NR,1,12
6E973B5F-5DC6-01B7-3D67-3A1874CD0D2B,KR,PG,1,10
B5AA2CE2-3D1B-344A-42B6-3A1874CD19F7,PG,PG,1,10
68941F0F-508C-44F7-ECAA-3A1874CD3488,SB,SB,1,11
A2B91F12-BBD0-42D5-96C0-3A1874CD3ECC,KR,PG,1,10
990C3E0B-BDA2-70A6-E78D-3A1874CD6748,PG,PG,1,10
AAC5A741-BA33-3F45-D89B-3A1874CD7956,MH,NR,1,10
7DF9312A-1EB3-53EA-7F35-3A1874CDB567,PG,PG,2,10
81141B73-AA6F-3641-BDFC-3A1874CDC4FD,KI,GL,1,12
E87EE835-1C1A-7BAB-382D-3A1874CDDA2B,FM,PG,2,9
7AAD1549-AED4-18C9-15D1-3A1874CDDEFA,KR,PG,1,10
7AAD1549-AED4-18C9-15D1-3A1874CDDEFA,KR,TV,1,10
05DD0725-6FC6-B5D9-D660-3A1874CDE9D0,TW,PG,2,11
FF9FD36B-AD3F-5445-4F6A-3A187583CE0D,KI,SB,10,11
67C71645-F4D3-6030-8045-3A1875B7F516,KI,SB,11,11
12B54243-4E6F-55DB-C580-3A1895032FA5,MH,GL,2,12
1F375306-1F00-5BAF-67C1-3A189542ED26,MH,PG,2,12
EBF1B505-1435-4F81-E299-3A1898E02CB7,CK,I5,1,-11
64C7029A-3169-6B61-DF16-3A1899C827DA,CK,I5,6,-11
529F544E-1965-0B43-C63A-3A189EA7390C,KI,,1,10
2BC1EDE2-77B8-7867-6A72-3A189FE5A7BC,KI,PG,5,11
815CD1AA-9569-97BD-5172-3A18A325D8A9,KR,SB,1,10
815CD1AA-9569-97BD-5172-3A18A325D8A9,KR,SB,1,11
9790BB32-9685-DB37-920B-3A18A3265F3C,FM,PG,1,11
AF5F2D1B-8E0F-8D01-4537-3A18A3267C76,NR,PG,1,11
F41F013B-748F-6BAD-56BC-3A18A326D2BF,SB,SB,1,11
49835944-667C-D55D-CE3B-3A18A326DDDC,PG,PG,1,10
F9A314AD-143C-719D-65D9-3A18A3270FBF,KI,NR,1,12
F045018C-6FDE-6E21-C073-3A18A32718FD,PG,PG,1,10
D5A6408A-22F4-E1ED-6659-3A18A327325C,PG,PG,1,10
E2700D7F-D6E8-F71C-637E-3A18A327D1B4,PG,PG,1,10
8BD4A142-AC5A-0D3E-22A2-3A18A32811DA,SB,SB,1,11
E0F79957-9E37-0CE7-5D5C-3A18A328A047,KR,PG,1,10
6D8B7F8E-3EC2-5026-ADAC-3A18A329F563,KI,GL,1,12
A4CA64EA-7642-5E64-3BB5-3A18A32B2C4B,FM,PG,2,12
DD8A635B-C931-1788-73C3-3A18A32B3898,PG,PG,2,10
D8372CB0-A0B2-1BE7-BC51-3A18A32B3C88,US,I5,2,-11
9043F58A-49EA-EB7B-95B3-3A18A32B73C8,PG,PG,2,10
16371036-7E4F-7EC6-E3DB-3A18A32D4BD5,TW,NR,2,12
3935265E-544B-DFFB-5FF4-3A18A32D51A3,PG,PG,2,10
D1FD68B1-2095-E5BA-4FD1-3A18A32D5BAC,JP,PG,2,9
813DC7C9-4D1E-EB5E-15A9-3A18A32DB4ED,JP,PG,2,9
CDD2857D-52B9-EC12-FDD3-3A18A3CED632,KI,GL,10,12
FBA6D915-E1E3-06CC-24AF-3A18A48AE4AF,KI,GL,11,12
7DC9EAB1-B1AD-C64F-5754-3A18A84C2F5D,SB,SB,1,11
C472A8E4-E837-B25A-A906-3A18A84CC425,NR,SB,1,11
11A9AFC6-08D2-0DB3-D82D-3A18A84CE4C6,FM,PG,1,10
C0D37DC6-589E-3D4D-C48A-3A18A84CFB26,US,LN,1,-10
DDFFA213-DE1E-8CEA-FF62-3A18A84D0CAA,PG,PG,11,10
93BD35DB-B502-ADF0-F265-3A18A84D18CB,JP,PG,1,9
5C8A2CD7-5878-DCF9-F547-3A18A84D2055,PG,PG,1,10
873264FA-6320-AEE4-3299-3A18A84D274C,FM,PG,1,10
33BDE09D-5AE4-7514-876C-3A18A84D5C96,JP,PG,1,9
40A28866-B8DD-BC0C-294A-3A18A84D65C5,PG,PG,2,10
FF10AE58-5D4A-92A9-42AB-3A18A84D7620,KI,PG,1,10
BB28D793-08D0-ED86-3613-3A18A84D7C95,MH,GL,2,12
A7E37424-D073-602A-53A5-3A18A84D92AC,KI,GL,1,12
CFF58F2F-42EE-210B-0DFB-3A18A84DA3D6,NR,NR,1,11
3DFFCD54-0F3D-9DD4-8C25-3A18A84DD54A,TV,SB,1,11
F0C2B7E9-C7A4-FD88-BE4F-3A18AD766C0E,FM,FM,1,11
FBBC00F9-0742-6BA5-EC53-3A18AD769242,PG,PG,2,10
0D664030-C735-5A2A-75DD-3A18AD76955F,JP,PG,2,9
8628658E-1402-5AE0-7A60-3A18BE0B8540,MH,GL,2,12
E00280B3-4DAE-6F2D-3755-3A18C3A3945D,MH,GL,1,12
4628CDCB-3CC5-B578-5F96-3A18C7375FD3,FM,PG,1,10
3C71F910-5A71-F70D-3F54-3A18C737C27E,KR,PG,1,10
D5D17866-5E17-1E8D-A287-3A18C7381ADF,PG,PG,1,10
EC2876B0-2C33-FFCF-B8AC-3A18C7385E5F,MH,GL,1,12
CE2A23DF-7306-D67E-E369-3A18C73B675E,VU,PG,2,11
183B0EB6-6BA8-C933-D60A-3A18C73C2425,PG,PG,2,10
4B2C17D0-B015-99C8-8F0F-3A18C73F6F38,PG,PG,2,10
D1D18004-2834-FF1C-F872-3A18C73F7636,TV,GL,2,12
810F7416-549C-9FFB-9E0E-3A18C7439EE1,NR,SB,3,11
E41C2BA7-7620-E3F9-D1A0-3A18C743EDF7,FM,PG,2,11
D8BE6430-7E8D-20A2-E453-3A18D856876B,TW,PG,2,10
A3155F7D-F9B0-C638-5D1C-3A18D8B2398F,PH,I1,10,9
734D25DD-AEF3-E9CC-08C0-3A18D8E60937,PH,I1,12,9
042FB0E5-B169-22C7-7E0C-3A18D90350F0,PH,I1,1,9
C6CA4C02-C41A-42D5-8089-3A18D94D8DB8,PH,I1,12,9
759FF940-3B18-E642-238F-3A18DC746E61,PG,PG,5,10
166D47A4-939B-72CB-8B5C-3A18DC921D3A,KR,PG,6,11
4EF92D64-6147-63DF-3B3C-3A18DCBAA17A,KR,SB,10,11
5DC152F4-0EFA-B3E4-B6D9-3A18DCC5862C,KR,PG,10,11
54040C4E-527C-ABE2-116B-3A18DCD3B19B,PH,I1,12,9
D3F4BEFA-3D5D-5705-8752-3A18DCF063BE,KR,PG,7,11
48A4A945-955D-81F1-9B96-3A18DD56FAAA,KR,SB,11,11
5808AC05-40E7-045A-6AE7-3A18DD96520F,KR,PG,8,11
98B19685-05DF-2893-720E-3A18DDAD5F22,KR,SB,1,11
98B19685-05DF-2893-720E-3A18DDAD5F22,KR,TV,1,11
0CEC6715-49C3-856A-39A2-3A18DE0E607D,PH,I1,12,9
C0CBC3CE-B4E4-2151-EF59-3A18E13B09A2,VU,PG,10,11
7F7606F4-328C-D2E3-4A19-3A18E15F1AC7,VU,PG,8,11
1C9420B1-DE82-B0C6-3DFD-3A18E1930BC2,NR,NR,2,11
38DA6033-01E9-0838-9AC4-3A18E1E28FAF,KR,PG,8,10
D85D4CC0-B63B-33D3-02B3-3A18E217862D,NR,PG,1,11
B8DF3ED2-6910-CD26-2AF4-3A18E2707FFF,PH,I1,1,9
7763506C-DCE7-0DAE-726B-3A18E2ABE798,ES,I5,1,-9
E47AACEF-67F5-B6A5-EDBA-3A18E6B16BF1,KI,GL,12,12
6DE5C59A-7DA7-C1D7-5D9F-3A18E6C967C0,PG,PG,2,10
E7EBF469-4337-261F-A4CA-3A18E70F37F6,PG,PG,12,10
4416DC2E-1A30-9950-F537-3A18E79EB42A,KR,PG,10,11
13681587-5D07-050E-15F6-3A18EBD33F97,KR,FM,5,10
DDC4E664-0EE9-1FCD-D188-3A18EBD6F6A1,KR,PG,5,10
F43070C8-A0E2-EA7D-C14B-3A18EBE3445C,KR,PG,6,11
2D60E93C-2F75-6E4C-F982-3A18EC00CEA0,KR,PG,6,10
F548C31F-C5DB-5CC5-FCC6-3A18EC2CAFDA,KR,PG,8,10
BE4A6CFE-E956-A286-49B4-3A18EC478095,KR,PG,9,10
BA985A3F-D2F4-65BF-AF65-3A18ED6EBC38,SB,PG,5,10
1A942AA4-39EB-D988-C2D5-3A18FB4C0591,VU,H5,2,12
A8016E0E-C6C4-2802-1312-3A18FB67EE8F,VU,GL,4,12
628A7C75-9423-B54E-CD68-3A18FC283FA3,KI,SB,10,11
82C9DEE0-0A33-22F8-F081-3A18FC28DEFF,SB,SB,12,11
5C4C21F4-5E7C-DD82-4F75-3A18FC46CC94,NR,,11,8
5C4C21F4-5E7C-DD82-4F75-3A18FC46CC94,NR,,11,9
5C4C21F4-5E7C-DD82-4F75-3A18FC46CC94,NR,,11,10
5C4C21F4-5E7C-DD82-4F75-3A18FC46CC94,NR,,11,11
BEA3FAFA-6B8F-8D60-B293-3A18FCE74ADB,SB,SB,12,11
FC7551FE-1FC2-58E8-83DC-3A1900494E0D,SB,SB,11,11
AB6F3B1B-8214-20A0-F2C1-3A1900547139,NR,NR,2,11
E3FF7566-3031-2836-417A-3A190069B31C,NR,NR,3,12
E0725980-2F77-AD3B-13A2-3A1900AFBC6D,PG,PG,2,10
A0A10234-B240-1D8E-CCD6-3A1900D682FE,TV,GL,2,12
437D1CDD-8C1D-E362-21BE-3A190A2B45C2,US,TV,1,12
3770EC70-34A2-79D5-C184-3A190A2BE630,JP,PG,1,9
9AC16E6F-13B7-D6E6-17C1-3A190A2C2CF6,NR,PG,1,11
BED72860-CDD4-F4A9-7F5F-3A190A2D3B5B,PG,PG,2,10
8A5296F7-CBC2-07A6-A4BB-3A190A2D4513,SB,PG,1,11
9C89361E-1709-4F29-750A-3A190A30B577,KI,SB,12,11
A9F178EF-3AEB-4C75-5752-3A190A3B655A,JP,PG,2,9
03CF0C9C-85B9-200A-995A-3A190A56FD9C,PG,PG,2,10
3BCE62B9-96E0-F525-D910-3A190AA86D11,PG,PG,2,10
95BB9E79-7FD0-A35F-652F-3A190FAF017E,MH,NR,2,12
2804518D-116C-F75E-DCA3-3A192085AF65,TW,NR,2,12
2804518D-116C-F75E-DCA3-3A192085AF65,TW,SB,2,12
C1012FD8-8C49-4E7E-8C6F-3A192AB14500,NR,PG,2,11
4D50C634-00F1-B765-CF91-3A192E3217D8,CK,H5,1,-11
3B1C693A-3B93-911B-C17C-3A192E32282D,PG,PG,1,10
AA6DB2A8-D094-CD97-2423-3A192E323677,FM,PG,1,11
D78C0976-9B35-6D76-4373-3A192E32BB97,FM,PG,1,10
567221F6-9D79-6896-68A9-3A192E35F08F,FM,PG,2,11
D826D24C-8997-B031-131B-3A192E380004,PG,PG,3,10
ED274F99-B00E-76D8-1872-3A192E380B06,US,PX,3,-11
55ADE9CC-0991-76AF-E42E-3A192E38A373,KI,NR,3,12
F3E70C48-F51C-8F34-CEFC-3A192E38AB63,TW,PG,2,11
937DEE32-4D93-FDAA-A656-3A192E38B991,TW,NR,3,12
BB501898-FD3A-701D-F7A9-3A19341B1945,NR,SB,2,11
16884696-5A7F-698E-FA12-3A19344A960A,NR,PG,3,11
D61D222D-0930-CD3A-F695-3A1943512D03,KI,GL,3,12
80BAA06D-957A-196C-45E4-3A19438A4733,KR,TV,2,12
9156C929-32EE-892B-94B1-3A1943905711,PG,PG,3,11
4E3BE2CD-418D-4D21-0838-3A19442150AB,MH,NR,3,12
64A97E2E-3908-373D-B113-3A1944855C40,TW,,1,10
7A169096-C202-39A7-9FA3-3A194859C1E6,NR,SB,3,11
B137986A-E446-D78D-C02B-3A194887D5DB,NR,MH,3,11
B137986A-E446-D78D-C02B-3A194887D5DB,NR,NR,3,11
B137986A-E446-D78D-C02B-3A194887D5DB,NR,PG,3,11
2154A0E8-CAC0-1F86-FE05-3A1948AE37DD,NR,NR,3,12
558F79A3-7A98-632A-535A-3A194E4D69EA,TV,PG,3,10
FC39E8C0-A6EF-40DA-B8FD-3A19764AB74D,PG,PG,3,10
22406C6C-D5F6-6711-72FA-3A19764AD1A1,FM,H4,1,12
9B0445B6-FE67-F4BC-634C-3A19764D0B14,FM,PG,1,11
AB242925-AC6C-F8C8-004A-3A19764E84B8,PG,PG,2,10
31A8A690-E5DB-E203-7D11-3A19764EE9B8,FM,PG,2,11
0B851DFD-BB38-6C9E-09EB-3A19764F3A13,PG,PG,2,10
2C213D10-8E53-EDC6-01D2-3A19764F57A5,TV,SB,1,11
93B05E1C-BB8A-B7F8-D984-3A19764F8366,FM,PG,2,10
818ECC44-2DDD-5FE6-D329-3A19764F9BC8,US,PG,2,10
5942AFD3-1CC5-FB64-53A4-3A19764FA719,JP,PG,2,9
91C72A52-A0C7-76A6-8814-3A19764FC77A,US,TV,2,12
DE9CAF3D-420E-7002-F00B-3A19764FCE29,PG,PG,2,10
D1E4F956-D3F0-9766-474E-3A19764FF175,NR,PG,1,11
64538C8E-295C-30BC-B334-3A19765005D8,JP,FM,2,9
D36F49FC-93F3-5F49-0FDE-3A1976501347,FM,GL,2,12
B17FC715-527A-564B-87A1-3A1976502249,SB,SB,2,11
0D92E748-A9E1-4113-E8F9-3A1976504125,PG,PG,2,10
21393A1F-BA7E-A61B-F99F-3A1976504F56,PG,PG,2,10
8AD868AE-3DB0-E9B3-BA00-3A1976505C4A,PG,PG,2,10
94F12D24-916F-FC0D-0B9C-3A197650D454,PG,PG,2,10
E755B9A7-2A6F-4658-2B4D-3A197650E409,PG,PG,2,10
3D778737-C1B6-44A2-2601-3A197650EA73,JP,FM,2,9
CB723284-0B7C-A8ED-C03D-3A1976510575,PG,PG,2,10
F16B5709-8600-4502-32E6-3A1976510A0F,SB,SB,3,11
F6AFAFD3-A2D3-962B-5AED-3A19765130A2,PG,PG,3,10
67924465-CB3C-388E-C75C-3A1976513B07,TW,GL,3,12
B94DF313-A075-92AB-EC6C-3A1976516170,FM,GL,2,12
4FF616B2-9568-A244-3729-3A1976517150,PG,PG,3,10
B70FDC2A-061C-ABD2-466C-3A1976517E06,SB,PG,3,11
C0D35BFD-6833-B728-461E-3A1976518960,PG,PG,3,10
5DFAF369-9426-52E1-5F41-3A197651DC6D,PG,PG,3,10
120A64F7-5E3A-1DAA-4992-3A197651E613,PG,PG,3,10
B86AA38F-5DCC-5E08-1174-3A197651F73E,PG,PG,3,10
AEB454B8-F06D-2885-DDA1-3A1976521AA8,FM,NR,3,11
C264CAC6-AEED-7A2D-B9D6-3A1976522D89,TV,TV,1,10
D0C677F1-7FBF-4E89-E3F6-3A1976525F2D,PG,PG,3,10
6B1603CD-A387-0402-EAFA-3A197652929F,NR,PG,3,11
94B49D27-9B1C-4EE4-BC46-3A197652B1DC,KI,GL,2,12
06D04AD4-0CF9-D8A5-6CC6-3A197652FEFE,PG,PG,3,10
AD530637-5AB6-8805-FE65-3A19765304E8,FM,NR,3,11
EAD86B0F-A5AF-3D92-AACC-3A19765310F8,TV,GL,3,12
6D0F7298-04A9-3ECD-0613-3A1976535A49,SB,SB,2,11
4F0741C3-2219-D890-EDE1-3A197653F8EB,PG,PG,2,10
6040EAB0-E5E6-F99E-EECA-3A1976540558,TW,NR,3,12
EE6E707B-77E9-01A8-2180-3A19765441C9,NR,NR,4,12
F673CD75-36B5-B09F-F287-3A197654FE06,TV,FM,3,10
F673CD75-36B5-B09F-F287-3A197654FE06,TV,PG,3,10
4C61F15E-D1BB-653C-AC21-3A1977E67797,NR,PG,3,11
5D4F3A0C-D62F-12A6-E6E3-3A1980A061D9,US,I5,1,-11
137C6C6E-2C2E-7BF6-0580-3A1980D5A3BC,FM,GL,3,12
8C524CDC-EF53-0AA3-920B-3A1980D5AABB,PG,PG,3,10
CD0AF3AC-D36C-E0A7-41BE-3A1980D6079F,TV,I4,2,12
3A318650-1290-E285-4F3A-3A1980D6922E,PG,PG,3,10
02AEDDA3-79E8-667B-84D6-3A1980D6A0FD,NR,GL,3,12
B8DCA851-2569-1DE3-3F73-3A198B5D1BCD,MH,NR,1,12
7BEB7C2E-4AFB-C7B1-2A74-3A198C93045C,KI,PX,1,12
2A521FE1-4AF7-307B-4786-3A19B41848FA,SB,PG,2,12
4BEE91FD-A194-DA22-0E8A-3A19B419C04A,NR,GL,2,12
C01394AF-BA4D-4979-9AD9-3A19B41C76BF,TV,SB,3,12
AB7B346A-AC1A-D38B-4A7A-3A19B41D037D,TW,SB,3,11
20506A46-8235-54A7-4EC8-3A19B41D428D,FM,NR,3,11
D70151D2-67C9-04A1-2874-3A19B41D5B56,MH,GL,3,12
99F4CD8D-83D9-C896-B98A-3A19B41D786F,PG,PG,3,10
FFA6F5DC-DDFE-9B3D-A640-3A19B41D914B,PG,PG,3,10
1E407AF9-0380-FE48-9871-3A19B41DFD67,US,HB,3,12
D4526E85-ACB4-55FE-0C22-3A19B41E62C2,FM,GL,3,12
75762219-7CF1-859C-C64D-3A19B41EA9B7,PG,PG,3,10
41979C77-5D9F-DDF8-A92A-3A19B41EB2D0,FM,NR,3,12
0193458A-3755-F500-05B1-3A19B41F5ED7,TW,GL,3,12
BE2096D1-3E66-9A90-97BA-3A19B41FAE95,PG,PG,3,10
22053CFD-138A-B9F1-B9BF-3A19B4212F2A,NR,GL,4,12
3EEDF903-F9E1-27D0-8329-3A19B421B79A,TW,PG,4,11
E45F53D5-EE51-5E5E-A03D-3A19B4222F07,TW,NR,3,11
67E72295-85B1-BB40-3F4E-3A19B97D908F,PG,PG,3,10
B07369A5-3B5E-3D24-6990-3A19B97D9FC4,PG,PG,3,10
5A04F3AA-2562-6D48-F403-3A19B97DA745,FM,PG,3,10
8910A496-AE1C-E2FB-E641-3A19B97DFF17,FM,PG,3,11
BCD9249A-0EA6-2AC9-F9B6-3A19B97EA705,FM,GL,3,12
FBE4430C-EF7B-67D1-6018-3A19B97EAF84,PG,PG,3,10
11F8F46C-416A-B5AC-FFCD-3A19B97EB56D,PG,PG,3,10
AFE27075-C1A3-D398-DE53-3A19B97EBEF3,PG,PG,3,10
752BDB7D-D865-F486-28F6-3A19B97ECB82,PG,PG,3,10
241093D3-D165-F30E-3F7C-3A19B97F750E,KI,GL,3,12
3A6E36DF-B2F1-A5AA-5698-3A19B97F802F,KI,GL,2,12
1F2A163E-DFBD-5D8F-88E4-3A19B97F8748,KI,GL,4,12
EF49AFB0-1340-01C9-E987-3A19B97F8C10,NR,MH,4,11
17E70218-F91E-6F9F-06B7-3A19DD9FC784,MH,I4,4,12
B65C3529-D652-3D5C-5DBA-3A19FD469647,KR,PG,4,10
D08C57C7-8619-F71F-D281-3A1A40A307A6,MH,PX,4,12
EF5E8563-09AD-0989-B0C7-3A1A44F2E56F,TW,GL,3,11
6BA7C1BA-D812-82AE-0FEA-3A1A4567C315,KR,GL,2,12
948AC9AB-B19D-465D-C024-3A1A45DDF8B5,FM,GL,12,12
DB1F36E5-CCA7-43C3-A3FD-3A1A45DE42C9,NR,PX,2,-11
A5D39AF6-2F87-6779-F3BA-3A1A45DEE6C2,PG,TV,1,12
C17D1557-20CA-B15B-CD73-3A1A45DFD2C9,KI,TV,2,12
8A94DD0A-37BB-5792-999D-3A1A45E05061,TW,GL,5,12
7A5B1C05-C02D-B9AD-72E0-3A1A45E0A78A,TW,GL,4,12
BBCE3B37-877A-84E8-F31F-3A1A45E1D62D,KI,TV,12,12
4D4DDA6D-D13D-5898-152C-3A1A45E2271B,KI,GL,1,12
1C5AE7F3-057C-34F9-AE32-3A1A45E29BA9,KI,TV,2,12
67928925-C271-444A-FDCB-3A1A45E2C51F,NR,NR,4,11
DA9A073F-9C83-1F89-1894-3A1A45E2CAA5,KI,TV,5,12
2D751248-7EB3-AEB0-6F0B-3A1A45E34260,KI,I4,1,12
5CB3193B-4F04-4097-B231-3A1A45E441A9,FM,GL,12,12
A1CFEFD0-8011-8E04-BB22-3A1A45E45B84,FM,TV,2,12
982A45B4-5DF9-CC74-4083-3A1A45E4D043,FM,GL,1,12
8982E28E-4F3B-5353-C89D-3A1A45E4FFBD,FM,FM,4,10
8982E28E-4F3B-5353-C89D-3A1A45E4FFBD,FM,TV,4,10
B31350F4-F0B8-76A9-E5B2-3A1A45E54D06,FM,TV,2,12
DDCF0C30-BE0C-63BF-600A-3A1A45E5BB17,FM,TV,3,12
ED4975C3-1212-D724-3BE5-3A1A45E6859F,KR,H4,1,12
D903E105-BA8B-E521-B856-3A1A45E700B0,KI,GL,4,-11
32BF1CF1-7EF0-51AE-F69A-3A1A45E76DAA,KI,PX,2,12
2CBF1398-EB63-788D-2040-3A1A45E7FBA2,KI,PX,12,-11
A1B8060A-CAB9-2603-7F1F-3A1A45E872CE,KI,TV,3,12
8FF38AEC-E627-506D-628E-3A1A45E8D9F2,PG,TV,1,12
C0359B7E-94E3-A96A-96BE-3A1A45E98BBF,KR,TV,1,12
55E1273E-0B31-0FAB-A448-3A1A45EA963E,NR,TV,3,12
957007DE-927F-7E17-5140-3A1A45EBFE08,KR,TV,1,-11
6FB74EDE-7090-8DC9-D515-3A1A45ECBDFA,KR,PX,1,12
0353FEED-57F3-E234-4669-3A1A45ED31E0,KR,FM,4,10
0D769EF3-251A-AA48-318A-3A1A45EE7914,KR,TK,1,-11
689B7590-AC20-9B15-7FDA-3A1A45EE9EE9,KR,SB,4,12
689B7590-AC20-9B15-7FDA-3A1A45EE9EE9,KR,TV,4,12
C1FDFB32-EEDC-92AB-22B7-3A1A45EEF03F,SB,SB,2,12
3F832E4F-F196-9989-8CF1-3A1A45EFBBBE,SB,FM,1,12
4D7E8E7F-32BA-7E67-5264-3A1A45F01D7B,MH,SB,5,12
268A9255-CD73-FA0D-8123-3A1A45F12D30,KI,TV,3,12
EC288EEE-EEB2-59FB-AEDE-3A1A45F18ECA,KI,TV,3,12
D0202EB8-5956-EABF-2E57-3A1A45F1B4B0,KI,TV,4,12
E0FB911F-E4BB-6C13-533C-3A1A45F1D734,KI,GL,5,12
4F87C9A0-5A1B-3288-F99F-3A1A45F22171,KR,PX,1,-11
9CA281DB-F73B-5ACC-FC6D-3A1A63A12897,NR,NR,5,12
41D88DDD-9CC5-C115-485F-3A1A64E887E2,FM,PG,3,11
5C7CD0D3-6C89-E789-C65A-3A1A64E8BCCC,FM,FM,4,12
7CDC39CC-8824-C08C-1F44-3A1A64F1E78E,FM,GL,3,12
29998854-6BCB-378F-FBD8-3A1A64F3F6A5,FM,FM,3,12
71875AFF-A74B-A487-30D4-3A1A64F7F6FC,FM,FM,4,9
6B3AE15A-965B-730F-453D-3A1A6857EDBA,US,LN,3,-11
354B4EA7-E61C-D5B4-999F-3A1A685B1D43,KR,PG,2,10
9A85527F-60F1-9A77-14B2-3A1A685CFEBE,PG,PG,3,10
2AA49124-C6AF-6810-BC4D-3A1A6DFD1428,NR,NR,5,12
18640F51-8D28-ACBE-B0C5-3A1A920DBF22,TW,I4,5,-11
730D0015-4261-52B4-7853-3A1A9C3E41F7,NR,SB,5,12
34048F58-0719-503E-E722-3A1AABDEBFA6,NR,SB,4,11
6147CB5D-31A1-6F35-0234-3A1AB24B12D1,NR,FM,5,11
2FFD1FDB-9C57-9463-1F6E-3A1ABB722804,PG,PG,5,10
7A1EC317-50D8-1ED4-9199-3A1ADA1E2833,NR,GL,5,11
7A1EC317-50D8-1ED4-9199-3A1ADA1E2833,NR,GL,5,12
0A094B24-3686-2176-8C4D-3A1ADA7E7FFE,NR,GL,4,12
C8222ACA-7F33-8963-2555-3A1ADACDF08D,NR,FM,5,11
5836E156-FB63-13CC-3300-3A1AF3DA1021,NR,I4,6,12
1B7F9483-017B-2542-E17B-3A1B090EB8BD,NR,I4,6,12
E63167A4-483A-EEF0-D36F-3A1B1D1E62BD,JP,FM,4,9
10C15132-8991-87A1-C53D-3A1B21FE8985,JP,FM,4,9
100639F6-1EB2-9296-ABF8-3A1B22783753,MH,PG,2,12
4319B6F2-7D53-2EB3-7B4D-3A1B3C317661,NR,NR,6,12
05DCCD85-BF4C-4AF7-7087-3A1B411B4155,NR,PG,4,11
1575A392-F163-3165-2186-3A1B4B6905A8,TV,TV,6,-11
710DD7C0-651E-8ADF-A76D-3A1B66A158A4,FM,NR,4,12
A907404B-5938-F948-C4C4-3A1B6A643804,NR,PG,6,11
B172C383-123B-5331-44E0-3A1B940E3FFE,PG,PG,4,10
EB857674-0AF5-4CFA-9506-3A1BA86442B8,TW,PG,7,11
E388F8F5-7393-32C0-6637-3A1BADA59FA3,KR,SB,3,12
FA10247F-708B-A8D5-567E-3A1BADB35AA6,KR,PG,6,11
5D454033-7642-5604-E01A-3A1BADCD1870,KR,PG,4,10
5D454033-7642-5604-E01A-3A1BADCD1870,KR,PG,4,11
C69E11B4-7770-C5BF-4A39-3A1BB2EA688E,MH,GL,6,12
127DD542-2DED-C23E-479A-3A1BB746C7E0,KR,GL,4,12
9C726C19-B9B2-7971-7C0E-3A1BB758C9D4,KR,PG,5,11
10524782-3A2C-160A-ABBB-3A1BB79597F4,KR,PX,4,12
10524782-3A2C-160A-ABBB-3A1BB79597F4,KR,TV,4,12
EC2B2F3B-DDE8-A692-3AEB-3A1BB7B0B0B1,KR,PG,5,11
A7658B2F-2A82-94A3-F7B1-3A1BF10AFBB5,TW,PG,7,11
0F5870B1-83FD-8B3D-BC6D-3A1BF14181D4,TW,PG,7,11
24CA1D21-689C-A048-4AAB-3A1BFBACF3A3,JP,PG,5,9
D084867E-D281-D5A7-91D0-3A1BFBB89A44,JP,PG,5,9
908A93D6-8CD5-A504-A7A9-3A1BFBD1B556,JP,PG,5,9
730D57A0-70E8-DE6A-89FD-3A1BFBD58588,JP,PG,5,9
89EF490E-672D-5943-840A-3A1BFBF98404,JP,PG,6,9
569771C6-7356-3360-76DF-3A1BFF720195,JP,FM,5,9
BD92990C-F738-C9B2-D208-3A1BFF834E73,JP,,5,9
C1D8B860-8FB5-95FA-C626-3A1C1E9BD0E4,KI,GL,8,12
EF2C49D9-A9AE-D601-AC72-3A1C239553C0,PG,GL,7,12
26FFDE62-7483-420B-0A17-3A1C2423492B,TW,MH,8,12
32B21DA4-A1F2-989A-26DD-3A1C39C13189,NR,NR,7,11
6ED01699-5E9B-DCDB-9C58-3A1C3E6EA639,NR,NR,8,12
EEFBADAF-94AC-6966-7361-3A1C6BDA9672,NR,NR,8,12
E39CAA9F-91C2-F6EC-ADF0-3A1C6D0C98A2,NR,NR,8,12
404DAED7-93A6-F7D0-4B64-3A1C6D3A7685,NR,PG,8,12
90B2FDCF-EABE-523C-B930-3A1C716B1D90,NR,NR,7,12
13BAB671-B908-32E3-A997-3A1C80A13FD8,NR,NR,6,11
AB49957F-4643-BE00-809B-3A1C8BAE95FE,NR,PG,6,11
490A0D48-7B8B-721C-B7D9-3A1C8C2A6002,NR,PG,6,11
505B9173-DC94-3C09-F559-3A1CAACD118A,KI,I4,8,12
E8DAB767-5300-5875-E1A3-3A1CC9FED463,NR,NR,8,11
49B54B24-6489-8C15-97FB-3A1CDAEA8F4D,FM,FM,6,11
DD53C601-B37F-1D50-7C91-3A1CDAEAAB26,US,I5,2,-10
E9390256-E344-32F6-DF5F-3A1CDAEAD91F,US,IW,6,-10
08D151D2-E4C2-20E1-F59B-3A1CDAEAFC86,US,I5,1,-11
1DED4353-43F2-91EC-1F55-3A1CDAEB0993,JP,PG,1,9
B653BCD9-ED70-178A-87C2-3A1CDAEB170F,KI,PG,1,11
26992183-63AB-ACFB-263D-3A1CDAEB4446,FM,GL,2,12
46DA896D-F5A4-6B22-63A7-3A1CDAEB53F9,US,I4,2,-11
02E4E60C-ED62-5075-01A3-3A1CDAEB6032,KI,TV,2,12
097B77FF-1196-D905-BB15-3A1CDAEB710D,FM,H5,2,12
2504DA6D-BBCA-27EA-1520-3A1CDAEB7DF6,US,IW,2,-10
DE6F3E79-87C1-88DC-C2DE-3A1CDAEB91D1,PG,PG,2,10
1D67AB73-8FB9-E2E6-ECEF-3A1CDAEB9CD7,JP,PG,2,9
81C3F190-7812-B7D3-F375-3A1CDAEBA9A5,JP,PG,2,9
BCCD69D7-02E6-FF4A-C47D-3A1CDAEBCC60,KR,PG,2,10
200A3101-5CB8-B0C1-4C61-3A1CDAEBED49,FM,PG,2,11
8EBE42D7-C5AE-F20F-8739-3A1CDAEBFD24,JP,PG,2,9
6BA47148-6F8B-BE93-2DF7-3A1CDAEC071F,US,I4,2,-11
311E844D-452F-B06F-EC6A-3A1CDAEC2330,PG,PG,3,10
AE1447A6-B510-EA17-F0EE-3A1CDAEC2B22,TW,,3,10
9B83A9E8-6B63-E3BF-D0D3-3A1CDAEC4D4D,SB,GL,3,12
9907A070-FEF6-ECEB-3272-3A1CDAEC8ADC,PG,,3,10
83FD392D-E470-77F4-E787-3A1CDAEC9860,KI,PG,2,10
E07BD0D4-0D3C-76B2-F05B-3A1CDAECA506,KI,GL,3,12
96EB4B3F-7EF9-9C81-2817-3A1CDAECB2D7,KI,,3,12
1FF95A09-B041-1B6F-9F59-3A1CDAECCC34,US,PG,3,10
4BAAC89F-FDEF-91CF-33AC-3A1CDAECE0FA,CK,I4,3,-11
A693269F-88C8-A98B-4446-3A1CDAECF831,PH,PG,3,10
CF22A3BD-9E6F-A346-1225-3A1CDAED166E,NR,,3,8
CF22A3BD-9E6F-A346-1225-3A1CDAED166E,NR,,3,11
99987E17-9219-386D-13FF-3A1CDAED2878,US,IW,3,-11
620BDAB8-F100-25DA-27F9-3A1CDAED4391,FM,MH,4,11
CC34BE70-D18B-A6DC-20DA-3A1CDAED92DE,TW,GL,4,12
09CA3A62-2613-1767-1722-3A1CDAED9CD4,FM,GL,4,11
D46F7379-FA9D-EB91-4BF0-3A1CDAEDA6C2,JP,FM,4,9
BC8F1842-0986-927C-49F6-3A1CDAEDD626,PG,PG,4,10
F02FAB56-7395-BC1B-E5BF-3A1CDAEE1605,TV,PG,4,12
F038BF13-BF9A-DC42-DCCE-3A1CDAEE219C,TV,GL,3,12
8337B6FA-FB34-AF2A-AF68-3A1CDAEE2F28,PG,PG,4,10
706C4C02-9FDF-B2CA-C8F8-3A1CDAEE3ED2,NR,NR,4,11
58BAF637-3FED-88D7-40E0-3A1CDAEE4E0F,PG,PG,4,10
45EDF24B-0E70-6A39-A010-3A1CDAEE5882,US,IW,4,-10
7C0AE4A4-CC87-DB7F-46E7-3A1CDAEE6507,PG,PG,4,10
557B2C7D-5EE2-0C5A-722D-3A1CDAEE82CB,FM,GL,4,12
557B2C7D-5EE2-0C5A-722D-3A1CDAEE82CB,FM,PX,4,12
6886941F-6D46-5297-275F-3A1CDAEEA232,NR,NR,4,12
06D4E56E-8141-9E85-67DE-3A1CDAEEBF45,PG,PG,4,10
02939A24-11B9-CAA0-1372-3A1CDAEECA34,NR,GL,4,12
F8E16022-4CCE-4F42-3A29-3A1CDAEEDC08,PG,PG,4,10
BF1D594C-120D-5943-088B-3A1CDAEEEA58,PG,PG,4,10
628F8C18-2252-34B5-7533-3A1CDAEEF8D3,TW,PG,4,10
51E26260-85E4-9BD6-21DB-3A1CDAEF110D,PG,PG,4,10
56745AC2-650A-28AF-44DC-3A1CDAEF271C,FM,GL,4,12
642E1D07-340E-050E-0B49-3A1CDAEF5711,TV,GL,3,12
6B73B8B1-53DF-ED22-B09B-3A1CDAEF7383,TW,NR,4,12
2F71C128-2C35-A524-4DC5-3A1CDAEF876D,PG,PG,4,10
CFF6D0C1-32C3-09F8-E458-3A1CDAEF921B,PG,PG,4,10
EC7AF342-AB3B-CC91-CD62-3A1CDAEF9E8F,NR,GL,4,12
92BF3BA4-BC06-7C3F-35D2-3A1CDAEFBC99,PG,PG,4,10
08D9C7DE-86BA-C2A1-DD0B-3A1CDAEFC623,PG,PG,4,10
6BE40EFD-1E1B-BE4E-4B85-3A1CDAF02D9F,FM,PG,4,11
28335C61-1DA1-FD68-526C-3A1CDAF04F75,PG,PG,4,10
C5639581-3E95-A2C7-50E5-3A1CDAF06841,KI,SB,1,11
CE503392-0C6C-D05B-701C-3A1CDAF0A29D,JP,PG,5,9
E730DDA1-2231-2C02-B617-3A1CDAF0B039,PG,PG,5,10
B5FADD41-B496-B265-D1B1-3A1CDAF0E547,PG,PG,5,10
0F73996E-1D0E-5E1E-6857-3A1CDAF10AF5,SB,SB,4,11
7796BA2A-E07F-8EEA-F6C1-3A1CDAF1364B,PG,PG,5,10
1071469A-5BAA-F94A-6C66-3A1CDAF1487C,PG,FM,5,11
1071469A-5BAA-F94A-6C66-3A1CDAF1487C,PG,GL,5,11
1071469A-5BAA-F94A-6C66-3A1CDAF1487C,PG,MH,5,11
133A7EC5-88B0-341B-F8E4-3A1CDAF15488,PG,PG,5,10
4E3715AE-9331-6D53-C33D-3A1CDAF16726,KR,PG,5,11
4D2A81BD-54C0-8FBB-43EB-3A1CDAF16E47,PG,PG,4,10
9D11B548-0A38-167D-E508-3A1CDAF19D30,TW,I4,5,12
464E7D34-0C3B-9378-BF39-3A1CDAF1EBB1,TV,PG,5,12
0CB2ABBD-4690-1264-2609-3A1CDAF20843,PH,PG,5,10
9AB9C0AA-E3FD-CFEB-8060-3A1CDAF21AD7,KR,PG,5,11
505B95EC-1C11-39FC-4669-3A1CDAF246E5,PG,PG,5,10
1A9E67D9-8516-CACE-D693-3A1CDAF261D5,PG,PG,5,10
CC0855F5-7E3A-F146-48C6-3A1CDAF277D0,TV,,4,9
CC0855F5-7E3A-F146-48C6-3A1CDAF277D0,TV,,4,10
AA832491-D0EB-4037-702F-3A1CDAF29FCA,PG,PG,5,10
439D6474-7AB4-C502-B1D7-3A1CDAF2D0A5,TV,SB,5,11
82852F47-A6CE-4B41-623F-3A1CDAF2E512,PG,PG,4,10
A4CCB1DF-82B7-281A-28B1-3A1CDAF2EF81,TW,GL,4,12
B4DCE088-FDE3-9BFA-4643-3A1CDAF2FAE3,PG,PG,5,10
61FC49A3-9000-A21A-8EE6-3A1CDAF30819,PG,PG,5,10
8D1E88F1-B680-9CB3-1EDF-3A1CDAF31DB4,US,IW,5,-9
1FA33995-E4BA-0A11-CBF0-3A1CDAF33C20,PG,FM,5,8
1A538561-F410-BBD3-C5A7-3A1CDAF34686,PG,PG,5,10
C1715736-E8F6-97DE-998D-3A1CDAF38DF9,TW,PG,5,11
135A2FE0-F7BC-04BD-E338-3A1CDAF3EFBF,PH,PG,5,10
4B1021E3-F680-7541-123C-3A1CDAF43775,TV,PG,5,10
697E70D8-28AB-EDAA-86A1-3A1CDAF45AE4,US,IW,5,-9
B3C84A9B-6F5A-0B7B-DE61-3A1CDAF49BE6,NR,GL,5,12
10BDEB3C-AE10-0EE6-CCBC-3A1CDAF4B4A4,PG,PG,5,10
864FEB44-1B67-740D-B996-3A1CDAF4C23D,VU,I5,8,-11
9D7CB66C-9E33-DFF4-D120-3A1CDAF5730D,KR,PG,6,10
7D843E96-2816-E1D7-3874-3A1CDAF5DFFE,PG,PG,6,10
6A126194-09EA-8A45-9E9B-3A1CDAF61C0B,NR,GL,6,12
F6A9B436-B787-B1C0-2086-3A1CDAF6AE10,TW,FM,6,10
74DC7443-4C28-B17F-45D9-3A1CDAF6E079,FM,I5,6,12
4050FC99-565B-BDA4-2735-3A1CDAF702D3,PG,PG,6,10
B1855D78-FF41-6BFD-5558-3A1CDAF7912B,NR,,6,12
D772A04E-977E-79C7-0A92-3A1CDAF7CFB3,FM,NR,6,11
12E28C44-52F9-9667-6AA9-3A1CDAF7EA4E,TW,PG,5,11
0624B219-10D2-191C-86F5-3A1CDAF81781,PG,PG,6,10
0BDF7FF2-5CA1-35C0-FA13-3A1CDAF89573,PG,PG,6,10
96641C35-F5C2-B70E-4AA9-3A1CDAF8EFD9,SB,SB,6,11
95CBED7E-D61F-7EB1-E1B8-3A1CDAF90081,JP,PG,6,9
814071A5-8A21-710F-3919-3A1CDAF90948,PG,PG,6,10
40154367-6AE4-C188-5293-3A1CDAF93C2E,KR,PG,6,10
2A644C06-1842-0F66-65DF-3A1CDAF94A48,NR,NR,6,11
7E7A7A07-E09B-0A1A-7BF9-3A1CDAF95448,KI,GL,6,11
83B37D27-211F-E6FE-E0BB-3A1CDAF96463,PG,PG,5,10
88FE002B-5874-A4C5-6601-3A1CDAF96F22,PG,PG,6,10
93B5E3FE-A5B5-BEEB-20A6-3A1CDAF978BB,US,IW,6,-9
0590A25C-216C-91E1-023D-3A1CDAF993B7,US,IW,6,-9
2B374E0C-C7D4-0805-3495-3A1CDAF9A65B,TW,I4,6,-11
A0238630-BB5B-2F98-53FF-3A1CDAF9E0F3,KI,I4,5,-11
5DB3391B-DC46-9250-985B-3A1CDAF9E669,TV,,5,-11
A61B2023-5A20-4EF3-A757-3A1CDAF9FDA1,TV,PG,6,10
2B03F52D-179B-F1CA-65D8-3A1CDAFA086F,TV,NR,6,11
AE87E87B-011B-ACF5-D380-3A1CDAFA4284,KR,PG,6,11
BED874AE-E57C-AA3F-AF0F-3A1CDAFA7787,PG,PG,6,10
D65901A0-5BD0-B197-955E-3A1CDAFA98C5,PG,PG,6,10
3A9FFC1A-34EF-5FD0-7F0F-3A1CDAFAA22C,TV,TV,6,12
EFC93966-E829-F2B7-5321-3A1CDAFB2348,JP,PG,6,9
9FD735DC-250D-7EC4-899D-3A1CDAFB493B,PH,PG,5,10
6AB1E84E-9DB8-4F88-01D7-3A1CDAFB54E3,PH,PG,7,10
3645DE12-DA2B-BEBB-279D-3A1CDAFB6B66,US,IW,6,-10
56F302CC-B797-B5BB-F3B4-3A1CDAFB72B0,PG,PG,7,10
03F8626D-2441-6B84-CDD5-3A1CDAFB7A41,TW,PG,6,11
97EA4899-EAB4-4AB5-2003-3A1CDAFBDC3C,PG,PG,7,10
D2B65828-0BB9-177A-3A6E-3A1CDAFC020B,JP,PG,6,9
44E6A04B-8735-836A-4CFE-3A1CDAFC0D49,NR,NR,7,11
75EBFFDF-D2C0-9881-A479-3A1CDAFC4720,PG,PG,7,10
78142442-1242-06B0-8444-3A1CDAFC68B8,FM,FM,7,11
F1A7C14B-5AE6-9857-D661-3A1CDAFC7EE8,TW,PG,4,12
7A18AD48-9F5F-9C1B-B3EE-3A1CDAFC87E3,TW,PG,7,11
6FF6D15A-6050-9992-7ACD-3A1CDAFC9C9A,KI,I4,5,12
881B15EE-1AA0-5D87-C1A0-3A1CDAFCA501,KI,I4,6,12
2E2C5705-E08F-975C-0CAF-3A1CDAFCAD0C,KI,GL,7,12
55D98DF1-A9F2-CEE6-170B-3A1CDAFCFDE4,PG,NR,5,12
0A38F483-68C2-B559-33EA-3A1CDAFD1702,PG,PG,7,10
9F359DA6-C752-85F8-00B1-3A1CDAFD2960,FM,FM,7,11
6A1B73F4-AEFF-912F-60B4-3A1CDAFD40AF,KI,GL,7,12
953A5470-5484-3305-BA50-3A1CDAFD74FC,PG,PG,7,10
C2847FB1-9F1B-67B5-52DE-3A1CDAFD8028,TW,GL,5,12
B745E0CA-63BB-1E3A-956E-3A1CDAFD999C,TW,PG,6,11
4760D899-F873-CAB5-482A-3A1CDAFD9FED,PG,PG,6,10
68A157CC-16BC-B202-FF45-3A1CDAFDD8A8,PG,PG,7,10
01F60314-A9FA-EEED-B658-3A1CDAFE85FD,JP,PG,7,9
F867E201-9B30-23B2-CB4B-3A1CDAFEA246,NR,NR,7,12
75B9BE40-15C0-B2E6-C6D3-3A1CDAFEFEF0,TW,PG,6,-11
38DC0D4D-DFD5-D2DC-3CD7-3A1CDAFF0D8D,PG,PG,7,10
0788C2D7-FB9F-B0E6-7BD4-3A1CDAFF1AAD,FM,PG,7,9
D7747172-4C71-E9DF-7932-3A1CDB211B7E,SB,SB,7,11
92201BA8-E83C-579E-4A30-3A1CDC36B221,PG,PG,7,10
6EECE690-FD6B-E1C1-AA6F-3A1CDC36B7AB,KR,PG,7,10
AA2C571E-9BAE-B804-5D2B-3A1CDC37287E,PG,PG,8,10
A6203C70-C67F-1516-198D-3A1CDC384968,PG,PG,7,10
4457F183-090D-17DD-89B8-3A1CDC39E846,PG,PG,7,10
8255E479-A4C0-7BA0-08B4-3A1CDC3A7592,PG,PG,7,10
AF7278B3-1F3F-21E3-8E29-3A1CDC3AA236,PG,PG,7,10
41DF152A-BAAC-CE03-17E5-3A1CDC3C02EF,PG,PG,7,10
B9B9680E-65ED-6366-4E47-3A1CDC3DCAFA,US,IW,7,-11
8E2DD288-F3A7-E7F9-F7C9-3A1CDC3DF691,KR,PG,7,10
1F79D516-A0A4-D790-676A-3A1CDC3E50C2,KR,PG,7,10
36C05B15-EB0F-FC3C-5CDD-3A1CDC3E6415,PG,PG,7,10
AC52B5BE-BCE3-BB5A-CA92-3A1CDC3E76AB,TV,GL,8,12
39D4CC97-4DF1-5F0B-B9C5-3A1CDC3FFFE1,PG,PG,7,10
6870CD07-28B0-BAE1-98E9-3A1CDC401096,PG,PG,7,10
9A3FAD94-02EB-F04F-6521-3A1CDC433610,TW,TV,7,12
0B157A3B-EF75-0108-999F-3A1CDC44198F,PG,PG,7,10
C8181105-E90E-A85D-FA2D-3A1CDC454A9E,JP,FM,8,9
22B3EB8A-BAE5-4285-FB3A-3A1CDC694D5E,PG,PG,8,10
5D27B453-F2B9-74EB-6E7B-3A1CDC6A1586,KR,GL,8,11
D1869F39-99EA-84C1-6FC1-3A1CDC6A487D,PG,PG,8,10
7A4D5CDF-5843-4830-8754-3A1CDC6B86EB,PG,PG,8,10
B9EC609C-71BA-0733-17F9-3A1CDC6E373D,JP,PG,7,9
A28DAD2C-403F-F370-F971-3A1CDC6E4A5E,PG,PG,7,10
476555B5-82CF-F222-D937-3A1CDD0FA5A7,TW,PG,5,11
8CCE257D-B2F4-FA44-A2F5-3A1CDD0FCA62,US,PG,7,10
BECFF856-8286-2A1E-3719-3A1CDD10059A,PG,PG,7,10
70269B6E-1FDD-EB2B-1CC2-3A1CDD102AAD,JP,PG,7,9
693FBCCD-EB92-8131-4BDB-3A1CDD103490,PG,PG,7,10
08CB9616-B9CE-E8C4-AB47-3A1CDD103F25,PH,PG,7,10
1333B936-A0D7-E216-CEC1-3A1CDD1068F4,PG,PG,8,10
55F2C1E1-C188-B492-A8BE-3A1CDD107856,US,PG,7,10
90EB53AF-7E2A-4FA5-106C-3A1CDD111F0F,TV,PG,8,12
D190B6D9-04A7-7486-E808-3A1CDD112D23,PG,PG,8,10
049BE29F-5FF4-CD66-755B-3A1CDD1137E9,JP,FM,8,9
74300218-9B2F-7C62-C376-3A1CDD1144AC,JP,FM,8,9
515F5691-933C-92E4-C9F2-3A1CDD114F4E,NR,NR,7,11
07299000-EEE8-2CC9-37A7-3A1CDD119621,SB,SB,8,11
4385C79B-9286-1259-B40C-3A1CDD11ADF9,NR,PG,8,11
886C1EC7-7571-20D7-DAFE-3A1CDD11E395,PG,PG,8,10
5CEBE536-6B7A-D715-D9BF-3A1CDD1246C5,KI,I4,7,12
CDD6A344-FAF9-134D-A641-3A1CDD12794D,TV,PG,6,10
9C386738-0FBE-424C-582F-3A1CDD1285A1,PG,PG,8,10
BE8B7F4B-1FD3-2B70-8A3A-3A1CDD12970B,NR,NR,7,11
D645548E-9F79-4D23-8BB4-3A1CDD12BCDF,SB,SB,7,11
F08A4DEF-5EDC-0069-8586-3A1CDD12C8F6,TV,TV,7,12
A215264F-525F-9DDF-30B4-3A1CDD12CFBD,TV,LN,8,-10
C3789C4E-C30E-BA4A-0DC7-3A1CDD13847C,US,IW,7,-10
8060E5DA-25CE-9F29-DFD9-3A1CDD13C970,TW,PG,8,11
5BA5C684-D44C-5ABB-8411-3A1CDD141626,FM,FM,7,11
FE8D5F28-93D1-464E-4255-3A1CDD14549E,PG,PG,9,10
33D01D08-1501-8165-4A66-3A1CDD146722,KI,I4,8,12
5FF920B2-C80E-DAEC-4D4E-3A1CDD1471F6,PG,PG,8,10
A39A3C41-8173-E910-B473-3A1CDD14971A,KI,GL,9,12
5BE7927A-C708-691B-4398-3A1CDD14D867,KI,NR,3,12
D810B98B-DEE5-4DA7-C3D8-3A1CDD14EA7B,PG,PG,8,10
B3CBA4B2-E2C6-074E-EEEA-3A1CDD14F8AF,PG,PG,8,10
57D3A529-7B82-EE8A-68C9-3A1CDD150BE2,FM,FM,8,11
88D41671-5FC7-F336-BBA0-3A1CDD15276E,US,H5,2,-11
B96DF681-CD38-F934-ADED-3A1CDD1543B6,FM,FM,7,10
21172C54-56CA-A65D-E4D7-3A1CDD154FD2,TV,I4,8,12
85C2E394-4429-683C-644E-3A1CDD156C11,PG,PG,7,10
026EE71B-F7B3-D3E6-8974-3A1CE23735E2,NR,FM,8,11
3586363D-6E65-05DC-69E5-3A1CE4CCFD37,PG,PG,9,10
714A6CAD-9C41-B17D-EFE6-3A1CEC8344A8,TW,FM,9,11
D048885A-5719-A132-ED70-3A1CED5ED5CC,KR,PG,8,10
43248DCB-CC5C-1718-854D-3A1CEF85BD94,PG,PG,9,10
A2751E9B-5B6F-CEB9-AD87-3A1CF518FF4F,PG,PG,9,10
65200E6B-16C2-D063-D603-3A1CF7AB9382,US,I5,8,-10
65200E6B-16C2-D063-D603-3A1CF7AB9382,US,LN,8,-10
0A1688EB-F6FC-BC13-87AC-3A1CF7ABB0D5,NR,PG,9,10
F390A9C7-7222-B012-B971-3A1CFDAC86A1,KR,PG,8,11
81D1A7EE-59CB-B842-6CB5-3A1D018BE3F3,PG,PG,9,8
25F26764-0E0F-F4D4-5F22-3A1D018BEAD7,SB,SB,9,11
BEB6AF55-682E-D846-1C59-3A1D1091C5AE,PG,PG,9,10
4E93424A-4837-86DB-46CF-3A1D161D4DDF,KI,I5,8,-11
CBFD0726-5D6D-894E-1DDE-3A1D162394A3,PG,PG,9,10
A236E199-098D-97EF-24E7-3A1D16905905,PG,PG,3,10
7231EFA2-85D7-8A24-C7CE-3A1D16FF2A44,PG,PG,9,10
6DCF92EA-8C5B-0FD3-34CE-3A1D1B687E8F,KI,PX,3,12
E2320985-5432-6E5C-97AB-3A1D20DD5437,NR,FM,8,12
B086A50E-1536-B7FE-761E-3A1D20DD823F,PG,PG,9,10
E7878DC2-D4B4-C17F-8A03-3A1D214542D9,NR,I4,9,12
44256215-5376-CA94-B221-3A1D21BB5B16,SB,SB,8,11
D2A7B8BA-08EB-40E5-2647-3A1D253CBD9B,PG,PG,10,10
F75B2BA8-AA83-2C84-3CAE-3A1D2603D5A3,KR,PG,9,10
0BF84369-2CB6-FE1C-EC8F-3A1D267195A8,KI,MH,4,12
29C95C1B-D5A7-93F5-D74E-3A1D268E7363,KI,,3,12
6FC63007-310A-FB05-4CB3-3A1D3577E36F,NR,PG,9,10
6E12DD33-1AD0-8E35-E9F8-3A1D3578144B,SB,SB,9,11
BB67AFB6-A73C-CFB3-C930-3A1D36521F13,JP,PG,8,9
C5E70610-1C3D-2B80-EACD-3A1D372F0B83,PG,PG,9,10
1769524A-CE8B-FE05-155E-3A1D39A22776,MH,I4,9,12
D93CBBB0-C134-D182-BFB7-3A1D3E0BE7E6,PG,,9,8
8EA62EBB-74A0-8E99-F9EC-3A1D3F558E61,NR,PG,8,10
D7B5DC62-CA2B-A417-55E3-3A1D3F7C8D97,PG,PG,10,8
FC744237-699D-741C-EA2C-3A1D44F67224,KR,PG,8,11
B0BE7065-D489-BCF2-C7BB-3A1D4A89C453,TV,PX,4,-11
C54D555B-762F-7227-F46B-3A1D4B59C2CE,JP,PG,9,9
7F005A6B-EB8A-F3E1-6B61-3A1D50EE27F3,PG,PG,10,10
AD0DC47D-D9F8-DCD0-25FC-3A1D598381B7,PG,PG,10,10
E1D9FBC5-73D8-5FB9-C9AC-3A1D5DD00A30,KR,PG,10,10
79738591-9402-E13A-FD0E-3A1D5E4BB428,US,I5,3,-10
F458F4C8-8BC8-2A55-B39C-3A1D5E65504C,US,LN,11,-10
5C06F603-EAD1-2AA2-4409-3A1D5EA97B48,FM,LN,7,-10
8D1094CA-4079-E80D-0B17-3A1D62F88B07,PG,PG,10,10
BA5FD8E0-5DA6-08DE-A843-3A1D630A2F86,NR,MH,10,12
7F1692F4-1A45-DD3C-49F0-3A1D6B1C3AD2,NR,,8,8
B5C2311F-731A-47CE-8D11-3A1D6F6633F7,PG,PG,10,10
E5321F98-CEEE-151F-0E73-3A1D7424EF4E,PG,PG,9,10
1D026A6E-4E8F-8DF7-BA1B-3A1D7424FB10,PG,PG,10,10
13666B9E-B78F-C364-AB8E-3A1D8200CA03,KI,I5,9,-10
F145C3C7-EAE7-6F2E-1999-3A1D82086323,NR,I4,10,-11
26857700-1E45-5026-ADF4-3A1D8334F576,MH,FM,9,12
E586CB00-FF1F-8FDE-89B1-3A1D87DC72B7,NR,PG,9,11
FF5D89E0-BF28-5737-A1E0-3A1D887F5FDD,NR,PG,9,11
56DD94A4-DF97-5001-8587-3A1D8D70AD63,TV,PG,9,10
D4B4C75A-A673-5F28-6EAF-3A1D944E7811,PG,PG,5,10
C2D848D8-E1ED-ECB9-98DF-3A1D9674A295,PG,PG,10,10
1ADDF6AB-F4F3-91A9-C257-3A1D96E17ECB,KI,MH,9,12
DF4E191A-CE2E-AC91-8764-3A1D99E28FEA,PG,PG,10,10
83FE7F2C-F6F0-A49F-118D-3A1D9D518A67,TW,PG,10,11
26742E51-0C28-A001-BACB-3A1DA1361E76,KR,TV,9,10
C2EFDCB3-3E79-D74F-40A4-3A1DA209F51C,TW,,8,9
C2EFDCB3-3E79-D74F-40A4-3A1DA209F51C,TW,,8,10
FF9CE74D-BBD3-8576-8B19-3A1DA6C2ABBA,NR,PG,10,11
36B841F0-45CF-36E3-B3B5-3A1DA6C304D1,VU,PX,10,12
F2A9FC6F-D1B3-78FD-5D4F-3A1DA730D764,KR,PG,10,10
E51D6E3E-9B6F-3CDD-104C-3A1DC3F378A3,US,LN,10,-11
45933666-360E-6BC7-F9B6-3A1DC6167941,KR,PG,10,10
8E4C871C-9C57-8DD4-CAC7-3A1DCF4BB1F3,PG,SB,10,11
4CEE2529-AFB6-4D29-58B3-3A1DCF747E80,EC,LN,1,-9
A1901950-0F46-0383-2C91-3A1DCF87DDB7,NR,PG,10,-11
495C5167-0BEE-4127-93BB-3A1DDAB04576,KI,I4,10,12
F3ADF652-3191-78F1-494A-3A1DDB8C189F,PH,PG,11,10
4F66F948-B2F2-69FA-D463-3A1DDE1EE0BC,NR,I4,10,-11
B4CB59F2-6AD9-EC41-9C2B-3A1DE0B23728,TV,I4,10,-11
B4CB59F2-6AD9-EC41-9C2B-3A1DE0B23728,TV,I5,10,-11
B70437F5-3EA5-32A4-3FCA-3A1DE56A99C4,TW,PG,10,11
F44AADBD-D592-6166-9BCE-3A1DEDFFFB35,PG,PG,10,10
487BAC5F-6A55-E479-63CA-3A1DEEDB8D60,NR,SB,11,10
487BAC5F-6A55-E479-63CA-3A1DEEDB8D60,NR,SB,11,11
A13B54C3-4773-255F-124F-3A1DF9964901,KR,PG,11,10
50F5BEE6-C50F-DE99-500F-3A1E03E39902,PG,PG,10,10
B5A1EE39-22AB-F127-D883-3A1E0D3DAA4A,NR,I4,10,12
39B1487A-851F-2B22-A452-3A1E0E2FF2D9,PG,PG,10,10
FC3F06D9-76BC-667F-07BB-3A1E19582E5C,TV,SB,11,11
6EEF2223-644D-C84B-6282-3A1E1D35A1EA,TW,PG,10,11
EAD60ACD-798C-A984-73C9-3A1E225B7465,TV,SB,10,11
87C91DB1-F43A-B6D2-045E-3A1E2D8CF8D6,FM,,9,11
6890FB9E-02CC-B866-5EB7-3A1E31CF9E12,SB,SB,11,11
39F6FEE9-7A27-A9AF-8D87-3A1E3385EC69,NR,FM,11,11
EF4E256B-27ED-B671-D13A-3A1E3BFB7943,KI,H5,4,-11
258197E4-E2E5-AF80-BEB8-3A1E3C3E5AFD,KI,I5,5,12
28192CCB-0D31-683E-AAF7-3A1E47B2C267,NR,PG,10,11
9617A883-48C0-71B9-82D6-3A1E47B2ECCD,NR,FM,11,12
DEE0D886-8698-814E-7B0F-3A1E556D8125,PG,PG,11,10
A2C26EBB-8775-78C6-CF39-3A1E56B71894,NR,I4,11,-11
1870EFA8-733C-C0D4-6E9C-3A1E5F4C1984,NR,I4,10,-11
C07272FE-A16B-3F72-331D-3A1E6027E667,US,IW,10,-10
1E02FE61-262F-C8E7-7BD5-3A1E640490F1,PH,PG,11,10
1A9CB341-A5CF-B6A1-EEE1-3A1E670769AB,KI,I4,10,12
5C792ACC-2D47-E928-9ADF-3A1E68BD17FB,FM,,4,9
5C792ACC-2D47-E928-9ADF-3A1E68BD17FB,FM,,4,10
5C792ACC-2D47-E928-9ADF-3A1E68BD17FB,FM,,4,11
3ED2C28F-B4BD-E26B-BF17-3A1E6A091920,PG,PG,11,10
9A579DD4-20E1-9940-8087-3A1E76E6A304,KR,PG,11,10
3588FF44-332C-E9F8-8FE8-3A1E79E7DAB4,NR,FM,11,11
D721D744-F640-BCC8-5E5A-3A1E80C5AC66,PG,PG,11,10
F47681E7-4A5E-8C8E-384B-3A1E83C70FF7,NR,,11,11
7584FF28-8FA8-D806-3E7D-3A1E8DB06027,PG,PG,11,10
7BA93F00-3B96-81D0-1AC1-3A1E9DF53B26,NR,FM,11,11
7869B1CB-A593-5780-81B7-3A1E9DF544CA,KI,I5,11,-10
7869B1CB-A593-5780-81B7-3A1E9DF544CA,KI,LN,11,-10
82FFFCB6-1886-E8EA-7DEA-3A1E9FABF9DD,NR,PG,11,10
B794E922-C60D-6DBC-7F4A-3A1EA2410A86,MH,I4,12,12
B794E922-C60D-6DBC-7F4A-3A1EA2410A86,MH,TV,12,12
1D3A6D5F-5F2A-B620-8D9D-3A1EA24A465F,NR,FM,11,11
9A43492A-FBED-6EDD-277D-3A1EA3F6A197,US,PX,11,-10
4A69F519-4281-FBA3-8C72-3A1EA3F6B301,NR,TV,12,12
75D3C86A-62F5-48FF-3561-3A1EA8469F76,VU,PX,11,12
A31120A3-09DF-26D2-8040-3A1EA846BCD4,PG,PG,11,10
EBC72E7B-2AD6-7120-5258-3A1EABCBBBA1,SB,SB,12,11
F00D9AE5-4913-4979-1799-3A1EAC8B94C2,TW,FM,11,11
EEA1FC6E-DFB0-AD93-3269-3A1EB28D0E66,TW,SB,12,11
AC090ACF-A481-73F2-712D-3A1EB36BD92A,PG,PG,12,10
9752A7C5-0B87-59BC-E14D-3A1EB36BE7A1,NR,SB,12,10
8D688E99-91E8-E17F-4DCF-3A1EB5FCD40A,KR,,11,10
4AFE61C8-B238-B95D-B2D0-3A1EB7B473B6,PG,PG,12,10
125E494C-6422-524D-DCCA-3A1EB89407EA,NR,PG,12,10
125E494C-6422-524D-DCCA-3A1EB89407EA,NR,SB,12,10
5DB0D69F-1681-FB92-CDB4-3A1ECBDBFE45,NR,PX,11,12
7E606014-4187-2B08-3E76-3A1ECBE00666,TW,FM,12,11
E5A4F8B8-12FC-682E-3C85-3A1ECD97643C,PG,,8,10
31A35FC9-2089-0ED7-CEBF-3A1EEB6B94BD,KI,PX,6,-11
31A35FC9-2089-0ED7-CEBF-3A1EEB6B94BD,KI,PX,6,-10
93964DC1-25F6-CABB-30D1-3A1EF5495032,KI,LN,6,-11
066CCBC1-229F-57FA-C9F5-3A1EF5808834,US,IW,5,-9
7196B9AB-9D9D-EB4C-9431-3A1EFC5E9322,TV,FM,12,11
7196B9AB-9D9D-EB4C-9431-3A1EFC5E9322,TV,SB,12,11
013EE20E-B5A0-9C8C-FF71-3A1F04F46C8E,NR,NR,12,11
23086F89-06A5-9215-10C9-3A1F056179DC,KR,PG,12,11
04FEBBAC-0E6F-DBF0-838F-3A1F07F817B0,PG,PG,12,10
92091A11-060B-5256-8883-3A1F0F757C6A,KI,GL,3,12
55553A61-1AA9-1733-F3B6-3A1F19FFE927,NR,TV,12,12
8209418E-A36B-FBDE-07FD-3A1F19FFF86E,TV,SB,12,11
5FE32FBD-4940-65E9-E12E-3A1F29DBCAFE,FM,FM,12,9
106CEA6A-A951-6EB4-7775-3A1F33BAA4E0,PG,PG,12,10
2544069B-C7F9-0391-57EE-3A1F4632E584,JP,FM,12,9
5D55CD82-8389-91D7-5E10-3A1F4CCC27ED,TV,NR,12,12
462471A8-E27D-5C6E-A8DB-3A1F5459F8E1,NR,I4,12,12
5B0E6D82-C661-21E1-0BB7-3A1F545A2C48,NR,NR,12,11
FEF1DB16-B737-F3A6-9CFA-3A1F58A7C3A5,NR,PG,12,10
A5DB28B9-005D-A114-358E-3A1F61225BDE,TV,I5,10,-11
5C6C9B84-CBE8-0F7E-BAC0-3A1F665E80A2,NR,FM,12,11
B5547487-04B2-5053-D232-3A1F665E88F2,PG,PG,12,10
DAA94EA6-E86C-F2FC-AEAA-3A1F7B031B5F,TV,I5,9,-11
7E6E862D-717E-9C55-1519-3A1F7B0AE3DD,TV,I5,11,-11
5F1E0EBD-E556-0388-51D9-3A1F7B72BA4D,NR,SB,12,11
FF8B39D5-59E4-C1E5-0D99-3A1F7B736990,NR,FM,12,10
D18F791E-6CA5-A50A-C374-3A1F8608BF28,NR,FM,12,11
E5AF9A28-2A2E-BA65-AE79-3A1FA410084F,FM,FM,7,11
91CBFEAA-9AC0-2ED7-B69D-3A1FA57B0A20,KR,GL,12,12
91CBFEAA-9AC0-2ED7-B69D-3A1FA57B0A20,KR,SB,12,12
6D3E3D7F-4DB3-425F-7279-3A1FA665E867,SB,PG,12,11
7C76DE3C-D97C-B451-B68A-3A1FA665F7E0,NR,NR,12,11
8FC18DF9-CE57-C3C2-3F2F-3A1FAEFD741A,PG,PG,3,10
D08E5C8F-8B6C-8AA9-64A9-3A1FAF09DAF5,SB,SB,12,11
0907A187-C859-5FFA-752E-3A1FAF167906,PG,PG,4,10
9EB97A23-879C-1C60-9BE1-3A1FC8E3FC7B,PG,PG,2,10
996D01BE-90E7-B518-18D3-3A1FDB1AC120,NR,,12,11
6EDA6A2A-F1BF-4344-172F-3A1FE1527623,VU,PG,6,11
57082454-4DE9-9B97-B65E-3A1FE1DF5D2E,KR,SB,1,11
7F3023EB-0079-4A4F-554B-3A1FE1FE4842,PG,SB,12,11
1EF2BF79-B484-AFC5-82BC-3A1FE6D2810D,JP,PG,6,9
E5972F32-BD33-E217-5DBA-3A1FE6FDDCB9,PG,PG,5,10
30F67BDA-4C5E-84DB-C536-3A1FE75D4F04,NR,NR,12,11
CDAC59F2-7C53-7A05-4D8B-3A1FE7EDA45C,FM,H4,3,12
E3BC9FFD-F06F-BC37-0D67-3A1FE89C3E76,FM,PX,2,11
CA207F5B-738B-8D63-8F2A-3A1FEBB4A111,FM,,3,8
CA207F5B-738B-8D63-8F2A-3A1FEBB4A111,FM,,3,10
9AAD0A93-A5D1-923B-84D6-3A1FEBC78657,KI,GL,4,12
0633CB16-426B-B310-3E2E-3A1FEC5E7FE9,KI,I4,11,12
48B88D08-BD67-51D0-C7E5-3A1FED0D501B,PG,PG,12,10
E0B28E66-96CC-DF31-3B14-3A200527F511,VU,TV,12,12
9A4AD960-AED8-4AFA-6BF2-3A20106C5C38,KI,TV,1,12
10DAE23F-FE9F-A0CF-4769-3A20114F99B1,KI,,3,9
1F2CA325-556F-3329-A350-3A2029CC9CF3,KI,I4,5,-11
4F7C2295-8549-D765-4C49-3A202A9EDB97,KI,GL,1,12
B08C84A0-22D3-C42F-0753-3A203A3173D6,KI,GL,2,12
68490481-01D5-F91F-D0B6-3A20B0FE4977,SB,SB,1,11
F2471BCD-A327-320C-7898-3A20CB36E7B2,KI,NR,2,11
32C7B947-4CB6-2EC7-DA21-3A20EE3C0DE9,CK,,8,-11
6ABFB295-D502-4BC1-74C8-3A2185ED8C99,PH,I1,10,9
C666DFBC-4FD6-1E55-16C2-3A2192F065DD,PH,I1,12,9
0CC1DC96-D0B5-6E5B-7334-3A21930C679D,PH,I1,9,9
02BBA365-89B0-D516-2BAC-3A2193114988,PH,I1,1,9
65708A0D-579D-C570-1E97-3A219366D474,PH,I1,9,9
C3C92634-6AEF-4784-E7C3-3A2197D93A9F,PH,I1,2,9
54905C3D-BE2F-677E-53D7-3A21984C3099,PH,I1,12,9
D95014FC-2ACC-14F0-138E-3A2199985467,PH,I1,3,9
F5A5E26E-B0C1-2261-D2C6-3A219D54A6B8,PH,I1,9,9
64B68E90-BEBF-6C72-218A-3A21A365E054,PH,I1,7,9
9E051490-EA19-562A-A86C-3A21DC38BF2A,PH,I1,9,9
C5CCD4C3-D0E3-92C4-DBC8-3A21DC49E8DC,PH,I1,1,9
B0824650-2F96-E43C-E5AE-3A21DC54B7D4,PH,I1,11,9
38D21BF0-1C69-26CA-AAD4-3A21DC59866E,PH,I1,11,9