log_trip_id,vessel_flag,primary_eez_code,departure_month
0594E8CE-807B-FAD2-528C-39DA04F2180B,PG,PG,2
1FC143E4-8895-A156-B185-39DA04F234F6,PG,PG,2
A197E8DA-1DBC-9B4B-42E8-39DA04F26DC3,PG,PG,2
E2445CAF-7792-B80E-51F1-39DA04F27A0D,PG,PG,2
4918AF04-43AD-E2A4-A74F-39DA04F28A18,PG,PG,3
8F28ADFF-734F-F95E-C00E-39DA04F2CB4C,KI,NR,3
F45021C9-ACAC-6F81-F008-39DA04F2CE38,KI,PG,2
1A6ACF5F-CF4A-342C-C1EA-39DA04F2CEE2,KI,MH,3
1A6ACF5F-CF4A-342C-C1EA-39DA04F2CEE2,KI,GL,3
80507EF3-808E-B3BD-AE2D-39DA04F33241,PH,,3
9A2A1C22-9884-1FCC-EBF1-39DA04F34778,PG,PG,4
41A96B08-182E-9BEE-D78B-39DA04F35EAF,PH,PG,5
2A62B3A6-41C3-D616-D476-39DA04F37A2D,MH,NR,5
2A62B3A6-41C3-D616-D476-39DA04F37A2D,MH,I4,5
45AA4499-3E23-BCE0-EE15-39DA04F396A9,PG,PG,5
6578DB38-5640-8F08-E10B-39DA04F3BAD2,PG,FM,5
AF791C5E-F358-E20D-AE32-39DA04F3C925,PH,PG,5
49EFFD1B-4863-1994-016D-39DA04F3E8CB,PG,PG,5
84B47ED7-1EF9-4B66-710F-39DA04F3F5C2,FM,SB,5
C2636212-F94F-E4B7-C5D4-39DA04F5F015,PG,PG,1
6DAE747E-F2C8-86EA-A3CB-39DA04F5F839,PG,PG,2
1D21CF6D-C196-6285-5BDE-39DA04F5FAEC,PG,PG,2
641C9DAB-5F95-4BD0-ADE6-39DA04F60F5E,PG,PG,2
65462C49-4156-CFDA-BC4F-39DA04F63542,PH,PG,3
E3586822-6FC7-D8B6-3309-39DA04F654E8,PG,,3
9CBAE4EC-2A79-A006-BB71-39DA04F6600D,PG,PG,3
81B9A39A-BBDC-84FD-FAA6-39DA04F682AE,PH,PG,3
749E5173-2DA9-B34D-A46B-39DA04F6C652,PG,PG,4
EFF9281B-673D-92F0-0BD5-39DA04F72D99,SB,GL,5
EFF9281B-673D-92F0-0BD5-39DA04F72D99,SB,NR,5
2861516D-FA1A-E03D-2EEE-39DA04F75918,PG,PG,4
3FA6727E-040C-2EA1-42F3-39DA04F76651,SB,FM,6
4BF28269-B794-2BCC-1316-39DA04F7A938,PG,PG,6
E0787662-866E-7EF5-8733-39DA04F7E0E5,PH,PG,7
84110D3F-4533-64F5-3AFC-39DA04F837DD,PH,PG,7
EE8A1912-407E-6449-D82D-39DA04F84D56,CN,,8
B5CCAD4D-14CC-F8BE-8D5C-39DA04F86B77,PG,PG,8
C8E26831-7804-8208-B21C-39DA04F8751E,PG,PG,8
BEA8AA38-E4A0-4EA1-D7CF-39DA04F88600,PG,PG,8
9C2A8BB8-891D-DDD9-4D78-39DA04F8CD76,PG,PG,9
46C071C4-FCA4-5ABC-33A8-39DA04F9272C,CK,H5,10
2F0B0FEB-35CE-B76A-60C3-39DA04F96219,PG,PG,1
D92ADEDF-06EF-5428-BA01-39DA04F98B78,PG,PG,11
1C4D9ACE-8B07-A248-4BF9-39DA04F9AB63,KI,H5,8
363DB8AF-5454-E869-4F95-39DA04F9F57C,CN,,12
9B88CCFE-A3E4-C92F-0CAC-39DA04F9FD5F,PH,PG,12
D0D5ED20-66F1-2A55-85D5-39DA04FA17EF,PG,PG,12
57B3BDDA-BEB2-E017-B5F0-39DA04FA40B5,PH,PG,12
9AA74DB2-95B2-6A24-477A-39DA04FA7B8D,FM,PG,1
5AA3436E-40DC-5A4C-5C02-39DA04FA95BA,SB,,1
17C2DE15-11A4-8ACB-3DCC-39DA04FAA7EA,PG,PG,12
10A1C988-3647-3CC4-7E7C-39DA04FAE236,PG,PG,1
0DA84CC6-5B5B-1618-4F97-39DA04FAEB85,PG,,1
60C2B77E-E118-79DB-ADDA-39DA04FAEC54,PH,PG,1
79E5C651-623B-8DD9-CD82-39DA04FB034C,PG,PG,1
2A53F69E-AFEB-8FDD-BAEA-39DA04FB03AA,PG,PG,2
2A59E9D5-7AD4-B4F3-E39A-39DA04FB0562,PG,PG,2
E567F5ED-E327-E3EB-85DC-39DA04FB2D6A,PH,PG,2
887A9E40-3875-6910-200A-39DA04FB48AD,PG,PG,2
88D79831-34A7-C61E-0A33-39DA04FB569C,TW,MH,2
EEA1424C-BF82-94B5-9FC8-39DA04FB7D70,PG,PG,3
43E2DF48-44A7-B552-B1AE-39DA04FB7F2E,PG,PG,2
B49A2C80-ECA1-BAD4-0820-39DA04FB8DCD,TW,GL,3
38A60739-8A0F-B331-2992-39DA04FB9D3F,PG,SB,3
CC225E92-14C6-C7B2-B0DE-39DA04FBE62F,PG,PG,3
B2196A76-3E56-E968-6C50-39DA04FBE6A4,PG,PG,3
768F90D3-F18F-5B6D-36C3-39DA04FC0859,PG,PG,3
37FA144C-E573-051D-F7FE-39DA04FC1424,TW,PG,2
E91C6E1B-4A45-23EA-620C-39DA04FC1939,PH,PG,4
4FF30C2E-D281-379A-A00A-39DA04FC1F3B,PG,,4
96D12431-5074-51B8-272A-39DA04FC3721,PG,PG,4
35E06DB7-6EA4-DE24-C621-39DA04FC37B2,PG,PG,4
0381D969-DEAC-95A0-58BC-39DA04FC3EA3,PG,PG,4
8AAC0213-AA1E-4CB9-DAA8-39DA04FC6507,PG,PG,4
A997090B-CCA7-9AB7-2CE0-39DA04FC6705,PG,PG,3
0308AFB0-155B-B37E-FEA7-39DA04FC6789,PG,PG,4
45B99C9F-81B1-992C-A6D1-39DA04FCAF74,FM,,5
BC7EF87A-0BB6-408C-957F-39DA04FCF896,PG,PG,5
3D8D9AF6-1A7D-1A6A-7A4E-39DA04FD1661,PG,GL,5
3AAFB2FC-82C6-F229-3FDF-39DA04FD1856,PG,FM,5
4C03A18F-D63D-A8E7-74A6-39DA04FD2939,FM,GL,5
80B43026-7CDB-C64C-A17B-39DA04FD2F45,PG,PG,6
941B608A-077C-9022-0E5B-39DA04FD35A4,SB,SB,6
0EFEDAD1-C308-5B0A-3384-39DA04FD54B6,PG,PG,6
07160ED5-590E-E840-7BA3-39DA04FD55F2,PG,PG,7
E261A43B-6BA0-7637-C588-39DA04FD5BD5,PG,PG,5
740F57F3-55F9-B1C1-CE02-39DA04FD6732,PH,PG,6
471BCCFE-F32F-333A-D64E-39DA04FD684A,PG,PG,6
7ACEBB2E-9000-194E-8901-39DA04FD8417,PH,PG,6
E6FB5875-CE9A-4DA5-51EA-39DA04FD85C0,PG,,6
2783F195-46BE-A951-ED89-39DA04FD8B68,PG,PG,6
CBEE8933-3145-CE8D-4662-39DA04FD9E57,CN,GL,6
C3C93CD0-0B4D-926E-4D6C-39DC786D24BD,US,IW,1
B3035FA5-7803-914D-CFC9-39DCFE707F09,US,IW,1
4CFF6C72-9F88-9AEE-0301-39DD0363AB5B,KI,GL,1
7A2E4A79-ED99-C0F9-81CE-39DD037AC9FC,PG,MH,1
D84EFAC2-91EA-846A-8876-39DD2264ED28,US,TK,1
6E525CD1-0CEB-C0CC-34C0-39DD4B6891A7,CN,GL,1
23219BB1-2955-3028-B781-39DD51283832,SB,SB,1
2D75C9C8-73B4-F208-A310-39DD5132FDE2,SB,SB,1
52A1BFE2-32F0-C1BF-ABD4-39DD7F2CC28D,KR,SB,1
5F947257-C6CD-5598-CEE6-39DD9E63ECC9,KR,GL,1
3FA6BEE3-78AA-76FF-15D0-39DD9E8F89C2,KR,SB,1
4C75D625-807E-959E-F88C-39DD9E943508,KR,SB,1
B8D4779C-46E8-E098-CF1A-39DDA392D73C,PG,PG,2
B160A059-50E0-757A-3917-39DDA3BA9C35,PG,SB,1
BECF0B89-0788-4AB5-FDA7-39DDB416CB60,KR,GL,1
F2FAE236-AF43-07A5-1B31-39DDB902D411,KI,GL,2
8EB1AED4-208E-6240-048B-39DDB90C4056,KR,SB,1
6F8CAAE5-F98D-875C-0729-39DDC271FF4F,KR,SB,1
2DE31A9A-2DAB-5D33-D35A-39DDD6E34703,KI,GL,1
E84A1ED2-7F95-A2B5-7AB0-39DDD6F22342,CN,NR,2
A22E9052-994E-9130-C493-39DDD7256A51,TV,PG,1
8C406BC5-832F-DEB1-33FF-39DDDC2B4FBA,FM,FM,1
2622603E-47BA-1C6D-489E-39DDE24E1BFF,KI,FM,1
2FE0B982-5571-974F-28A1-39DE00FDCC2D,KR,SB,2
1D3BC9EF-4E54-251B-3808-39DE0107904E,KR,SB,2
01755EA0-36CC-A4C5-A62B-39DE3485524F,US,IW,3
756B22D4-F6B6-AE8A-0072-39DE34C94F1B,KR,PG,2
279E6CC1-347A-E471-9D23-39DE7173D3B1,TW,FM,2
279E6CC1-347A-E471-9D23-39DE7173D3B1,TW,PG,2
86582E97-1E33-0CC9-CA83-39DE77523643,CN,SB,1
3B43B679-BC1A-460E-7DA7-39DEE7D51E73,KR,FM,3
C05BE56B-F345-414D-AD9A-39DEFC4EF0B9,TW,PG,4
FDFBC394-DB57-88DF-5A70-39DEFC7AD19A,MH,GL,4
FDFBC394-DB57-88DF-5A70-39DEFC7AD19A,MH,MH,4
976EEA0A-8BB1-0692-58F1-39DEFD4EBDA5,TV,PX,1
41CA69C7-A6C4-415F-9F69-39DF0C1957B1,KI,TV,2
23CFDFF8-4B74-2ABC-99E2-39DF201A6801,JP,FM,3
AB2DDE69-003F-8C53-A093-39DF20251AFB,PG,PG,2
ADE32523-94DC-99F2-7017-39DF20357AF8,JP,FM,2
CE977430-9658-C5FF-9103-39DF20372B2A,JP,FM,1
A4F7B516-7A4E-EF67-6855-39DF2039D089,JP,FM,3
70D6D5DD-DB9F-A7EA-B03E-39DF2045CA7B,JP,FM,2
F6C99302-36CE-DB9F-4E80-39DF208B8F95,JP,PG,2
EE609241-8943-0A1C-C7CB-39DF208EC406,JP,PG,1
E42FC729-69CA-704B-4CE4-39DF219D6399,PG,FM,5
FDA4A3B0-2F8B-98BC-EC7E-39DF21E48102,US,IW,1
1B771465-FC30-C0E1-3E99-39DF2B970864,KI,GL,3
13E9BA99-D8B2-F982-3117-39DF3F3AF036,CN,GL,4
95C5E463-D249-93F2-A607-39DF3FEC34C7,CN,NR,2
896660DF-5413-70F2-4933-39DF447ECD39,TV,SB,4
BC50763A-942D-C698-02E6-39DF543BB846,PG,PG,1
AF5B150D-587F-106F-4B16-39DF87E34FB4,TV,FM,4
F9C70BFE-027A-564F-628E-39DF8CF6D88B,KI,GL,5
48F83635-AF5F-C7A6-6F4B-39DF95E0034E,US,IW,6
C6B5E798-6CA0-C188-DF40-39DF9BBE9E2E,US,IW,6
F6766F9E-6952-1CE9-74A0-39DFAC589BC6,KI,GL,4
E00F655D-DB1C-F524-4687-39DFB6AD9C22,TW,NR,5
073EBD8E-37BC-2A49-95B4-39DFB6B19D59,KI,PG,5
F6148115-1E01-EE62-F991-39DFB6B3EC8A,PG,GL,5
5E3989A8-3ABC-E39F-246B-39DFB6C1A285,TW,FM,5
0F3FFD67-792B-1E64-D097-39DFFDF76B2F,FM,GL,5
0F3FFD67-792B-1E64-D097-39DFFDF76B2F,FM,TV,5
0B3312EF-4B29-0A72-561A-39E0037FA1CD,PG,PG,3
0B1BA71C-3F74-CDF2-18AB-39E003F51CC2,TV,PG,2
9ACF42FE-2A56-1CB9-1A02-39E00422A6ED,PG,FM,2
1C18E657-5386-0C2D-7183-39E0086C3AAF,JP,PG,1
3A7A694E-3EBF-BF0C-325B-39E008C00079,KI,GL,5
75B14270-D333-E22B-4AA1-39E009139762,PG,SB,3
0BA164AE-486D-6F6D-08F4-39E017D24911,JP,,1
3001CD7D-04D8-D1C9-A8AF-39E0188E9EF8,JP,FM,1
17B7BEC8-F47C-A3A6-6905-39E018D68BC9,PG,PG,1
CDC736EA-5EF7-1CA1-96C1-39E018D96910,PG,FM,2
E16429E8-D96C-469B-F7FD-39E01C662AB6,PG,FM,1
46358B92-D646-C244-483E-39E01C681D2F,PG,FM,2
0FFDDE58-514E-E17A-64D8-39E01CA9EA21,FM,SB,3
9E44E96E-D010-780A-738B-39E022E590FD,KR,SB,3
CB8E9379-A2EF-6264-602B-39E02358FC8D,US,,7
9E84BF7F-E319-E298-9D36-39E03B9E61D2,KI,GL,7
ED6D2AD3-C652-DE2B-6CEE-39E040AFC95F,KI,NR,2
84D553E9-85D2-67A8-3DA8-39E0414796E5,LR,,7
49CABF7D-5C0D-8D13-D135-39E0464BF049,PG,NR,1
A1A7CF09-8BB2-F2F7-E67E-39E04C43C51A,FM,GL,6
4AC51E55-A261-CA74-3133-39E0511F03AD,TW,GL,6
18C29AAF-A03A-56A3-348A-39E0605F6BAE,TV,GL,5
B161C9B5-2652-503D-3E4B-39E065377A45,FM,GL,6
7B171BC5-0AAA-8339-FF7B-39E06F25DE4E,KR,GL,5
5EF8EBAD-F3AF-B54F-3485-39E08989B293,TW,GL,6
DE178FDD-3BDE-6F9E-DDA2-39E089926CD5,CN,GL,6
A1C36FC0-6B49-BA12-763A-39E08F046E83,TW,GL,6
F3CEF7A9-F8CA-25A3-1924-39E09303C6E8,TW,GL,6
C504111A-2A01-B809-A084-39E09343DF63,KR,GL,6
C504111A-2A01-B809-A084-39E09343DF63,KR,PG,6
DC57E4B4-8D66-E01A-565A-39E0985A5C1A,KI,TV,4
B6B5466A-22B4-A264-3644-39E0BCC02DA3,PG,NR,6
17E2E6FA-9A29-EFD6-58B8-39E0F1473A2B,PG,NR,7
C2C49562-3DFB-8F91-661F-39E0F14B6494,TV,GL,6
D9891742-5C62-C605-585A-39E0F14D51CE,KI,GL,6
E432EF70-42EA-3482-840A-39E0FB0226F1,US,IW,3
8DD31C25-CCB4-7EDD-76FA-39E113C5B863,KI,GL,8
DC013F72-3465-DD1C-CBB4-39E1144A911B,CN,GL,7
3C384F7A-6235-D5B0-CFFC-39E1198C3CCB,FM,FM,3
2C2BF115-A1E2-B69E-0A95-39E119FF225D,PG,PG,5
93095C0A-050B-E6A2-88F8-39E11E520EA3,PG,GL,7
A650F3C4-30A7-2734-C29F-39E1248ECF1B,TW,GL,7
9FDD9173-EE9C-F729-4937-39E128E830FF,TW,NR,7
90513A7A-B494-1279-2298-39E138859E7B,CN,GL,7
CA4663C7-A508-5E27-0DDC-39E13DA0D787,TW,GL,7
6AA07C2D-FC26-3D17-05C8-39E14323C749,TW,,8
92D0DE13-E799-E39C-5E76-39E14707894E,TW,NR,7
7BE3B217-0D1B-A30A-EA6D-39E147097E95,KI,GL,8
1CAFF3B7-4F5E-FC8D-08E3-39E1475DB3FD,KI,GL,7
4EF9AEDA-85C2-059C-07F7-39E14CD3B327,KR,GL,6
91B7F967-E36F-8FF9-076C-39E14CD5AC18,KR,GL,5
C54D4005-D2F0-4E14-C5A7-39E15BDBA602,US,IW,9
737ED2BD-5155-6398-39FF-39E15C27C86C,TW,GL,7
A150AF3F-D4EF-4ADE-35AC-39E16BA6457E,TW,NR,8
FB906D05-D7D9-FE35-444F-39E1709CAB08,PG,PG,5
C0F36308-86C9-FCD5-DC2D-39E1718D996F,KR,NR,8
6B7F2D8C-A362-D66B-5158-39E171920CE7,CN,GL,7
A376D2D6-089C-1098-6B2F-39E1803162EF,NR,H5,9
EF2E9D42-8DC5-A8D3-3490-39E180B78C56,TW,NR,7
DE261DE5-C616-CA2F-F991-39E180BA9FD0,PG,GL,7
D2BF8853-F1FF-8A7B-8CA8-39E185378813,KI,GL,8
599AFCFF-6CF1-7D48-0C32-39E18560016C,KI,GL,6
CB806B91-51E0-F7A5-DEFF-39E18A06124C,KI,GL,5
3EB5C2A5-26EF-2B4C-76AD-39E18A6AD7A7,CN,GL,8
0852DEA6-ADE7-1430-2352-39E1A3ED901C,JP,SB,5
150D6F6A-0400-D8C2-1C7C-39E1A457F72E,PG,FM,6
9E554F7A-C622-5C82-7BD5-39E1A45B17F6,PG,FM,4
DDBEB87F-8703-5938-3419-39E1A46216BC,JP,FM,7
A3AB057A-55BB-5E75-94CF-39E1A50FCBEB,KI,NR,7
5CD18853-B264-2649-CFA3-39E1A554B8CA,TV,GL,8
61FB9328-D441-4B7B-5457-39E1A95577EF,SB,SB,6
7FC5AAAC-A7EE-95FB-4126-39E1A98C9B80,SB,SB,7
5AAA0189-F17D-04F0-0FC6-39E1AA44E1FD,KI,GL,7
F10C8029-73AE-A572-226B-39E1AA4A1114,TV,GL,9
1A97A209-E692-B3EA-9674-39E1AA624764,TW,GL,8
8DF1CDBD-3582-18B1-2199-39E1AA646563,TW,GL,8
AEADC4FF-2951-979E-3E9D-39E1AA6645AC,TW,GL,8
CDFDF1CE-9335-2DF4-53C2-39E1AA696164,TW,GL,8
2A1D436F-B136-A6F7-1EC4-39E1AA757DEC,KI,GL,8
02A3013E-2BC0-10F9-D975-39E1B3D11556,PG,GL,8
84BC0943-4719-B571-830B-39E1B3D35D14,PG,H4,6
9997C4CF-2A17-202D-3959-39E1C7EE0A3F,PG,FM,9
550BDEFD-5804-75D1-E2A2-39E1C915C96B,US,IW,5
913A3BF3-B4F0-F4D8-69FC-39E1CD5F5FF1,TW,GL,7
4BC2673B-1D43-BE62-522F-39E1CDC83027,SB,SB,3
53E04549-B452-633B-0C8B-39E1CE38203B,KR,GL,7
022D6299-FE0E-8080-59EB-39E1CE7BCCE9,KR,GL,8
C2642A76-E0CF-1C14-2B81-39E1D25BFEE9,KR,GL,8
A97CFABD-90EF-5EC1-C0CE-39E1D3749CE2,KI,GL,8
C9490BEC-7B05-0413-D728-39E1D85C34CB,CN,GL,9
74E45B13-2EBD-D0D9-8D4C-39E1D861676C,KI,GL,8
72106A2E-2591-C01A-C205-39E1D8951A50,KI,GL,8
DD9DC195-2159-4FEA-8D32-39E1ECEBAED4,TW,GL,9
FD69C01B-043A-6FA7-3683-39E1ED8DC70F,PG,PG,1
DB6F6EE5-A085-96B2-8197-39E1ED934C06,PH,PG,1
1B728748-EC9A-49F4-02FA-39E1F14AF9AF,KR,GL,8
DBE00A5B-65E2-2013-DAD2-39E1F26E8901,PG,GL,8
21969414-8BC3-4668-B146-39E1F26EC0AB,PG,GL,8
2A2FE0D4-A18F-8089-B51C-39E1F7926B39,PG,NR,9
2A2FE0D4-A18F-8089-B51C-39E1F7926B39,PG,GL,9
AC78F1CB-D7F9-8BAD-E50A-39E21686B99E,CN,GL,9
25D8BA66-89B0-08A4-A0B6-39E233EE2E08,KI,GL,9
25D8BA66-89B0-08A4-A0B6-39E233EE2E08,KI,PX,9
B94AC5BE-8EA7-0049-5537-39E23996BE6F,TV,PX,8
126824E0-E8DB-5E44-950E-39E244E4E955,TW,PX,9
786C5F4E-B69C-1FB3-041F-39E249EACEA2,KI,PX,9
3EC23FF9-3067-0F5B-1910-39E2584A8234,PG,IW,10
4CCCA3A7-4A21-CA7E-BF14-39E267EB3243,KI,GL,10
3AD64622-9B18-7650-B35E-39E267F17032,KI,PX,9
94494B4C-D29C-1B56-89EB-39E26D386080,PG,FM,9
E8C4DDC2-9ECE-8443-BFDA-39E286B2EC88,KR,GL,9
7F1DB1C3-B6C5-9962-A51D-39E292507EE6,TW,PX,9
9E81664B-702F-5AEB-7476-39E2A55E18A1,PG,TK,11
F535133F-819E-8F39-DCEE-39E2A5892B53,SB,SB,10
9080DF27-F067-C81F-F768-39E2AAE52046,KR,TK,9
8861E160-7B69-18E7-C723-39E2B135005B,KR,,3
4274AF39-0459-B7B8-AE6B-39E2B72984FD,PG,PG,2
84EFC312-6C50-975B-5C92-39E2C4AD1DDC,KR,GL,9
33787394-6F2C-55BE-2187-39E2C4F8B1A7,KR,TK,9
198A1868-D890-39AF-E586-39E2C50E34EC,KI,NR,6
47C42016-FC7F-E6A0-3649-39E2C55EE258,SB,SB,6
AB2B051D-AD23-712F-339F-39E2C5AF1B4D,PG,PG,6
9064A1C9-3033-A0FF-4138-39E2C5AF5B63,PG,GL,6
B233FC5D-822A-C953-5EB5-39E2C5B14310,KI,GL,6
A2F63FA4-ABE7-5520-FC4D-39E2C601F076,SB,SB,7
AA7D9659-3A43-1D3A-C7D6-39E2C602BF4F,PG,GL,6
198D530D-670E-26EE-7C1B-39E2C6267BAA,PG,NR,7
A7D5D7D7-9835-F3B6-A569-39E2C94C9D3F,KR,TV,10
62A512F1-C7F7-A539-1128-39E2CA050C3C,KR,TK,10
E5AF937F-A47C-1860-3F4C-39E2CABEFBB9,KI,GL,8
C343182B-FE35-3D7D-5238-39E2CAC0E6FF,KI,GL,8
A0E5B035-2E95-5830-6CA0-39E2CAC4AA2B,PG,PG,8
C59A71F5-11E9-F855-6B0A-39E2CAC76A5D,PH,PG,8
90A29060-58E6-6560-06C5-39E2CAC85D2A,PG,PG,8
8923EF21-16F8-1389-6DE9-39E2CB8066D5,PG,PG,9
81A0E5C3-4587-DE1F-2BAD-39E2CB89DE5A,US,IW,8
05AE1A43-F611-11A1-0615-39E2CB8AEF0F,PG,PG,8
C22D21A0-5072-5551-6968-39E2CB8DCC09,FM,I4,8
FA8FBAC3-FAD8-900D-B8DF-39E2CB9164D2,KI,GL,10
FE8EC95A-55A7-4927-DE9E-39E2CF186A10,KI,PG,9
5D5FA1E3-8698-BF72-0394-39E2D8E9EE44,KR,PX,9
6FC03A08-4878-2D1F-6082-39E2E87C9AE2,TV,TV,10
A3D06906-CFBD-F4DB-93B0-39E2E93F6E35,SB,SB,11
779F604C-00E8-C6C0-7E5D-39E2ED53A6A0,TW,PX,9
C5AEF736-C4C5-6FF3-8770-39E2ED70EF26,KI,GL,10
5764A086-C3EC-A896-D701-39E2EDFD2985,KI,PG,10
29F58269-316E-C25F-F3AE-39E2F8A09864,TW,GL,10
46EC129C-5451-1C32-76E3-39E317257CDA,KR,FM,10
CC16F846-18DF-8A51-B9B5-39E3408F9EA3,KR,SB,11
B928EBC6-C94B-0640-8E00-39E341152688,US,IW,5
0BE2D37E-6E90-6CE9-1EDE-39E341239E37,SB,SB,11
BCA13B74-DEF7-848C-41EB-39E3413B38A5,KR,PG,11
0D64CCE7-2941-17CD-E29E-39E34697BA1B,NR,FM,12
78E5261B-45C7-A6AD-B1DB-39E354BF1D06,KR,FM,10
B1843987-A453-6EF1-ACDB-39E355215CDE,PG,GL,8
4EA2F3B6-215C-C845-9BC4-39E359D4D19F,US,IW,5
1570700A-2AD7-C7C4-F4FB-39E35F13EB00,KI,GL,10
1DCF7C1F-0411-6E8C-13A3-39E360302F16,KR,SB,3
D2F7B09A-57E9-346B-C50D-39E3603718CE,KR,SB,11
FFEDF4E9-38F3-F117-D664-39E3644A2CCB,PG,,9
23C55B58-C6B6-B847-9B00-39E364618A42,TW,GL,11
E7BF85F5-ADD2-A985-53AB-39E37F097ACE,SB,SB,11
63252E22-B802-5D33-1823-39E383741EC4,TW,SB,12
63252E22-B802-5D33-1823-39E383741EC4,TW,PG,12
4D7E8A31-5B90-1AAC-236A-39E3B19A558E,SB,SB,12
2716967E-12B9-EF4C-406C-39E3C60E3EE4,KR,SB,12
E63BD14E-7AD8-9A84-DB20-39E3C6D0E5B8,KR,SB,11
9B88B10C-AA20-D6A4-9F31-39E3C73540DB,KR,SB,12
69761E3F-7E7F-10E9-6FEE-39E3C73DBDA5,KI,SB,11
6DC2B583-6A4E-4FFF-5875-39E3C77C1418,KR,SB,11
61B9EA24-CFA1-A01A-69F2-39E3CB02DE0D,CN,PG,12
4CB844BF-6118-C393-45B0-39E3CB409B92,PG,FM,10
1129FF99-FD2A-5339-0BE5-39E3CB493FBF,PG,SB,11
69270159-F4A0-3B38-1895-39E3D11B9FAD,SB,SB,12
4D75DBDC-EBA0-464E-6FB0-39E3D14BABC7,SB,SB,12
3CC46DB2-7F9D-B84A-A81F-39E3E5E1415F,PG,H5,1
6A0F3BCD-B047-C171-CBEF-39E3EA6B88F7,TV,PX,9
DA2C1B86-53E2-620E-4F94-39E3EB7FCB7A,KR,SB,11
E57B6B79-3D37-C2DB-8B4B-39E3F0395AF9,TV,SB,11
282352F8-9799-D157-F9ED-39E40E1FC75F,KI,TV,12
282352F8-9799-D157-F9ED-39E40E1FC75F,KI,SB,12
4FDAFD38-9970-6B41-D330-39E40E8C0EE6,KR,SB,12
336EE58C-1CEE-158D-6BC3-39E40ECCAE1C,TV,GL,12
4CE1EE70-39A2-3A62-4A44-39E42D39CA57,SB,SB,12
82ED5A6F-AA6C-0023-A7C5-39E42D5A7840,SB,SB,12
35303FE4-4EF4-E8D8-02ED-39E42D78FDB8,KR,GL,8
D014F46B-CBE8-0D47-9FF6-39E4325F9D23,TV,PX,12
2A595E60-EA1B-3EB3-D64A-39E43CB2DF6A,KR,SB,12
63669CEE-ADF3-EB61-91F2-39E465B84D1D,NR,PG,11
B707548F-1D45-782D-B269-39E4668F6219,TV,PX,12
2CF8C267-34C7-6BDA-4385-39E4899454B7,KR,GL,12
D913F55D-1B6E-6474-E285-39E48A8CD545,KR,FM,1
6ED78328-C4CA-5DE6-9CD5-39E4AD65E373,KR,TV,12
B2EAA17C-C9AC-4B40-17AF-39E4BD24AFAC,US,IW,9
F4CFA6B5-623F-7AC1-FEE2-39E4BD2A6520,US,PX,11
AB07CD19-19BA-0F9A-AF6D-39E4C32AE323,MH,GL,1
1E7CDAB0-722E-DB14-460C-39E4CC93A6EF,TV,GL,8
2206A9BE-B64E-DB61-F3D2-39E4E200B319,KR,FM,12
F42BD530-431F-FE22-0EF2-39E50FEDCCF2,PG,FM,8
C1B2AB44-FEA1-AA89-87BE-39E50FFAA473,KR,FM,9
C98C108D-8A31-7079-278B-39E50FFD6114,JP,PG,8
A207ACFC-8F31-CA6A-3F26-39E5100BB60E,JP,FM,8
A4BFEE8A-B75A-0B1B-E875-39E5100EA5C5,JP,FM,7
90D48EEC-0DAC-2236-E709-39E534D4476C,FM,,11
F756E45C-2056-638B-EBF6-39E534F1F58E,FM,PG,11
4A03F13D-BA97-26F7-1910-39E53505EF83,PG,FM,7
C5A6417E-BA79-4D15-D4C3-39E53541239C,PH,,11
7A0E4439-0628-0C3E-91EA-39E538711A36,NR,GL,9
333F6607-0DCD-495E-AE11-39E5387FCE17,NR,,7
D8DD49FD-F21F-A4C1-D17F-39E539D48A6F,PG,PG,10
3DCF38FE-7B15-2994-3AF2-39E539E3EE22,PG,,4
7BC95228-E0AE-25C0-0D3E-39E539EB637C,PG,,4
6B1ADBC3-BA9E-8549-119E-39E53A1A662C,PG,PG,4
737F4D11-7CC0-67C6-13F3-39E53A245C7E,PG,PG,10
E7E05E17-35C2-1610-2355-39E53A287B28,PG,PG,10
BD0FA2F1-7F54-717B-FCC2-39E53E5808B4,PG,PG,11
35930DF9-0BE4-65F5-BFE6-39E54D44E7A1,CN,PG,10
3ED0FA01-7A2F-3969-CAA3-39E54D55C0D7,PG,,4
3BDBF31D-9027-24B4-A698-39E54DDC1EC5,TV,PX,1
9108EA9D-7283-D7EE-0B61-39E552BDC672,PG,PG,5
0A68398A-D75D-53BA-A078-39E552D0F61B,PG,PG,5
D72398CF-A40F-C24C-AA86-39E5536F7872,PG,PG,2
74F62B16-79E8-5BA7-3102-39E557938CAA,KI,,11
139F0657-34F4-BDC5-F9B1-39E5589AD4F4,PH,PG,1
B835E986-FB78-716C-A80F-39E558D0C208,PG,,12
36FE1C9E-5609-A795-9CA8-39E5590FE885,PG,PG,11
E21CC478-AA65-DE50-8081-39E55CAD1016,PG,PG,8
E4BE9BF7-5CE6-798E-7FB6-39E55CC6EB0F,PG,PG,11
B65AC941-7775-67EC-5B30-39E5766BB062,PG,FM,12
8DF73C44-3085-60F2-1FBA-39E5766D5DF1,PG,PG,10
B8DE4942-F8AA-9736-1B57-39E576DE31D4,VU,I4,3
D442FE6A-8CF6-2364-BD8D-39E576DFF8E6,PG,FM,12
6C6B8FD8-082C-DE82-BA98-39E57B6413A1,TW,SB,12
BDB93CC0-7DC7-DC91-29A6-39E580CF1433,KI,GL,11
6516C02B-4647-D6E9-59F9-39E58111B989,PG,PG,3
E20B3180-1E12-148D-0E42-39E59AC9FD94,KR,GL,9
A749FDE5-6382-F363-7567-39E59AE3602B,KR,GL,7
7B871133-066D-1EBD-D794-39E59AE4DBBE,KR,,11
AF35AA58-C10B-0DFD-92CF-39E59AE94771,KR,SB,10
DAEDD258-6D5D-F223-978C-39E59AEB7ACA,KR,,12
2BFFC5A3-F509-6025-1A75-39E59AECB0F8,KR,SB,9
31CC0C4E-ED3C-85A3-6663-39E59F9760B1,KR,GL,8
84A14C6A-946E-B3F6-18DE-39E59FB1E8EB,KR,GL,7
36510667-C2C0-AF42-DF9B-39E59FF631A1,KR,GL,8
41BDDEA6-FF7A-8304-DE7F-39E59FFB6DC4,KR,GL,7
38EEE3BD-256C-D351-3EE9-39E59FFD92F4,KR,GL,9
44BD7E98-F08A-803F-082E-39E59FFE5E81,US,H5,3
4D680B6D-547A-A5DD-584B-39E5A0020148,KR,GL,4
B2C09E90-2913-99D7-D9B3-39E5A5348FAA,PG,FM,12
2BD68D78-813E-B724-9FC2-39E5AA0330AD,PG,PG,12
2AB48BE8-4273-D2D2-57C9-39E5B9793511,JP,FM,7
1A224ABE-633B-EA56-82E2-39E5BA827DDE,KR,FM,3
C6D2DE7B-3C3E-16D5-7607-39E5BAB6AF97,JP,FM,4
6FCC4C6E-C33F-65CA-CF89-39E5BAE1F261,JP,FM,7
D34C0921-5A80-1FA1-16AF-39E5BE73E72F,KI,H4,11
41475F29-6C70-D6C0-4484-39E5BE94D8EB,KR,CK,12
A22DDEAC-9972-EF24-A4D3-39E5BECC7F77,JP,PG,5
06F9C01A-B672-2B31-46B1-39E5BF173F20,PG,FM,7
5AC00DDB-8677-1752-5643-39E5C4EE0E19,JP,FM,4
3AA02C80-B8EE-F7D6-AB3D-39E5C4F7DEBD,KI,FM,12
D1A4631F-C308-F216-B33C-39E5C4FC316E,PG,PG,11
83AEDD43-57C5-5E0E-DE3F-39E5C4FDC201,PG,PG,12
E0CD8C5C-2D69-AE39-AD2E-39E5C4FFB333,PG,PG,11
E0CD8C5C-2D69-AE39-AD2E-39E5C4FFB333,PG,SB,11
53E74C9D-93AC-D854-B525-39E5C5047008,PG,PG,1
6EEBA0CC-44FA-FA77-312F-39E5C9EF408A,PG,PG,11
7AC91FC8-89D6-2DC8-8340-39E5C9F1C215,JP,FM,4
D26211C7-7405-ACEA-9F8A-39E5C9F811DE,JP,FM,7
6D844A7E-A52F-66FA-929D-39E5CA01D61E,JP,FM,5
95136575-2B99-6334-9D2D-39E5CA063226,JP,FM,9
BFBDF8C2-712E-0802-9A43-39E5CA301B6B,PG,PG,12
AA153B6F-9BB1-FADD-D627-39E5CE12A847,JP,FM,7
25DD4269-C52E-A6E8-E56A-39E5CE4E3200,KR,PG,10
636004DF-6C92-803D-9811-39E5CE6A25A7,JP,FM,4
0100B648-8755-8D4A-C6F7-39E5CE6C8D51,PG,PG,4
B06C2D77-7C92-A7C8-7259-39E5CE88FAFB,PG,PG,12
515A73D8-626E-78ED-A668-39E5CFBB355E,KR,FM,12
680BCC8D-9E5D-584F-7E1C-39E5DD51B9D2,JP,FM,7
D71E5D2A-32F6-321A-6EAC-39E5DD6D1A42,JP,PG,5
FC35803C-40C7-D482-449F-39E5DD7665D7,PG,PG,5
566BFAF9-AC43-8587-E205-39E5DDBF73A9,JP,FM,4
28FDCFD0-D4A6-B7DA-6354-39E5DDF14885,JP,PG,9
85E2029D-025F-80FA-5884-39E5DDF620E1,JP,PG,5
EE472B48-08FE-EC99-AF76-39E5DE3134EF,KI,TV,3
3F7EB2C4-BA93-FA48-A34D-39E5DED9C9B3,JP,PG,10
AD8ADCDA-377E-F18D-B885-39E5E2E32706,PG,PG,6
FC772FDC-A4E9-285D-149C-39E5E2FDF94F,PG,PG,6
5E3D2881-2C92-65C6-9B52-39E5E30D4BBE,PH,PG,10
CB9C474E-057A-F8DF-E423-39E5E3117ACA,PH,PG,10
ED5C90CD-4FDC-DF05-27BE-39E5E7BF46B5,PH,PG,2
67B67699-7DEC-ADD8-FB4C-39E5E8568BE2,PH,PG,11
420F9708-6903-6279-78B2-39E5E86250C4,FM,PG,12
36E51006-8A9C-8F96-9612-39E5ECAE1934,PH,PG,10
59720816-D8FD-216A-C99C-39E616320935,VU,I4,3
59720816-D8FD-216A-C99C-39E616320935,VU,GL,3
A65F5DDC-1C37-912E-3291-39E649882315,NR,PG,5
0EF2E114-1413-F298-6B9A-39E64EF243AA,PG,PG,2
D1D21218-8D63-A2D6-D7EC-39E6785E2146,PG,PG,4
36967568-2B1E-C863-8BAA-39E67E440F75,EC,I5,7
23B27991-A49D-C16B-41E0-39E67E5EB489,EC,IW,5
485922E4-7AF2-B58E-3844-39E682347EF1,EC,IW,8
1C223665-E1E0-2C65-1050-39E682463550,EC,IW,9
62531D8C-7682-F45D-B6C2-39E682694A57,EC,I5,7
7487A951-B2F0-6D8C-AF40-39E682A48834,EC,IW,7
10403CF7-914A-A8A5-49B1-39E682B7DB5A,EC,I5,9
1A7E1FDF-9969-44F5-4B46-39E6975C6B2B,KR,GL,3
B61D3ED0-C583-EA23-424F-39E69BB69758,SV,IW,4
824A08A4-5EA5-B1C3-0763-39E69BD135CF,SV,IW,5
AAB642AA-215D-3B36-740D-39E69BDACFD3,US,H5,3
C8F90B43-D419-FE73-9F30-39E6A0E8B310,KR,NR,6
E40351BF-AB8A-0A5C-4CD6-39E6A10539A0,KR,GL,6
E3C11049-2EEC-A616-F819-39E6A155E799,SV,I5,12
8438BECD-971D-5961-9328-39E6A15D541D,KR,GL,3
37C93D50-191E-9954-35B1-39E6B2467860,KI,PX,5
D84A222B-26FD-B169-1234-39E6B591926E,JP,FM,8
60973C87-C628-1241-4D38-39E6B5EFE920,KI,GL,9
86215980-71E7-C575-B8CC-39E6B60828A8,KI,H4,10
51FF1DFA-2078-3C02-81F4-39E6B63B97AD,KI,FM,5
DE417708-A662-DDE5-EBF3-39E6C4E4BFBB,KR,GL,5
DE417708-A662-DDE5-EBF3-39E6C4E4BFBB,KR,TV,5
4B04A0EB-E972-5948-4339-39E6D9BA686A,KI,GL,10
EC7EEA25-2003-E770-9E4A-39E6E965DF72,NR,,6
B3F3F167-A43C-97CE-3E41-39E6EFAF2220,KI,GL,1
0A3B2BC7-825D-314C-E060-39E6FDB73F10,KR,SB,12
B662E5D1-9A3D-A2C5-95F5-39E721FD8C7E,US,IW,6
A0E7BCD6-BE39-61C0-8EDD-39E7797012F4,TV,GL,5
124088BD-70A3-CC0A-C379-39E7B3553859,JP,FM,3
723389F0-8459-14A0-6059-39E7B36AE199,JP,FM,3
6854F7BB-89CD-BA4C-6040-39E7B371A657,JP,FM,6
3718AC9B-2B11-4FA7-CB1E-39E7B8351F7D,JP,FM,3
65F18081-E411-C477-11BA-39E7BC7C09D5,KI,FM,6
7BB96744-4D2A-672F-4D7F-39E7BD9C738F,CN,GL,3
EE9FC8FD-B728-FE28-6F5F-39E7C2BD5741,JP,FM,10
C3A4CCF4-0EF7-A474-DA42-39E7D618E600,NR,H5,7
D563C644-15B5-F5A4-8512-39E7D76F6FA2,JP,,9
3920A67A-2E39-9B6D-0C21-39E7D7725B69,JP,FM,10
D5120EB6-C506-8874-3628-39E7DB8879B8,KI,,7
F6596CB2-B8F4-4444-BAA2-39E7E0CCCAC8,PG,FM,6
DF6F53D0-C6A3-E5D6-A559-39E82DF35AB8,KI,NR,7
F009A87D-96A1-65CC-9E72-39E8427953AF,TW,GL,5
DFFD961B-D072-8BA4-8BDB-39E842AB8BA4,FM,FM,6
6D31F019-BFC9-69B9-39CA-39E842BAE191,FM,FM,7
42029C5D-B4BE-21B5-52CF-39E847A7F9A2,KI,FM,1
F46D04AF-2FBB-F1C6-4289-39E851F55978,MH,NR,6
F46D04AF-2FBB-F1C6-4289-39E851F55978,MH,GL,6
3A40EB9E-5BCC-515E-87DB-39E86B78ACEF,PG,SB,1
EDF75F18-715A-B634-BAEA-39E87076D7AE,KI,GL,8
68EFDB36-69A4-FD01-5C07-39E8A0268A68,FM,GL,10
A8FB8A64-A30A-3CBC-90DC-39E8AEDF22F0,KR,NR,8
17F5ABE1-143D-1127-4F08-39E8B4BCDD38,KI,GL,12
CDB14E93-6BF6-6D62-93BB-39E8B8B0B93B,KI,GL,8
C8BAD135-710D-B961-FBD4-39E8B963B0C4,PG,,2
53774E2D-9178-E0C0-351E-39E8B96C9730,PG,,2
52487F58-7C61-45FF-0004-39E8BA2C183D,KI,GL,10
A923BAD8-8F44-0954-2DC7-39E8BE04E05A,PG,PG,3
5A3D333B-4933-D911-94C9-39E8BEE99FD8,JP,PG,2
A620C053-9F8D-F594-7AB3-39E8BEEABF7D,JP,FM,5
6CFAE03C-1DE2-B385-EA66-39E8C2BE10E3,KR,GL,9
B741E20D-73F8-B99F-CCF0-39E8DD1239A1,FM,SB,11
686303FD-7DF3-BFBE-550E-39E8DE20099C,FM,H4,1
E712236D-1613-0605-B543-39E8DE527044,FM,FM,10
9B1324C4-8F32-1A18-C9D2-39E905A21C2D,KR,MH,8
9B37BEB6-0461-B8D7-0BDF-39E905F43A4B,KI,H5,8
B2F27165-715D-DEE9-BFCC-39E91F857E90,EC,IW,7
70C81B5F-CBF2-438A-1E9F-39E92A922C86,FM,FM,6
14D84DA3-0B7A-FC07-D64C-39E92F2D3FEF,FM,GL,5
22484894-68D0-6DD7-4291-39E92FAE82A8,NR,PG,9
EFF6C11A-D2B8-CB4E-43FE-39E93E99B832,NR,LN,9
42EE597C-1E6B-F15D-3939-39E9438F83FF,EC,IW,7
89E8A3F6-1EE0-4F20-03BB-39E973F3DD27,PH,PH,11
4E268DE4-6AA1-8E7B-3AC1-39E973F3DDED,PH,PH,11
FAD41F11-9F6A-01E1-27C2-39E973F3DE0A,PH,PH,11
DB9E5218-2B5A-EF38-0108-39E973F3DF3B,PH,IW,10
6F00EFDC-15ED-4095-C934-39E973F3E3FA,PH,PH,7
B34CA606-4D8E-0E23-E7A8-39E973F3E419,PH,PH,6
440B8425-17CB-FEC1-9E5E-39E973F3E43A,PH,PH,6
40653200-29B1-BDC5-DC07-39E973F3E45E,PH,ID,6
E742D077-6444-7CB6-B5FA-39E973F3E489,PH,PH,6
E3427589-AAC9-DB4D-4601-39E973F3E4B4,PH,PH,6
76AA0CD2-7BDD-89FC-2338-39E973F3E50C,PH,PH,6
6499BE7E-1423-8664-732F-39E973F3E53F,PH,PH,6
C7E46F02-CFD7-0B70-45CC-39E973F3E7FA,PG,PG,4
C3B467F2-3164-2446-2611-39E973F3E87B,PG,,4
5BA3E275-5D5E-A485-471C-39E973F3F0E3,PG,PG,2
D936EAAA-0072-70DC-EA6B-39E973F3F10C,PH,PH,2
8C1EEDFB-F66B-7B91-EC85-39E973F3F34B,PH,PH,2
238B0BC2-E541-6FB1-31BB-39E973F3F442,PH,PH,2
A98339A5-466E-2753-DD3E-39E973F3F490,PH,PH,2
06F36DE4-2BA1-A540-6D14-39E973F3F524,PG,PG,2
B63213E9-1192-7701-3A86-39E973F3F62E,PH,PH,2
41A80E98-ECFC-ACA6-B3F0-39E973F3F661,PH,PH,1
3BFBE27E-A13A-5DC8-0169-39E973F3F675,PH,PH,1
61C842DD-2EE7-0008-599C-39E973F3F694,PH,PH,1
83F58BC1-B1BA-931D-1337-39E973F3F6B6,PH,PH,1
BB043683-6B96-D27C-28B9-39E973F3F852,PH,PH,1
64BB729D-ABC6-528C-6F2C-39E973F3F872,PH,PH,1
2A08F76A-C4B6-E981-8B81-39E973F3F894,PH,PH,1
2DCE73FA-A5FD-8FFB-4815-39E973F3F8B0,PH,PH,1
675A3C1A-695A-8157-3EB5-39E973F3FAF9,PH,PH,1
EC715763-942D-B642-A43C-39E973F3FC09,PH,ID,1
A14D2A31-87F5-F69D-2504-39E973F3FC40,PG,PG,1
7C0099BF-3F21-9C4F-5605-39E973F3FCED,PH,ID,1
A138BFDB-216D-8168-EA2D-39E973F3FD05,PH,PH,1
E510BF57-FA46-246B-B03E-39E973F3FD4F,PH,ID,1
098A2F9E-B166-F1B7-B662-39E973F3FE91,PH,PH,1
1720C3B9-576E-BF2A-2A4A-39E973F4FE64,KI,,6
D8B48DFC-BD49-075A-E2D6-39E973F7B1EE,PG,PG,4
1E4D814C-9237-9F92-AD2A-39E986FE6AFC,JP,FM,7
8B5D64A1-A373-20CF-64EF-39E98719CB42,PG,I5,8
5A7F9D96-3E7F-E7EE-3BF4-39E987245D77,JP,FM,7
F088024D-20C2-86E7-D0D2-39E987482758,NR,TK,10
57B5E4C4-F99B-7412-B017-39E98CB9046E,PH,PH,9
D43D6E75-0B4D-1D03-CC12-39E98CD0A6F5,PH,ID,8
7FADA586-0C44-B37D-14D7-39E98CF81828,PH,ID,9
90C10A9D-9000-1A1B-EC28-39E98D1EBC8E,PH,PH,8
26C1F040-D6F2-E71B-46DC-39E98D3046B5,PH,PH,6
EF64E05C-F064-399B-8C7B-39E98D321A51,PH,PH,7
0FA8FEF7-0B4A-0048-C28B-39E98D888CF5,PH,PH,7
F44EEE0F-BC89-0960-288B-39E98D8B0C53,PH,ID,6
E3B07C14-2986-51DE-67D0-39E98D9BE13F,PH,PH,7
D5E77711-47EA-513D-A5FE-39E98D9E7703,PH,PH,6
2CE68D60-1946-C6BD-18FF-39E98DA00324,PH,PH,7
9DBA10B6-8476-0D84-E089-39E98DB16621,PH,PH,7
00431D3D-5679-E31E-3F60-39E98DB5BF42,PH,PH,7
63E513DD-F990-A1ED-AF0A-39E98DC188FD,PH,PH,7
B3C2F811-41CA-CE55-FD19-39E98DCBD60A,PH,PH,5
D020150E-1A9C-2929-A005-39E98DCEB26B,PH,PH,7
0C03EAAF-0B11-4187-3645-39E98DD33F56,PH,PH,6
2D518D89-44BF-DEB0-DC90-39E98DD4A3BB,PH,PH,6
E38335FC-F16B-C5DB-470D-39E98DD6DFC8,PH,PH,7
D8FCF982-05FD-5AE2-2613-39E98DDCFBA2,PH,PH,6
2F5B890B-6E34-D59E-B6A4-39E98DE092D1,PH,PH,7
04878D00-A4AD-2C69-0D98-39E98DFEFE07,PH,PH,7
8A9097D2-1546-0808-E4B4-39E98E06A46E,PH,PH,3
DA44C176-BDC0-74EE-BBD7-39E98E086E5D,PH,PH,6
3CFAC102-527C-B8CF-C5FA-39E98E0AD213,PH,PH,7
B387E22D-9127-6E67-1F09-39E98E13E24C,PH,PH,7
7E65F447-EE57-FEAF-D98F-39E9919BED1F,PH,PH,6
409B3D3B-F66C-9855-C407-39E99200040A,PG,PG,8
5488AE4A-0279-136C-69CF-39E9921B344E,PH,PH,7
F1BF5FD7-6918-6592-DB2B-39E9922C0DFE,PH,PH,6
E6AD4EEB-AEA8-1840-B86A-39E99235A810,PH,PH,7
30421547-6B98-D61C-3FEA-39E9923FD7B8,PH,PH,9
9191CC78-B9F1-9E1B-606B-39E992514EE9,PH,PH,9
390F2EC1-E798-9301-D57C-39E992D6C34D,PH,PH,6
E8BE1F2E-8D46-BF4B-7324-39E992E59DE7,PH,PH,9
E8D2C78C-329B-A8A3-70C5-39E992EBD5CB,PH,ID,9
E8D2C78C-329B-A8A3-70C5-39E992EBD5CB,PH,PH,9
D336DCB7-E421-BE48-FE21-39E993050996,PH,PH,6
EE9F4EBC-3080-D8C0-3324-39E99307A69D,PH,PH,10
452BE6A3-B39B-9CF2-4714-39E9930F2891,PH,PH,10
806DA049-E802-92D9-8C41-39E9931BFFC3,PH,PH,7
81106C97-D768-270B-5C69-39E993236B30,PH,PH,6
B46EA2F6-973A-54CC-E44C-39E9932EBB8C,PH,PH,6
DBC0D3F9-97F4-8A92-21EE-39E9933D104C,PH,PH,7
19263AB1-FB5F-81FA-D1A1-39E9934738D3,PH,PH,6
36CC93C2-0042-4CCE-71B2-39E993728BD4,PH,ID,6
57A02400-FB4B-4BFE-4162-39E9972D1CDF,PH,PH,7
C420EEE6-D040-52FA-4342-39E99732A348,PH,PH,7
4C4661F3-E27A-08EA-339E-39E997438527,PH,PH,6
1805DD58-06B3-BDB0-EDDD-39E9974654BF,PH,PH,6
4DFAF057-543E-A9B5-1486-39E997474C09,PH,PH,6
6933A02B-A0D0-713A-29A4-39E9974A9A89,PH,PH,6
37A09CAA-82FE-D116-D8A5-39E9975709B8,PH,PH,5
B780ECAF-7D72-392D-13DE-39E99797E7BF,TW,,10
03566F83-E895-B1D1-AF63-39E99BADD035,PG,GL,4
A466B5DC-C918-4AFB-5A30-39E9BF59CA0F,JP,GL,9
57464F05-D60D-B9E1-D1FE-39E9D96797B0,KR,GL,10
522C2E35-9A55-F961-58F4-39E9DE04F4E6,KI,TV,10
1F7EB59B-AC47-DFCC-176D-39E9F2F50DD9,NR,IW,10
176D0720-363A-C2B1-B9C7-39EA072DA2B6,KI,PX,10
5277DDE5-4A5E-0812-C8D3-39EA076B36B3,US,LN,9
560C569B-F85A-F125-AED0-39EA1839781F,US,LN,11
91D16478-1795-9B42-8861-39EA99D65FAE,PG,PG,1
D64B2C61-E0CC-517E-AC07-39EA9CFE8AB7,PG,PG,1
E44442EF-2656-3778-2F07-39EA9D00E90B,PG,PG,1
2BFBE281-118D-DB4C-5975-39EADA78EED8,EC,IW,10
0DCFE160-6B1F-DFFC-3952-39EB230E6E5F,KI,LN,9
60ED9D8B-EFE0-2BE5-03C5-39EB23E47FD6,MH,,12
95AFBA3B-1C26-EB07-6E0C-39EB23E73251,MH,,12
79AFADC2-BB18-56C2-B492-39EB37B1B409,KR,TK,11
078F7B29-5B06-6496-8969-39EB5C5BF5A7,KR,NR,7
158A5DD5-D008-19AF-F2BE-39EB5CA637B5,KI,NR,5
01649600-3A5C-3D04-F110-39EB608A2796,PG,PX,12
79ADA1FC-8987-B0E1-FE00-39EB60D4D7E3,MH,,1
6C39420A-41DE-05F8-25A2-39EB61EF317E,KR,NR,8
F8037EA6-205A-C736-B2E8-39EB7015A044,KI,GL,4
B37A4E94-67F0-2FC2-F4F1-39EB7018C0EB,KR,,1
9FD8A395-69BD-D309-CC24-39EB7FAB3A0C,MH,,12
25284C52-5D56-4481-12F3-39EB80AC92EA,FM,FM,7
7E85ACBB-B2C9-892D-91F8-39EB80B6DC5E,FM,FM,4
AB404156-258F-6B8F-64A9-39EB80E221B0,FM,FM,5
BF1C5668-54CF-4259-D6BD-39EB84470C2B,EC,IW,9
88EE80B1-458C-916B-1ACE-39EB8ADBAFEE,SB,SB,11
C764290C-80EE-568F-E6DE-39EBAA53F77C,KR,PG,12
84A498E5-DD81-C6AD-5796-39EBB458E590,PG,PG,11
78A98F94-EACD-391A-E2F9-39EBD73F3EA8,CK,H5,11
1B2D016C-902F-2135-E3BB-39EBEC7FD668,MH,,1
8D2A13E9-ADBE-42B4-BE83-39EBF0AAAC0E,EC,IW,12
CA3F0CB2-1D38-44AE-54E3-39EBF6131F40,PG,NR,9
0EC62E7C-10DF-2814-7944-39EBF6D26773,SB,NR,1
0EC62E7C-10DF-2814-7944-39EBF6D26773,SB,GL,1
6AA53B12-A298-904E-467E-39EBF766796D,JP,MH,11
6AA53B12-A298-904E-467E-39EBF766796D,JP,FM,11
0A0583EF-1D62-A175-F81E-39EBF787390C,FM,PG,1
0A0583EF-1D62-A175-F81E-39EBF787390C,FM,FM,1
7F4CA200-D15A-5D7B-B1F3-39EBF7A109D0,FM,FM,8
FE26F884-C1C4-5803-E243-39EBFFEE7BF3,KR,TV,11
A109226B-26B4-E7C1-C8A0-39EC019F059A,JP,PG,2
642758FF-B4C4-8E0C-08E4-39EC0FA6CA77,KI,,2
07CE3ED9-54BA-FC12-226B-39EC106B3046,KR,FM,6
1B20AF82-F8A1-E297-4CF4-39EC10A0DE8D,KR,PG,12
068E7070-9484-2C01-538F-39EC10BCDD4B,FM,NR,2
06A9DACC-76D3-0B72-B961-39EC1ACDF347,PG,PG,1
AC1CE542-D81F-2140-25C9-39EC1C379756,PG,FM,5
2BF7CAE4-AE46-EC0D-E667-39EC1C4B78E8,PG,,7
8D8CE698-07D6-7779-6094-39EC1F05EF8C,PG,,5
813EBBEE-1A7E-3EAF-CA13-39EC1F2A897E,PG,PG,8
8EACC8FD-883D-1CA3-0208-39EC1F2BD16B,PG,FM,8
1DD67FC4-A4DF-B9CE-484B-39EC1F88C091,NR,,11
1D8D2D76-9A25-B396-0C48-39EC202F3980,KR,PG,6
0024A217-E286-2DFD-732E-39EC2434097A,KR,,6
E463608C-5C11-5778-235E-39EC24A74FA3,PG,PG,6
5F0F9F82-BCAE-D26D-F5FE-39EC24A964B7,PG,PG,8
114B2320-83B2-7707-BFB2-39EC24ADA991,PG,PG,12
5ECBE32D-7D1F-3C6E-FE7D-39EC24CDE948,PG,NR,3
68F8D70F-8E74-E025-D8E5-39EC338F9737,PG,PG,1
FE3ACD0F-1DA3-4F37-B8F6-39EC34AFD199,FM,PG,5
574E5C9F-F319-BD9A-B140-39EC34B11C82,FM,,10
BACD6CB7-1126-08FD-A774-39EC34CBA89E,KI,PG,2
A0EEE5FF-4B9D-935E-74A0-39EC34EBCA07,FM,PG,1
B8752CF8-E9E7-E9CB-4D68-39EC34FC6E8E,SB,LN,1
D9D6B65B-12A7-E9AE-B97D-39EC3F26D323,KR,FM,8
BDB20FFD-CC0E-D359-9D68-39EC5D16B056,PG,,2
A83EF880-320F-25D1-3EED-39EC5D261F14,TW,NR,2
4A52A0BB-CB01-B145-31E9-39EC5D2A24F3,TW,H5,2
CE45263B-F959-0950-FAAC-39EC67B5B515,CK,H5,5
82D14DA2-F7FB-6523-48BB-39EC684521E2,KI,,7
45A560F6-A077-EDBE-FD81-39EC684A113E,KI,,6
6BACC624-57DC-8E2F-7323-39EC7BE549F7,PG,GL,2
2EE2031E-30E0-68AD-1582-39EC8120702D,TW,PG,2
62031D7D-65B6-BA39-282B-39EC8B1035A6,KR,LN,2
A7FD2D76-DE4B-239F-C784-39EC9FBD026E,TV,NR,1
1BDF971C-09BE-D01D-EC19-39ECA51E5423,PG,PG,3
F3CF9653-78EE-D258-D293-39ECA522A184,KR,CK,1
1413BF35-9397-5EB9-E20C-39ECAB6A2225,KR,PX,3
A47F6277-AC71-3570-5B41-39ECAFA65F1A,FM,PG,11
CF0FC475-7E5C-A08C-2F9C-39ECB025175F,MH,H5,2
BAFB2770-C2DE-61A8-AEFC-39ECB0975F2C,PG,,5
6E39D964-5025-4F5B-3B06-39ECB4BF726A,CN,,7
EB24104E-C72E-B5DB-2AA4-39ECC3B0F037,CN,,7
BA014A06-5885-1B82-131F-39ECC3C0C596,PG,FM,6
3C5937EA-173B-3107-0F56-39ECC3D05FBC,PG,FM,3
08D4BF9B-77DD-C71F-2F70-39ECC97685A2,PH,PG,4
2E1713A3-8C92-2CCB-8D5E-39ECC9793657,FM,FM,3
3B5837C5-FADB-5657-761F-39ECC98A7970,FM,TV,3
DC0AD123-3364-209E-723E-39ECCA045928,SV,I5,1
99A269C7-507D-DBF1-E3E5-39ECCE407F6B,TV,H5,2
D11C8291-0789-62A3-16B8-39ECD3250CE2,JP,H5,1
32CBF395-C2DF-B4E0-7FFF-39ED11018BB8,KI,,2
48469042-82B3-4B0E-293F-39ED1AF3A412,KI,NR,2
FD3C4180-80EA-9F95-9826-39ED1AF3BC7C,PG,,3
AF76AA9D-F206-FF2B-ACE5-39ED1B9B354B,PG,GL,3
CE7BB3B4-A5C7-0A95-73B0-39ED1BD04602,CK,H5,3
E89DB4E0-D922-D91C-0A1D-39ED1C17C413,SB,PX,9
1CCBCBA8-F81D-E8E4-AFE0-39ED1CB1AF66,FM,PG,2
82092E86-9E26-5240-2513-39ED209B5557,PG,,3
1BF2BB2F-6D48-8F74-C93B-39ED3FA1BC16,KI,,9
EF42926D-BCFD-A52C-53CC-39ED3FAA372B,KI,SB,10
9238D41A-8D67-3433-E8F5-39ED636987E9,KI,H5,1
552082B8-7D42-6706-C49F-39ED690BE7BD,KR,PG,1
221C634A-BFE4-C88C-7931-39ED7D404F71,FM,GL,4
0817198B-EDB1-F364-3976-39ED9C22A295,US,IW,5
5ACD2630-88E7-784A-12EC-39EDA11C63D3,KR,PX,4
A0A4E640-A4DD-99EE-3BB9-39EDE54FF3D5,MH,,2
2ED44C53-3638-2420-29B6-39EDEBF532BF,PH,PH,6
1D0DC283-67FF-FDA1-FBC9-39EDF43C28D0,KI,,5
8BA86584-AFD4-1DBF-5CF2-39EDFAAD3597,PH,PH,5
7BFB6935-1F0A-212C-0F67-39EDFAC89D6F,PH,ID,5
BA55F215-44A3-173E-F1F0-39EE2C39970C,EC,LN,3
42DA9487-E864-AEC8-CB14-39EE2D5C3361,FM,GL,4
7ED2F354-2BB9-2733-7E95-39EE31B3BA72,PG,GL,3
BE5D01DC-0F38-2446-6F43-39EE3C4B0688,FM,H5,3
CBB490BE-15CD-9068-8465-39EE55A88123,KI,NR,6
CC2E71AA-177D-CF5C-E45C-39EE7460B208,CN,GL,5
3D480AFD-129E-1ADC-67FC-39EE74C1588A,TV,NR,5
EBA71F75-CB93-1702-A143-39EE8472DA22,KI,GL,5
B1A1263D-CA64-CBAD-D70E-39EEA299E335,TV,GL,6
52439128-3582-43DD-4CD5-39EEA4640F5D,KI,H5,3
6D099BCE-A586-F02E-1313-39EEA777B21E,PG,PG,5
FB755073-C63B-C387-22CA-39EEBD061CC6,FM,GL,6
94626E63-5948-DD5C-AAC4-39EEBDB286AC,US,IW,6
B3CB9BF7-D9B5-6E2A-4F14-39EEC37EBB6E,PH,PH,3
2F8916AC-26FC-E7AF-D9F6-39EEE01E109B,FM,GL,6
79657243-3DE4-DAF9-9D85-39EEE0C16870,KR,GL,6
1AA5FAA3-9D18-2BDA-EB3C-39EEE1F2E8F4,CN,,11
0A64E23B-A887-F30C-2E41-39EF04A31451,FM,FM,5
0F791153-6B86-5442-7138-39EF05AD22BD,PG,,6
4E488577-6769-B024-8582-39EF0F459085,KI,GL,6
7CB2A6C1-9036-ACCE-61E5-39EF146B9DDB,PG,GL,6
B517F72F-3351-BC53-0E79-39EF519AD5B9,JP,,7
706E6DD3-38AE-8178-7D43-39EF51E903EA,ES,CK,3
92F9D63D-780E-DF63-BBAD-39EF7BA2CA00,KI,NR,7
33055AED-3434-CA1A-088E-39EF85487C6F,KR,GL,6
775CEBB5-D2BE-A03C-91A2-39EF85864511,KR,NR,7
1DA80F68-5D31-C38E-F1F7-39EF858DBCD2,KI,GL,6
608F4987-F7F1-48F5-5D6C-39EF94C9661A,KI,GL,7
608F4987-F7F1-48F5-5D6C-39EF94C9661A,KI,PX,7
FBC408A7-069E-5D02-C686-39EF94CE225F,KR,GL,5
2A6D8F34-54A6-6D64-AC93-39EF9519402A,KI,GL,6
80B98FE8-FA0C-C086-DCF4-39EF9A1FCAA0,EC,IW,5
904CE490-C780-2827-4404-39EFBA7F5BDF,FM,PG,12
125399D4-B9D5-0204-893C-39EFBDB45018,KI,PX,7
0836C263-AC65-05A2-19EF-39EFBFB34140,FM,FM,5
FD32FD1E-AEC4-C77A-A741-39EFCD05F941,PG,PG,1
7B000222-B759-3F84-67A0-39EFDD1708F9,US,IW,6
1E00F4BE-816C-55E9-055E-39EFDE1522E4,KI,GL,8
1E00F4BE-816C-55E9-055E-39EFDE1522E4,KI,NR,8
E0A6D4ED-978F-1664-1FA1-39EFE8831817,KR,NR,8
E0A6D4ED-978F-1664-1FA1-39EFE8831817,KR,FM,8
31ABF210-C339-1FAD-94B3-39EFF2B96967,FM,FM,8
4DCB7A8C-5B6B-BF1A-7446-39EFF31ACA9C,FM,FM,5
9C89A8C6-CE20-41F5-CBDE-39F015F34E11,PG,PG,11
DB57420B-84EA-E8A2-DAAE-39F024E04757,EC,IW,7
189175F0-455A-28CC-C6F3-39F02562416A,PG,PG,12
FB72AE71-9D39-44FE-1F87-39F0259E86D6,FM,FM,6
DD1E7376-B57D-CCE6-D733-39F034E07B6B,SB,SB,12
1905D65E-8D7F-1B10-D044-39F034E6961E,KR,NR,8
527C1FEE-8B92-3E0F-2B38-39F034FDC255,FM,I5,8
6697A642-833F-F553-4431-39F048CA9F1A,PG,NR,8
6697A642-833F-F553-4431-39F048CA9F1A,PG,FM,8
47ACFCD6-1279-D52A-B43E-39F04962AF5B,CN,GL,8
D41D91A5-3972-21DC-0354-39F04ACF2B93,FM,PG,12
3B8CD3BC-B631-AAB9-D101-39F04FB59AB8,FM,FM,6
76B289FB-C11F-0D02-A33C-39F053A86F1F,SB,SB,2
47432CAD-2CC3-8379-3243-39F06E1409B6,KR,NR,7
E1CD3FE3-0B69-68F6-8444-39F06E382D7B,FM,H4,9
8739657E-4C2E-DE49-B5EC-39F06EDAE106,FM,,6
052B4B7E-1527-C5DA-20CD-39F07237C5CF,FM,I4,6
88A51D0C-677F-5797-14DB-39F072397346,CK,I5,6
A0F0F771-F83D-9E9F-EF93-39F077E30495,SB,I4,8
BBD6494E-5CDA-E3A5-1AF3-39F07CD7CAF2,MX,I5,8
5BF8906D-7850-BD62-3A87-39F081487E74,PG,PG,8
D2059739-636A-5E6B-25A4-39F096E08D2D,NR,,9
A179BDB9-5551-A05C-D75F-39F0B6247573,PG,PG,7
DC5FB8E8-7809-10FC-62A9-39F0BA86B2FA,PG,TV,10
4F3A6D54-13EA-2D07-45C2-39F0BFF38441,TW,,6
15767C50-6830-BC1A-E1B1-39F0C45D8C2B,CN,GL,9
2254EE51-B42A-4956-E41F-39F0C50264DF,JP,GL,7
8919F561-2129-E6F9-3616-39F0C50937DF,JP,GL,6
769048A6-F801-F520-D081-39F0CE897FF2,PG,PG,9
EDA13B31-5A7A-5135-04BC-39F0E845E0FB,PH,PG,8
389AC872-1BB9-E5EA-B271-39F0E9DF4ADF,JP,,3
0C7DC740-883A-72B7-4025-39F0E9F28EC3,JP,FM,4
0F6B2BCF-BABC-EA6B-C461-39F0EDBA7116,US,IW,10
28641751-3368-1DB4-465F-39F0EE63F694,JP,,5
502CAE08-72E4-6F46-FC03-39F0EE7DC9CE,PG,FM,6
611BD315-9DB4-3971-8A5F-39F0FD409E49,PG,FM,5
32F274DB-9875-E5EF-C7BD-39F0FD43251E,JP,FM,4
6BC237E2-CA5A-9A08-2E1F-39F0FD4F5732,JP,,4
85D3959C-52DB-F8FD-4FD4-39F0FDB8439A,FM,GL,5
EAC834F5-8494-F164-027D-39F10286D8AE,PG,FM,9
907BCE76-7ED9-3152-5DC7-39F10776CDA7,KR,FM,4
A50F5DA8-E286-0AFE-663C-39F1077AE7D7,JP,FM,5
E338D02D-AAC1-E732-A431-39F1077E4D95,JP,,6
B2574194-CDEC-9BC4-CAC9-39F107865500,PG,FM,4
70A1248F-8436-E95F-D133-39F10CDA7880,KI,GL,9
3DDFE155-966D-D7D0-DD3D-39F1130246DC,KI,GL,10
E4C18FD7-D61E-7C14-35E7-39F121BD0A2F,JP,PG,3
AF9F4A2A-4897-1196-347A-39F121C3B10F,JP,FM,4
A641E7C4-1E7F-94D1-A132-39F121E734C0,JP,FM,4
457814CB-439B-28B1-1F63-39F1265C39F7,CN,GL,10
A8FC20D0-091B-5C56-D64B-39F126AF2D6E,JP,PW,5
A8FC20D0-091B-5C56-D64B-39F126AF2D6E,JP,FM,5
934FC8F8-BFAB-8B4C-483A-39F1270758B8,JP,,5
2F770361-1BB2-D052-9CBA-39F127D1DDBE,JP,FM,6
71A1E5E3-A822-BAE0-FAED-39F12CE8D405,JP,,3
020778BF-7514-9FCC-5613-39F12CEB9532,JP,,5
96DC1637-CA77-815C-4F8D-39F130AC7568,JP,FM,4
C62F0F9A-3805-071B-247A-39F130D6E176,PG,PG,3
DA14626B-CE8D-EB0E-D1CC-39F1361BFF75,KR,GL,5
7A58EA35-2854-109A-E95B-39F14579E301,JP,FM,5
14EE4842-17B2-4784-3105-39F146D83AE6,NR,GL,10
6DECD34C-C57B-2939-4EEB-39F14A8203B8,PG,TV,10
C487C5DB-A60C-D058-947B-39F14AC48C5B,PG,TV,9
3926D32E-0AD9-B08F-47A9-39F14B8E04B0,JP,FM,5
98550A86-86B3-7B26-86BA-39F14BB7E6BF,JP,FM,7
20824D0C-81F4-3A84-B421-39F14BD38717,JP,FM,7
1222C8BB-8111-661D-258B-39F159DE82D1,PG,GL,10
F400365A-42FA-154D-8B7A-39F1696A0EB1,CN,NR,10
63B2A184-C413-4894-F0AA-39F16F26A467,FM,GL,10
C6B7EE5D-6652-7232-C7FE-39F17DEF12CD,PG,GL,10
C2C7F026-D1C5-EE53-79E9-39F18D61F734,EC,IW,9
1C617EB4-005D-BEA6-391E-39F18D6CE1FE,KR,TV,10
25B91A1B-E7FC-66E3-7699-39F1F98E2BD8,KI,,10
DCBFBAF5-0EAE-07EF-647E-39F1F9B342E2,KI,GL,10
3EF69A50-BE91-1C8D-98E7-39F1FA3E7EDF,NR,,10
953B1108-11BB-64FC-7CBA-39F1FA43E76E,NR,NR,11
24156CFA-2487-F8CF-A6C5-39F2045C491D,KR,GL,11
599491B6-EA91-B5EC-ACB2-39F232CDD2A9,CN,NR,11
361601A3-5731-E10E-BC76-39F241FD25FF,PG,GL,10
008497BE-6A51-E2E4-717F-39F257985B85,PG,NR,10
416CDFA4-6802-046D-F158-39F266175433,CN,NR,12
416CDFA4-6802-046D-F158-39F266175433,CN,MH,12
D0FAC59C-FBAB-361C-3630-39F27FFB9C9C,TW,PG,12
A24E91E2-E987-245B-6CE0-39F2946180E7,KR,GL,11
84FA8E08-E52E-0733-7EF0-39F2951528EE,KI,GL,10
0841AECA-065D-96E4-91DC-39F2B33600D3,FM,GL,11
D4BA6C97-F43D-2CF9-A134-39F2B98EAE98,FM,H5,1
2DBB2535-5EC4-8678-D67A-39F2BE49CB42,EC,LN,12
FF0B1939-FA2E-4844-B646-39F2D72662E0,KI,GL,11
72EB9E80-C62A-09AA-BF23-39F2DCA6134A,CN,GL,12
6856130B-EF7A-C2DA-0DC3-39F2E1E20B9A,PG,SB,12
A528837B-761C-DB68-34EA-39F2FC3E84D9,KR,GL,8
336ECE7E-99F3-82E8-4355-39F2FC4D3672,KR,GL,7
F1F966ED-AC9F-5D43-ECC5-39F2FC800139,KI,H5,12
27C40B64-2CC4-3EAA-5A5A-39F300E61959,SB,SB,12
0955BFB7-7391-F214-5EB2-39F301566D12,SB,FM,11
9438D3F1-99B9-EDAA-98AE-39F31B40F871,US,TV,11
9CFA677D-F91B-D57C-6390-39F33F46A47C,TW,,8
9EEFFAA1-FF9A-A5D3-1A16-39F3448D4783,KI,,5
70D929D0-2924-E3C2-6041-39F3449040C3,KI,FM,5
6D5D488B-D378-6D7A-8704-39F344A72539,KI,NR,8
839A7256-42AD-BF06-A235-39F3495E6057,KI,GL,1
A8958CFF-53DC-5004-0949-39F34A3468D5,PH,PH,11
2DEA5A7D-4212-6A5E-A658-39F34A3AB121,PH,PH,12
494EDF2C-F91C-914F-848B-39F34A710110,PH,PH,12
D04C14F5-649D-C5D3-2075-39F34A7414AE,PH,PH,12
ACD96C8B-3B1F-2F32-AAB1-39F34A76B8E4,PH,ID,12
F4A69B19-3FD7-78A5-0E32-39F34A957BB9,PH,PH,12
7A00B67F-BB86-EBBF-B123-39F36325A034,JP,FM,8
19708AC0-7BFA-E001-E1A8-39F36348608D,KI,GL,1
B944AED7-1885-CCA1-A8B4-39F367932184,PG,FM,8
9D157666-0C3D-BB49-1029-39F37192A1EB,KR,SB,1
5CC178ED-8850-DA40-EF32-39F371D64AC2,KI,H5,11
881A56BD-20B3-4E4D-143B-39F372F52521,PH,PH,5
DA08D8EC-DBF2-089C-06E2-39F3730C037E,PH,PH,2
4D6B3161-813A-3BAB-EC4E-39F373102EDE,PH,PW,4
4D6B3161-813A-3BAB-EC4E-39F373102EDE,PH,PH,4
89CB25F3-619E-65CC-1CBF-39F3731198E9,PH,PH,10
4EEC9FB9-F3A3-43FD-0AE0-39F3731567A4,PH,PH,10
DCD081F0-3F2B-72BB-19DC-39F376969AAE,PH,PH,5
356C0D88-771E-B495-3145-39F3769C1ABF,PH,PH,12
D48CD402-C337-4D74-F845-39F376B0BF78,PH,PH,2
F31E19C9-1EDA-4FED-8420-39F376B3F2E0,PH,PH,4
1B972AEB-6E02-DA61-D321-39F376B53A4A,PH,PH,5
3858D870-3B4D-39A9-49C5-39F376B74DB1,PH,PH,6
49B51C4C-9E7A-F47A-51C1-39F3770B6D37,PH,PH,10
01A6BF93-D48F-FD62-7BF3-39F3770E0FF7,PH,PH,5
1A59FF63-3A7A-85EC-FF21-39F3770F475C,PH,PH,8
BA191AAC-C908-B6F9-12C0-39F377108962,PH,PH,3
DF549422-10AC-523C-F26A-39F37710974A,PH,PH,5
4CCAD824-D0D0-85EA-EA75-39F377135FB4,PH,PH,1
086A9160-3E24-E290-1DB3-39F37715C2F0,PH,PH,4
8EA3224D-C9A6-6EC1-5E0C-39F3771702A8,PH,PH,9
CEA7C400-BF4C-4154-61A9-39F37727B6AF,PH,PH,10
8D5222B4-E204-9DAC-EFA2-39F377333C7C,PH,PH,10
C0821284-F8BD-1403-8134-39F3774E6C7F,JP,FM,7
0BCEC62D-5FA2-A2B6-542E-39F3775CF856,PH,PH,1
71C3CBAC-FEFD-CCC6-4B8E-39F3776BC1F0,PH,PH,2
5FD9C4E2-DF55-352B-D3F7-39F377A3BCD5,KI,H5,12
6B6D0334-970A-F8BF-3D58-39F386716299,KR,GL,5
CFE828E5-7E1E-070F-DE02-39F38698F4A1,TV,GL,9
DDFDBAEC-6A98-8EFC-0001-39F386B0E259,KR,GL,9
51C1C714-E844-CD12-B78F-39F38B8C8C6E,PH,PH,4
26179F37-D952-13BA-082B-39F38B94A21E,PH,PH,4
C745760F-5DAB-8DB4-557D-39F38B95C47D,PH,PH,6
4684361E-744B-C294-356E-39F38B999469,PH,PH,9
9A909EAB-80A5-BAD6-2CEE-39F38B9BF944,PH,PH,4
CE3197D0-98FF-3BFA-713A-39F38B9D3256,PH,PH,3
1DD26BA7-59FC-B7F7-EBBF-39F38B9E997E,PH,PH,2
3C2FE2ED-EFBB-5BD6-4A92-39F38BA0E584,PH,I1,3
12653780-5632-A330-355E-39F38BB30501,PH,PH,3
49A35C41-4954-7D1C-ADB9-39F38BB8CB53,PH,PH,7
1C4FD2CB-E603-C56D-7012-39F38BB9CD33,PH,PH,1
4F28BBF6-40D2-F742-8BB3-39F38BBAAF95,PH,PH,6
33B14FF9-AFBB-9045-8DDF-39F38BBDE844,PH,PH,3
6CE95BE6-C487-8427-4DAC-39F38BC1F624,PH,PH,10
2EDC22EA-E433-3338-10EB-39F38BC34994,PH,PH,5
6D806110-04ED-11EF-82F8-39F38BC6372E,PH,PH,4
FC41EEB2-2FBA-16BF-D8FA-39F38BCAF256,PH,PH,4
C79DEA18-5666-80F2-1F31-39F38BCF2A86,PH,PH,4
EBB7928C-4A71-9C14-1D23-39F38BD0A097,PH,PH,3
1BCEFC71-036F-8ECF-C8B6-39F38BD78223,PH,PH,6
29B0662B-EF82-C1FB-0EA2-39F38BD8D79E,PH,PH,3
7CFF60C4-8DCD-629A-01A7-39F38BDA70A6,PH,PH,3
9F80BD9A-61C8-02DF-30AA-39F38BDBBD0F,PH,PH,2
37769E7B-82AC-ED63-A48E-39F38BE16C05,PH,PH,8
9232C8D4-2D5E-0CC5-513D-39F38BE3064F,PH,PH,9
03184E91-94B5-7D0F-30C5-39F38BE5328D,PH,PH,1
80DDC2E2-D288-4815-5C23-39F38BE77FAE,PH,PH,9
D2B2397A-643A-DA07-84A1-39F38BE8BBC0,PH,PH,7
692FA192-7F84-EC4C-644F-39F38BFA43C4,PH,PH,3
E20FCC24-D69B-CD76-3B71-39F38C2CEE66,PH,PH,6
69314921-F33B-96B4-F480-39F38C2E0938,PH,PH,5
F5E928A0-6D18-4BA4-85A5-39F38C2F0C91,PH,PH,1
C11F14C8-B3C3-A4BB-6EDF-39F38C305AAA,PH,PH,4
64FBDF42-58D8-7B61-76B3-39F38C31F6AF,PH,PH,3
B755EB44-EAA9-232F-2802-39F38C35C132,PH,PH,6
CC0DF1C9-6B64-0065-CB43-39F38C38D973,PH,PH,12
73036E74-6BB0-B811-EEFE-39F38C4D95C2,PH,PH,3
49F86E71-6FA3-9D6D-A283-39F38C51D0CC,PH,PH,6
84947AE6-DC11-1B00-E963-39F38C52CE97,PH,PH,5
AA588AD3-469C-8F53-7759-39F38C53D403,PH,PH,4
048B28E3-6EB0-27F4-4D9C-39F38C5554EB,PH,PH,5
5E10A259-FBAF-08F4-C978-39F38C5A5FB8,PH,PH,6
D5D9FD41-A14B-84EE-90B5-39F38C5B907B,PH,PH,10
498E672E-361F-0020-03FD-39F38C5D77DB,PH,PH,4
03EBCD03-8EA8-85F3-C106-39F38C5E96F6,PH,PH,3
CC0EB6F2-D121-A37E-4E1E-39F38C60D7D3,PH,I1,5
03BF8329-E7B8-CDA3-EEBB-39F38C623507,PH,PH,9
612302A6-F04D-B715-F2D0-39F38C664271,PH,PH,6
8D64CC29-56B0-7492-7A86-39F38C68D2C0,PH,PH,8
934F585B-C529-8881-6542-39F38C70EDE2,PH,PH,8
840F6852-B213-9D67-F432-39F38C739701,PH,PH,9
B2A7E24F-3E18-5063-988C-39F38C7756A2,PH,PH,6
DAEDFC49-9831-67A8-49EF-39F38CB332B8,PH,PH,5
1763F61E-03D0-5A7A-8B60-39F38CB5C8D1,PH,PH,3
368F61B7-B43D-453A-4ED2-39F38CB81A10,PH,PH,6
E89979C1-D563-89B9-0E40-39F38CCBEBFD,PH,PH,3
987BB30D-2482-FBFD-0FC5-39F38CCDEE68,PH,PH,10
3814B23C-F778-9FD9-C1BA-39F38CD175A4,PH,PH,8
B32306D1-D62C-C3BA-805F-39F38CD2AEE5,PH,PH,4
851B6CE3-61E3-7F37-5FF6-39F38CD5A5FB,PH,PH,2
E5BF3E55-29C0-20DF-FFA3-39F38CD6A655,PH,PH,7
93E5CACC-2578-6CCA-0CE5-39F390471A4A,PH,PH,10
E8EB0207-B20F-6C5C-DCD7-39F3904850B0,PH,PH,1
878B8A7B-822C-3A8C-2A7B-39F3904C1105,PH,PH,5
7DD0FF80-8952-D3D9-6BED-39F3904D1A14,PH,PH,4
D02A40A4-15E5-26B9-6E31-39F3904F441A,PH,PH,9
DB653A24-CE6F-6F20-8E8F-39F39059CC69,PH,PH,3
51B730C6-328B-2C91-33E5-39F390611A9C,PH,PH,6
73DC866D-9DBC-4503-089F-39F390633532,PH,PH,3
694E33E7-F73C-7411-6289-39F39075AC9C,PH,PH,5
1FE99714-A17C-F11F-F856-39F3907EC4F4,PH,PH,10
C94FDB78-1EA3-74F2-0BFF-39F390A85D8F,PH,PH,9
DCF90C39-20CA-84BB-6788-39F3910EFF35,PH,PH,3
58062906-3C7C-7F1E-E89E-39F391101CA9,PH,PH,12
B62BD9C8-9AB7-38B8-DF45-39F39111227A,PH,PH,10
0433B209-C41A-A23C-36B1-39F391123518,PH,PH,6
50490C39-4C46-A656-FFBF-39F3911878C0,PH,PH,3
1DEA553C-BC82-C65A-E7A9-39F391198FE6,PH,PH,7
9A27DED1-1B60-BE0A-FB57-39F39127A82E,PH,PH,3
2663FC50-585D-0BB1-4827-39F3912A14B7,PH,PH,7
1842879C-153B-B974-202C-39F39134BBD9,PH,PH,3
34197E9F-F76F-A423-34EE-39F39136A320,PH,PH,2
082A29B7-ABDA-DAB7-D30C-39F3914412C1,PH,PH,4
534A8BBF-7B14-3D57-1375-39F391457ECF,PH,PH,5
7D8BB4E8-017B-BFE9-2C8F-39F39146F8B9,PH,PH,4
BE0E57E1-CCAE-7603-4550-39F3917D4403,PH,PH,3
30AABC25-D14C-0C0D-2D89-39F39181CC82,PH,PH,5
652BBF38-1363-0E7F-0499-39F39184E93C,PH,PH,2
85BE0E6A-8DC2-6537-5870-39F391862E54,PH,PH,3
C579782E-567B-AE6B-F01B-39F3918695ED,PH,PH,6
0D44FA5F-C263-CA54-FA2C-39F391879BE1,PH,PH,6
5FA55EEA-7681-CC7C-3E8D-39F39188C22F,PH,PH,1
436CDE3A-2CB4-2386-114B-39F3918B0F97,PH,PH,5
B0EC09D7-02AA-59A1-7815-39F391ACFE73,PH,PH,2
9D4009DB-910D-1618-EFCF-39F391AE2663,PH,I1,5
DDF0C716-6F5C-2448-B0AD-39F391D400A1,PH,PH,4
24C63AB2-67B3-D0D2-DE24-39F391D8499E,PH,PH,7
E5FD12F4-2FB2-B607-C956-39F391DB6B79,PH,PH,7
B265719D-01BC-99DA-F528-39F391FF91FC,TW,GL,12
C8DB1A4F-A2C7-9F77-1D6C-39F395630A92,PH,PH,5
E6667BFB-F094-86C1-3105-39F395664024,PH,PH,6
5EDAACFE-76C0-51E0-DB07-39F395759EB3,PH,I1,3
B1402103-A84C-569D-1CF4-39F3957C1F10,PH,PH,4
871E7E1E-AC24-926D-9C69-39F3957EBCCC,PH,PH,3
25C2A125-A1E2-2CF3-3A43-39F395870151,PH,PH,5
315DA33C-6910-82FD-15FE-39F39599AA06,PH,PH,4
1BFDE07F-2C77-F680-BD4F-39F3959B8041,PH,PH,6
F7D83573-C77D-B597-7F50-39F3959CCCBD,PH,PH,5
0CEF7493-2DBF-987A-B3EC-39F3959EADE0,PH,PH,5
38B0CC12-E343-4B3F-86CF-39F395A73AEE,PH,PH,3
E3CC840B-0764-3B45-5732-39F395AA01E3,PH,PH,4
60DA31E0-DC23-EE57-3993-39F395AB65EC,PH,I1,1
60DA31E0-DC23-EE57-3993-39F395AB65EC,PH,PW,1
483CF692-81B4-91ED-1635-39F395AF9E41,PH,I1,2
C4B08C37-E14B-CF94-1A0B-39F395F59AB3,PH,PH,3
EB338410-A19E-D647-95EB-39F396007809,PH,PH,6
23564F26-D532-6CBB-E4B3-39F396036FA6,PH,PH,3
185AF63A-9B29-2717-81B6-39F39607479C,PH,PH,2
7DC6E52A-BA24-CF42-FE0E-39F3960804AC,PH,I1,1
C206F109-223D-585D-B2F0-39F3960B022C,PH,PH,6
84644ECC-0BF9-6EE8-4624-39F3961B71A6,PH,PH,5
7FC30455-0A51-2B1D-B9D6-39F3961FAB66,PH,PH,3
45E53206-DBBB-4749-1BAD-39F396299E4D,PH,PH,6
08F3A8B3-9CFF-FDF3-EA41-39F396320ABD,PH,PH,1
50B6E8A9-1860-4B07-2BFE-39F39635F376,PH,PH,7
0B874E15-DF84-6283-D629-39F39699C255,PH,PH,6
1AAC9C22-D33F-9206-4D61-39F3969C2F2F,PH,PH,4
E5FC96FF-53D3-622E-A79E-39F3969EF8EC,PH,PH,2
F4986220-89F7-D661-E7BE-39F39AD10A14,FM,PG,2
3F34A965-6E06-36A2-DC98-39F39BE53EDD,PH,PH,4
0F65A3C4-F8A9-BF71-56C9-39F39C12EB67,PH,PH,6
8159908E-107B-7D64-2C6B-39F39C1802F0,PH,PH,6
90759216-F759-1A8D-4474-39F3AA2943AD,PG,FM,9
079D41F8-E57C-96DF-F9B0-39F3B45ADD39,PH,PH,3
2FC4E94B-FD46-1CB2-D09F-39F3B45DED51,PH,PH,1
30153836-F649-2446-4F9A-39F3B4607112,PH,PH,4
97332E33-DDA5-CBDD-9BB1-39F3B4620248,PH,ID,2
B23220B1-7970-321A-3243-39F3B463892F,PH,PH,12
D50F24F2-24EB-ECC5-2074-39F3B46490C8,PH,PH,5
CE6EB44A-CC19-04AD-634B-39F3B46693CE,PH,PH,4
A986D0E5-E9EF-B112-CD5B-39F3B468F8E6,PH,PH,1
ECD824A2-6DE7-9087-21BA-39F3B46A3891,PH,PH,2
86CAF5D3-ADEA-5818-5887-39F3B46D4E13,PH,PH,7
833F5932-8143-E980-772C-39F3B46F59F8,PH,PH,6
AA16A614-736C-A3E0-C138-39F3B4707EA4,PH,PH,3
31B37846-254C-713D-B8DD-39F3B473B78B,PH,PH,2
91FF1D4D-6AE6-2155-B763-39F3BACFC9C0,PH,PH,3
29478C3F-AFA3-15D9-DED2-39F3BF03E2E9,PG,SB,11
E0602E53-D1E2-061C-52F8-39F3BF19EF31,PH,PH,3
C0C489F2-0EB0-B6D4-07AB-39F3CE29303A,PH,PH,2
EC8AB0AC-C2B4-9669-4B84-39F3CE2AC222,PH,PH,5
8E8A43CF-1040-5AAA-5F9E-39F3CE9EC3E5,PH,I1,12
EF82CCB2-A869-5946-F395-39F3CF4C9489,PH,PH,3
62477D7A-AEB1-4D3D-DC8B-39F3CF591020,PH,PH,5
7601449F-800A-DB42-D637-39F3CF636F0F,PH,PH,4
6DAAF11F-C6E1-77E8-8C22-39F3CF65A8D3,PH,PH,8
09BCA599-B928-676E-1DDD-39F3CF71092B,PH,PH,4
9EFC10AA-7F7A-B6F2-814F-39F3CF740D4D,PH,PH,2
974A0598-3C98-19AF-80A6-39F3CF79EBEC,PH,I3,9
1F35DACC-4264-2D4D-6A5E-39F3CF8972DB,PH,I3,6
EA8B9C13-48C2-9858-8FB2-39F3CF8AB8FE,PH,I3,4
91E7CF36-B8EC-A3C0-55B3-39F3CF8F7907,PH,PH,3
4621E358-7FC8-D7D4-DDA3-39F3CFAA4BFE,PH,PH,6
3EAB5986-8C8D-E3BE-EE28-39F3CFBA2B62,PH,PH,1
FA41097C-549D-27F1-2348-39F3CFC145A5,PH,PH,3
CD661778-4F18-D8FF-E006-39F3CFC815D5,PH,PH,4
886A9435-215A-4D3C-90A0-39F3D32D4E49,PH,PH,5
C6F1FD57-C64E-B5AA-FFD0-39F3D32EDFB8,PH,PH,2
FF5208E3-99D2-FDA0-14FA-39F3D33D7D81,PH,PH,4
2539AFD7-9066-7ED6-9B1A-39F3D33EC225,PH,PH,5
7DB5D962-45C7-6FF8-A76A-39F3D36FAAC3,PG,PG,12
48A869DD-540C-02C6-0A82-39F3D3748D6B,KR,SB,12
A2EA6615-BBDE-9CB5-4F7A-39F3D38C90A8,PG,PG,3
FDA71005-5DCA-5A81-494C-39F3D3A748CA,PG,PG,8
2B4A2991-6AE1-AA7A-CAEF-39F3D3ACC490,PG,PG,8
1FF92738-3823-52E7-6A3B-39F3D3B2B875,PG,PG,6
53C98127-9038-39F7-F963-39F3D3C1FBC9,PG,PG,9
6899440E-536A-C143-425E-39F3D3C2A7ED,PG,PG,9
9AD1A3E6-3AE8-4752-CB0F-39F3D3C2E6A2,PH,FM,9
5C85B3BD-273D-388C-5F24-39F3D3C502D7,PG,PG,10
A7684F35-6D3D-A1BD-8101-39F3D3CA7D57,PH,PH,2
8F243262-525F-C553-0F4A-39F3D3CA9BC9,PG,PG,10
B8ACFDB1-28CE-7E9F-5D69-39F3D3CDA617,PH,PH,4
D4A5F8D7-FD09-50AC-EB5D-39F3D3D327FD,PG,PG,10
CFD91F33-F3AB-0385-23E7-39F3D3E2A95E,KI,GL,11
2D3C0262-D348-C5CA-076F-39F3D3E4CF18,PG,PG,11
F24DEA95-4021-043B-5646-39F3D3EBE51B,PG,TV,11
48DF6120-5E04-8F34-E7EC-39F3D3EDB92B,PG,PG,12
601DB4AA-8416-62FC-45CF-39F3D3EEB6EE,PG,PG,12
2B055850-AE7E-C2A1-E16D-39F3D3F9E7C8,PG,PG,12
27B11A4D-70D9-D07E-08CB-39F3D3FB6844,PG,PG,11
8A47BE68-B4E5-651C-CB88-39F3D401F1A0,PG,PG,1
A44D5EBE-73F5-CB0A-2EF2-39F3D4035403,PG,PG,12
873174CE-95A5-529C-01B0-39F3D40A7FA0,PG,PG,1
3075283D-07FD-53F9-0486-39F3D48826FD,PH,PH,6
189417C3-78CC-40A2-6F32-39F3D48E9842,PH,PH,4
3C820F1E-94B0-6009-CD92-39F3D49D1FC2,PH,PH,7
467B974D-B239-640A-3ACA-39F3D821DB60,KI,GL,2
BBE8C2AC-9A60-2F13-FEC9-39F3D85684FD,PH,PH,2
2F0E3A30-6FB5-48D8-C0A2-39F3D86E2312,PH,PH,7
56880192-B616-7465-DF82-39F3D8757278,PH,PH,3
0E3D85E4-B22F-D0C1-4F91-39F3D87894DD,PH,PH,3
C46C0010-0786-F8DF-1744-39F3D87BF334,PH,PH,2
F3864469-AE16-CB0F-FD06-39F3D87D4BD2,PH,PH,4
771FE6E0-592B-A1C7-2508-39F3D8ACBA6E,PH,PH,5
08979AD2-79E1-9A9C-564C-39F3D8BAD72B,PH,PH,10
D5FC9D9B-2806-0C8E-7CB1-39F3D8E4DA71,PH,PH,6
D31B8548-CC43-FDE4-1113-39F3D8E5B264,KI,GL,2
3E466525-5D00-0009-FFAF-39F3D8F4D53E,PH,PH,1
93580D77-58A1-E15A-BE34-39F3D8FBA3AB,PH,PH,10
736A3388-B8C4-D613-4628-39F3D8FF8875,PH,PH,5
D5E332E3-1999-9EE0-9841-39F3D902BBD7,PH,PH,5
A0944E22-90E9-E261-1A49-39F3D90DAA18,PH,PH,5
700193A0-408E-E413-EEB9-39F3D9137CC3,PH,PH,10
29B97DD5-F365-FB2F-D7B3-39F3D91FFDE1,PH,PH,4
ED6DF32D-3392-28AD-6E89-39F3D9273752,PH,PH,3
A57A4860-3A1F-9A99-C3FE-39F3D9E19660,PH,PH,1
40AD1963-4E72-3687-02C2-39F3DDCE0049,PH,PH,4
2233AD4C-69BB-C6F9-B20A-39F3DE2D0F8B,PH,PH,2
1746DAEE-541D-B03E-DC52-39F3DE3A894A,PH,I3,6
27367E75-0C20-AE71-2ACC-39F3DE469B13,PH,PH,3
E16D80C6-DFCC-C936-57E4-39F3DEB7FF31,PH,PH,10
55FE9C50-38FE-CCE6-761F-39F3DEBB1DFF,PH,PH,12
05AD0FE3-00D5-FC17-56A1-39F3E2B7CEF0,PH,I1,12
66CCD151-3470-C60B-9897-39F3E2C16CE6,PH,PH,4
AB594F0C-13AC-E9C4-6DA6-39F3E2C81EA0,PH,PH,5
ECBE0EC5-1017-E506-125D-39F3E2C9BCEB,PH,PH,2
2587F995-7D9B-4BC4-0B9B-39F3E3096D91,PH,PH,3
675F3A52-5534-F05F-5DB0-39F3E3587007,PH,PH,5
171BFEDE-11C5-1AFE-45D9-39F3E35BDDD2,PH,PH,2
369AAB09-F456-8E4E-3364-39F3E35E25F3,PH,PH,10
301ACC12-0AA0-4E5E-45AC-39F3E367C03C,PH,PH,3
E416641C-410B-8105-BAC4-39F3E36EF867,PH,PH,7
EF5D6709-BD91-C94E-6C8B-39F3E3762B52,PH,PH,1
AB05C87A-1AC9-E19B-614A-39F3E377817B,PH,PH,2
647AEEB1-F064-C167-CA93-39F3F73B1EC1,CK,H5,1
7DCD6554-2710-7A6B-7F48-39F3F76CFF98,CK,H5,4
6126F7D3-8B62-0C59-0D76-39F3F79CD4E0,PH,PH,10
AC736AD5-A791-9C7A-5100-39F3F7A44318,PH,PH,4
F36D7FAC-A95A-A0E0-0E38-39F3F7AB702C,PH,PH,4
1A13945A-F236-15E6-C3B3-39F3F7B94456,PH,ID,1
1A13945A-F236-15E6-C3B3-39F3F7B94456,PH,PH,1
7928C852-8327-3417-1324-39F3F7C40006,PH,PH,3
993066C0-AFBE-776F-BD29-39F3FC90C0F6,KI,GL,10
392066A7-B1A2-2A4D-1825-39F3FDB6A423,PH,PH,10
6DA2516B-663A-EA23-78C9-39F3FDBCC5A8,PH,PH,4
10C58E69-09E0-CE11-2514-39F3FDCB8865,PH,PH,2
D3DA8104-7111-CF60-51E8-39F3FDE4FEE1,PH,PH,7
EB8DB757-76F0-915F-44EF-39F3FDEC346C,PH,PH,3
20DE5A28-220F-5CA3-EDFA-39F3FDF06165,PH,PH,10
B9642FAB-090F-0B22-8CE2-39F3FDF443AA,PH,PH,1
1D18849F-2859-A966-8956-39F3FDF817E0,PH,PH,4
C24A675A-6C3C-D0AE-61F7-39F3FDFD6DEB,PH,PH,2
AA76AF94-CA91-32C1-892B-39F3FE085C61,PH,PH,6
8D0DE4F1-C15E-B22C-E8F3-39F3FE1CA73A,PH,PH,2
8541B0F7-3F84-9282-0484-39F4018AD9F5,PH,PH,3
AB921B3E-BAA7-BE17-52EB-39F4019743D4,PH,PH,7
BBC39F71-8EE9-CE07-D7E7-39F4019D774E,KI,,3
8FD95C46-5CB2-DC20-05FC-39F401A8595E,KI,,3
B17A0438-8A3E-025E-3BF6-39F401F8C489,PH,PH,5
82D7E057-4174-AEFF-C574-39F40200ACBC,PH,PH,6
8104E409-7A79-92C2-F296-39F4020D7CD3,PH,PH,3
CF6712D2-B621-65A7-6A1E-39F40212186F,PH,PH,5
1FF10BBB-BD90-A135-B630-39F4067BEC7D,PG,PG,2
460F681F-22F5-702A-3EC1-39F406C6EF3C,SB,,3
25790598-E384-22F4-E29E-39F40BA0876E,PG,PG,2
6220BEA9-D4B3-C91C-1D39-39F40BA0E753,TW,GL,1
F72DB693-AB80-F477-B537-39F41BA4417F,FM,PG,2
D38ECACF-248A-2EE5-97A7-39F41CE9A21C,SB,SB,6
D565618F-AC9B-788B-D0B2-39F42036E5AD,PG,PG,2
6C21820C-CAC1-5ACA-EB19-39F4255CEA21,NR,H4,2
4F7A7125-B27B-293B-19F4-39F4255DB441,FM,GL,3
57EE2AC7-5EE4-89CB-5BBF-39F42767F416,SB,TV,3
A4CF0AD0-A697-C104-7A2D-39F4375F6C01,PH,PH,10
6024A55F-EF89-61DE-2DED-39F43F73BD1E,PH,PH,2
FA3D9335-6F8A-B639-D654-39F43F790140,PH,PH,5
719849B6-0D4B-74A7-11FB-39F43F829E65,PH,PH,6
833E4750-24D6-3225-9E2C-39F43F95968F,PH,PH,4
6D912562-B780-00BD-A82B-39F43FBC96C8,KR,H4,2
5B43B14A-A965-B8F0-FBB2-39F441471D64,NR,NR,3
D4056356-43A7-A5E2-90D5-39F4448A4ED8,PH,PH,4
C0B1FB0A-0E02-7A5B-BA46-39F444CC240D,PH,PH,9
CBE1AD58-6CCE-DDC5-A94A-39F445474CFC,PH,PH,1
1B837DBA-599F-9EA2-A1C8-39F445F7C3D2,PH,PH,5
99D59C2A-ABC6-3F87-047A-39F449CA59C0,PH,PH,11
22443D07-0779-7025-009A-39F449D37DF7,PH,PH,1
DD4DB82B-88D4-529B-4362-39F449F044C4,PH,PH,2
C7DA6892-D081-1207-B55E-39F44B313EE7,PH,PH,10
DCA96E2F-2E37-B2C5-152C-39F44B4374A8,PH,PH,5
BA801FE9-0CBC-DD03-BA15-39F44B55EBB4,PH,PH,10
34923F6D-2791-11AD-2A89-39F44B6DA0D7,PH,PH,10
D5369973-98E3-D992-5AC6-39F44F00F239,PH,PH,9
7DD99248-38FE-A6E5-AE53-39F44F0538B0,PH,PH,3
FC640508-9D66-689D-A256-39F44F0821D7,PH,PH,1
29C78587-BD3C-FD49-1CAB-39F44F15ECB5,PH,PH,2
C3C1618A-3F09-5E2C-E4ED-39F44F1A8B91,PH,PH,4
9F256CD9-3D1E-BD3D-6C40-39F44F207B67,PH,PH,11
B181A02D-59E3-D76C-3B15-39F44F251E04,PH,PH,5
2A93F5A3-6170-5C85-48B7-39F44F3922EA,PH,PH,9
0A8F0C03-7852-36DA-6E91-39F44F8AC953,PH,PH,8
2BFF1BF0-CEF4-A50A-CD41-39F45E745FA9,NR,NR,4
04818F6D-8DB3-2819-5229-39F45E7528D4,NR,I4,4
4B714F5B-65E0-D1DA-2223-39F45E979372,PH,PH,8
D29BEBC5-9CB2-7169-D9DD-39F45EA8E7EE,PH,PH,2
4A551FF3-49E1-3CBE-0D8C-39F45EB7771C,PH,PH,9
D8EBFEE0-E4D1-6077-7BF0-39F45ED3FDD4,PH,PH,7
ECCA713B-CAA1-F847-312C-39F45EDC1F4C,PH,PH,2
8D3053F5-60CC-B4FD-AE71-39F45EDF7CDC,PH,PH,10
F553EBBD-1052-0A21-3F9C-39F45EE70C1A,PH,PH,10
B8439927-02E1-C9B1-5C13-39F45EECC39A,PH,PH,6
DF2CF84A-9585-24DC-BC09-39F45FA27E63,PH,PH,11
88C69B4E-1C32-107E-D131-39F45FAB2F58,PH,PH,3
D0A52B1B-1CA4-3E99-E67F-39F45FC3B01B,PH,PH,9
A6ADBD13-C06D-7015-93FE-39F45FD61FD4,PH,PH,1
FB77248E-976A-92F4-5D0F-39F460002CE6,PH,PH,4
88BC6119-C82D-9C77-E292-39F468A30A86,US,LN,3
C4EB7B99-8FAE-1891-E728-39F46B21DCF3,KI,H5,2
79CC989C-305C-71DF-9666-39F46B268084,KI,PX,2
C0E6EFFF-FE4E-3D87-2612-39F48782713A,KI,NR,3
12EEAFA4-7B13-BDFE-9EAC-39F487D90C8E,FM,PG,11
E30CE5AE-BF0A-1CE4-F1DB-39F487DB8C46,FM,FM,11
EE72E8EA-766C-01F0-D96A-39F487E94CD5,FM,PG,4
59EF9390-7A86-07A0-59D6-39F49183514D,PG,PG,3
1EC23589-49E3-BDA7-6A7C-39F496A86D9A,KI,GL,3
AA9F3115-A8B9-74AD-0624-39F497517B3E,JP,FM,12
7BE91D92-7133-59C3-2482-39F49BCE26E9,FM,NR,3
7163C010-4863-0E3E-AEFE-39F4A1F8E948,PG,PG,7
90373E85-2DFC-7730-3BA5-39F4AB8DE9E9,NR,NR,4
C85FBEE1-099A-04A3-B2DD-39F4B0D04862,PG,CK,4
77AAEAF9-6647-2829-2C19-39F4CFFADC64,KI,NR,3
B14BF641-6049-6F53-8BC1-39F4D58D8201,EC,LN,11
A89DE913-6C4D-4AA0-D215-39F4DA644D99,PH,PH,2
54B14A89-3E8E-5B33-33F0-39F4DA6A0CA0,PH,PH,5
E2C7FC96-D298-F91D-966A-39F4DA9EC6EA,PH,PH,3
C84B5335-E1C9-4E2F-08A2-39F4EA76F2DD,NR,NR,4
29AE4CBD-DE7A-F920-4428-39F4F4DA5FD9,CN,MH,4
C3E9F820-E70C-E9F2-1BB7-39F4F9F2A7C2,KI,GL,3
FBBC5C3A-094E-6966-3DED-39F4FE524067,KI,H4,4
F1C85656-E4A8-4630-C9FC-39F4FF95A60D,JP,FM,11
258855C2-13D6-A231-56B9-39F4FFA22766,KR,FM,10
94263EF0-89EB-2E79-604B-39F512E2A0AB,KR,NR,8
D6793416-8AE0-58BC-568F-39F5132156FE,KI,GL,4
B2C01636-3226-1253-46B7-39F514488739,NR,GL,5
C8BD7E7D-0E0E-0A1C-0A1B-39F51768D254,KI,NR,4
E6019A75-E105-57DC-40EB-39F518270E3A,JP,FM,9
FD35A813-5333-31B2-35FA-39F51828C411,JP,FM,11
FAD598C5-8841-601A-DCA6-39F5182A69D9,JP,FM,12
A25446C9-9EDA-ADB9-39A7-39F518349A06,JP,FM,9
DF22CBD7-C373-90BC-06A0-39F51837878B,US,H5,5
B6CC717F-3091-689D-2F68-39F518766AE3,JP,FM,11
D83C700E-3711-2E78-5AB9-39F51E6DAE6E,NR,FM,5
414A203F-1870-3512-5137-39F522231C1D,JP,FM,10
318D4E02-09CA-9190-DFD4-39F52232AA69,PG,FM,11
B8263073-FA27-1566-A62E-39F52279E00C,JP,FM,10
3ABB82BD-5105-748E-3099-39F5234A576A,JP,FM,11
8EB6AA04-7531-2AC7-BB2D-39F536BA78F3,US,H5,5
2D561C80-1188-E9FD-6AA9-39F536F95015,EC,IW,4
475AB2CE-8375-F4D2-C423-39F53CDAC214,KR,SB,3
1EBD2B72-B350-6C7A-0594-39F542280BC8,EC,I5,1
4F8EB62B-0A9B-9685-3072-39F54B468588,US,I5,5
96596A3B-72F0-FA3D-6384-39F54C4E20CB,NR,I4,5
7DC72C17-1734-593F-C362-39F560F0A8F5,KR,PG,4
C666AD45-062D-74C1-0ABD-39F5613FA590,KR,GL,3
DC259F9B-55C8-4C83-F9FD-39F566108602,TW,TV,3
6DBF83B3-C1F5-B34E-158A-39F569CE117F,PG,FM,4
5BD97C40-981B-FAD8-2DF8-39F56F6F1DBC,KR,PG,4
F77A45D7-1A9F-8D88-4C6A-39F579406F77,PG,PG,4
DBFDFC7E-BD11-47C0-C687-39F57E66A19E,KI,GL,5
59D0DBCC-0F63-BE30-A785-39F57F4051CD,NR,PG,4
623DE998-131E-959F-7E70-39F5838DA0F7,FM,FM,5
F85B412B-2AD5-CB2D-927B-39F583D00037,KI,GL,4
1B8AA129-D4CA-58D7-6425-39F583E3152E,VU,I5,6
33508D2A-B32E-505E-3ACE-39F58502AAAB,US,IW,8
9952842F-7A19-A038-B197-39F58504165F,KI,I5,4
165EBEA5-A112-1D57-F045-39F5853B1F9E,KI,NR,3
3930675E-1E2D-2607-6C2B-39F58DDA34A8,PH,PG,4
7E3734E9-9DD2-A1F0-40DE-39F59D4E9C5E,PG,PG,4
5FCCAE9D-E278-9479-D04A-39F5A79E29A0,PG,PG,4
E28CECED-DD0F-7A4C-5E6D-39F5A79FC0E9,PG,PG,5
258E4663-D829-813D-9BE2-39F5AD6A6F0A,TW,FM,4
D860D98B-1121-C805-3514-39F5AE7D72C9,KR,,9
38112EBD-89FA-41FB-8991-39F5AE9FA187,KR,SB,1
2498D21E-9B9A-D359-DE05-39F5B1E78FD6,MH,GL,4
AACA564C-31A2-6602-BB90-39F5B70DAEBE,PG,PG,3
2A451244-0260-7F51-BB36-39F5C1590E02,PG,PG,5
DF4628F7-C4CB-3477-2952-39F5C1594A07,PH,PG,1
7CEF34AC-C6C9-A611-CDD8-39F5C68034F4,PG,PG,4
EC0E7357-FCAE-6BEC-BC8B-39F5C6CEB8FF,NR,FM,6
38861046-634A-F5BF-51E2-39F5C6D123B2,NR,I4,6
E94F02B2-20FF-2290-16B9-39F5CBF237E7,US,H5,6
9AEB2588-097E-6D34-6AC9-39F5CC28EB29,FM,NR,3
FFD9123D-EF5F-9B00-6602-39F5CC338047,NR,FM,5
FFD9123D-EF5F-9B00-6602-39F5CC338047,NR,PG,5
B8477A56-34FD-0A6E-6C09-39F5CCA32BE0,TW,TV,3
DA0F1E89-292E-BEC0-636F-39F5D0D050F7,MH,GL,5
105A7A31-468E-4B16-772D-39F5D24FA3BF,KI,GL,5
60493833-4734-1141-451E-39F5DB1A877B,PG,PG,5
387BB7EF-AC6F-45A3-BA21-39F5DB1AD30A,MH,I4,5
D4E46757-77DB-6EDC-E3BD-39F5DB1B7EAF,PG,PG,4
38C3F989-1B18-ADC7-68D8-39F5DC41ADD0,KR,FM,5
36549E01-A88F-C030-11F4-39F5E04070CE,KI,GL,4
E229089B-37C4-8857-854C-39F5E040E11C,MH,NR,5
5EC9C2D9-7B27-D067-F240-39F5E565AF8D,PG,PG,4
BBF6362C-EFFE-4D2F-2CBC-39F5EA8C7A2A,KI,GL,5
0352FED9-582E-3A2D-4711-39F5EA8C8C43,FM,MH,5
80B582E2-2B73-022D-239E-39F5EADF7482,US,H5,6
7F92B3F8-1EAA-A4AA-8C85-39F5EAE025B4,PG,H5,6
470747A4-674D-9FFD-1D42-39F5EAE0D387,US,H5,6
C0B8A332-F0A8-BFB1-E500-39F5EAE16463,PG,I5,6
1F63A6A4-A5BB-41DA-2978-39F5EB2171DC,KI,GL,6
64294B8E-B3D2-A60E-4CD2-39F5EC55F803,JP,,2
297B106D-7036-6121-BF1C-39F5F5AF1A3C,PG,PG,5
5C410B58-59A8-8E95-68E2-39F5F653FEBC,PG,PG,5
0ACB7664-62C8-0C15-7DDD-39F5FB6E06DB,SV,IW,5
0ACB7664-62C8-0C15-7DDD-39F5FB6E06DB,SV,I5,5
48460F6F-792E-3BDA-8ACC-39F5FF7FD1FC,NR,GL,6
B8FF624B-9FC5-161E-5FF0-39F5FF8136F4,US,H5,6
7109E616-850B-A289-51A7-39F60EFFA73E,US,IW,1
BC754BCB-65FF-52E9-EF3A-39F61011FE02,NR,MH,6
B1D0AA30-2784-DFD5-B222-39F61598731A,JP,FM,9
E842C2F9-0BA7-847F-7B76-39F6195C90A2,JP,,8
EEAB7CF9-D677-6BAD-B52A-39F6195E8DD1,JP,FM,5
D028A58D-29DB-EF45-A965-39F6196191DF,JP,FM,9
58B57C57-4FEF-C6EE-EC92-39F619B7CC28,PG,FM,9
3456B6AB-34AF-EFB5-9571-39F61E4053AB,PG,FM,5
FC569C63-986A-2A9C-7942-39F61E6446A0,JP,FM,12
90334472-DEFB-3382-51EE-39F61E91021C,JP,FM,12
A9F19AD3-89EB-8B61-7DE0-39F61ECDEF28,KR,SB,12
591B3226-BF44-D7D0-468A-39F61F245CD7,FM,GL,6
7B731ADA-9B49-0CF4-85E9-39F61FB0097F,PG,SB,12
090A2232-442B-8FAD-8F38-39F61FB1F325,PG,SB,12
5C974150-B8EE-19CD-ED58-39F61FBB16AA,JP,FM,1
8A8D58D2-2B89-E90C-A45F-39F61FE18AC3,JP,,12
14DAD971-0C64-0189-2CA9-39F6237CA911,US,H5,7
27B2CB1B-B3D8-4ABC-AB02-39F62382400C,JP,SB,12
C2EB3F19-C3DF-B280-9E0C-39F6238731AC,JP,FM,8
1D12E967-F14F-2B5F-1607-39F623971831,JP,FM,10
CD05BD93-3888-2685-880C-39F623D00288,JP,SB,12
28A44164-9242-1710-7A78-39F623DD9C9E,JP,FM,1
AC351821-DF06-D659-12CA-39F6241DA6CA,TV,MH,6
9CFECBB1-B649-0F4E-6B48-39F633032FE3,US,H5,7
E19B374D-7EEA-1B05-943D-39F6330C8470,KR,FM,5
4CEB585F-F342-144A-3674-39F6331BFBD1,MH,GL,5
ACB9DA88-ED41-805E-5500-39F63330A69A,FM,GL,6
81FF3557-6095-B8C7-960E-39F633904DE0,JP,FM,10
EA522629-A99D-EF65-D492-39F633A61E78,PG,FM,9
84C19D91-2F16-DFC5-0651-39F6343F0CF6,US,H5,7
D88A19D8-3C78-9D7C-DE9D-39F63447985B,PG,H5,7
ED2F4642-754D-B549-F17D-39F639249B9A,NR,H4,6
9FF10909-A14F-F262-64A4-39F63970CBDF,JP,FM,3
3A7ECDAC-9EF6-449A-FE80-39F6398226C6,NR,I4,5
070B4B02-5D55-ABBF-D9A5-39F63CF4E668,PG,PG,5
44328A8A-7A94-2434-7A48-39F63CF511E2,FM,FM,5
5ACEEA4A-160B-A9EB-994D-39F63CF63D6E,FM,MH,5
D02D199F-74EA-A8E5-F063-39F63CF6D706,KI,NR,5
2E661DB6-5C08-8B16-C133-39F642684F83,NR,TV,7
2ABC80FE-6E2E-2489-4AAB-39F6426914C7,VU,H5,7
6586F35E-A492-8483-9718-39F64269DF1C,NR,TV,7
577573D3-496E-CDCE-4A85-39F6473FEDD5,NR,NR,5
577573D3-496E-CDCE-4A85-39F6473FEDD5,NR,MH,5
377BD125-128E-7EE0-0D74-39F647402C8F,KI,GL,5
B56A2E90-4828-28AF-7292-39F647409653,MH,GL,5
32F7D1A3-7F99-C1A6-40CD-39F64741263E,KI,GL,6
333F41E8-586A-FE18-788B-39F647415514,MH,PX,6
A660FF57-D54E-8DC2-6B38-39F64741B2A6,FM,MH,5
8E777C1B-3C55-D40F-72D8-39F647429934,PG,PG,5
F3885C78-56D8-A163-BA74-39F647C3B93F,KI,GL,6
C9724A7A-83DF-EFEA-D309-39F64824D49E,MH,GL,6
E73CF3E8-F096-EB86-E6F1-39F656B2CB41,PG,PG,6
4AA0DE7A-71BC-0E1A-35ED-39F657283617,NR,TV,7
8E3BC2CE-8CBC-76B6-CE6E-39F657C83FD6,US,IW,3
1FC5BBA0-C0F2-8CFF-95B6-39F65BD9B2DD,PG,PG,6
043E0C71-B7A9-D2DE-0BBE-39F65C64E610,MH,PX,6
21F30F78-83D4-6555-00C2-39F6616414DE,KI,I4,5
A94D20F4-9FD8-4E29-AD8F-39F66187EA16,JP,FM,1
68710BB3-F3F6-7C24-8DDD-39F661C0F07D,PG,GL,6
CA09C3C6-5DE4-E8D0-928D-39F66BC38D7C,US,I5,6
9F87E9EB-984E-FC40-91B2-39F670726B99,KR,GL,6
32D33D55-AFD2-EA3A-5228-39F6707293EF,PG,PG,5
AE3F7BCA-5940-ECB1-C917-39F67073E8FA,FM,GL,6
51D2ABFE-EED8-A221-D0D1-39F670759259,TV,GL,6
1486CD39-3245-9BE0-631B-39F6707614A9,PG,PG,6
F98D576C-66B9-C5B3-33B6-39F6759837DB,PG,GL,6
C684A6C9-0070-FBD3-ACCA-39F67BEBAE87,US,TK,7
020F8DAA-2FFD-8861-69FD-39F67FE75124,TV,FM,6
0FE46044-B546-9D07-F587-39F67FE79152,PG,PG,6
43EFC0F2-A484-4C23-1E4E-39F67FE7F6FA,FM,GL,6
FC7236EF-6C79-59D5-1957-39F67FE88CC9,KI,GL,5
91DF72DA-0F14-FA72-E195-39F67FE8C8F9,PG,PG,4
4EC5A220-0E3A-DF15-CED4-39F67FE90F03,KI,GL,6
5C2F6F93-5E9A-F624-2AB2-39F67FE92E02,PG,PG,5
2B6883D7-AE35-9445-330A-39F6803E7DA6,JP,FM,1
A91B05DC-DDB5-DCB3-B76C-39F680431C46,PG,,2
59748909-E99F-081D-8B01-39F680515E6B,PG,,2
FB6C923A-4818-6A53-9126-39F680A9C4DF,JP,,2
1E8B3FC3-E16E-8807-6488-39F680AF3925,JP,FM,1
9B685BD5-5764-ECC2-CE18-39F680BEB105,JP,FM,2
500EB6E3-293C-BAEC-432E-39F680C5309F,JP,FM,2
08DC216D-B6F2-9CFF-299E-39F68A32FB72,FM,NR,6
08DC216D-B6F2-9CFF-299E-39F68A32FB72,FM,GL,6
B496944E-B12C-C8A3-BB9B-39F68AD6C8A1,TW,FM,5
3F6BC78C-2C49-C8C3-BCFB-39F690AAD553,KI,I5,6
D3C072B8-AD0B-CB5C-FD62-39F691152E5D,MH,PX,6
6E6231DD-686A-3FAF-F136-39F6947FEEEC,PG,FM,6
22EBD5D1-36C9-FC13-AC18-39F694804FE3,NR,FM,6
4D9C4A25-5253-7303-61EA-39F6948109FC,KI,GL,6
01535F50-7B92-D361-4811-39F69F469828,TV,FM,6
4B7BD64F-63D0-CCF5-5D34-39F69F8B280B,FM,PG,6
362CB683-B5EA-9DBF-DE87-39F6A030C827,US,TK,7
BE90DE4A-7D43-9A93-98E7-39F6A058CA60,TV,NR,6
1B355A45-B70B-87D2-B4B9-39F6A48A458A,KI,GL,6
C4E1CBDF-495C-3F59-FCFF-39F6A4D4DC2A,TW,FM,6
F4BCA1D9-A59C-C35D-C9E2-39F6A917A286,PG,FM,5
BFABC0C5-4895-4A2B-50B0-39F6A918BB55,PG,FM,6
E67E36F6-E76E-CC07-2535-39F6A919258C,PG,PG,6
40930EF1-9E52-CB21-34C7-39F6A91961D8,PG,PG,4
E2CA1A5D-64C4-AAD2-B20E-39F6A9196D4A,PG,PG,5
734FB804-CAB6-05A7-217D-39F6AA649958,KR,NR,6
5DEC746D-1596-D0BC-94DC-39F6AB029BE8,PG,TK,7
6AAF19DD-615B-23D9-33BA-39F6AE404567,KI,GL,6
9F57779A-D66C-E600-94F7-39F6B366178B,NR,NR,6
A7A3B434-A063-9AA8-02B1-39F6B88CD09F,PG,PG,7
85A01F25-D1E4-6106-9F4B-39F6BDB247D0,KI,GL,6
B808343D-6BDB-5B89-E018-39F6BDB260E8,FM,FM,6
0A0F277E-8B07-1DCF-C32C-39F6C2D7C2F1,MH,NR,6
3CC5E81A-E857-C05D-E9C5-39F6C3C504A3,KI,GL,7
5596A306-7956-4A48-E259-39F6C468DC15,KR,PG,6
0A15FFD5-CAC3-5DBA-E782-39F6C851CD66,US,IW,7
EFE6335C-1886-2579-4DF6-39F6C852AAC9,US,HB,8
94B97B69-9A07-F9EA-591E-39F6C8541058,NR,H5,8
94B97B69-9A07-F9EA-591E-39F6C8541058,NR,TK,8
CB6E5426-A5F1-ED77-EDE8-39F6C90C6B37,PG,PG,7
9ADA83D9-CFF8-E06C-FA95-39F6CD7D32F8,PG,,5
D5A4325B-FE10-E97A-DE0E-39F6D24B98BF,PG,GL,6
DE0D29A8-EFEE-475B-CC19-39F6D29755DF,KI,GL,6
3384201D-A876-4653-A820-39F6D31DD3CD,VU,SB,12
AB47762D-A019-6804-F2CB-39F6D88A4CDB,MH,GL,6
AB47762D-A019-6804-F2CB-39F6D88A4CDB,MH,I4,6
92B8975C-F6D6-7DC0-99DC-39F6E6E4E22F,PG,PG,6
32F633BB-F6D3-1C69-45EA-39F6E8D3968D,JP,FM,3
03F19F33-40A9-B57F-A1FD-39F6EC0B3354,PG,FM,6
313D1E1E-8867-177B-1304-39F6EC0B59C0,PG,PG,6
731FC830-6D20-3FDA-D92F-39F6EC0B9345,PG,FM,6
9B8F3423-168C-5E77-B958-39F6EC0BC740,KI,GL,7
EDAFC217-ED61-1A1E-1D83-39F6EC6D1FAB,EC,IW,6
1DA4D99D-06DB-F42F-09B3-39F6EC7602AF,KI,GL,7
43BEF806-AEAA-6AE2-3D41-39F6F1316740,FM,FM,7
45C2BCC5-DCEA-C963-CC3F-39F6F166C4B6,JP,FM,5
11F1A087-A15E-7277-9C84-39F6F1BC441B,JP,FM,6
840324C0-B4B9-DBA5-E7D8-39F6F22FEB3B,JP,FM,6
2D8D1108-DE71-546E-7699-39F6F2B56BFF,JP,PG,6
DB57CDC3-B8C1-9CF3-1AE5-39F6F6580042,NR,PG,7
0593DBC0-E329-A1DB-B0DB-39F6F7494763,VU,,3
C2EB3796-A6D6-6D59-8ED9-39F6FB805B74,KI,GL,7
59B84BE3-F435-650C-D541-39F6FB80B86D,FM,FM,6
98919146-4FC8-A0D2-A69F-39F6FBCC82F4,NR,,8
87F81716-42C3-F399-9726-39F6FCFC496C,US,IW,6
60B8CF5F-1735-1914-5E4C-39F705CAF877,TV,FM,7
D73B222D-3C08-CEE3-C8B6-39F705CB2E7D,PG,PG,7
0CDF7A48-20B5-0E48-9360-39F705CB596A,KI,GL,7
5555694E-4145-4E64-AB59-39F705CB6F1C,KI,GL,7
2105C014-4FAC-9F9F-94F9-39F707C0524B,PG,,7
B2504C9F-59F6-DBCE-2237-39F70B4CC85C,US,TK,8
D5A38C5A-842A-EB33-E234-39F70C3DF50F,KI,PX,7
33C24043-C882-FA7E-1AD5-39F710176298,KI,GL,7
295ADA04-D134-741A-2231-39F724B0D5D1,PH,MH,6
FBF38197-0625-1580-F28C-39F724B1206A,PG,NR,6
88472B0A-C18B-5A62-86AE-39F724B16282,KR,PG,7
EB4B0EB7-7DC5-95AC-7048-39F724B1A423,PG,PG,7
0E408428-EFA9-860E-C956-39F72EFE6256,MH,FM,6
315AA9A2-B3A4-C734-6853-39F72F96DB2C,KI,GL,7
7FB96910-90B4-D121-04A6-39F73536BD08,US,TK,8
3FDB903B-C9B2-DB38-E076-39F7394A86C7,FM,FM,7
213CE58A-7629-3404-90F8-39F7394AE226,PG,FM,7
8639ABE5-D2C9-2641-DE2F-39F73E71BC4B,MH,TV,6
3999353B-04B7-4E1A-84B5-39F73E72156D,KI,NR,7
65FACDDF-534E-5DD5-AD9B-39F73EBA6FAB,PG,PG,7
447287E1-956D-3AF2-1DA4-39F73F88B2F7,KR,PG,7
751DF639-D5F4-37A0-F14D-39F7406608A1,KR,PG,7
6F9C6C8B-5659-DF13-10D5-39F74397BF76,FM,FM,7
74DE6D89-981D-05CA-9697-39F7439834D7,KR,PG,7
00A0ABCD-3AEB-4932-0485-39F743C99231,FM,H4,7
6968AFB4-8115-C3F1-0D00-39F748BD6A2A,MH,MH,4
F5CE1851-C99B-E690-DDF3-39F748BE3784,FM,FM,7
B5A18448-4910-0702-AD07-39F74DE3CE47,PG,PG,7
DBFD30D2-3F1E-5AE5-A93B-39F74DE3EEC4,FM,FM,8
FF4B7B79-E02F-B4CF-8961-39F74F263177,PG,H5,8
D2383C1E-B355-9C2A-4F4E-39F74FB6B4DC,US,H5,8
955D6160-BECD-18CA-48FB-39F75309FDEF,TW,PG,7
41FFA6D2-91BF-A91A-700B-39F75352E74C,PG,PG,7
22F81EA5-C21E-3979-97A3-39F7539A0797,KI,GL,8
75D1239A-7824-30D9-40BB-39F753B79241,MH,H5,7
75D1239A-7824-30D9-40BB-39F753B79241,MH,PX,7
6AF944DF-AB9D-D839-D762-39F753BE23D8,MH,H5,7
75087031-B4EC-2115-8D3D-39F753D9200A,FM,NR,6
34C7EEFA-96BB-869F-1081-39F753DB18BA,MH,H5,6
FF300DA6-2F8A-9ACC-0370-39F75831B3DD,FM,PG,8
18E6D027-7471-9DB0-9D7A-39F758C72930,KR,PG,7
858104E5-B237-8584-1AE6-39F75925B9E7,NR,NR,7
BAB8ABA9-C331-0A64-BE9A-39F75DDA2E21,EC,,8
D31CADEE-7A53-84A5-7C8A-39F7627DF2A2,PG,PG,7
AA9044DB-0617-4121-1C07-39F762E2E28E,US,LN,8
EBA71543-5DF2-D9C5-1E8E-39F7634F3301,NR,TV,9
1474A9A1-2D2E-64F7-2B68-39F7635ADA02,KI,GL,8
063C95DD-0CF4-B03E-DC37-39F76CCB4EB9,KR,PG,6
D1385B08-55DD-692C-642D-39F771F14CB5,FM,FM,7
A150A0B8-181A-EADB-3C38-39F777174183,NR,GL,7
3449EFC3-0AC0-1FB4-F260-39F777667723,PG,GL,6
78D54B87-C3AF-FB49-40C5-39F7779429D2,US,H4,9
0923520E-DA16-ABBC-A8C9-39F77C3E295D,NR,TV,8
22F5C6C0-2CE3-E0F1-974E-39F77CF70E88,KI,GL,8
120C7B68-6ECE-2A67-88F3-39F77CFCE9FE,US,H4,9
BB4B1C38-163E-E32F-7030-39F77D094275,KI,GL,8
A771BA38-95D3-3308-C22A-39F781649237,FM,FM,6
E2B82122-B874-4243-D271-39F78165709F,KI,GL,8
ED549E7B-C87E-EC0B-9107-39F78165AD0D,KR,PG,8
6CED8537-72A2-3779-A114-39F781A46A27,PG,PG,7
2BAAAC1A-EE88-CFC9-AAAE-39F786C0426B,MH,H4,8
9993F9A3-71AD-ACC0-1436-39F786DB2CD8,VU,H4,9
CD6E44CC-13E4-EF5E-AAAD-39F786F92F2A,PG,FM,8
433DE210-A638-4194-4030-39F78719AC9A,KI,GL,6
588A996B-4101-41F6-9910-39F7871A0578,VU,PX,8
2C423E1B-F1A4-2BD2-232D-39F7875D1735,KI,NR,5
266ABAE6-F72B-F4E8-37BA-39F7875F609A,KR,PG,7
2EF72E55-703B-EAEC-C1CE-39F7881B86EB,KR,TV,5
412B0ACD-3A37-95F9-66F9-39F78C0765A4,KR,TV,4
FAA9265A-F05F-A43F-9A3E-39F79B77F957,NR,TV,9
6CAF4583-9428-712E-E4DD-39F79B7C1ED9,PG,PG,8
07013D14-60A7-B0BA-D8FB-39F79C111AF9,TV,PG,7
CE1CDCD2-3FC3-C0F6-A3E1-39F7A0498E49,KR,PG,7
21A92E7D-902E-A943-9F15-39F7A049E46D,FM,FM,8
463876E7-9237-ABDC-F311-39F7A04A1F49,KR,PG,7
B5000743-CB3D-27D7-EB5E-39F7A0D247A9,PG,PG,8
896F6153-A4C1-36A7-7C98-39F7A1257B7D,KR,PG,8
E1C6A85A-9A79-7954-C5B4-39F7A1B9E854,KI,GL,8
6DD10FEF-C589-632D-EC05-39F7A5717D02,KR,PG,8
16400E92-AB74-1E16-D95F-39F7A6323F4F,TV,GL,7
C8A1AA71-547D-7BFE-2795-39F7A6680244,VU,SB,1
44D6CA17-0904-AFFF-893C-39F7AAF1F26F,US,H5,9
1D9E049F-483C-0170-5F17-39F7AC8D13BE,VU,GL,5
315CC723-16A3-4B88-1D0C-39F7AFBD0D8D,PG,PG,7
51FDF1B0-9B64-0CB2-17C8-39F7AFBD3E8B,KI,GL,7
B3109BB5-0C87-68BE-C3B3-39F7B09CB242,NR,NR,8
81F1CBEA-4A2F-8197-865A-39F7B10BFFA5,VU,CK,7
B0F3A950-6510-4579-CB07-39F7B4E7BE47,PG,FM,7
8BBEA18E-F04F-BCE0-19FB-39F7BA0A4B4C,PG,PG,7
97AE7419-39FB-E16D-7A8D-39F7BF30EB93,PG,PG,8
2C374F51-2657-37E5-306C-39F7BF310ACE,US,TK,8
B20FE119-778A-4C84-087A-39F7BF8F1893,PG,PG,8
6327AB47-04F0-3A35-A1F1-39F7BFA1B36B,TW,,5
8FB7C1EA-991F-E8A0-A9F0-39F7BFA55F71,VU,PX,4
08D4BDF3-07CF-CA82-7A99-39F7BFAA365D,PG,GL,7
35E42BFB-780B-6A7D-F4F6-39F7C03A7247,VU,,5
DB493E18-E125-BF9C-0F8E-39F7C54AE572,NR,PG,8
FCCF365E-7119-3E8C-F099-39F7CA0199FD,US,H5,9
0A78D522-2C3B-CFDD-6D8A-39F7CA025834,NR,TV,9
459F8C4C-AAED-341D-632E-39F7CB2A52E4,KI,NR,7
B8BEFD6A-27E0-8C69-7D20-39F7D8F0C60A,PG,PG,8
C0A5B8F3-22F1-3EB1-70D9-39F7D8F12BEE,PG,PG,8
76C6CD8A-1353-9245-1520-39F7D8F1434D,FM,FM,8
6372E688-E5CC-95F5-05BB-39F7D8F1761D,PG,PG,8
091B01A1-B209-2758-F174-39F7DE167110,FM,NR,7
D8F040C1-7FA7-4221-759E-39F7DE16EC5F,FM,FM,8
E37FC533-1E05-3EC7-D78C-39F7E11A2A22,NR,NR,9
87F95B24-04FE-D0AC-DD07-39F7E33E1379,PG,PG,8
8CBC956A-88E6-FA91-791D-39F7E33E6223,PG,PG,8
D9EE97FB-046C-AC10-5EF6-39F7E3D0A5AB,PG,PG,7
E57FFBEE-13D5-33A0-0188-39F7E3F358F7,MH,H4,8
0F9BFD24-CF69-D0CA-F585-39F7E3F82975,MH,H4,8
C4B4345F-281B-83AD-60C1-39F7E49DFA2D,US,I4,9
02AF6C4A-5E4D-7B6B-1CFA-39F7E8B6750E,PG,PG,8
2E167DD4-301F-CCC4-D6D1-39F7E91DB65C,KR,PX,8
F3185781-6A28-5433-C5F7-39F7EE4BDE00,TW,GL,9
15A1ADA1-550C-EC2F-D01E-39F7EEA4242D,TW,GL,8
C66C824A-DCC4-7825-8F79-39F7F2B0309B,FM,FM,8
2544AD0D-8CA5-CC70-8641-39F7F393190B,NR,TV,8
8AE94A0D-76E8-24B8-3463-39F7F4919138,TV,GL,8
E06CEB16-9727-9987-EA3B-39F7F7D80503,PG,PG,8
653256C3-9749-108F-407F-39F7F8EFAD9B,SB,SB,1
95FEC957-E6B0-37DE-3588-39F7F96FAFD7,KR,PG,8
5963FE95-8EFC-7C20-2416-39F7FCFF2F98,PG,PG,8
4420E594-73BC-A966-5903-39F802249E1D,PG,NR,8
F86DFA0A-FB74-298C-25E2-39F80749D492,KI,GL,8
756380C5-A5A3-F411-3294-39F8074A10F6,KI,GL,8
ABFB8A9B-A044-52E5-4F38-39F807A7C161,US,TK,8
E3F3F6D2-868B-8432-9CAF-39F80C70ADB1,MH,GL,9
A7E955E9-C3CE-7472-37CD-39F80CFD4ECF,JP,FM,6
995B8B63-7B8A-CF3B-37D0-39F80D8B51CA,KI,GL,8
B821B37C-2DFE-5BD7-A4AB-39F80DEF3F59,FM,PG,8
186D5E39-7A23-7FAA-5EA3-39F80E1484D0,JP,FM,5
324160B6-D000-A586-A340-39F80E1C96E7,MH,GL,2
E98C0486-96AA-4C59-4852-39F81209AD20,KI,GL,8
60418C2B-E74B-636F-0B5E-39F81221D457,JP,FM,5
CCF82FE1-C48B-B46C-A069-39F812318398,JP,FM,6
AE88E2E4-10C8-064B-6D4B-39F81261B505,FM,,5
E20AAACB-B135-0CEE-6B3F-39F81267B4DD,JP,FM,6
4940BFC7-F93F-CF6A-BFB6-39F812853B2F,PG,PG,9
04AC9C5F-9509-7246-09C0-39F81288F76B,JP,FM,6
E1CB325F-6AF3-98A7-9130-39F812AAFF78,JP,FM,5
7518CF0D-1F8E-A83B-A614-39F812FEBC19,NR,H4,8
36F62F14-F067-5D84-827F-39F8136A949F,KI,,8
649CE0E4-E01D-AA1C-207C-39F816BC843E,KI,GL,8
10AD9363-ACAA-2B2A-68BF-39F8177EE94F,KI,NR,4
824830CE-C271-B173-4281-39F818335ED1,JP,,7
4157D2FD-6D54-847A-B4BF-39F818378C2A,JP,FM,6
AFF497C2-3181-381C-A6CA-39F818430E95,PG,FM,4
74EABD1B-9970-1026-50B0-39F8184E3167,JP,FM,6
1D857A6A-4AE9-C71D-C907-39F818ADAA9A,MH,TV,9
5D11D836-0708-8D47-3179-39F81BE3285C,FM,FM,9
56C1B1CF-4499-7091-F118-39F81C8FCCBB,JP,FM,6
353612AB-426D-2289-FD23-39F81CD12EDF,KR,FM,6
ACCAD771-CA54-FA44-0C57-39F81CE7CCE4,KR,TV,8
9CEEB422-4CA0-9E56-38C8-39F81D20B134,KR,PG,8
3A274627-437D-F788-F3F3-39F8210A9AF8,PG,PG,8
38DE2E6B-6C43-49D4-5FD1-39F827A1A218,NR,SB,10
4C14B29C-7183-1CDE-27FD-39F82B9552B3,FM,FM,8
664ACD23-383B-3F6B-B4F0-39F82BA7F5DA,SB,PG,6
94E87825-9B3D-B3ED-8FB9-39F82BDB9C38,JP,TV,8
E500A751-43F4-256E-BB85-39F82C21CB94,JP,FM,6
B046ABF7-9C05-3F4B-2004-39F82C2FF820,JP,FM,6
A9255850-E1B3-6FF9-C8CF-39F82C391B7F,JP,FM,2
519320BB-4909-46DE-78D4-39F82C3EF87E,JP,FM,6
4D40A78B-5A16-8318-429B-39F82C437CEB,JP,FM,6
D17ED595-AEE5-2261-4D62-39F83080AF3A,KI,GL,8
66F47EC2-0436-2A5D-303C-39F831308EA6,MH,TV,6
09707FAF-F7FB-E920-AEAF-39F8314B49D1,MH,,8
B51BAB43-98CE-C419-AA14-39F83221C9E9,PG,PG,9
381DC1F6-E56F-62DC-D8D0-39F835F1079E,MH,H5,7
8A640021-C195-8FF9-B7BE-39F83698D839,KI,GL,9
9CD0EC28-5B60-BBAE-1E31-39F83B269B17,JP,FM,7
AE51C68F-32DB-621B-F242-39F83B2AB314,PG,FM,5
54606DA6-D325-BB17-600A-39F83B2BC46A,PG,FM,6
3ACFDB08-74FA-46CA-FD75-39F83B2D04C0,PG,FM,7
F0967DC7-E3D6-F928-BE1C-39F83B2E5A8C,PG,FM,5
202F7D88-95C9-48A8-C420-39F83B30DB60,JP,FM,7
2BEB318D-AEB7-DB0F-1347-39F83B32D941,PG,FM,7
A4ABE12D-58AF-EB54-9111-39F83B356407,JP,FM,5
03B70921-95F1-9E83-EB9C-39F83B36B72B,JP,FM,5
EC704F34-10E2-EE73-A51C-39F83B3BB2BF,JP,FM,4
410CD79E-99D3-ED58-DF0E-39F83B514DA4,JP,FM,7
0638AC91-4ACC-770C-2782-39F83B54A6F3,KR,FM,4
3FECD5CA-BF11-BFF1-1E7F-39F83B8E115C,PG,FM,5
B41DF291-9ADF-2942-EE76-39F83B910FE4,KI,GL,8
072947EE-0E3A-397E-B699-39F83C3D5AD0,JP,FM,5
353BE271-B5B9-8672-8301-39F83C4AE50A,JP,FM,4
2FDBB009-EA44-9D39-C456-39F83C563BFA,JP,FM,5
F50B7F41-EABE-36A2-4068-39F83C7EE86C,JP,FM,5
15D71229-1513-DBB6-6D7F-39F83C981323,JP,FM,5
83FAE87D-A023-AF7E-C648-39F83CBF6CDD,JP,FM,7
F33BCFE9-35D3-B9E3-AE88-39F83CC4D8DB,JP,FM,6
440B0FC5-BDFC-8E68-9CFF-39F83FF1A658,FM,FM,9
B9F1F562-EBFD-812C-7B8F-39F8402E2FF5,JP,FM,5
09622783-4515-4E74-EF8F-39F84035EBA3,JP,FM,4
72112961-6EA3-37BC-CFF4-39F840482B10,JP,FM,5
FF7CBE3F-EF56-578B-7A66-39F840B0DA1E,FM,TV,9
8A486AE4-3B71-EBDC-B02D-39F8411AECEE,NR,NR,9
A1C03A0D-9BB2-CAB4-5846-39F841BA6E19,NR,SB,10
583A48C2-38B5-681F-D64B-39F84F635BB0,PG,PG,9
01AD1BD2-5E3A-C2AE-E8D2-39F84FD913E9,KR,PX,9
01AD1BD2-5E3A-C2AE-E8D2-39F84FD913E9,KR,TV,9
F00DF61B-18C3-A4DF-513B-39F84FE933FC,KI,LN,6
8AE61C6F-B390-6194-5AC0-39F84FF4F214,US,IW,5
10D03161-2AAC-A63E-A5CF-39F850029087,KI,I5,6
10D03161-2AAC-A63E-A5CF-39F850029087,KI,LN,6
85338098-638B-F772-6356-39F850039FA8,KR,TV,8
76E43DDC-0A00-0E87-D6C8-39F8501BA938,US,IW,8
D7421A5B-88B2-25AC-D5E7-39F851706DC5,NR,PG,10
FC0B942A-6D12-8ADD-44DB-39F8549B49FF,KR,TV,8
31D8DE68-192B-4D18-BA8E-39F854DFB99D,NR,SB,10
B6D9EC84-8263-226A-A393-39F854E20657,KR,PX,8
B70ACBEC-7114-C995-16F9-39F85504E79E,EC,IW,8
E620072E-FFF9-073F-1CA3-39F85A124CE4,JP,JP,5
3BC91BAE-D2B8-F86E-2CBF-39F85A27E1FD,JP,IW,5
33582421-AA2E-D906-75BF-39F85A306F05,MH,TV,9
A73FA155-3807-CBF6-592C-39F85A3B8F36,JP,JP,7
A332A7E5-A1CF-11E8-8051-39F85A48EC4F,JP,JP,7
2D012AE9-4FD7-A489-6B6A-39F85A4E0B42,JP,JP,8
5BD073AA-9489-F410-6E28-39F85A6F6CFE,KR,PG,9
F3FC33AB-32CC-A167-95FE-39F85AEDDD0E,TV,GL,9
0AB0D888-3915-3A26-6F98-39F85EDA37DF,TW,NR,9
A7133390-7BA7-1A38-0300-39F85F39B690,KI,GL,8
FB8D095B-BA12-206B-40A9-39F85F641D79,KR,PX,9
59E2CF70-73B1-F8F8-0E76-39F863FF8441,PG,PG,9
486AC7BF-9A1B-746B-4161-39F863FFD5FE,PG,PG,9
64F28A1C-5FE9-F290-2361-39F8649F355A,MH,TV,9
B181E84F-6399-D700-B5B1-39F864AC3608,KI,GL,9
F819163E-5F4E-C24F-C2E5-39F864E67594,PG,PG,9
20EDEBD1-367E-BC04-6906-39F8654981D7,NR,NR,9
96FA97DD-09C5-E2AB-66B8-39F86572E8BB,TW,GL,9
F005AF06-2A26-25B0-C67A-39F873C2987A,US,LN,10
3A3C6828-E8DE-C908-0163-39F873C7B7F2,KI,GL,8
A9E8A953-597B-DC87-5971-39F873FADA8E,JP,JP,4
66B09C74-83EF-36EC-498D-39F874027EBB,JP,JP,5
823007F0-93BE-2D85-F945-39F87407280D,JP,IW,5
EFF16273-2516-4A67-9434-39F8740B228D,JP,IW,6
B49AD238-3C45-8105-EF84-39F87414CFF3,JP,I6,6
437A1F74-A3F2-AA1F-6DC5-39F874308DC7,JP,I6,7
6690A3A8-5AE1-C60A-0DD2-39F874357B8E,JP,JP,7
DF81BC55-F735-C770-F5A0-39F874391CDF,JP,JP,7
7A984FF1-6FA6-55B8-AE16-39F8743B9319,JP,JP,8
EC201BD4-7554-7F6E-1131-39F874413824,JP,JP,5
6F56EAD8-A17B-5C77-2687-39F874455B8C,JP,IW,5
A0445B11-A274-50B0-9F3A-39F8744ABFF2,JP,IW,6
462FD136-13BA-CB2F-4B6E-39F8744DF9F5,JP,JP,6
F6AB813F-8212-6D6C-2464-39F874512D29,JP,I6,7
260A53BF-FF62-D6BA-0BD4-39F87454B2EA,JP,JP,7
AB01910C-DF6C-8AB0-BA05-39F87459A8E4,JP,JP,7
2940254C-7253-9258-98B9-39F874667297,JP,JP,8
68AB1D8D-35D8-95BE-059E-39F87469A6C4,JP,JP,9
AE6F6121-2F79-EF85-5112-39F874D65B8C,MH,TV,9
B93EDAD3-1A1C-6F50-0451-39F874DC1E2B,KI,I5,3
D2B54807-6135-53B4-C057-39F8753A4C7C,MH,I4,9
9E60E035-61C6-A849-9699-39F87952C470,EC,I5,8
58D986C5-D019-02F0-9675-39F87E0EFD70,MH,H4,9
C7D1E7CA-F886-61F5-A448-39F87E26F931,US,PX,10
50940DC2-CA28-87B4-41FF-39F87E2EF243,TW,GL,9
487E0E4E-8BE8-4F99-8B6D-39F87E696050,PG,PG,9
B4F7A205-80DA-1DC9-6192-39F87E99638B,KI,GL,9
29DDC0E3-360A-4F85-7B4E-39F87EB9E72D,FM,TV,9
3282AB9B-1E62-E00B-B92C-39F888EBBAC8,PG,PG,9
4599734C-BAFC-AAD1-E8A1-39F88A943719,PH,PH,4
12A0E3CA-8725-120E-97DF-39F88AED44EC,PH,PH,4
EC9F4B5C-08CE-A0EE-83F1-39F897B16A6E,MH,H4,9
3D2B78F1-3254-55D4-3C69-39F899245593,PH,PH,3
C7986EEB-E320-FB39-7A04-39F899A4DC5F,PH,PH,4
4DAD71E3-D79A-29CF-F0A8-39F899B48640,PH,PH,4
3CF46ECA-F072-0542-20D1-39F89D02A0F9,JP,FM,8
651F6496-C105-55E6-561B-39F8A2178734,KR,TK,9
229D07EB-A127-E98D-77C5-39F8A280B4F8,KI,TV,8
D269DC63-6A70-7BE3-D8B1-39F8A2E857B6,PG,SB,10
6A1BA87E-1C22-14CD-89E7-39F8A33B5AC6,PH,PH,5
52CACED3-B9D1-E7D0-B59F-39F8A3594F0D,PH,PH,4
6D6EAC1F-B62F-1F31-4D93-39F8A3EDAF9B,PH,PH,5
67454473-1EDA-06C9-3C23-39F8A40B21A8,PH,PH,5
38F7C937-5079-BE66-A897-39F8A749FE91,NR,,11
D80177F0-ED41-16F7-5CEB-39F8A88288A0,PH,PH,5
07478DB6-67B7-8130-4D63-39F8A8890BE6,PH,PH,5
CA2C60B5-BEEE-1FE4-3DB4-39F8A88F6106,PH,PH,5
83BB3496-A503-B334-061F-39F8A89D426D,PH,PH,5
83B1B753-46F8-0ECA-F5ED-39F8ACC6A752,KI,PX,10
07C0C4F6-D8E3-9BFA-F61A-39F8ACF9D172,PG,PG,10
FD265074-8593-749E-C807-39F8AD5D0897,PH,PH,5
80681C7C-08B6-A20D-7B37-39F8ADA75C5E,TW,TV,9
5A72F8AC-1072-73EE-1ED5-39F8ADBA5808,TW,GL,8
0D4669F4-C6D4-B81B-71E9-39F8B17823D4,VU,LN,11
2550FD4D-35FB-062D-9D71-39F8B17A9AE8,PG,CK,11
1DF13299-72F5-741F-02E9-39F8BBD693C4,KI,GL,5
9861CF10-7774-050B-5E37-39F8BBDE8765,US,TV,11
CE3DFC29-F2BB-17A2-7051-39F8BBDF9D1C,US,TV,11
1641530D-A2CF-59EF-7E0C-39F8BC347A8B,KI,GL,10
92857501-BC16-01FA-8CDD-39F8BCFF403B,PG,CK,11
F9530345-6A57-BEA9-5390-39F8C0EA8F87,KR,H4,10
120D284A-478E-7706-EC77-39F8C146BB7A,KR,TK,10
AB0DB87B-69FE-5561-970D-39F8C15B4D62,KI,H4,10
C7BCB08C-490D-BB07-FA21-39F8C1C0C29D,KR,PX,9
C7BCB08C-490D-BB07-FA21-39F8C1C0C29D,KR,TK,9
7BD81A50-F9A9-A09A-CD7D-39F8C1CC48F6,PA,PH,5
21D3A5D5-F0B6-27BD-2243-39F8C1DB5EEB,PH,PH,5
C38F8BDA-FA5E-CB9B-5A5C-39F8C1EF0251,PH,PH,4
67D715E8-E543-70AF-6DFF-39F8C2121861,PH,,4
10C31F36-058F-BF51-D5F0-39F8C23FFEAD,PH,I1,4
E849DFF4-2E22-1E69-4BF0-39F8C63B3F7E,KR,TV,9
C2655993-1807-A44C-EB91-39F8C6733A45,MH,I4,10
2353AB21-B586-E7AF-0087-39F8C67E3E55,KR,TV,9
B363A737-A9A7-1B69-E5C5-39F8C69A34BD,KI,NR,9
C68FCF24-AF66-D44A-EB15-39F8C707A13F,PH,,4
DC87B1F5-DF4F-38C3-C7F5-39F8C707A19C,PH,PH,4
8DE6EE04-C833-62EC-9D8C-39F8C70B3A5F,PH,PH,6
6EF81E8C-8948-F95B-CED8-39F8C718FB53,PH,PH,5
F98714C8-1CC6-A9B3-A9AC-39F8C71D9726,PH,PH,4
D3A9A1B5-708C-EDAF-A467-39F8CB748F99,ES,CK,2
3B821267-E9EF-5700-50B7-39F8CBB24B2A,TW,NR,9
E6755351-3F76-C118-1CE7-39F8CBB2FF79,FM,GL,9
4CAFCC01-B138-2D74-E4E4-39F8CC43E6C7,NR,TV,9
E91DD432-E240-BBEB-4862-39F8D1D69869,PG,TV,8
460E64CA-5993-926E-1986-39F8D54E714A,FM,NR,9
D8B51CE3-C38F-C5C3-C7DE-39F8D552C5C1,MH,H4,8
86045728-7B43-8BD8-5987-39F8DFDD71E5,US,CK,11
FEB4C82F-E5AE-0A57-5AA3-39F8E043A383,MH,GL,10
E0972734-91B8-401C-DEE9-39F8E1011A61,KI,GL,10
E038E59F-4DF0-319A-C578-39F8E5928706,KR,TV,10
5E150D0D-493E-C786-C34F-39F8E5E0715A,TV,SB,10
B5A5E3A0-A4D6-EF54-3FAC-39F8E5E402F5,KI,GL,10
B5A5E3A0-A4D6-EF54-3FAC-39F8E5E402F5,KI,NR,10
46D8976B-8D22-81B5-4604-39F8E602EC13,PH,PH,5
53CA9202-7AD9-22E3-247F-39F8E608584B,PH,PH,5
2BB1F5AF-D22E-C91A-D80D-39F8E61A8A25,PH,PH,5
785AD418-4A6F-1D6A-F495-39F8EA1AF32B,KR,TV,10
7FF1C07A-D18F-0FD5-9206-39F8EA284BFD,KR,SB,10
7469BADF-6BD4-8650-F9E5-39F8EAEC293A,PG,PG,10
024F472C-2F7D-1EC9-F23E-39F8EB402B74,PH,PH,4
3D0519D0-6C79-4A58-060C-39F8EB52EC6A,SB,SB,10
3F76DA19-3943-D785-1E23-39F8EB55E979,PH,I1,4
99EF7884-2758-11D7-F354-39F8EB55E979,PH,,4
50809DEC-3169-4EAA-21C6-39F8EB767680,PH,,4
BA260062-649A-A978-ED3C-39F8EF0B0BAF,PG,PG,8
0CE069E2-12EF-8BEE-9282-39F8EF0C096C,FM,GL,9
80579A38-251D-C2D3-1B1C-39F8EF0C4E1B,FM,SB,9
3F7841B9-F9E3-13C5-55BB-39F8EF0C731C,PG,PG,9
7280CE8D-D8B4-5768-AD4A-39F8EF0C926C,TW,NR,9
B95D3F1E-87F7-26B9-1D9D-39F8EF0CC9CD,PG,FM,9
22ADD0DD-82A8-684C-A239-39F8EF0CE27E,PG,PG,9
61F46C70-C048-2178-60B3-39F8EF0D08F3,FM,SB,9
811C8DD8-9589-4002-50DC-39F8EF0D2E44,PG,NR,9
C0215EBD-511A-B8D5-7946-39F8EF0DF0C1,KI,NR,10
00D58336-FBE7-2748-AD37-39F8EF0E5B44,PG,PG,10
1E39732A-D83F-7EF4-C3DB-39F8EF0E8BEF,KI,GL,10
1E39732A-D83F-7EF4-C3DB-39F8EF0E8BEF,KI,NR,10
BEEA7934-FE51-5B4E-3294-39F8EF0EF414,NR,GL,10
88933416-8DAC-1F54-AE94-39F8EF0F6275,KI,GL,9
1BA3F679-82A4-5A2C-12E9-39F8EF0F82F3,PG,PG,10
3E37460B-AF4A-3D45-21A6-39F8EF10378B,FM,FM,9
559350D2-E881-C369-615E-39F8EF4FABDB,NR,GL,11
FFBE54AD-C997-CE8B-3E1C-39F8EFDA4361,TW,NR,10
4032BBFA-0815-5E78-1EC6-39F8EFFE0F98,FM,TK,10
70881FA6-CC15-D44D-2535-39F8F074CC22,TW,PG,8
70881FA6-CC15-D44D-2535-39F8F074CC22,TW,GL,8
71E97A71-1578-D722-CECC-39F8F4315DA6,PG,PG,10
8CB9457F-B902-F099-AAD0-39F8F4EE152A,TW,GL,7
E6F13233-BAFA-1C14-5E9F-39F8F95800D5,MH,I4,10
F70F37CB-8B17-4B00-594A-39F903F46E47,US,LN,11
F70F37CB-8B17-4B00-594A-39F903F46E47,US,CK,11
24FCA775-B326-AD4D-D9C1-39F903F53C85,NR,NR,11
A0CB03FC-CB22-E147-30F9-39F903F864B9,MH,NR,10
432761BE-B6FF-D64F-0BE5-39F904329F10,MH,GL,10
93255AE2-C456-C538-E398-39F90994E81B,PG,PG,10
68E7CB5B-310C-17E1-C788-39F909EDAA8D,PH,PH,5
C277510B-621D-49F8-3C9F-39F90DF0C2EB,FM,FM,10
69F4152C-FE06-D3FF-2848-39F90DF124FC,PG,PG,10
CCC31847-1850-0DA8-9333-39F90E9B98BB,PG,PG,10
7A0E8592-9DC3-BF42-020D-39F90EE36AD5,TV,SB,10
98557535-3F76-67E2-478F-39F90F0D1AD5,PH,I3,5
106516C8-2229-8334-1ED7-39F90F181633,PH,PH,5
97CB5F64-812D-FD25-6571-39F90F28103B,PH,PH,5
2E01B2FA-0D5A-0FA4-0994-39F90F35E2D8,PH,PH,4
E56ABC69-9F57-07B8-F039-39F90F3C15CF,PH,PH,5
DD8CBF20-93AF-D6F4-31CB-39F90F4446FD,PH,I3,5
8446E87C-87D2-A5E9-E30C-39F90F4AB22D,PH,PH,5
32086514-BE7B-99EB-B952-39F913F8EB78,SB,SB,9
07A3E90E-A748-40FB-1B5E-39F9145C9238,SB,SB,8
B532EF7E-4D3D-C983-C020-39F9145E05F4,PH,ID,5
B532EF7E-4D3D-C983-C020-39F9145E05F4,PH,PH,5
EFD7B8F7-7A39-FA61-FDDF-39F91468F4FD,PH,PH,5
E86F2FCE-4CB2-E2C5-88C8-39F9146DCCE2,PH,PH,5
1746872F-9FFD-66D7-AB97-39F91482BF4B,NR,GL,10
2550B84F-783C-D3E2-B85C-39F91890D0FE,US,H5,11
2550B84F-783C-D3E2-B85C-39F91890D0FE,US,LN,11
80B8CC7E-E7C3-78D9-DEF6-39F918CC78CC,KR,PG,10
280A2E24-0EDE-4954-272F-39F918E885E3,FM,GL,11
1435EAA1-107F-3E2F-9A06-39F9191460C6,KR,GL,11
3A10D121-ECB1-9E0E-459D-39F919718FF2,NR,GL,10
65B77780-4CD0-3C62-4D96-39F91996C01D,PH,PH,5
9A7F9239-58A1-86D8-0E9A-39F9199BAB4D,PH,PH,5
DD9EC5FB-DD92-1018-634F-39F919AC8A88,NR,GL,11
0E4E9AD6-0E80-197F-54D6-39F9228A5A1B,PG,PG,10
D4356818-C1EC-3F9C-CD7A-39F9285DABF1,KR,GL,10
330C5457-831D-C1E1-8BEA-39F9287D8A19,KR,PG,8
97801B18-760E-3D4D-922D-39F929187176,MH,NR,11
1C0D39D6-C8FE-E28B-9B90-39F9292D0B3D,MH,GL,10
18997BFE-E276-2183-77FF-39F92D59418E,KI,GL,11
6AD61FEF-8B81-81F5-556B-39F92D6F92D0,US,PX,11
30C2FF41-91D6-1AAF-BB1A-39F92DA04DBC,KI,PX,7
736B361B-5F2A-D7DA-C8BC-39F92DB3C6D5,KI,GL,8
7959635B-0E04-2682-AC39-39F92E32E25E,KI,GL,10
E3393B58-0D05-AD85-7D5C-39F92E507336,KI,H4,10
4C3FCE06-4030-C904-37BB-39F92E6C7AA4,KI,LN,6
6444F31A-BD58-F504-2B1E-39F92F0D693D,PH,PH,4
86B02690-33BB-40C3-CA58-39F92F0FC355,PH,PH,6
C6A292CA-FCF2-0DEC-BFD7-39F92F2DE3A8,PH,PH,6
A69114EE-A7F1-9A92-0F6C-39F931FD4503,TW,PG,10
66832CF6-3DEF-E39A-D912-39F932C077EC,MH,TV,10
56EF168E-F164-DA5F-3242-39F9330294D5,JP,H5,4
92B00938-DD6D-48E4-F59A-39F9334B4AD6,PH,PH,5
8FD322AB-8D1F-5292-EB72-39F933AC28A3,PG,PG,11
BE933343-21AB-75EC-944A-39F933CA52A2,NR,NR,6
0883CDB9-1E86-8F32-0F26-39F93437F7BE,PH,PH,5
FA3E564C-0A9C-9D93-C585-39F9349BC9CA,PH,I3,4
CC491763-7DF3-4187-5791-39F937225273,PG,PG,10
DFB95FAA-46E9-3C7A-222A-39F93722999D,PG,PG,10
C0377471-9AC7-C288-1F70-39F93722BB84,TW,NR,11
A9444C21-F01D-772C-7527-39F93722E4A3,TV,PG,11
39381BD5-A559-7C68-07EC-39F9378558CD,KI,PX,8
ADDF1BB9-B5DF-E7CC-3367-39F937B2C173,KI,PX,7
0D1C742F-78B6-376B-C609-39F937C5FAD2,TV,GL,10
8086DDEF-095F-5644-84BF-39F937F92127,NR,PG,10
5E090D74-F42F-D1BC-E40F-39F938027EF6,TW,NR,10
0EF76619-192A-8832-BE5C-39F938107B71,KI,I4,4
0083AB36-C77E-6634-4648-39F9384969B8,PH,,5
124FB6EB-456D-8996-6DE6-39F9384969DC,PH,PH,5
0314138D-E740-255A-8CC7-39F9385CCFFA,PH,PH,4
F685906C-016D-6799-4A1C-39F938641EE1,PH,PH,6
1E037E26-1B36-E0C6-83CE-39F938663FAE,PH,PH,5
CCFC7E52-BFF8-39AA-0471-39F938793577,PH,PH,5
45FAB0E9-2160-C7F3-15DD-39F93942009F,PH,PH,6
D4F8C27C-4666-827E-234E-39F9394EF018,PH,,6
4062F970-B865-DF4E-6FC3-39F939CDE599,PH,PH,6
5418F50E-13BA-0CEA-C846-39F939DB3BEC,PH,PH,6
98B86C89-95A1-4EB7-BC12-39F939E485AC,PH,PH,6
5798D611-5AA9-99FF-D376-39F939E972CF,PA,PH,6
85587E30-E0D7-FD3F-8F42-39F93D7C2CB7,PH,PH,6
5DC5D448-E928-9736-9970-39F93DDC091B,KI,LN,7
D06631A6-E204-B337-40AC-39F93E1D2011,SB,SB,9
A44488AF-69A9-2512-3BEE-39F93E3A320B,SB,SB,8
83582B77-9986-CE2E-60C8-39F9416F6493,MH,GL,10
F3072AF2-DA25-BC9E-4E6B-39F9416FACE4,FM,NR,10
D6EA3FBD-374E-DB4B-3514-39F9416FFAD1,KI,GL,10
772D63B5-1F35-0B87-AA44-39F941700C30,PG,PG,11
CC0AF5C6-D378-C375-EDB1-39F94C73E5D1,KI,I5,10
795B0D33-9E0B-21D1-2F88-39F94CAE0CCF,SB,SB,7
C061653D-4250-57E4-495D-39F94CBA5B2E,KI,H4,9
F2D417C4-B664-37B2-CB66-39F94D0710F2,TW,PG,10
C21D7F4E-CEB3-337C-1324-39F94D0E5ABC,KI,CK,7
88836722-6124-81C5-59C5-39F94D22DBCF,KI,PX,9
02D76AE3-161B-43A7-A17F-39F94D32677E,KI,PX,8
DAC2DDAB-09E6-2416-A725-39F94D3AD398,KI,PX,10
4B957D5A-C837-10B2-C521-39F94D4907C1,KI,H4,11
31180013-8687-3017-3096-39F94D525C9D,KI,GL,9
2F61F174-EFE0-C038-DFDC-39F94D54ED34,KI,TK,9
4B256715-52CF-0F6A-BFB6-39F950E38D54,MH,NR,10
60A3D957-9CB8-111E-7C4B-39F950E486DC,FM,PG,10
87B20F1C-4D52-2829-48E8-39F950E514B7,PG,PG,11
950B1719-8B08-6370-06EC-39F9510F739F,EC,CK,10
89CBC5DF-E257-BB38-8031-39F95162FF05,KI,GL,10
480B3B2F-4ED5-5D07-57EF-39F9517521F4,KI,SB,2
0F08FEF7-4BB6-A5F3-D75C-39F95189B129,KI,GL,8
37152570-AE57-BF26-AF00-39F951D21952,KI,LN,6
F7859FFD-DECE-8922-3FC5-39F9522D5830,KR,GL,11
E643BC3B-A13D-0714-B977-39F9526DC707,KI,GL,8
28B6FFE9-E8E3-8080-2863-39F9529BF096,KI,GL,8
F86F0D75-5F67-BBFF-5805-39F95566831A,US,TK,12
4574A5A6-8D54-4777-AD6A-39F956B43215,VU,TV,11
FA2C494F-FBB2-A798-FC00-39F956EDBEF5,KI,GL,11
4B689C7B-7B85-AEDE-CC9E-39F9572E1663,KR,GL,11
63AA745C-7799-9677-510A-39F95773F2A8,KI,PX,11
83080778-8AB1-4CE7-62B7-39F957822DAA,KI,H4,9
5985AD59-1926-1B8C-B610-39F95BF48FF9,KI,GL,7
40CD46C3-0030-E37D-277C-39F95BF50306,KI,GL,11
704035D6-30EE-AF8F-0EE9-39F95C02BE7C,KI,GL,9
7C3E81D4-3E80-E4F9-72E5-39F95C818BDA,PH,PH,6
47CC1142-837B-E516-F502-39F960A67810,KI,GL,8
C7ACDBBD-861B-1F7E-5BD9-39F960C4FE96,TV,GL,5
4C9171DD-A717-3F0A-6D91-39F961841E6B,PH,PH,6
ED257FF8-5CEC-9FA9-92A9-39F9618D3A61,KR,I4,5
D9674BD2-C59C-04C9-BFD0-39F9619DD849,PH,PH,5
97510996-0F0D-D48E-2939-39F961AB163E,KR,PG,4
4B0A403C-E74E-7935-0240-39F961C197C5,PH,PH,6
D12EDCDA-58ED-FF2F-C728-39F961E52FDE,KI,GL,9
A18E0909-302F-09BE-52DF-39F9620DBA4F,TV,TV,9
20F9781D-3302-1D14-6ADF-39F9620F3999,KI,TV,10
104CA9B4-0B17-F554-A2EA-39F9621CB591,KI,,10
AC166FA8-40C9-5962-903F-39F9622D7F1F,TW,PG,11
9E0A066F-2A76-A80C-BF9C-39F9657E6486,PG,PG,10
CF4DC97C-7D1F-99BB-78F7-39F9657EC538,FM,FM,10
62B5C54D-BFFD-7096-ABAF-39F9657F3690,PG,PG,10
AE3BE977-1568-EEA3-B371-39F9657F606B,FM,NR,11
D4BB7D20-4C3C-0499-22D0-39F965801F2C,NR,GL,11
06306E29-C8F6-D8EC-F787-39F96FC86C4A,KI,GL,9
D7CF4F4B-93DE-A492-F20D-39F96FC8BF47,TW,SB,10
5011FFC8-7682-D60F-EE7C-39F96FC90CD9,TV,SB,10
DDA0E989-987B-4EFB-5BBB-39F96FC97DE7,PG,PG,10
A5EEE758-8A17-2EDD-3F9A-39F96FCA9040,FM,PG,11
B587B297-8C53-113B-21DD-39F970498C23,KR,GL,10
3A974731-5623-7169-931B-39F970564783,KR,GL,11
AC168A1D-3A88-CC11-C539-39F9708A414A,KI,GL,11
53E54356-8ECB-63D5-5853-39F9716F78C8,KI,GL,7
50C2D519-5A5E-B5F2-1126-39F9718C02C6,KR,GL,10
61F3D46D-DF1A-4C03-B325-39F97526B213,KI,H4,11
79367365-AEDC-77BB-D664-39F975AB81E8,KR,TV,10
7091AB24-A970-D59A-7D2F-39F9766D9778,KR,PX,11
28AD45FD-4D2E-84FC-E22D-39F9767B05A5,KR,GL,10
2B762DCE-17F2-FCFC-491B-39F976B83D31,PG,PG,11
AC348540-2F01-4B34-425E-39F97F9449DE,KI,PX,10
37BD5A45-F2FE-149C-F8EE-39F97FBD1880,JP,SB,1
BB16F906-1F9F-8ECD-C467-39F97FCD8709,JP,PX,8
C3288B33-071B-44CF-EB87-39F97FFBE595,JP,TV,9
C3288B33-071B-44CF-EB87-39F97FFBE595,JP,GL,9
86BE6DBE-C6AA-6A70-51DD-39F985300C38,SB,PG,6
4DE737E1-7078-774D-CDC8-39F989890837,PH,I4,9
4DE737E1-7078-774D-CDC8-39F989890837,PH,NR,9
53B7220F-43C7-5247-3F32-39F989892E52,FM,PG,10
06E3797B-EBEE-026B-C2C8-39F989896371,PG,SB,10
C35860ED-9203-5B2C-22B4-39F9898A977A,PG,NR,11
E8CE678A-750A-0AD2-971B-39F9898AC013,FM,PG,11
FCC3FE24-1EE3-79E7-AA49-39F9898AE3FE,KR,PG,11
F7900A6B-EBF1-F749-4E57-39F9898B0789,PG,PG,11
A4D044AC-CF16-40EC-79D4-39F9898B1F68,KI,GL,11
B5DFB830-9CD8-851E-B413-39F9899D97BD,US,H5,12
DF32213F-5EB2-A5C9-EA0F-39F98EAE1237,KI,PG,10
AD14BCC7-ACA0-3158-BBA7-39F98EAE9D3A,TW,PG,11
B7773585-A774-0E7E-6DE2-39F9943D46A5,US,TV,12
CA4EEABB-0E6C-A25D-7978-39F994766FD8,US,H5,12
34D39629-AC50-6675-C630-39F9954AE48B,KI,H5,1
F09D81F8-E057-68AE-835B-39F998FB2294,PG,PG,11
9885A650-8160-BE83-2EB2-39F998FBBCD6,MH,GL,11
358BCAC6-A158-9ED5-14CD-39F9995AEF03,VU,PX,12
03A095FC-2DFB-E089-7B70-39F99E22F5BF,FM,H4,10
B698BEB0-9AB8-7EBA-426C-39F99E23CD92,FM,NR,11
0CE586B4-68C2-6419-E32F-39F99E245801,PG,PG,11
79CA8250-3B1F-05C2-E79D-39F9A34AD043,MH,MH,11
F3309C0C-5330-667B-0576-39F9A34AFF1E,KI,GL,12
C8C789E3-9B36-D248-D420-39F9A34B36AA,FM,PG,11
FDE2922B-F859-CAF4-EF5D-39F9A3F031D4,NR,GL,12
684CA50E-405B-1B97-E73A-39F9A3F193E6,NR,SB,12
684CA50E-405B-1B97-E73A-39F9A3F193E6,NR,GL,12
5FF3A5C0-A22E-1C30-2E6D-39F9B2BB9C01,PG,PG,11
E3F21726-2D9C-38CC-8AD5-39F9B2BBD8B0,PG,PG,11
E8415099-01A3-DDCA-D330-39F9B2BC2284,NR,PG,11
7C6D496D-757F-C63A-770D-39F9B2BC86E8,PG,PG,11
C7CE13BC-145B-B349-8DF4-39F9B2BCB880,MH,MH,11
947A89C1-7FC0-D028-AF92-39F9B2BDB4B4,TW,PG,11
08F72625-89BD-1DAB-5CCD-39F9B2BDCB7D,MH,MH,11
08F72625-89BD-1DAB-5CCD-39F9B2BDCB7D,MH,GL,11
7EB6BBAE-C0BF-3A7A-9C42-39F9B2BDDC23,MH,GL,11
7ACB6DCA-3F04-9777-E79D-39F9B2BE1F75,PG,NR,11
53CE796A-4CE5-FF3E-B725-39F9B2BE3A5C,PG,PG,11
9BB4C8F6-D180-7250-59F7-39F9BD091E9E,PG,PG,11
D8D7D1B9-4961-191C-B926-39F9BD0986A6,PG,PG,11
9F49B865-9344-AC0B-0042-39F9BD09AF5E,NR,PG,11
56B87413-1371-2650-7D21-39F9BD09FD7C,KI,NR,11
8E494AE9-3E55-C5A3-2111-39F9BD0B3021,SB,PG,11
7C967B25-E699-CB63-5E69-39F9C2B73F9A,KI,GL,11
55943ADA-BB5E-057B-E934-39F9C3275DB2,NR,GL,12
B21438F5-F3CB-448F-5E5D-39F9C755E7EF,KI,PX,11
87F740E5-C2B7-3A6B-5C66-39F9C7561816,TV,PG,11
C6F4F808-FB87-7063-B054-39F9C756608A,MH,NR,11
EEFA08CF-6661-0356-ECE0-39F9C7569D5B,TW,NR,11
841DD6C7-7DBC-9890-8390-39F9C756F26B,FM,PG,11
A9348952-BB5E-35B8-E311-39F9C7575AE6,PG,PG,12
1E297D13-80D6-C0B8-08BD-39F9C757898B,KI,NR,12
4A4FC512-E772-9817-F275-39F9C758040D,KI,GL,10
D78CC1CD-BD04-F865-B737-39F9C83B5DDE,PG,PG,11
8BC19A70-15C6-7319-41FC-39F9C87DE7A1,NR,GL,11
FE8192E2-A10E-3889-D368-39F9CC7C61EF,PG,PG,11
BC5ADC65-8688-D6C0-9662-39F9CC7D12B2,TV,PG,11
BA4C7FA1-9797-A48C-F1D1-39F9CC7D97F2,PH,MH,11
939A7D76-549C-B02E-5742-39F9D1A14127,PG,PG,11
D8AEDA4D-86C0-BA6E-8E3C-39F9D1A18517,KR,SB,12
2BECCC0D-6BCE-0974-4ADF-39F9D1A1AAC9,VU,TK,10
E492EFC7-32EC-1FA8-7704-39F9D6C8C962,KI,PX,11
C2AB7CDC-6DC1-F05E-D10D-39F9D6C91B22,FM,NR,11
258FE067-4C93-9D11-ACA2-39F9D6C93DA6,NR,NR,11
4C2FAB49-4EAB-87B0-A5F8-39F9D6C989B0,MH,MH,11
EFF25079-BD20-664D-8EE6-39F9D6C9AC53,FM,NR,12
CA60C11A-9C30-7BA7-5DC8-39F9DCBF0816,KI,NR,12
CA60C11A-9C30-7BA7-5DC8-39F9DCBF0816,KI,GL,12
DF30FD90-701D-F91C-7E5A-39F9DD11C0D9,US,H5,1
1584D62D-5AF9-AD03-FF1A-39F9E115FFFF,FM,PG,10
08191460-9B9A-0542-4125-39F9E1164D92,KI,GL,11
98164486-E9A7-E79D-5A2B-39F9E116E85D,NR,PG,12
D2DD0484-6AF7-1DFD-12FA-39F9E11711F8,TW,NR,12
1D8120C4-AA76-97D1-CBB6-39F9E11750E8,TW,PG,11
87AF08E9-E842-BF8F-74E2-39F9E117B5E4,PG,PG,12
5610BBCC-EC5C-C3F9-98AF-39F9E19E292E,MH,,3
0503F7C0-23C5-65C2-0E0F-39F9E19EB6F1,MH,TV,9
91879C84-B3B8-FEA8-9E93-39F9E1F5AA2A,PG,NR,11
DFD10154-8AFE-8CC0-8D14-39F9E21AEB1D,SB,GL,9
69CB1E41-5C56-5485-9475-39F9E69491CD,MH,NR,11
40A35937-5954-7C3B-47BB-39F9E6A212AE,MH,NR,12
52351A6D-C5D4-0543-F36F-39F9E6C1E9F3,MH,H4,9
2FCD2AFA-8754-D52B-336A-39F9E71E1FBD,KI,GL,12
2CB86F0E-2FAB-8C72-01DD-39F9E7BD7C69,SB,NR,7
0002A35E-C2E0-CF2C-5677-39F9E7E67218,PG,GL,9
0002A35E-C2E0-CF2C-5677-39F9E7E67218,PG,PX,9
50C7DD21-C2F2-48E3-A71B-39F9E8D6CCC1,PG,,1
67157A94-DA7C-4D1B-2D8E-39F9EC65ACD2,KI,TV,12
8DF1B673-D2CF-A373-F955-39F9F15ACB99,TW,NR,9
A5B25F09-BFE7-B64F-5350-39F9FAD6BA5E,MH,NR,11
63A6E71B-9C07-A763-C6EE-39F9FAD6EE90,PG,PG,11
C662FB9C-589A-1FB8-BCA0-39F9FAD71F0E,FM,NR,11
F9A00DE7-016D-362F-A5A6-39F9FAD7D297,TW,PG,11
77F75EF6-40AF-C48D-F01F-39F9FAD82BD2,PG,PG,12
5A7AEF57-09FA-918E-FFC5-39F9FAD86F09,TV,NR,12
22ECB36C-18B9-B38F-95C0-39F9FAD8AAFE,PG,PG,12
E6CB29B5-046D-97A5-BDAF-39FA004AFFE8,FM,NR,12
2A84D5EA-5EF0-6527-33C8-39FA00B1E4FA,MH,MH,12
3F2C652A-4CC7-97F5-7CC6-39FA017CD5DA,MH,PG,12
D5FADF42-6B14-6CE9-B619-39FA05240558,PG,PG,11
46035169-947C-F56F-32D0-39FA068CF281,TW,PG,7
EDE02603-F522-93A4-2315-39FA06ECA487,KI,GL,12
E1562B6D-F079-3BE9-CD3E-39FA0BFC802B,MH,GL,12
D70FA4E1-B48D-5613-79B9-39FA108CD981,PG,PG,12
6301B39A-F72C-EB76-965D-39FA251DECFF,PG,,6
4DC8562A-78FE-B3B1-67D3-39FA25B7B1A3,PG,GL,10
96BC9B31-E7DA-0A00-52E2-39FA2638719B,VU,CK,4
BA3941A9-BD44-BD1B-C67D-39FA265C7F93,VU,PX,8
0F04000C-1F0E-F58F-DCD4-39FA2A91438D,PG,SB,11
FF6D848D-293E-B56B-7B96-39FA337D8785,FM,PG,11
B429884E-94F8-9317-D1A4-39FA337E7E5F,SB,NR,12
071CDB37-9810-6D2B-5D92-39FA337EC693,PG,PG,12
3C74A604-538C-BD04-25A3-39FA337FBE6D,PG,PG,12
5A8C7731-71BA-B1C6-F6AF-39FA337FD371,KI,GL,12
84A35441-1F77-B8D6-8F5E-39FA33800A1A,PG,NR,12
3251F301-ED49-C7FA-42F8-39FA3381EBE7,TW,NR,12
97220D6E-5BF6-E6AD-3928-39FA338219E8,KR,GL,12
EAD91932-F9B7-EB2E-C406-39FA4814EACF,TW,NR,12
EC636734-83CA-4C18-5C3C-39FA48152421,FM,PG,12
6A29B84F-664C-CCD9-4786-39FA48159C56,FM,NR,12
43352860-53F0-6736-98E8-39FA481611F8,TV,PG,12
C748C29A-1578-CB34-5832-39FA49DC39DF,SB,PG,3
9221FEEB-DB60-DABC-4F6B-39FA4D3A4ED0,PG,NR,11
FFEFE4B3-DF16-B069-F1E4-39FA4D3ACF22,MH,NR,12
7BE917FE-F363-0DD6-1D89-39FA4DC0C17F,EC,LN,11
4139B210-66C8-2099-F65D-39FA4DCB4714,EC,CK,12
CE75B0B5-61FF-DCA3-9F1C-39FA4EBD6CCF,VU,PX,12
80C5D524-0187-7D98-EDF7-39FA52621B82,MH,NR,12
80C5D524-0187-7D98-EDF7-39FA52621B82,MH,GL,12
F726D69D-2BFF-5624-CA60-39FA531734BF,US,I5,1
666FD2AB-4E7C-5A02-846E-39FA5788D76B,FM,NR,12
C61E4E59-D922-B003-D011-39FA578900A6,PG,PG,12
12FAC1FD-38C2-CB1C-90F5-39FA5789823C,NR,PG,12
B8C78C1E-17BF-987D-B528-39FA5789FC9B,TW,SB,1
B54D8476-3867-B74D-0EF2-39FA5923A4D2,PG,PG,11
CCBE362F-D696-07CA-7DE9-39FA5CB04AA1,SB,SB,12
CB45EFC8-9377-106E-B613-39FA5CB08028,KR,SB,12
8055F215-3CA1-51D0-E4BB-39FA5CB0A845,PG,PG,12
142760AD-C492-50EA-7D50-39FA5CFA3788,PG,PG,12
09FFCE38-F809-3DDD-D2F0-39FA5CFC2A90,KR,FM,6
BB8FFAFC-1126-4BEE-E239-39FA5D05BADD,KR,TV,11
738C0BCB-B36C-AC66-56D5-39FA5D148683,KI,TV,12
771A28BE-BF08-FECB-8FFC-39FA5D455F73,FM,H5,11
428A1338-256B-92B9-AB07-39FA5D53FAAB,FM,PX,12
0E770794-2F8D-8DF5-AC18-39FA5D8C68EB,FM,H5,11
7C563076-0318-D3F1-0C28-39FA5DA1BF86,KI,GL,12
6B25A1FA-90A3-F102-4601-39FA5DC03232,PG,PG,1
9ED2CABE-7F28-B733-1C4E-39FA6C634917,PG,PG,12
3380EF87-40BC-FB17-2CEB-39FA6C63AE8B,MH,SB,1
12C5DB31-E1A9-4112-BE15-39FA6C88C7E3,PG,PG,12
1B8D114A-0900-B697-B4B3-39FA6CEBA179,TW,NR,12
B431F76D-57F7-D471-B985-39FA6D04889A,KR,FM,6
2065BA64-8530-7976-D5DA-39FA6D9E1085,TW,NR,12
1121269F-FC18-AEB1-C9A7-39FA6DB164FD,KI,GL,11
6C0E5EDD-B640-9994-E1FD-39FA6DB839B6,PG,PG,7
47D13BD5-D24F-88A5-A577-39FA6DCCA2A1,JP,SB,10
09D0535A-C57B-5176-579E-39FA6DCE45EE,PG,FM,10
B4AC1A69-3557-EC5D-0EC3-39FA6DD01029,JP,MH,9
43FD22BB-19BB-5484-520E-39FA6DDDDC32,TW,SB,12
C15D6E26-A7EA-0264-011B-39FA719AD49F,FM,PG,1
AA20DC0B-51D7-0904-6F00-39FA71B0F0AA,FM,PG,1
62F6521B-D9D5-40F7-E9C3-39FA71B46FE2,FM,PG,12
883654A8-BA34-12FD-8B30-39FA71BC38CD,FM,PG,12
D38E07F8-0A53-019E-E66E-39FA71C40A0B,MH,SB,1
7B23622D-A3DE-7882-2DB1-39FA71C719A8,KI,GL,12
051B5AE1-47D0-389A-7FDE-39FA71CD9FC4,KR,GL,11
3BEE0C74-3F39-58E4-CBCD-39FA71EE9570,KI,TV,11
10F1443A-5041-C896-6735-39FA71FDF799,KR,TV,11
F36BFC94-5E48-CCD6-30A4-39FA720E5580,KR,NR,12
5C3AB688-F7E3-557B-E0E9-39FA7213736A,FM,PG,12
C7FF39FE-681F-33CD-1954-39FA7214D937,FM,FM,7
0B61C9BC-25BB-E8CA-BC3C-39FA7216C6C1,FM,PG,12
6451E0E9-75B7-0CF9-01A6-39FA722DFAF4,FM,PG,12
F4C04B7C-09D7-DD34-048B-39FA72309A04,FM,PG,1
6EE7D585-560A-F96A-948D-39FA723E46BE,FM,FM,7
89D0452D-EF24-B1EF-9923-39FA72453521,FM,PG,7
89D0452D-EF24-B1EF-9923-39FA72453521,FM,FM,7
4E23A927-A017-FA97-EAC0-39FA72FE5263,JP,NR,12
11CEAE1A-910D-2959-DE1A-39FA778DA80A,EC,LN,12
02102B70-D200-CDBA-5FB3-39FA77E8538F,PG,PG,12
B07FE156-013F-1A87-3343-39FA784F8433,TW,SB,1
5FB14EEB-AEEC-E082-6D22-39FA7BF32380,TW,NR,12
2D49C2D4-8CF3-FB9D-60B1-39FA7C07266D,TW,NR,11
8C4C8CC5-AF94-C4EE-1B71-39FA7C0BC071,KR,GL,12
635AE176-5B2E-6A88-0D7F-39FA7C0EEDAD,TW,SB,12
8CB21F3E-DB3C-8248-2707-39FA7C1D0D5D,PG,SB,10
FBFFF5FE-1EBF-383E-5BA9-39FA7C20B0FB,FM,PG,11
7BA61626-7A05-4FB5-4F51-39FA7C39E444,FM,PG,11
C1268417-1528-D841-33C3-39FA7C4AD4F0,FM,GL,12
3F14BAF8-B4DB-2E72-AAD9-39FA7C6EAA1A,KI,GL,11
3D2A350F-D927-BDEA-32F3-39FA7C77A6CE,PG,PG,1
4D080EF3-D328-8AAB-13A7-39FA7C7E84B4,KR,TV,12
7A17638E-D8FC-33D7-65EE-39FA7C7EF3BC,FM,PG,11
6BEAE4BC-1CB2-E365-18D0-39FA7C8CCBB0,KI,TV,12
544143B7-569A-2CBA-5FE8-39FA7CA26BEA,FM,TV,10
8114CEF6-5027-B9CF-A6CC-39FA7CF8FCAB,TV,PG,9
3C0DDB7E-E4BB-D31E-7EC6-39FA7D062B3E,FM,GL,12
E1AB6F96-3A35-DC74-1EEC-39FA7D076CA8,KR,TV,11
B0AADC71-C663-2FFB-0A8A-39FA7D32808E,KR,PX,12
46173F89-5038-2B73-8F7F-39FA7D489362,KI,NR,12
AB4932CA-1A75-3FFD-E84F-39FA7D4F95C0,FM,H5,10
622464C3-9844-7C7D-9105-39FA7D54BD9B,KI,GL,11
B06D031B-DE0D-743F-F8E9-39FA80BBC59D,NR,PG,12
9F774940-352C-8E80-5960-39FA80BC21DF,TW,PG,12
665BB2BF-4367-E76A-2494-39FA80BCB1AE,FM,PG,12
2C41AEB9-E2AC-2464-2327-39FA80BDEBC3,SB,PG,12
55BA80F5-35CA-49ED-9038-39FA80BE32C3,PG,PG,12
74E3C56D-AB6C-6F06-C8A4-39FA810890DB,PG,PG,12
60193C3B-879D-ED0C-9313-39FA8181AB6D,KR,PX,12
60193C3B-879D-ED0C-9313-39FA8181AB6D,KR,TV,12
59336430-BB45-DCC9-8F9E-39FA81977679,KR,GL,1
59336430-BB45-DCC9-8F9E-39FA81977679,KR,TV,1
9B5E44CF-7791-0755-6A72-39FA819F5EC1,NR,TV,1
03B179A4-5451-9F58-1774-39FA81A109B7,FM,I4,12
2D319DA7-C450-C9D3-EC56-39FA81B5452A,EC,IW,12
A0D726D5-845D-A3F4-5A94-39FA82098352,KR,TV,1
68790D68-577E-4F31-AFCB-39FA82124C57,KR,TV,12
C1B6FBD1-C77F-B699-C4BB-39FA8223DAB6,KR,TV,11
BD8AB7A2-FE2C-7818-B385-39FA90666B03,JP,,11
106AEDCE-76FA-DCCA-3865-39FA906D48BB,JP,,12
7487C4C3-A05A-B839-9BA3-39FA907AC6A9,JP,FM,9
D7071054-8E2A-6C9A-7748-39FA907EE63B,PG,PG,1
A45B3B3A-5C20-49BB-32E3-39FA908A73CD,JP,,11
5BB4F6E4-7110-B719-D3DB-39FA908C2E86,JP,,11
65BDC43B-B57C-B975-3715-39FA90A04CDA,KI,TV,12
65BDC43B-B57C-B975-3715-39FA90A04CDA,KI,GL,12
E446F2CF-BC6B-B824-CAF7-39FA90D73011,KI,PX,12
E43BC1FF-61AC-A8F3-0248-39FA90E5DC17,US,I5,1
F4BD948B-3232-8571-8CA5-39FA90E91411,US,I5,2
D74E4165-CA40-2E86-1017-39FA912BED58,FM,PG,11
174B4F8C-9ADD-6603-E016-39FA912C45B2,KI,NR,1
C21D1A5A-DC7A-656A-41B7-39FA913B0858,US,IW,9
3CD945D9-EB13-C291-2D14-39FA91A7D66B,MH,PG,1
4DE1BBFB-BC0C-89B1-FD2C-39FA91BBF237,PG,,12
CFF9EDFE-ECA0-8265-6569-39FA91C22E87,JP,PG,11
0EA5D1FD-0A65-6C3F-F1E6-39FA91C98340,KI,PG,1
45F8BF2C-8CD3-B546-52A1-39FA91CE0DBA,PG,,10
373C70C9-31FF-AD8B-94BB-39FA95DAF4D7,PG,PG,12
E9C48DC7-DC92-5E0C-2583-39FA963B25E7,KR,TV,12
A2FB5607-2011-BE61-BB96-39FA9A8116DC,PG,PG,1
0DF6FE58-024D-BDE2-1A0D-39FA9C16A6BE,KR,TV,11
A2A78857-EBC4-F340-5BFE-39FA9C293861,KR,TV,11
1ADF7004-73C3-7793-9B58-39FAA01A228F,PG,PG,1
47AC2E68-BA14-4884-1FA0-39FAA06E5AE3,FM,TV,11
13885AB0-30D5-691F-F350-39FAA07A3D23,KR,GL,12
7CDC95C0-943C-EC2C-8AA1-39FAA08DAEC5,KR,NR,12
5BAFEBD7-4E18-50F9-4BD1-39FAA0946FBB,TW,SB,1
E5BFF606-CB15-C005-B69D-39FAA09C01DC,KR,TV,11
1F9D13B6-E9C7-78BD-5056-39FAA147397A,KI,NR,1
E33E67C8-E0D0-C52D-F109-39FAA4C6B1FB,NR,PG,12
1804C6EF-3827-EE4C-8506-39FAA4C78566,FM,PG,1
5E9AB689-45F0-A62B-2281-39FAA9ED79B7,MH,SB,12
6F08523B-CA05-99A6-6930-39FAB4D93671,US,H5,2
6A472D43-CA9E-8DA9-BE3E-39FAB4DB57A7,US,H4,2
0871C0C6-B1AE-BF54-A6AE-39FAB4DC71E8,US,H5,12
EA386E79-B331-29D2-641E-39FAB4DD80EA,MH,SB,1
1B63ABD8-D7CD-86BC-90EA-39FAB4F6F7BF,KI,TV,12
EFE4507D-2769-BD01-BF75-39FAB5D85AEE,FM,,12
90E38607-07DB-1DFA-3B06-39FAB5E3103A,US,H5,10
4EBE7A04-6668-098E-F849-39FAB5F19BD6,JP,FM,7
31DC7667-7520-0A87-ACB9-39FAB61C8B97,FM,PG,1
4AF98847-9AE9-8838-6605-39FAB62A6C59,FM,PG,10
9AFB34FD-1199-97C4-2FF4-39FABE8AE6C1,NR,PG,12
0BC98636-E5C9-4D43-9E81-39FABE8B7A29,NR,PG,12
75CF64A1-A1BE-0FF3-DA14-39FABE8C3E1A,KR,SB,1
44F2E67C-FE18-8628-05F9-39FABED52926,KI,FM,10
3979581E-6E66-F7F4-669E-39FABF1AAA0F,KI,NR,1
7FC4C235-C4D9-8F93-FC05-39FAC3E63A58,MH,SB,12
AAC2CA45-5625-0C2C-EFCA-39FAC4143397,FM,TV,1
253972FF-53F7-CDFD-378D-39FAC43F0C0D,MH,NR,1
4FF44901-43C9-286A-E184-39FAC593C2F8,PG,PG,12
BB0E9DC8-92F9-C9EC-9A0F-39FAC8D653A1,PG,PG,1
89820865-290E-5710-CDEE-39FAC8D69968,TV,PG,1
85530822-9A0E-60EC-4133-39FAC8D6F62D,TW,SB,1
6A5EE1EF-C27E-3813-4F6A-39FAC8D71DC0,NR,PG,1
2E38380A-D596-1C0A-D366-39FAC91E0153,PG,PG,1
1D3130BF-5524-9826-0567-39FACDFAE619,TW,PG,1
4F8BAEEB-BB9A-9709-E0F7-39FACDFB1B4E,TV,PG,1
D8958C65-0ED5-2CFB-6560-39FACDFB4031,MH,PG,1
795602E8-C42F-FC58-97B9-39FAD8CC5169,FM,PG,11
97B2D056-63C1-9A2D-9A03-39FAD8D3A80E,FM,GL,12
5F0D1F21-FCA5-9D09-D15A-39FAD8F24C78,MH,MH,1
CDE1C841-01EB-0D11-70F5-39FAD926162A,NR,TV,8
4F793E3D-BB11-6CB8-4462-39FAD97168AD,PH,PH,7
D26D5C47-CD1C-08CC-E8FC-39FAD985D438,PH,PH,6
8F5A061C-1179-F8C9-21D3-39FAD994988C,PH,PH,6
1BC21DF7-CEBB-A563-30F9-39FAD9B43D5E,SB,GL,8
1F70C4B3-62C3-D169-CE9F-39FAD9C59D79,PH,PH,6
23081F18-ECAD-29B0-4082-39FAD9E5EC82,TV,TK,10
37FCAFFC-EEA4-9C4A-5246-39FAD9F7B759,TV,PX,11
B4AEC5FB-4FED-F55E-9BA3-39FADA00CDB7,TV,PX,12
333E0817-C061-4353-8342-39FADA2D42AF,PG,PG,1
333E0817-C061-4353-8342-39FADA2D42AF,PG,FM,1
AF95CF6C-9170-F600-A67A-39FADA568BB9,PH,PH,6
BEB9B90B-0AD1-DC6C-5CCD-39FADA752F94,PH,PH,6
084D278E-1B98-3994-801B-39FADA8DA06F,PH,PH,6
EAC1075B-FAF6-39D8-D8A1-39FADA9632C8,PH,PH,6
756F829F-CEA5-7861-1968-39FADA9E14B0,PH,PH,6
BE0FE4A1-9250-8E89-3B68-39FADAF27F5B,PH,PH,6
2C9BA41A-55DE-EEC5-A3E5-39FADDF31FF8,SB,PG,11
D952604A-D91E-E033-EB82-39FADE03C03E,TW,SB,10
A11EC5A6-5D3C-A0AB-29F0-39FADE403994,FM,FM,9
CDBC3568-7D26-766D-9617-39FADE4807C0,US,,2
E98DBCA0-C78C-53DA-B24A-39FADE63F7E8,FM,FM,6
CEFDF53C-42AC-51B1-C79A-39FADE847047,FM,FM,3
BCC52A26-2010-92D3-23DF-39FADF35D223,FM,FM,5
45DB85DD-A86B-D329-9F2D-39FAE295D9F1,PG,PG,1
A0B5AC1D-46ED-526E-B8D3-39FAE2F01B1D,PG,PG,1
5BAA7819-7982-EC1E-819C-39FAE38F1A77,TW,GL,11
CF0C55FF-52A5-545F-962E-39FAE3CC09AE,PH,,4
158F6A16-0988-64F6-14E5-39FAE428C8D9,PG,PG,8
A3587A57-0F42-B894-47A4-39FAE4CC38CD,PH,PH,4
413E744A-B74B-1BB0-4775-39FAE4D4E5CF,PA,PH,4
FB1D04AB-5324-7826-A6E1-39FAE4E09617,PH,PH,4
7A139E7E-FAAD-776F-B14B-39FAE537D23B,PH,PH,4
9C987BCF-615F-7500-595B-39FAE540B378,PH,PH,3
BB5B04C5-40A8-001E-72B3-39FAE54D3530,PH,PH,4
593A9C48-F853-8CD9-9CC4-39FAE563245B,PH,PH,4
063077AD-557C-CBD1-1B28-39FAE8451E1C,PG,SB,10
F71C366F-A58F-96D5-77E2-39FAE84C8FD2,FM,FM,9
9472F10E-CBFA-30A7-4F3A-39FAE8676BA1,PG,PG,10
B83252B9-5BF2-4DED-2181-39FAE86783ED,FM,FM,6
F3F661F9-CAA9-7E2B-785C-39FAE86DDBFF,TW,NR,8
39470A64-DBB6-C619-BE77-39FAE899DD94,EC,LN,10
12F831AE-7932-688A-EF9D-39FAE8BF47A2,FM,H5,10
B178F7C6-8384-83A9-939C-39FAE8E48F94,FM,FM,7
A9CDA3A5-E0EC-3E47-8ACC-39FAE8F5CEA5,KI,NR,1
0D50EB72-E17A-81C7-225B-39FAE923C585,SB,NR,12
DA5140D1-F0D1-35FE-66C2-39FAE93A57A6,SB,TV,8
96D615DE-C555-DEB9-E508-39FAE9591616,FM,I5,9
B8C406F7-04F6-EB8E-C437-39FAE978E821,KR,NR,10
A11F232E-F10B-1D07-232B-39FAE9856237,KR,SB,12
C3202C75-996F-FDBC-B9FE-39FAE9960527,KR,TV,10
66312A04-9D9D-E7E8-DAA7-39FAE9A6BB4F,KR,GL,1
D3B60338-E9DE-6B5E-D7A7-39FAED155437,KR,PG,7
8B1F4EAE-5DA5-D887-EEE1-39FAED170203,KR,PG,6
C9EA3035-2B54-9AEF-439C-39FAED34567D,KR,TV,8
6F80E730-FC30-AD76-75CD-39FAED3C7CEC,KR,FM,5
914CCD5C-B326-89BD-E217-39FAED3DD8C6,KR,PG,8
0540726E-D615-D497-A31F-39FAED3F2C13,KR,TK,10
5460F7AB-B22C-E7D3-C1A4-39FAED46B762,KR,TV,11
B9E99F65-E7AB-9820-A16E-39FAED52CF8B,SB,GL,10
70A5B72C-1F7F-9436-4B57-39FAED5544BE,KR,TV,12
34E8DFCF-982F-E1E7-56EA-39FAED5B4FC6,KR,GL,8
79B753A4-1BAA-20E1-7FD6-39FAED5FD546,KR,,4
1E3BCAA7-B8B7-B562-21EA-39FAED677C2B,KI,GL,9
2779C998-21DD-25B8-A190-39FAED79833D,KI,GL,7
D94DFD66-C34C-3A18-2CE5-39FAED80BB0F,KI,NR,7
FD5ED36B-5F0C-668C-644E-39FAEDA3573E,KR,TV,12
4E6D57E2-EE74-7FB0-3ED5-39FAEDA754F1,KI,GL,10
B5D8B21F-161F-BD24-54F3-39FAEDE2315D,JP,SB,9
3A1E3071-704E-E320-B707-39FAEDE4E18B,JP,SB,10
A91BD7CF-5B93-1325-E284-39FAEDE79DCD,JP,SB,9
F6C48E4C-99A4-2A90-1B91-39FAEDEBA4B9,JP,SB,10
FECFDCD0-4AE0-D17E-51DC-39FAEDEFC8DE,JP,SB,10
D1E126DE-E2BC-29F5-81D4-39FAEDF1E704,JP,SB,9
E64EABBD-40F6-0DFC-943B-39FAEDF48179,PH,PH,4
0BFF443D-8440-6F06-4190-39FAEDFC102A,TW,FM,1
0BFF443D-8440-6F06-4190-39FAEDFC102A,TW,PG,1
1EC5F36B-0C90-8C8C-CB00-39FAEE126A8F,KR,PG,12
71354CD6-18F3-5CC0-A647-39FAEE180444,PH,PH,4
D2FFF151-F41F-330A-3CFF-39FAEE24CF3E,KR,PG,1
D417BCC6-F84C-4BB2-42EA-39FAEE527D28,KR,SB,1
B6D7F3D9-CD42-70A4-F414-39FAEE606A27,KI,GL,9
50F63D93-53F3-B60D-E3C4-39FAEE634259,KR,SB,12
8B826A4C-360E-1C12-AF82-39FAEE79FEE1,KR,PG,1
3CF6FF46-DA51-EF35-9950-39FAEE802E5F,KR,TV,12
ED8B1BDC-137C-B721-8321-39FAEEA83DCF,KI,NR,1
9351CFC0-2497-99CC-D14D-39FAEEFD7A9C,SB,PG,11
82B96133-3DBD-D5EC-3187-39FAFC542986,FM,FM,1
E09D25C3-049B-24B0-6901-39FAFC54FC3B,TW,PG,1
22839E4A-A9DF-2E16-0759-39FAFC551466,FM,PG,1
9B807CC3-CFA3-12BE-48D4-39FAFC553A22,PG,SB,1
AFFB154B-70E6-7855-883C-39FAFC55537F,KI,GL,1
06AE70B7-1802-7CA8-F2ED-39FAFC55EBF8,TV,NR,1
20CED29F-462E-581E-4ED5-39FAFC562008,PG,PG,2
DB8DA8E7-E0F7-088A-0A86-39FAFCB30CB9,US,H5,2
8C4D334B-09FB-A01E-7E5B-39FAFCE2E36C,KR,PG,12
2C15C37E-CF9D-8484-FF2D-39FAFCEB7481,KI,GL,9
81731BE4-7C22-A9DB-A0F2-39FAFD3F6AFA,PH,,1
AE319FED-448D-9E1F-7D59-39FAFDEA84EA,KR,TV,12
ED088753-D5AF-EE44-0E55-39FAFE547393,FM,PG,5
80029A37-4859-F977-5C60-39FAFE610234,PH,PH,1
851B6A5D-45C4-4EA1-82C9-39FAFE697D82,PH,PH,1
ADDD2067-2D3A-D2BA-3A08-39FAFE724274,PH,I1,1
3D1BE35C-46CE-421F-5FCA-39FAFEDCA816,PH,PH,1
9497EB28-CB13-7E5B-9B5C-39FAFEEC394C,PH,PH,1
E768AA4C-C600-8E51-5CD3-39FAFEF76B3E,PH,PH,2
D56126F9-A0B9-4A48-DBA1-39FB01CB5FB6,JP,GL,9
44310FA2-14CB-C9F0-8D23-39FB01CDD5E6,EC,LN,12
214977B9-E243-74E7-0805-39FB021A0D7F,KR,NR,12
33E4FBCA-DF01-734F-F532-39FB0221D1D4,TW,PG,1
E874319E-4BC8-3A06-CAC6-39FB0243E7CB,TV,TV,11
C3F93CBD-73E0-2830-2354-39FB02491A7B,KR,PG,1
18462BAC-1DE4-8A29-323A-39FB02515E0E,MH,PX,7
18462BAC-1DE4-8A29-323A-39FB02515E0E,MH,H5,7
B6D8B56B-19B1-8C51-8372-39FB02530A10,TV,GL,10
A4981260-F281-F664-9B63-39FB0262DB43,PH,ID,2
D65C120B-3549-3E29-DD6F-39FB026A5951,PH,I1,1
8DD68B93-2348-BF24-1291-39FB02D44FBE,KR,TV,1
F1408C4D-A1EA-7917-00C1-39FB02D92FF8,KI,GL,10
501052B4-6D49-ADCF-6FF0-39FB0304E8B1,KI,I4,4
F48B3A09-792F-25A2-838E-39FB031CE1C3,KR,PG,1
2788998E-853F-4C21-5049-39FB03550EDF,TV,PG,2
9D6BF7F1-FE2A-522B-ABBF-39FB03AD5BDE,PH,PH,1
9BC542CE-D1D6-A6DC-0904-39FB03D12885,PH,PH,1
CFE6EE34-5535-D42D-E3DE-39FB03F9A83F,PH,PH,1
8CBFD49E-16A4-6335-5048-39FB06C540FC,FM,SB,1
FEA5BF0C-CA9B-5E5A-4981-39FB07393B59,TW,PG,1
1E55C51F-BD26-C5ED-A281-39FB0797EDFD,PH,PH,2
94AE89EB-B228-DF31-6EC1-39FB07AAA1C8,KI,GL,1
D8569EFF-C5AE-9219-333D-39FB07BB2AD9,PH,,3
6390E506-174B-7E8B-6975-39FB08329EBE,KI,GL,12
F104EB17-B713-915C-5D49-39FB08EA45E3,PH,PH,1
21E9291F-EB82-A52A-1630-39FB08EE7D47,PH,PH,3
AC893C22-CCAD-918F-A7CB-39FB09136492,PH,PH,3
7B1B5051-961D-7AEB-7C09-39FB093E6955,PA,PH,3
D93A1780-6AE9-2495-AD5E-39FB094C85FD,PH,PH,3
E983A7ED-98C2-2F6D-C915-39FB0C75C3C3,NR,TV,12
C2BE93AF-8B78-851B-6B3B-39FB0C821842,NR,SB,10
08D3E9B8-60C8-8168-D6B0-39FB0D802552,KR,GL,2
A110F463-CD2F-5151-AB75-39FB0DA58DA7,TV,PG,2
121AE7E7-C1C9-78E0-5EB5-39FB10EEE57D,KI,NR,2
7B916C07-1719-7AF7-6E17-39FB113E63B1,PG,PG,1
2732CF18-D79C-53F9-C165-39FB115D7B4F,KI,GL,5
B8E63657-137A-74B4-02E9-39FB11C2CB8B,KR,PG,1
B95E9DEF-61D7-5679-2A69-39FB11CB2F9F,KI,GL,12
8372A5B4-45F4-30AD-68EA-39FB11E14AA6,KI,,12
053D136B-B6AF-5E88-07A4-39FB120C834A,PH,PH,3
993A6558-F762-6890-B1B8-39FB122D7B14,KI,GL,12
D139B280-2D3C-E549-3753-39FB1253FE00,PH,,3
DE285DB6-7932-4119-1AF4-39FB13059FB5,PH,PH,2
B39204B3-2A39-FFD2-96E4-39FB136B9CAB,PH,PH,3
6EB3CEF3-2DF7-41D8-E36F-39FB13768210,PH,PH,3
8DA282DC-F72D-A79E-679A-39FB16136860,FM,NR,2
6C0277BB-FF78-E7D6-BECD-39FB20606603,FM,FM,1
4D1F884F-6CCB-58AE-816D-39FB20F7E764,KI,GL,6
EB142875-6159-9025-41AE-39FB2109E08C,KI,GL,11
8395B393-B437-941D-66C7-39FB214DDD81,US,CK,11
AF3BBCDE-1AF2-27F9-B394-39FB215504EA,US,LN,3
4AA26C96-C613-3782-219A-39FB216BDDE3,PH,PH,3
CF558CA9-4100-5C08-B00F-39FB219848BB,PH,PH,3
0C8F4B7F-276C-E5AC-CE2A-39FB21A68B7D,PH,,3
A40BA641-5308-F81D-E2B2-39FB21DD02B6,PH,PH,3
892DEC30-F9FE-9A55-E9AD-39FB21EEF9C9,PH,PH,3
661CA96A-280A-70BE-B6D7-39FB232AED71,PH,PH,3
3DCF0059-90CA-50B6-6974-39FB233168F6,PH,PH,3
B4DC8814-150B-011A-C118-39FB258644B2,FM,GL,1
15618D5D-9F83-223B-0A42-39FB25869DF2,PG,PG,1
93C7783F-EA14-D4B0-F9A7-39FB258713C0,TW,PG,2
5FB653BE-7C24-90B3-FB46-39FB268653C1,JP,SB,11
D5C25A9D-5A25-F4AC-A14D-39FB268B5926,KR,,11
F1ACFC43-9F99-3C50-6C22-39FB2690FD1E,JP,FM,11
697AA8DC-1EA8-8272-1144-39FB2694CDF9,JP,,11
8CFB91FC-47C7-6B1A-AFD4-39FB279EF37D,PH,PH,3
126E0941-C79B-67B3-42F1-39FB27AC2CA6,PH,PH,3
07E80DE3-D8C1-D3CE-9B7C-39FB27D890BE,PH,PH,3
703ED8B8-2458-B983-154E-39FB27FBE439,PH,PH,3
6332B8EF-4839-AE8C-F46B-39FB2AAC682B,PG,PG,12
7401F451-1864-19CC-72D0-39FB2AAD331C,SB,PG,1
2D32D842-016F-663E-96FE-39FB2B18FE45,JP,TK,10
AF57647E-FC31-AB23-2A16-39FB2B19BB8B,MH,GL,2
FAFAD24A-B9FB-2FB6-01F8-39FB2B238BF1,MH,I4,2
018D172D-421F-7F0C-239F-39FB2B46C12D,PG,PG,1
CB465C3F-F9B4-C0C7-FCF8-39FB2B7248CB,MH,PX,1
1AA329B3-C0DD-F0EC-1121-39FB2BD92A4E,PH,PH,3
A8C39CC2-22A8-F057-C639-39FB2C1310DB,PH,PH,3
91EF7247-BA89-1326-063A-39FB2C1A2780,TV,PG,12
CCD02573-DA7C-1CC7-908D-39FB2C26A4D0,JP,TV,12
75A9C8E4-67E8-7A0F-103E-39FB2C37CF83,PH,PH,3
3B709485-2D5D-8A6F-069C-39FB2C3ECD6F,KR,TV,1
47D4511F-FF83-AB49-2C34-39FB2C3F6947,KR,PG,12
18C5C39A-9475-8096-CC2E-39FB2C4A43ED,PH,PH,3
7781C8C7-3824-AB06-9B7B-39FB2CC4280C,PH,PH,2
73C25A59-7744-616F-87C1-39FB2D8B7C1E,PH,,7
A930FCCF-90D8-FB53-1E8E-39FB307B92BA,TW,PG,1
EA916634-4B7C-C4F2-74AC-39FB30C3EB53,KR,PG,1
B6CE7BC9-62AF-EEDF-2398-39FB30DE0225,PH,PH,7
85CA09D5-CA7F-3D0B-3266-39FB30E2080E,KI,GL,1
0A8B984F-FCBD-77D5-4640-39FB30E5B65E,PH,,6
E5D47046-BAAA-A770-FB10-39FB30F33913,PH,PH,7
C33654D6-B7BC-7E6B-0B0F-39FB30FE509C,PG,H5,1
93D80AFD-8E5D-93F2-864B-39FB30FF608F,PH,PH,7
114F19D1-B5D5-E21A-A1A3-39FB310BC646,PH,PH,7
A9622314-CD48-CB12-84A3-39FB31154D6F,PH,PH,7
04C95F77-025A-12CC-582A-39FB311D84AF,PH,PH,7
8F09A75B-0E0C-9227-D816-39FB3127AD32,PH,PH,7
8D64D1CF-AB1E-4F5F-C16C-39FB31F86793,PH,PH,7
CF6D401B-262F-5B3E-82A1-39FB3201D750,PH,PH,7
F359B72F-7E0B-C0A8-7363-39FB32104DC1,PH,PH,7
B2CC63D0-DB5E-089E-D4B7-39FB3215A6C8,PH,PH,7
B24C2FDE-D3F8-5F73-1DE5-39FB321D49ED,PH,PH,6
758EA7AC-88C9-AB28-0B8E-39FB323282D9,PH,,6
2680E082-B567-B036-6BFA-39FB34FA0432,KI,TV,1
D37FA7DD-7B42-6B84-0BAB-39FB352E7A97,PG,PG,2
D1DAEC53-4E0D-E986-5925-39FB356A62CE,US,I5,12
96A972C6-7588-738E-234A-39FB36A8D48E,MH,PX,2
348D6619-EA82-FD2D-1142-39FB371882FF,PH,PH,6
CC43F056-E623-0C41-7C54-39FB371E70AA,PH,PH,7
50B5E22E-3124-A489-01DF-39FB372A9EE3,PH,PH,7
511D26E6-380D-3F66-F956-39FB37654457,PH,PH,7
73285D93-6CCB-25A0-713A-39FB376C687F,PH,PH,7
D083A61F-3B41-33EB-1A7F-39FB3775EEAE,PH,PH,7
CAF0E7FC-47F7-8ED9-0D28-39FB37AE2812,PH,,7
0096A225-20B3-0485-235B-39FB3A1FD6CA,PG,NR,1
9DF6D126-7003-9F8A-BBBB-39FB44C1D5DF,VU,H4,2
93E394AB-103B-DBA9-994F-39FB44D37668,EC,LN,1
6FD1824F-F0AA-8D9F-9209-39FB44D9A291,KI,GL,2
D0F23CC7-437B-80FF-71E0-39FB44DD220D,KI,PX,10
8BC41A55-ABE3-1A2D-E34E-39FB450E9154,KI,NR,2
476CC0F0-FF71-E525-7426-39FB45172195,SB,PG,1
F269D724-FA1F-3780-A4FA-39FB453BE9BE,PG,PG,10
C64DB8DC-9427-F2E8-8D5A-39FB4540ACD7,PG,PG,2
52B2D460-96C3-3839-9CD4-39FB454E7DDE,PG,PG,2
154DBF6F-0688-A31B-AFCD-39FB455060A3,KI,NR,9
8221C332-09A9-497F-EA3C-39FB45D58F68,PG,PG,5
F87258D5-C8B4-A8EE-A3C4-39FB45EE4909,PG,PG,7
ECAA47CD-0033-B58E-C9F1-39FB461A45E9,TV,TV,1
A9A81E12-4F53-A87E-EE6C-39FB463651B5,SV,IW,2
D88B4915-E7D4-BB6B-6962-39FB46B3398A,PH,PH,7
88A75F10-B345-BF50-3FD3-39FB46BB2041,PH,PH,6
77DD4BEE-49E3-A8D5-C39D-39FB46C2DEE3,PH,PH,7
A10A30DB-3769-CF85-1A6F-39FB46EDA6F4,PH,PH,7
424E5D2E-2818-B2F2-D8D5-39FB471B3D9D,PH,PH,7
EA00BAD7-D58D-6A86-CC96-39FB49C9BF80,PG,SB,2
EA00BAD7-D58D-6A86-CC96-39FB49C9BF80,PG,PG,2
6036176C-D7AD-3048-ECAC-39FB49F74A27,FM,PG,2
EB12EF14-E8A1-7D9C-201D-39FB4A12EEDC,KI,PX,9
76B78300-5BB9-188E-734B-39FB4A31B2AE,PG,PG,2
AEFDB565-3C16-33DE-73E0-39FB4A346918,KR,SB,12
B7D5AFAA-B018-F845-F33D-39FB4A5FCB59,US,H5,3
20020A38-BD11-1D9E-09A0-39FB4A9466AF,TV,PG,2
FC5DD4DC-3E39-E70A-0EF9-39FB4A9955B6,KI,SB,12
91443378-17D3-A554-946C-39FB4AF8CA33,MH,GL,2
2BB4A0AC-A89E-9E03-4646-39FB4B36A952,KI,TK,11
C1DF53C4-DCB5-52F3-A0BD-39FB4EB9B1AF,NR,PG,2
9EF5AE5F-78C5-86BA-4D5D-39FB4F0DC519,KI,TV,2
9E2FAE10-C004-F876-0989-39FB4F5690A9,MH,PG,2
9985AB0F-966A-6908-CFE6-39FB4F5E62D8,KI,,11
72A85FF2-EF74-AD99-6407-39FB4F767FDE,FM,FM,4
EFA89F5F-BBCC-2B0F-B647-39FB4FC9EBD9,FM,FM,7
5BE54AAA-656B-2117-F951-39FB4FEA3F3B,FM,H4,8
178A366E-DC4E-4D8F-54A4-39FB5028CE8F,MH,I4,2
FECD7082-1862-50EE-E130-39FB53E013CD,NR,PG,2
12D111A8-8BC7-398F-8185-39FB53E02C24,TW,PG,2
0A2BFBF3-FB2E-B68C-DF2B-39FB54A58EEA,PG,SB,10
3BB83C78-3E42-8030-4A03-39FB560597E0,PG,SB,10
B32FB182-8085-5B37-3582-39FB560D6EBC,PG,SB,9
35BD2427-DE79-70D8-FC41-39FB56195CFB,TW,PG,10
35BD2427-DE79-70D8-FC41-39FB56195CFB,TW,NR,10
1A47F8F2-7A93-CB4B-6F0C-39FB56285A10,PG,FM,10
CB565F19-B228-7F6F-AB67-39FB59065B55,NR,FM,1
E2E8F197-2C21-847F-0979-39FB59B4DC03,KI,NR,8
DF22C1CC-ABB8-F048-3C45-39FB5A14C5C5,PG,PG,2
2F3AF2D0-F794-9899-5D1A-39FB5B10FC05,KI,PX,11
12CC099B-1205-2AAF-A5D1-39FB5B233139,KI,H5,12
C208B2E3-5E0F-2B26-E339-39FB5E2CA185,TW,FM,1
C208B2E3-5E0F-2B26-E339-39FB5E2CA185,TW,PG,1
22CE5A81-621D-FBAB-E584-39FB5E2D3E30,PG,PG,2
36D1181C-D16B-545C-38D5-39FB63F99F6D,KR,PG,1
95100B65-83BF-3488-710E-39FB6460A858,PG,PG,2
6D91F3CD-2D99-6039-A8C0-39FB687930F4,MH,PG,2
88652328-6D8D-414E-C5D9-39FB687987CD,TW,GL,3
CA5BD07E-CD6C-5023-EBF7-39FB68D1B4DC,US,LN,3
152C3AF3-6A79-7CFD-A9F1-39FB6906077E,PG,PG,2
A0B8BA1E-CA76-C56A-7A13-39FB693A5DB4,KI,GL,2
4255E13B-7F05-91A1-1C8B-39FB6D9F7777,FM,PG,2
A04C825B-7690-097E-39A4-39FB6D9FAF91,TW,SB,2
7D88CF96-2DD0-B4A2-EA14-39FB6E49C28C,MH,NR,12
6366E97E-1C0F-C03A-43BC-39FB6E4A45BF,TV,PG,2
7DC192B1-E707-BABA-178E-39FB6E53316B,TV,PG,3
6856D3AF-3E95-4545-41BB-39FB6FD9A78F,PH,,9
18D8AD48-13F5-0EEB-E6AA-39FB6FDA0436,PH,PH,9
2A174AC8-BDC2-958B-4911-39FB6FF40629,PH,PH,8
86A4D590-0BB5-7FE2-4D31-39FB6FFEC4E3,PH,PH,9
581E3D0F-D394-77E9-2BB8-39FB7006EB0A,PH,PH,8
7C40512C-8AE7-3BA0-6959-39FB7016FC30,PH,PH,9
5A92A9C4-6474-E5E2-4A76-39FB73BA6A63,KR,TV,1
32AB361C-8783-C61C-F76B-39FB7441B055,PH,PH,10
A3942DBB-1FD1-7BB6-AB97-39FB7566E7E4,PH,PH,12
A50319DC-4869-8F8B-5838-39FB77F00C40,PG,PG,2
758D85F1-73CA-6A1D-7F9B-39FB77F074E0,PG,PG,3
28D57B38-F3E6-9A61-9C34-39FB7849EC95,US,CK,12
B4536823-5FAE-587C-ACA9-39FB784D9C31,US,IW,7
103DBE6F-E4EB-EE99-4363-39FB787D477A,KI,GL,2
B584BCC7-D482-4F94-AB3B-39FB78E702E9,PH,PH,10
900CB47B-DE5C-6A61-F0B6-39FB78F69DA4,PH,PH,10
738F0620-179E-2363-D12E-39FB79255632,PH,PH,11
98D01894-BE0A-A2CE-5DA3-39FB795EDAA3,PH,PH,6
1957B736-F154-B6CC-8A20-39FB7966B8EA,PH,PH,10
142AA8C0-25C8-FC93-5DC1-39FB79BE8997,FM,FM,8
FAE64E2D-8397-030B-853F-39FB79E173D7,FM,FM,7
1F632ABD-C9F1-7D8D-364A-39FB7A1BF196,PH,,10
D4FB4CA2-67A0-0204-AD7F-39FB7A2D87F1,PH,PH,10
F95213F8-18CB-FD12-6FC6-39FB7A5D4F8D,FM,PG,12
2956C772-CE5F-DD92-9214-39FB7D2E2C69,FM,NR,11
61273591-9E00-DE3F-180A-39FB7D385916,FM,H4,8
EED0FA30-31CB-85DA-7F72-39FB7D3AED08,FM,NR,12
98332235-083C-B915-A994-39FB7D3F28AF,FM,PG,1
865DABE0-FAD1-6612-C504-39FB7D426016,FM,PG,2
4AAF1E20-5A26-E266-F925-39FB7D4473FD,FM,PG,10
B9AA5AF6-A0DA-322A-2AF5-39FB7D4DECEE,FM,FM,9
07F1DAA9-BB76-EE68-1289-39FB7D4FAED7,PG,FM,8
7E6D4BAD-8799-1FC2-1E56-39FB7D55E386,KR,TV,11
E877F84C-CEDA-BBA8-D804-39FB7D91ED7B,FM,FM,6
CCEB8AFF-9DE6-FF0A-62F7-39FB7D961E01,FM,FM,10
43BF2C09-1107-9E86-212C-39FB7DBC9D21,FM,PG,10
909D72A7-A4AF-F10D-948D-39FB7DC0FFA3,FM,FM,9
3F885E0B-40F2-A787-6B06-39FB7E5000DB,PH,PH,11
5BAA2E3A-9E40-20EA-5251-39FB7ECACF00,FM,FM,6
21C347DF-CD15-BAF5-F99F-39FB7ED8B664,JP,MH,3
E3A3374C-AEEF-1165-D1DC-39FB7EE01D07,JP,GL,9
CEBBA547-8EBD-8F21-94AD-39FB7F4E71CF,PH,PH,11
276C8A4E-3204-0E83-FFD9-39FB7F9DB5C1,PH,PH,5
6012579D-EB0B-C8FA-640A-39FB7F9E151A,PH,I1,10
158F700E-48EA-8F03-AB94-39FB7F9E7BB6,PH,,11
8918D8F9-7FE8-65AA-DBD1-39FB7F9E7BC3,PH,,11
BC75996E-8566-9BFB-50B8-39FB82EBF4B6,FM,FM,8
11E2E353-A0D1-1C53-F816-39FB82F3976F,FM,FM,7
E3E11B4E-AC9E-6645-3BA4-39FB82FD2C9A,FM,PG,10
D002140F-C954-1FA9-2F37-39FB82FFD90B,FM,FM,9
BE738F6C-B504-ADFA-8A5D-39FB888470DA,KR,TV,11
72BDD80D-3F0D-98D1-3E5A-39FB8C8685CF,NR,PG,2
8CF8FCEA-4871-00AA-4E8A-39FB8C86EE6B,TW,PG,2
964498AA-AEF8-3B43-B04B-39FB8C870CBE,KI,GL,2
9893EB0B-2A10-8DF3-E66E-39FB8C875659,KI,GL,2
402744CA-A114-A23E-3750-39FB8C87B164,PG,PG,2
2B3D2B07-DBA1-0D4B-DBE9-39FB8C88AADD,KI,GL,2
B8350181-A0F3-F376-0990-39FB8CEF9528,CN,,5
6CBA07EE-FB65-1558-FB25-39FB8CFE9594,VU,,3
C6E92172-ADED-0906-2D1A-39FB8D052EB7,PG,TV,9
B5D0E3C1-9342-9C1B-3FDA-39FB8D3FA3C8,KI,GL,11
B5D0E3C1-9342-9C1B-3FDA-39FB8D3FA3C8,KI,TV,11
15D1FEBA-9FD1-A090-CD21-39FB91DF741F,KI,,12
52D6834A-F240-0B3F-D8D3-39FB9216B88E,PG,,3
B4D600BD-ECD5-3B15-34DC-39FB930957D8,PG,,1
08DB849A-A65A-A40F-9F16-39FB9314819F,PG,PG,8
EC92D3EB-AF1F-3412-368E-39FB9329AE75,PG,PG,1
34C1D642-1E96-3459-0EB1-39FB93352815,PG,PG,2
A6373FFE-EE30-8B49-9B15-39FB93390CD9,PG,,7
92B3F535-F8B1-6F05-473A-39FB934124FF,PG,PG,4
D8EF3D38-B5B3-186A-5BD8-39FB934128E4,NR,PG,5
C4147FFF-0A09-3E3A-A018-39FB935127DF,US,,12
05BD97A5-384B-EAF2-D39F-39FB93527C9A,PG,PG,6
A7541AA3-205F-DF70-60CE-39FB93588D66,PG,PG,2
ABDB3506-81E1-FAFA-8279-39FB935A4323,PG,PG,9
F499F6C9-9F04-4949-AFA6-39FB935C9C97,PG,PG,6
3DA16BCA-28E4-EFDB-EAB5-39FB937F2644,PG,PG,6
C24B3C4E-68CF-C618-BA69-39FB938C2C13,MH,PG,3
F95DA4C3-963F-DD22-E6C3-39FB939DC7D5,PG,PG,5
03D8DEE5-3F3C-E6DA-70D4-39FB93A2C506,PG,PG,11
8884BBCD-753C-D1D8-C66E-39FB93A3DB40,PG,PG,7
4DBE9667-93CC-4F2D-CBE1-39FB93A51527,PG,PG,11
F9E5EBB4-CA40-5B0A-E16F-39FB96E8E337,PG,PG,11
2EE53173-383D-045C-B73D-39FB96EAB74A,PG,PG,3
86E9AD3D-A82D-B9BD-7433-39FB96EDDC07,PG,PG,2
34BAC94E-64C5-7365-6283-39FB96F3B0D2,PG,PG,5
0317A3A7-344B-E18C-4D19-39FB96FAC8F7,PG,PG,6
32C2720A-5E9B-C06A-2451-39FB97089992,PG,PG,11
14AD548F-57AA-9664-0D6F-39FB971909A7,PG,PG,9
8838B9CC-7C7E-8669-2A60-39FB97ABD472,NR,PG,3
54D31275-F4EA-F534-9D23-39FB97F14AA0,PG,NR,11
E4879C5B-D07B-0815-7A91-39FB9800E876,KI,GL,2
4AEE8E0E-C57C-2EBA-724F-39FB9856EF18,PG,PG,2
75D14530-0DCF-712B-CDA9-39FB9BF7953E,KR,PG,11
7A75CB7F-AC44-2BC1-84B6-39FB9BF7E0FF,FM,PG,2
4A176B65-6622-8ABC-2749-39FB9BF81ED6,FM,FM,2
FD9B3248-A66C-2FCA-9AC3-39FB9BF883D5,FM,FM,2
269C9A4C-B7F6-7962-85BE-39FB9BF89803,TW,NR,2
67E795C2-2F61-04F0-ED7D-39FB9BF8C9F3,PG,PG,2
A9A69E7E-C7B2-4DEB-F761-39FB9BF9CF3E,PG,PG,2
AD6C4F6B-C8F8-9884-7EEE-39FB9C9582FF,PG,TV,8
8EB1D981-CA41-64C6-A126-39FB9CC34475,PG,PG,11
B80B8AEF-9AB1-00D8-38E7-39FB9CCCFCDF,PG,PG,9
AAEBCFFB-2613-746C-DFE0-39FB9CD69751,PG,PG,6
444B433D-4A69-0263-01D2-39FB9CDBE39B,TV,SB,3
4FC0A184-A041-F493-A254-39FB9CE7C0D2,PG,PG,2
67118DF9-0974-39AE-C086-39FB9CFE5AA2,PG,PG,4
77CE7C09-A467-A087-F992-39FB9D0FAC39,PG,PG,4
F0569C05-6836-65AD-C3C1-39FB9D4777C8,PG,PG,12
B1436603-70AF-56A7-44E6-39FB9D577232,PG,PG,5
99D93949-409F-1216-33C3-39FB9D5CD13F,PG,PG,2
328176C1-4C40-93C1-19A2-39FB9D8F0705,PG,PG,11
2C23B07C-BEB1-30E7-3D2A-39FB9D982006,PG,PG,6
D61C327A-D57F-FCEC-11E1-39FB9DD1D453,NR,,9
AF8D26D1-2338-37F7-533C-39FB9DD82BCF,NR,PG,11
18C10D04-CAAC-453E-386D-39FB9DDDB4C3,NR,FM,3
23FEE154-A616-56C2-3825-39FB9DED5139,MH,,9
4BF4A07A-1B41-513C-FE2C-39FB9E27AB09,KI,TV,11
29EB9541-7C44-7985-7537-39FB9E2ABA29,KI,TV,12
29EB9541-7C44-7985-7537-39FB9E2ABA29,KI,TK,12
A6B34416-15BE-3DAD-C47F-39FBAB67ADA5,KI,GL,1
0AE43E25-98DD-E7BB-8C8D-39FBAB681038,PG,PG,2
FC3C3843-BAAE-0F10-CE8D-39FBAB6882F5,PG,FM,3
EE4D9B23-5642-5DCE-A67E-39FBB164A603,PH,GL,12
A4C56CBC-8CB6-1A42-5022-39FBB60E8BAA,KI,TV,12
A4C56CBC-8CB6-1A42-5022-39FBB60E8BAA,KI,SB,12
D6C7FF3D-0227-C6C6-B7C7-39FBB63CAEA3,KI,TV,11
618A1E6B-BC2B-A6C4-EA84-39FBB643972E,TW,NR,2
EA224C98-8D8F-2CA5-770D-39FBB6767338,TW,NR,6
EA224C98-8D8F-2CA5-770D-39FBB6767338,TW,GL,6
FD131ECF-092A-CE0A-4CAC-39FBB6905D94,KR,TV,10
5E6E8164-A499-B0C6-BAE5-39FBB768966D,FM,FM,9
E4046EA4-8822-889C-0AEE-39FBBADC583E,KI,NR,1
693EB618-96BE-1F07-57BD-39FBBADCDA56,TW,GL,2
FFD30CB6-B77D-079F-DFE8-39FBBADDB213,KI,GL,3
A613BA86-CFB3-196F-BB6F-39FBBADE4FB5,PG,PG,3
B3AE0B63-4992-4890-66CE-39FBBB1899F1,CK,H5,12
99D16C63-7305-2728-202E-39FBBB5FB744,US,IW,4
49606C79-A130-B9A7-A60D-39FBBB698697,FM,FM,5
BBA7A0A4-08F3-6949-C0F2-39FBBB75C2E4,FM,FM,8
F8F89158-94FF-3B92-8E22-39FBBB8CE605,PG,FM,3
E13E3D6C-7688-142B-8A0A-39FBBB98D526,KI,TV,12
E13E3D6C-7688-142B-8A0A-39FBBB98D526,KI,H5,12
D50EEFB8-9507-1BFD-B8A2-39FBBBA47231,EC,IW,2
0C884BF1-7618-8CAE-3A6D-39FBBBACB031,EC,LN,2
9577A676-EC0F-534E-080C-39FBBC5D373B,KR,SB,2
207E6678-0BFE-6EFE-86A1-39FBBC6AFC43,KR,TV,2
0538AED3-6CD7-E64A-A27A-39FBBC7FDC56,TW,PG,7
E4731D08-CAF7-3114-5E37-39FBBC8A643D,TW,TV,9
BB441291-672B-0FAE-4964-39FBBCA329E3,TW,PG,10
213CB7B1-5CAD-10E7-2290-39FBBCC70C81,TW,PG,11
9D7DAB8F-0336-F8F8-69D4-39FBBCD386D7,TW,PG,12
02D7BF23-A868-5584-F13F-39FBC0754479,US,I5,2
8DFC55B6-6103-86B1-713D-39FBC08D3BAE,KR,PG,2
AD506FB9-8F46-A5B4-F0DC-39FBC14D733E,PG,H4,9
A98543D7-1149-0277-8C0F-39FBC171B9E8,PG,PG,11
921B5F8D-7CDD-BF36-8D9C-39FBC1815CEB,PG,PG,11
F51C239D-AFE5-FC82-319D-39FBC18DA79F,PG,PG,12
51AE43C8-9DFF-26F6-47A5-39FBC19C7BF1,KI,,9
722788BA-0B3C-1422-6A3D-39FBC1B614F1,KI,PG,12
17A186FB-01D8-2112-D7C7-39FBC1C84E05,KI,NR,8
BF00F032-DFB4-16FB-5E68-39FBC1CFC189,KI,NR,6
B3007F70-AEC4-31B1-B592-39FBC56B1CBB,PG,NR,6
F1782DCC-E7BA-11FA-909E-39FBC5BFF92E,PG,GL,5
F1782DCC-E7BA-11FA-909E-39FBC5BFF92E,PG,FM,5
CEF198BD-FE77-96C7-4782-39FBC5C30DB1,KI,MH,5
A7D07E3B-9960-2A63-47AC-39FBC5C81103,PG,PG,2
7E7BA1CD-EE34-5B1E-5816-39FBC5CA2286,PG,PG,1
56CC9384-22A9-68F4-D924-39FBC5CC12FB,PG,PG,6
368E3C5B-1C6A-48CF-AF21-39FBC5DBB226,PG,PG,9
410D08E9-2921-6CF7-2C78-39FBC60A5F1B,PG,PG,6
BC909433-CDEC-6939-9594-39FBC60BFF1C,PG,PG,4
29055D97-1A4C-1B2F-5C0F-39FBC60F435D,PG,PG,12
49BD2A22-8C3A-87EF-730B-39FBC61CE559,PG,PG,7
EEE31A21-1CD3-9162-9F83-39FBC61EC5CC,PG,PG,12
3ED55D53-43CC-BE58-6248-39FBD4F4CE48,US,I4,4
6DF17B6D-EF6F-AC49-CF63-39FBD54CA938,FM,PG,10
D457E492-5214-68E6-38B9-39FBD57F8D25,TV,SB,2
D1E35066-170D-912A-39BC-39FBD59D2278,PG,FM,2
08E39DA0-3302-45D4-B9EF-39FBD5E0C969,KR,FM,3
102B8845-D325-992A-5C37-39FBD5EDC833,KR,PG,2
F81A5741-B1BF-8972-C4A3-39FBD608AB1C,KR,TV,2
CADFCDDE-37F5-F4BF-5EE3-39FBD6102CFE,PG,PG,3
8EE292C6-4788-C2BB-1100-39FBD62C7F38,TV,GL,9
F0FFA88D-9C66-DBD1-FF21-39FBD656AFFF,TV,TV,11
B8C6772A-4BFA-2AAB-777B-39FBD9FA9D16,PG,PG,12
DDF56291-2E98-7E74-AC5C-39FBDA59190C,KR,TK,10
ADA58AB4-679E-A7F8-646C-39FBDA616BE5,KR,GL,2
3D6C4421-A05D-5519-5D81-39FBDA681D96,FM,PG,11
81FC42A3-E75D-80E0-2F8D-39FBDA73578F,MH,GL,3
E1B412D4-B08A-CB70-1648-39FBDA925599,FM,NR,12
3871AB32-85F5-D681-B101-39FBDB3079C4,US,I5,4
73A25F29-5306-A65F-70AD-39FBDB4AA76D,KR,GL,10
1AAEEAC2-7950-234C-8C87-39FBDEE96D06,KI,NR,2
1AAEEAC2-7950-234C-8C87-39FBDEE96D06,KI,GL,2
E031B925-38AD-F8D9-72AA-39FBDEEAEDE1,FM,FM,3
68705FAB-9E48-7F18-05CF-39FBDEEBAC67,TW,PG,3
30293D61-E49D-B292-AE5B-39FBDEEC9297,NR,FM,3
BE157B6C-9B15-E045-2CF6-39FBDEECDD20,FM,PG,3
26134EF8-E368-33EC-7A87-39FBDEED666C,NR,FM,3
629B34E2-4E00-E81C-0214-39FBDEEDE784,PG,PG,3
06A7DBE7-42F6-7CFE-407B-39FBDEEE6AA5,PG,PG,3
D9E63653-1E29-38DF-E28F-39FBDEEF36EC,PG,PG,3
93FAF988-CA68-F999-A8F8-39FBDEF0281C,TW,FM,2
71FCEB9E-3468-A88E-B41C-39FBDEF08C61,VU,GL,2
60735341-FCAF-5FB2-A324-39FBDF8028AA,KR,PG,8
17375704-4C14-4A6F-5DAE-39FBDFAB6C1A,PG,PG,3
FC5D7F63-8CF4-3513-8489-39FBDFFB6FE1,PG,PG,11
8C1E594F-F9AC-523D-11DE-39FBDFFC88F0,PG,PG,3
21524E36-9B28-B864-0B85-39FBDFFECA70,PG,PG,2
34C5052B-BC28-95C6-C85C-39FBE0033F19,PG,PG,4
B43B0FDA-D163-E34E-8F59-39FBE00ADFF1,PG,PG,1
39FABFCA-E613-2E95-AC57-39FBE00EA6E9,PG,PG,6
C0FA7BAB-8ADD-21CE-63FB-39FBE03E6CBD,VU,TV,3
EB4A8183-2EF3-D7F2-9900-39FBE06CE87F,PG,FM,5
4AD72D1A-E9DA-3DB0-FDD8-39FBE06FD090,PG,PG,5
A5041DA8-4F72-B566-35B5-39FBE0746E4A,PG,PG,7
18F040AA-D538-72B1-C6AE-39FBE07B73D9,PG,PG,12
845C7DD1-828E-3768-3EFA-39FBE08EE12F,PG,PG,6
A96A3F93-B628-3CF0-9D87-39FBE0C092FA,ES,H5,11
D25337CD-B103-D047-2EC3-39FBE0DB2A71,PH,MH,8
D7A79187-C158-B0C7-75F1-39FBE4738646,US,IW,4
F7290A17-5459-9799-4D61-39FBE47571D1,ES,IW,5
CAF9D76B-FB5D-38CB-7772-39FBE49B53F7,ES,H5,11
494EE210-A5B3-DD18-D16E-39FBE4D2EFFC,ES,CK,6
152EA72A-8AB0-A8CC-F4D3-39FBE4E92BDA,PG,FM,3
C996DDFE-1B9C-F853-BB72-39FBE4F6E52D,NR,PG,3
DE87EED2-A33F-9967-688F-39FBE5EB8B54,KR,TV,9
44CF0ED3-A06A-8676-29EF-39FBEA4A43BA,FM,FM,8
0142F4F7-777F-04F7-2D27-39FBF3814857,FM,FM,3
AE532C33-605C-D7C5-E446-39FBF381BA37,KI,H4,2
7CEBE356-413B-FED1-ED16-39FBF38212FC,FM,GL,3
DC849E5B-EEBA-AD33-6E95-39FBF382340C,SB,FM,3
0700DF70-F8F3-8F71-4A4F-39FBF3826EEB,NR,PG,3
E2788216-FC3F-E243-725E-39FBF382BE78,TW,PG,3
F03FF113-74EC-4505-B45D-39FBF382EBC7,NR,FM,3
D2A5836D-E1E4-1511-249A-39FBF38362C2,MH,I4,3
5371004D-A7DC-9753-8D54-39FBF383A6E9,KI,GL,3
68CCBBA6-B758-528D-1A45-39FBF3841EFC,PG,PG,3
68CCBBA6-B758-528D-1A45-39FBF3841EFC,PG,FM,3
AF66EC0F-74FD-B23F-A1AB-39FBF385129A,KI,GL,3
4A94B17E-8E19-2377-B32D-39FBF8A93833,FM,FM,2
6332648D-880E-15BC-7621-39FBF8A98036,KI,GL,2
CEF0E55B-DCE8-D4AE-8958-39FBF8A9D5A4,FM,SB,3
CEF0E55B-DCE8-D4AE-8958-39FBF8A9D5A4,FM,PG,3
5BD832F2-F0A1-A35D-1BED-39FBF8AA347D,MH,GL,3
839EA79E-E1A9-C4DC-131C-39FBF8AB3CA5,TW,MH,5
57352180-BCB3-B488-44F7-39FBF8ABEFCC,TW,PG,1
54DA2C7B-3916-E68E-21C2-39FBF8AC180F,TW,PG,2
8EA08DA9-D814-C07E-7558-39FBF96B29FC,PG,PG,3
D5D60877-92DC-8A1C-AA80-39FBFA0F8D44,KI,GL,3
4F2B6EA5-F361-B8B0-C305-39FBFA931428,TW,PG,3
C07962C4-E2AB-C6AF-B84E-39FBFA9DF55D,TV,PG,3
86F9EAFB-CAFC-7FBB-2F37-39FBFE0E658B,PG,PG,3
DE12F9CE-0334-FB52-BB84-39FBFF520509,MH,GL,3
30464CF4-A74E-EBED-14DC-39FBFFFC0F85,FM,PG,3
C4ECBB83-D4B3-2FB7-D6D3-39FC03686E6E,KR,TK,10
C21190A5-312B-4F9C-972B-39FC037B0150,TV,TK,3
C6387CEA-BDB7-1240-B0D7-39FC038328BA,PG,FM,4
C6387CEA-BDB7-1240-B0D7-39FC038328BA,PG,PG,4
D6A44524-E8FA-DC00-8453-39FC08DF7955,KR,PX,11
C2AB8AD6-157B-5209-1F9F-39FC08EF0FBA,KR,TV,12
D7412CAC-7BC7-FC0F-9C9F-39FC09E7E9FA,KR,GL,1
CF957DF2-6670-E413-98A5-39FC0D441F44,TV,TK,2
CF957DF2-6670-E413-98A5-39FC0D441F44,TV,H4,2
505230A2-F7A6-F68B-7636-39FC0D454C42,FM,PG,3
CF6167D4-54E9-A564-0C91-39FC0D45E4C5,KI,GL,3
39C94BCC-D582-169F-C444-39FC0D461874,PG,PG,3
BD0955D0-F0D8-429F-1F1B-39FC0D469EF8,KI,GL,3
084B850B-A202-6B87-609A-39FC0D4709E3,KR,PG,3
5AF5A3FD-6AFE-7F5E-DA05-39FC0D473291,TW,PG,3
18E31924-8C0C-17D3-FAD6-39FC0D4792DA,FM,NR,3
23483AF7-B595-54EB-7A00-39FC0D47C559,KI,GL,3
3AB5B511-C599-81F0-0D93-39FC0D47F4A7,MH,I4,3
B7F0D087-A2C1-4BC6-F95C-39FC0D48268B,PG,PG,3
B758C6FF-D473-5FE8-A145-39FC0D49827A,NR,GL,4
B758C6FF-D473-5FE8-A145-39FC0D49827A,NR,MH,4
199BF266-D0DC-78E0-C622-39FC0DAA753F,TW,GL,3
18B7904A-21D7-E969-5466-39FC0DBDFA3B,TV,PG,3
700EB3E4-3834-C0D9-F857-39FC0DC2C62F,TV,NR,3
27794B3D-1661-7676-364C-39FC0DE1F6C3,KR,TV,1
C6603111-67BF-A8D5-B7F8-39FC0DF8D445,KR,TV,2
03FC3CD9-8144-0DD6-E279-39FC1790D4D8,NR,PG,3
0FDF5BDB-1112-5C9E-2C1F-39FC17913330,SB,PG,1
D131CCB7-323F-16E0-5163-39FC1CB2774F,FM,NR,3
1F872721-B73F-FC7E-45B2-39FC1CB321CA,KI,GL,3
10A7FEF9-9DD7-CACF-A1F4-39FC1D2E4E95,US,H5,4
3E63C205-9457-4F8C-DD0E-39FC1D74F30C,PG,FM,3
0670F2EF-67C0-ED7B-E115-39FC1D799BB2,MH,I5,3
0670F2EF-67C0-ED7B-E115-39FC1D799BB2,MH,GL,3
A9DA0434-ABC7-280A-BBEA-39FC1D79B056,VU,PX,11
4F269C02-8D8F-75B0-0844-39FC1D9BA756,PG,FM,3
E17F6868-D965-9C8A-9F75-39FC1E424F43,PG,PG,1
32C4CE45-EEAA-6F05-41DF-39FC1E50D123,KI,GL,3
011068D5-6B95-91C0-0EDA-39FC23382C95,KR,TV,1
B5902DC9-AF12-DE9D-F87E-39FC27000EA3,KI,GL,3
43BAF2AE-158C-E149-E145-39FC27C860D1,KR,TV,1
7EA0FFC5-AE99-AFD4-F75F-39FC2C8A0416,KR,GL,2
48AE7AFC-0492-E39D-02E8-39FC2CFCF1FF,KR,NR,2
D0752FC5-04CC-32C4-E9F6-39FC3231FDAC,KR,FM,3
9C4A904A-8403-EEC0-3219-39FC4121BA91,KR,TV,3
48CC35F6-9388-B3C5-251D-39FC413DBF83,KR,GL,2
E73012E9-8199-4535-2EB4-39FC415A39F8,PG,PG,3
1F857A56-9142-952D-95DF-39FC415E7B78,US,I5,5
B40A20A2-1F46-15F2-4EC9-39FC41A19A06,KI,GL,4
5DC608C3-9801-E086-7A08-39FC423E3866,PG,NR,4
CC8C0B23-AF92-7CA4-CE75-39FC42728C9C,PG,PG,3
D4E2AD1A-681C-F840-D484-39FC45EAE905,KI,TV,2
DD4366AD-68F5-FDEB-CFC0-39FC45ECA71A,PG,PG,3
B249CD0C-E76C-20C1-2111-39FC45ED101D,TW,GL,3
6C2A2909-1C61-69FA-C785-39FC45ED3EF8,NR,NR,3
534A8C46-2503-75F6-24B6-39FC45EDA903,KR,FM,3
6F2CA570-9713-82DD-1772-39FC45EE31E7,FM,GL,3
6F2CA570-9713-82DD-1772-39FC45EE31E7,FM,NR,3
5C12455A-1357-D842-81A7-39FC45EE7759,KR,FM,3
CB9EEB39-EAFB-CD5A-B432-39FC45F152B3,FM,FM,4
36F1212A-F308-D2D0-4900-39FC46551BDC,KR,GL,3
B8D2776C-D289-9FAC-ED9C-39FC466A74BA,KI,GL,4
0342A6AC-C2A4-BBA9-F869-39FC4678058E,FM,PG,11
5D6CEF60-18D6-680B-3A22-39FC46A17133,TW,GL,4
FFD11CF8-9F1F-07BD-F3E2-39FC4BBEFE24,TW,GL,3
F7E0B625-44D7-B348-0F84-39FC4BCAF1B0,US,,4
89E2C117-7278-21F7-7DF5-39FC4BD328B5,KR,FM,3
1C13D099-DBE2-2B9E-CAD2-39FC55CBDA51,PG,SB,4
533E1447-0A31-CB7C-9670-39FC55E49893,PG,GL,3
7C30C06B-B4C9-09EF-59B7-39FC5FA71145,TW,GL,3
2B64A978-F300-001F-2473-39FC5FA73A16,FM,PG,3
9E48540F-E78C-7C7E-3E70-39FC5FA874A4,TV,H4,4
92010D6B-9C37-BFCD-FF11-39FC5FA949F5,FM,GL,3
5328B9AD-3CA1-BD55-AAD8-39FC6546BC8C,PG,PG,12
63FC9A36-90EB-4CAB-5335-39FC656116D4,EC,I5,3
32437B3A-4D70-6F2B-4785-39FC6AB8430D,KI,TV,1
4DB29ADB-82CA-70CE-FDE8-39FC6F56717B,KR,,3
837398A3-7969-5FDC-D118-39FC6F9BF35E,KR,TK,12
4BCC406A-52CA-45DA-E6C4-39FC6FA585AD,PG,NR,4
12A69606-9016-E1AB-D5C6-39FC6FAEC896,KR,TV,12
A3F95C78-21EE-1931-7966-39FC6FBBC3AE,KR,SB,11
A3F95C78-21EE-1931-7966-39FC6FBBC3AE,KR,TV,11
CEB08682-F942-20FF-0F51-39FC7080D1D8,KI,GL,4
44C1CB89-BFC1-2A3A-7D68-39FC74412A7F,PG,FM,3
CF4168C2-389E-490F-6184-39FC74415BC8,TW,NR,3
B9DDD3F3-4150-4E9E-B590-39FC744239B3,NR,PG,3
24FB5795-D546-C0BA-5E40-39FC7442ED71,PG,PG,4
55E5C2EC-BB4A-A696-5D47-39FC74431891,NR,NR,4
2EA5530B-0D1D-9D26-893D-39FC74439B93,KI,GL,4
D57A4DE2-DF7C-726D-3C13-39FC7443F787,FM,MH,4
EB7B8B62-FF77-26DF-43B6-39FC74444445,MH,GL,4
1867CD85-3521-01FE-DA64-39FC74452EE0,PG,NR,4
8A1CF7CC-18A6-1225-A4FC-39FC744574BE,SB,FM,3
542E5F09-7094-4B49-F235-39FC7509283E,KI,PX,11
2E24DBB5-8F9D-93F6-C12D-39FC796A85F7,KI,GL,4
2B553836-9B2C-3000-65AF-39FC796AB35B,NR,NR,4
8FA62320-5754-1AF5-278D-39FC7B219CB2,TV,GL,4
B9FB1094-E1C4-84B0-366E-39FC7B2C5559,TV,NR,4
9B743BA7-0E9B-8D47-9C22-39FC7E8E934C,MH,MH,4
FDA9D0A8-B555-01D2-8F86-39FC88D913B2,PG,PG,3
4209D926-A647-7106-AA49-39FC88D9A098,MH,NR,4
D8AD654D-E1EE-6FF0-AD8E-39FC88D9F3A8,KI,GL,4
827E6997-CB3C-6A35-B014-39FC88DA1156,MH,GL,4
8E274F7B-ECD6-6C71-BC0A-39FC8972EEF2,KR,GL,4
ECDCE1BD-5105-7909-5583-39FC89824D80,KI,GL,4
7075B409-8DA9-E321-5B3A-39FC89A11578,KR,TV,4
A984C4FC-34E9-7AE5-FA42-39FC89A4FEBA,KI,GL,4
7D5ACE79-60A3-0DFA-2965-39FC8A04ED8D,TW,NR,2
2CC214BF-7A6C-FA2B-F90E-39FC8AC30732,PG,FM,3
7B8AEC36-907E-7290-B19E-39FC8DFE7E29,KI,I4,3
0C3C2E30-CDAE-45CF-EC42-39FC8DFECA65,MH,GL,4
5E5D3BAF-BC7E-D7C1-C9C7-39FC935F5C8C,MX,H5,9
078789B1-9775-F9F9-387E-39FC98D111A7,KI,GL,3
D528319E-C6EE-C710-6DE4-39FC98DFDEDB,US,IW,3
30D360DD-2378-E607-702A-39FC9DE1BA28,MH,NR,4
96321C8F-E256-FF0D-62B2-39FCA7C0C737,PG,FM,3
58244C6A-0E07-1D16-2F85-39FCA7C12E19,FM,GL,4
2D52BCD5-9CA5-1E57-9524-39FCA7C16694,PG,SB,4
8BA79A00-A426-FFF8-E32D-39FCA7C1BCE8,TW,NR,4
E3A0B0A9-7154-5CF6-371C-39FCA7C1FC95,NR,NR,4
D3A620FA-FE57-90CC-95AA-39FCA7C23CBA,MH,I5,3
A4D5A880-9BCE-6729-29C8-39FCA7C26134,TW,GL,4
A97F4B16-A4C3-13D3-6A50-39FCA7C288F5,FM,NR,4
46DD5528-6A2A-63A7-E936-39FCA7C2ABBA,NR,NR,4
B6D16DC6-D40F-29ED-CD98-39FCA7C2F2A8,PG,GL,4
A839CBC4-620B-1677-95BD-39FCA7C30F49,FM,NR,4
8D9867DC-D1F5-0EBA-E4EB-39FCA7C32170,MH,GL,4
845E0E07-74DD-F82B-16F6-39FCA7C33B3F,PH,PG,1
4A9B3A3F-2DC2-6BC2-6D52-39FCB20FBD5D,KI,GL,3
C49AA5A9-7F19-A0D4-0833-39FCB2114081,PG,PG,4
91BC869A-0BEC-3C73-17E9-39FCB211CB67,TV,NR,4
75D9B241-35D8-F1F4-2BAC-39FCB211F7FD,NR,NR,4
2D39830E-3F21-F74E-DB84-39FCB2122DA3,FM,GL,4
F21C62E1-02B6-1BB3-4036-39FCB284ED36,KI,GL,4
AC2F0652-21BA-8609-351E-39FCB29C8550,PG,FM,4
8CA8D90D-A2BB-ED0B-5F03-39FCB2A4FBB9,KI,GL,4
B2490E18-88F5-3C2E-0B36-39FCB37E03A1,KI,GL,3
6ED2AD1E-9938-E9CF-57A2-39FCB3AE041A,EC,IW,4
611CA85C-D446-9134-D0ED-39FCB3B7CA8A,KI,TV,1
53373D57-25C1-9A5C-8E2D-39FCB811411C,KI,,5
46678EAE-9700-D3FD-16D9-39FCBD03CD1E,SB,NR,4
A9D93944-9597-167D-401C-39FCBD4E5CD3,PG,GL,4
A001E65C-2E73-8FD4-7495-39FCBDB6C897,PH,PH,1
F609594C-1CD2-87F5-A2B9-39FCBE7A9368,PH,PH,1
344B511F-15C7-2767-437A-39FCBE7DA25C,PH,PH,1
9D8AD3FC-2EE6-BACD-FB35-39FCBE80EC65,PH,PH,1
FBD9B323-C743-5BD0-221D-39FCBE985FD0,PA,PH,2
B4F6CCB7-45ED-4F7B-E961-39FCBE9B68B7,PH,PH,1
7B43EE3A-6571-8EE5-A023-39FCBF17D953,PH,PH,3
FD6D8D55-516A-0002-746A-39FCBF1F1A97,PH,PH,3
0D1F7F6D-D853-6D30-494E-39FCBF253C17,PH,PH,2
C18C8F67-27E8-45FF-35CB-39FCBF340F9C,PH,PH,3
3F270183-B210-B13B-F69C-39FCC204FD36,TW,NR,4
2C79CBB1-933B-40B6-FACF-39FCC2690293,PG,NR,4
6295C1A1-258E-B711-4C5C-39FCC2A76D46,PH,I3,2
6169100B-59A2-1093-E899-39FCC3BE79B6,PH,,1
3C8CA979-671D-9575-D6B8-39FCC3FEDAC0,FM,NR,5
3F003A00-4C94-2244-A5C2-39FCC3FFEF04,FM,GL,10
65842754-FCB2-B0AF-7B1E-39FCC4015A4E,FM,FM,4
833AE249-1176-C17F-071B-39FCCBCC7A89,FM,NR,4
22F66B6F-C4F3-5574-917A-39FCCBCD3B0C,KR,NR,4
67DC7D66-9869-F1C7-6A1C-39FCCBCD76A9,PG,GL,4
583530E1-62DA-AA5E-1E89-39FCCBCDB113,FM,NR,4
9308FA20-FEDC-5CAE-88D6-39FCCBCE1F18,FM,GL,4
E2A35A13-9FD0-13E0-CD05-39FCCBCEA00E,MH,GL,4
9622EA7B-C843-C669-CB3C-39FCD177CD07,EC,IW,4
66E5C151-BC64-CAC0-23F8-39FCD1DE0ED8,KR,NR,4
D70EEFCD-289D-FA28-0ED2-39FCD2013100,JP,IW,5
5B751DDB-4651-C1B4-EB9A-39FCD23A265D,PH,PH,4
4749B285-E4C1-1E1D-C9DB-39FCD27550F2,PH,I1,3
E31C32A9-5547-0254-B281-39FCD2AB9DBA,MH,GL,5
713CDFF8-37E5-11F2-DE39-39FCD32535CD,PH,I1,3
FD254D22-D692-834B-3B86-39FCD32BA807,PA,PH,5
8EB063FD-8457-CC63-845C-39FCD6C6146B,TW,NR,4
846FDC07-9015-FED5-1E54-39FCD7023821,MH,MH,4
1CC0A326-1FF1-ED8A-82C8-39FCDBABCF9B,KI,GL,4
2B508BCF-F99C-F640-4478-39FCDBC45AEF,JP,JP,5
3BD9CC8E-6D7F-A08E-C757-39FCDBD61ACF,JP,JP,5
55EBE439-9021-8E5A-5A30-39FCE125EFFC,NR,GL,5
BF7E5A23-9F4B-02D7-5C5D-39FCE15ED04F,TW,GL,5
F50C964D-E28C-D89D-E526-39FCE16932C9,KR,NR,4
B9605E46-FF30-24D2-08F0-39FCE1757DCA,PG,PG,4
7EFA6D82-4F06-B501-681D-39FCE2267BBA,PG,SB,4
DC5E33E7-A571-655E-94A5-39FCE23D305B,KR,PG,3
AD93779F-30EE-8231-5613-39FCE24A6D28,KR,FM,3
88B7F636-E2AA-D1BC-9937-39FCE2A7145A,KR,PG,2
EF029A75-3C3D-2748-F7BA-39FCE2CBCDBE,KR,FM,3
FB14EF31-7710-1047-6C80-39FCE2D740C0,KR,FM,2
76ADCEFA-A932-B7AF-FD8F-39FCE2DF91A9,KR,SB,3
C0A6C05A-080B-68DF-99AA-39FCE2F92EC7,PG,SB,3
4403966E-1A11-D0A8-A94E-39FCE5DB5EDD,TV,PG,7
2BAEFED0-CD6F-EE04-65F9-39FCE5F1E663,KR,,3
3CFBB225-6801-7F1D-2FB1-39FCE62BE120,FM,H4,4
20F9412D-C384-1462-9A04-39FCE638A1BA,FM,PG,7
06EDFE0F-9AB4-679D-70A0-39FCE6439CA1,KR,PG,7
9300CE78-2A70-639B-E409-39FCE646857B,KR,PG,8
8850924F-D8F3-A0C8-58B7-39FCE64EB153,KR,PG,8
94146CC1-1C5E-0BFD-56E3-39FCE657087E,KR,PG,7
9F0380DB-34E1-B1FB-24D7-39FCE65FA739,KR,PG,6
6B30374F-CC02-C82B-D6B9-39FCE66410DB,KR,PG,7
A59157F9-7290-E16D-E833-39FCE6805708,KR,PG,6
1924A274-0DCB-FB38-4B78-39FCE68AB9E9,KR,FM,8
F698E511-4332-EEE1-48D6-39FCE692452A,KR,PG,8
B490743C-B42D-5CB1-3585-39FCF5EDABB7,KI,GL,4
A736B31F-7564-790A-D99D-39FCFAB44207,KI,GL,9
E292CF3B-AB8C-C532-64E9-39FCFB4BFA3E,SB,H5,3
E292CF3B-AB8C-C532-64E9-39FCFB4BFA3E,SB,SB,3
486FF716-08FD-1BBE-5FD5-39FCFFD39EAF,MH,GL,5
D61EFB41-4568-CB66-3053-39FCFFD699F1,MH,GL,5
2FCBC55A-B41E-AC12-1646-39FCFFDB1CF4,MH,GL,5
0CDDAF0A-CE5D-7EE3-5E9F-39FCFFE163BE,MH,NR,5
1F6A4AEA-9806-1B41-1B89-39FD00256EF1,KI,PG,4
160724F7-D8FF-D763-459F-39FD0029F571,SB,I2,3
B2C448D6-74B9-3D04-C0D4-39FD002E2EC6,PG,GL,5
939E7A54-11F4-6322-3577-39FD0034D0DB,FM,GL,5
F7D8BE1E-8CE1-CE7A-0CB7-39FD003CEB0E,KR,GL,4
6F96E31A-2120-2FCE-9D0E-39FD0044D878,FM,GL,5
11687998-9A46-8D1C-9D72-39FD004F105E,NR,NR,4
1ABB59E3-9237-E8F5-2696-39FD005BADAA,NR,NR,5
8D3C925A-41B3-79EE-44A6-39FD006B1A17,FM,NR,5
A41623B4-BDF2-2542-7101-39FD00EE6904,KR,GL,4
3A7DF0C3-CFC8-9F00-F103-39FD012D280F,TV,PG,8
8F5C9FF2-B955-2ED1-5672-39FD04CB5E63,KR,PG,8
8AAF3F2D-28D3-A589-254B-39FD053167D3,KI,GL,5
A8E3AC19-1C15-BD99-DE56-39FD0544E175,SB,IW,12
A8E3AC19-1C15-BD99-DE56-39FD0544E175,SB,PA,12
5CFABF9E-86D1-F37D-079E-39FD0602A054,SB,NR,5
DD6AA264-7203-FB42-0435-39FD19BE2901,KR,GL,4
7CEE6C64-BD48-AC8E-0143-39FD19E47265,KR,GL,5
E744DAAD-4CFE-4441-2861-39FD1E977046,MH,I4,5
AF32D28B-70B8-46DF-E554-39FD1ED3FF6D,KR,GL,5
E000BEDF-2B90-6BDD-3FE5-39FD1F1026AC,FM,I4,5
E000BEDF-2B90-6BDD-3FE5-39FD1F1026AC,FM,PG,5
802187D3-C4D6-ACA5-EB1D-39FD1F102883,KR,SB,4
BE06CB42-93A4-11AB-FD93-39FD1F179DAD,FM,TV,4
B84CD0DF-78F5-4CCE-F464-39FD1F28F14F,KR,GL,5
17B6B12B-7E00-D6F8-A459-39FD1FCC1B05,FM,PX,4
17B6B12B-7E00-D6F8-A459-39FD1FCC1B05,FM,H4,4
4232C312-FC77-5AAE-7AB4-39FD2431F3A4,KR,GL,5
DA31B738-6741-E82C-15D5-39FD2481E2AA,PG,GL,5
DD5E3E1D-745B-1DDF-7C1D-39FD28CFF235,PG,PG,10
BA36AA85-DE25-90BE-237D-39FD28D4C18C,PG,PG,10
926067A6-1190-E9C4-5D0E-39FD28DC5242,PG,PG,11
94F2E2D5-E41E-3E2C-1C48-39FD28DEAABA,PG,PG,12
0D9CC3A0-F786-C625-1A4A-39FD28E3267C,PG,PG,12
C499CC30-DF26-7161-48EB-39FD28F63BCF,PG,PG,10
600DD50D-3FDA-2826-31FD-39FD2907A5E0,PG,PG,10
1F95554F-9CE1-EB19-F9F6-39FD2940C312,PG,PG,11
4CD3FA20-8EF6-5EEC-0BE1-39FD29423A0D,PG,PG,12
F419391C-7942-72BA-42CF-39FD2948637C,PG,NR,4
F419391C-7942-72BA-42CF-39FD2948637C,PG,PG,4
8E7D150A-F13C-74B0-955C-39FD2960E953,TW,GL,5
B1B6E8CD-428B-235A-BD74-39FD29735686,PG,GL,5
BD620FF7-5F3B-444D-4FA2-39FD29B8ADA5,NR,NR,5
28D63D6D-BC3F-E93B-86B2-39FD29E03777,PH,PG,8
CED58A82-7F80-C010-A673-39FD2A1559AF,PG,PG,1
F26C8DDD-31A8-72BB-96FB-39FD2A1CE341,PG,PG,4
54FE55B7-EDB2-232D-FB4F-39FD2A5E051B,PG,PG,2
AA4E6E31-B727-A29C-E317-39FD2A605DCC,PG,PG,3
5D6AE5A1-CBF4-70FA-F8DB-39FD2A646111,PG,PG,3
3C8FC0DB-06B1-BD80-8418-39FD2A66A564,PG,PG,4
603284D9-7CCE-35F4-D36E-39FD2A683D4F,PG,PG,5
C0F4FBF5-10A4-E116-9E6E-39FD2DF52B55,TW,PG,12
4431706D-D7AE-1741-0925-39FD2E188DD7,PG,PG,3
6EAD2970-A849-42B7-BC63-39FD2E2163BA,PG,PG,12
0BAF92FE-C366-1800-4BBE-39FD2E25D97B,TW,PG,11
D1209259-C0EC-439A-10A5-39FD2E3104A4,PG,PG,10
704C8F2C-9102-372F-746F-39FD2E61594B,PG,GL,5
D5752DE9-7DCC-B342-E5AD-39FD2E649CBF,PH,PG,5
55B99FAA-7D29-D48A-A30C-39FD2E6F5028,PG,GL,4
55B99FAA-7D29-D48A-A30C-39FD2E6F5028,PG,PG,4
B3D39797-2624-9654-8E7F-39FD2E7D97B7,PG,PG,3
30F1E15C-7453-BA04-696E-39FD2E81CBA7,PG,PG,5
6AABC46A-C8E7-6075-FC49-39FD2E832F9B,PG,PG,6
06DC2BF7-BD2A-7233-3753-39FD2E85B4A7,PG,PG,1
AC9A7FAC-154F-A29F-E168-39FD2E87F153,PG,NR,4
32B4563E-25B6-4033-8F1B-39FD2E8CA937,PG,PG,1
47FFF37E-D54C-72AA-23FB-39FD2E953B4B,PH,PG,9
3D4548BB-749B-89E6-04C2-39FD2EA47960,SB,PG,3
0A94F38C-06D0-7D08-A54C-39FD2EAB658B,PG,PG,12
1D8E77AD-6ACE-0E02-0D24-39FD2F8258A3,PG,PG,5
C17050A4-0C86-D45D-4E40-39FD37F3D701,MH,NR,4
A786E880-5106-677A-CB57-39FD37F40F43,FM,PG,4
637F1C5D-4BD4-651E-D4BA-39FD37F4C329,KI,GL,4
9070612C-5BF2-750A-4881-39FD37F5572F,FM,GL,4
A0CF2DF5-2B0C-C7DA-C275-39FD37F5AAAA,TW,GL,4
05D12535-8C7D-4B5E-0E48-39FD37F6842F,TW,GL,4
C9E9871E-1930-9F06-09F2-39FD38DBDAE3,PG,GL,5
5EB0F262-637E-B32E-78CA-39FD390601C4,PG,GL,4
7ED5D146-BAED-C382-2AF2-39FD3D9A8FA6,MH,I4,6
0555504E-EF0E-D0FB-CA79-39FD3DD08A18,FM,GL,5
0DBD6ED3-08E8-0968-526D-39FD3E09E1C6,PG,PG,9
D4408B69-7764-060F-174C-39FD3E1E0E5E,PG,NR,4
52AC743E-95E6-FD74-53A7-39FD3ED126A8,PG,,12
1E5612E7-2BF4-0ED7-3043-39FD3ED9752F,PG,PG,11
C1279101-BE1B-B8D2-6FB9-39FD3EFC65D5,PG,PG,10
9075FA0C-188D-5DF4-087A-39FD3F003B55,PG,PG,7
6FD64B60-B287-92EB-C56C-39FD3F03B7DC,PG,PG,12
2580CB3C-2B99-DA5C-D811-39FD3F0952E3,PG,PG,3
A5EF4B28-920F-708F-D76E-39FD426EC794,PG,PG,11
06176618-C515-7788-CA77-39FD42936EC9,PG,PG,12
96EEB76C-8D89-4A60-C026-39FD4295A460,PG,PG,5
BC2A3DF3-5C3A-E04B-C07E-39FD42DAB722,PG,PG,4
2441406C-AF59-F902-2DF2-39FD42FD3ED8,PG,PG,12
C13A8C78-38DD-520E-BCA0-39FD43046655,PG,PG,12
F407C2DB-E3D2-4D2F-85C9-39FD4307A540,PG,FM,5
F407C2DB-E3D2-4D2F-85C9-39FD4307A540,PG,PG,5
9890A130-C474-D064-6E23-39FD43467E63,TV,GL,5
CE9F47FD-DBD4-854B-6D1C-39FD43D61087,MH,GL,5
6E3D5D1F-F5B6-B619-0B36-39FD43E846C1,KI,GL,5
1AC1E840-5F40-C7AD-6788-39FD47A2F15C,JP,JP,6
5760966B-4FAA-4353-57A2-39FD47AAAB00,JP,JP,6
D2C92A5D-8B24-F05A-9B32-39FD47AE8CDB,JP,JP,5
03FFABF5-706C-295B-79C5-39FD47B7742F,PG,FM,10
6FE27C54-3D3C-ECB4-3B47-39FD47C8DD09,TV,GL,5
DC9B01B3-458F-0B9F-F1AB-39FD47D34133,PG,PG,7
F6E0F333-1ECD-2D58-9974-39FD48435B6A,US,IW,6
461607CB-6EEF-6310-3211-39FD4852B211,PG,,3
F666C885-C776-CD20-F2B9-39FD48EE6C44,US,LN,4
C15FDDA9-6240-5899-5E8A-39FD490E798F,PG,,7
00C2786A-C6C7-0A70-D037-39FD491141C4,PG,,7
E8A6BC45-F69F-C891-A4E8-39FD492F3F68,PG,PG,7
113A51E9-C05A-1DF0-FBB6-39FD4C91E171,FM,I5,4
3079727A-730C-9B68-BBA3-39FD4C95FA67,NR,GL,4
CDB00F87-FDF4-0AE9-5CD4-39FD4C964D59,KI,PX,5
CDB00F87-FDF4-0AE9-5CD4-39FD4C964D59,KI,GL,5
A01BC10A-5DD8-CBCF-2E73-39FD4C96DD4A,TW,NR,5
A01BC10A-5DD8-CBCF-2E73-39FD4C96DD4A,TW,MH,5
C1E905FE-8507-4354-D5FC-39FD4C973DD3,PG,GL,5
C009DA59-88DA-0525-0F67-39FD4C981CB0,MH,GL,5
D57A9537-507B-8C20-D07D-39FD4C985C2A,KR,GL,5
3FA5DFD4-807F-ED6F-66A4-39FD4C9DC9A2,PG,FM,5
5BCFF2D1-3B52-5CA5-0C96-39FD4D22C957,PG,PG,4
5EC5313B-D22C-33FF-C7CB-39FD4D269E49,PG,PG,3
9CA86D42-5878-AE44-86A8-39FD4D2AD2D4,PG,PG,2
C106CA26-023B-BBAC-017E-39FD4D300FC9,PG,PG,8
4DB17E70-2F6C-0191-6CF5-39FD4D356F74,PG,PG,7
5508081F-106B-89F2-6350-39FD4D44C4D2,KR,NR,4
BDE03AE1-FD72-0B25-1CBE-39FD4D6E555B,PG,PG,11
B8082C52-D57C-395C-E9F0-39FD4D7EE8AD,PG,,2
02178B8E-C073-9086-14AA-39FD4E3458A7,FM,GL,5
653D4751-A2EA-7B2B-5709-39FD4E421AB1,TV,,4
DD8DB4CB-ED34-026B-13D7-39FD4E59D7C4,PG,PG,3
272B7D55-8C44-8289-F8A5-39FD5C010F24,SB,GL,4
9848812C-DD9F-E10A-85FA-39FD5C031721,PG,PG,5
9C50302C-FE31-38EE-75B4-39FD5C03ECF1,KI,GL,5
4FBCFD68-5E87-CA27-036B-39FD5C046D73,TW,NR,4
4FBCFD68-5E87-CA27-036B-39FD5C046D73,TW,FM,4
3D789A99-8201-8A3B-B51F-39FD61B6FC6B,TV,I4,5
A6235E8A-95CB-0B10-08FE-39FD61C4F07A,TV,GL,5
0D021106-CA55-575D-AA57-39FD6228F85F,MH,I4,6
11C3DE4C-0646-42F4-8143-39FD622A2D10,NR,GL,5
D001E3F1-3005-B71E-8679-39FD634142CD,SB,GL,6
C4C18B57-FDFE-7E4A-53D1-39FD667B2630,KI,GL,5
8CEBDC37-FA1A-77F4-D1E1-39FD66DAD13E,JP,JP,5
7459980A-1D62-20F0-34B6-39FD66DDF4B5,KR,TV,4
F5100A39-9DD8-402A-DAA9-39FD66F22ED9,KR,SB,4
CA107F9F-99E0-E070-F57F-39FD670036FE,KR,GL,5
8B526D92-9E13-6B17-E4BB-39FD671129CF,KR,SB,3
183C7AB6-DD8B-B1B4-CA59-39FD6726555C,SB,PG,1
67201F34-96E9-6C54-5CCA-39FD672C41C9,SB,FM,2
DA64A48C-249D-5F05-1E00-39FD672E8C67,SB,GL,5
54198AF2-4039-3712-60E4-39FD6732DBBB,SB,FM,3
CE9EEB60-1DEA-D676-E8A8-39FD674BFB3A,JP,JP,6
6627C859-7A81-866A-2A0F-39FD675581C2,NR,GL,6
DE049039-5CDA-D3AC-F533-39FD675AB793,JP,JP,6
3D462FA7-1E1D-F9F2-4628-39FD67AF22B7,KR,GL,4
34469AB9-7EEA-0DDF-9974-39FD67CD72DE,KR,GL,5
9978FFB2-4D10-0454-A77B-39FD6828DA8E,KR,TV,3
7075FF01-EA6E-439F-7E08-39FD6834BFF9,SB,,4
8ACEE508-C92C-18A8-D670-39FD6B9CBAAE,ES,I5,5
4B7EC918-19D7-4044-5326-39FD6BF1C956,KR,GL,5
9A103EEF-0B32-38F2-DBF7-39FD6C0B7317,SB,SB,3
9AFA89E0-CF21-9098-92DC-39FD6C0D9945,KR,SB,4
3E91FA16-BFCF-D191-276B-39FD6D1CDE1D,PG,NR,4
BACCA0E1-36E6-4EFF-D44E-39FD7222CDB0,TW,GL,5
E46CCEA7-99B0-9C8A-3CB6-39FD767838FA,US,IW,7
9C902E9E-2EB8-0095-9FF7-39FD767E2B26,NR,,6
5F54B897-886E-6183-AE89-39FD7690F910,KI,GL,4
D101F03B-F47B-AE41-3FC8-39FD76AD3CED,EC,IW,5
D94AE20D-F18F-9274-0854-39FD855E5551,JP,JP,6
96D231BE-9738-6F6E-102E-39FD8571136D,JP,IW,6
7CA06E5D-A34C-EAC5-916F-39FD85787652,JP,JP,6
EF674A01-1A72-5595-094F-39FD85B47A9C,KI,GL,6
3D14ABB3-BF14-A9D9-4689-39FD85C3D210,MH,I4,6
6B1AFFE6-BEA6-5E10-0286-39FD85D8D59D,KR,GL,5
5BD53237-B5C3-5000-1255-39FD85DCC147,KR,GL,5
E6E415C6-1185-AD21-1CAA-39FD85E7CC77,FM,I4,6
9B73CBEE-98FB-FED4-C573-39FD8602EA56,KI,GL,5
E8E3F523-36FC-7347-C51E-39FD8663B956,US,IW,7
6F26F8CF-F665-D005-7FF5-39FD8712A07C,JP,GL,5
2415697C-10D3-1199-EA5F-39FD8AF00458,JP,JP,6
3550D67C-1D10-33D8-4EC3-39FD8FDA1D1C,TV,NR,5
04AA38FF-C32F-75DB-6884-39FD900CD1BC,MH,I4,6
8D3BDF10-57A1-FC52-6D68-39FD904669CA,KR,GL,6
F9C7ADF7-D080-0CF8-B69D-39FD905A8000,EC,IW,5
183979DA-BD77-2532-8E85-39FD908ACC3D,PG,PG,5
E1A71444-98F9-AA8D-83B9-39FD9098948C,KI,NR,6
018B9A99-D2DE-7431-C64C-39FD90ECB630,KI,GL,6
B8D2BB9B-43DA-0551-FC5B-39FD913EF4A7,TW,GL,5
71BCAC05-0F6F-69EA-212F-39FD94C19F6C,KR,TV,6
B1A8D6A5-868E-D849-2127-39FD94C30C31,TV,I4,6
DECEED4A-77A8-241C-16CD-39FD952CF690,JP,,11
70DEC926-CC3C-CA8B-85CC-39FD95313BB4,US,IW,7
41D57D9D-DC58-860A-6470-39FD9536912E,JP,,11
733E5C4D-DCE0-086B-6F1D-39FD953C0D12,JP,,12
D4EFE2B8-9EB2-31C6-1F64-39FD9544C4DB,JP,,12
D7EDA55C-600A-0CAF-39EA-39FD954FED57,JP,FM,8
94CE098F-6055-F72A-C0A2-39FD955321ED,JP,FM,8
CFA24B16-28E5-2286-DDD0-39FD955DB08B,JP,FM,7
19B8AC1A-89A0-DC9E-400E-39FD9565F5CE,JP,,8
522B01A7-D379-B6F5-2DE7-39FD959BEB19,TW,NR,5
29052B98-49C5-DB81-F69B-39FD959E72FB,TW,GL,6
7EFD0FBF-EDC9-7990-52A8-39FD95B4D289,JP,FM,7
6CC741EE-BAA5-3AF6-AE44-39FD95BEFB19,JP,FM,8
7C5FBD41-D234-1613-D945-39FD95C155F2,PG,,10
9D4BF9B6-DA2D-F03D-A3D8-39FD95C776F9,JP,FM,8
0D049852-24E7-C610-6D88-39FD95CBD211,JP,FM,8
F270BE98-1332-8F2B-CFDA-39FD95D86320,JP,,10
1F8E1FD4-7433-CC40-D2D1-39FD95F9E38C,JP,,10
229C9B03-4E08-05EB-200A-39FD95FEEE0D,KR,FM,7
6A6C5689-1707-FE23-BF5B-39FD9601CADD,JP,,10
E9C97311-D8B1-3DED-A379-39FD96044E01,JP,,10
B9969B43-41A4-8F40-DA3C-39FD9606D8F9,JP,,10
E3BF4A6F-2BBE-5973-FB4D-39FD9611DF9E,JP,FM,10
86171D85-219A-27EE-F07E-39FD9615074F,JP,FM,9
059A6676-A52D-9E74-E394-39FD96291521,PG,FM,8
9C3F0F67-C60A-E8F7-0283-39FD963C65F8,JP,,12
6F6E2719-2D53-B0F2-C9FE-39FD963FF4C4,PG,,12
C70BD096-9A9B-EFD2-1ED2-39FD96470BC8,JP,,11
2274BA32-AA19-7E59-2178-39FD964DCFF0,JP,FM,9
A0D26679-5180-1C9F-0F36-39FD966F8AFD,NR,GL,5
E8CCF638-8F0D-4082-0688-39FD968F0404,JP,FM,9
EA86BB75-A49D-A569-C32B-39FD9698B876,JP,,12
C78035F9-1847-90C1-0031-39FD96A3AFE1,JP,FM,8
719EB50C-1CBF-342B-D4C3-39FD99E7A228,PG,FM,10
9B655468-6541-0FF3-9B25-39FD9A06B755,PG,FM,8
F78FB7B8-9063-A914-1B89-39FD9A201110,JP,FM,8
E676E5FE-0A3A-643B-0934-39FD9A735980,JP,FM,8
12D61975-8666-E2F4-5992-39FD9A9BF005,PG,GL,6
68B712F3-DBD2-CBED-AB60-39FD9AA905C8,PG,FM,8
1A154A4B-2504-CEAA-9291-39FD9AAF9669,JP,,12
EFCFE066-6EFD-4E62-6118-39FD9ABA6E95,JP,FM,9
D730E4B9-E39D-AF52-F692-39FD9AC9D1FC,JP,FM,12
F58AAF26-6F75-FC1E-F590-39FD9ACF346D,KR,GL,5
F66FBE4F-2EBD-D437-F0B4-39FD9AD01AC3,JP,FM,7
439B7670-F5FB-5C47-2664-39FDA41AAC3B,KI,GL,5
B4E387E5-AFAB-9DF7-DC62-39FDA41B5E60,TW,GL,5
44F11431-70F7-F9E3-DA3E-39FDA41B7BE6,TW,GL,5
4F8A0B01-9014-6AEA-961B-39FDA41BB7DE,FM,GL,5
11E2DA96-94A6-F933-A540-39FDA41C084F,FM,NR,5
B441CFC1-38CB-47CC-6A6B-39FDA41C5200,NR,NR,5
DE744455-A3B4-1A68-7089-39FDA41E15FE,FM,GL,5
527C3B99-7C4C-3DAB-2E6A-39FDA41E3B75,KI,GL,5
34A03F70-3846-D9AC-2DB9-39FDA4217571,NR,NR,6
E2CDBE0B-9217-FBF3-6FB9-39FDAA0C2698,MH,I4,6
998F30D3-AD60-2F67-83A5-39FDAA289E69,PG,PG,6
A3F0BDC7-2B9F-9CE6-E744-39FDAF6365EC,SB,GL,6
77283EF3-2421-DC55-7CFB-39FDAF7C9A63,SB,GL,4
A27C5D7F-6663-A07D-8D77-39FDB02AB82F,NR,GL,6
B97F45A9-4CA1-3076-1BC1-39FDB4409BA8,KI,GL,6
B2CCD730-5804-2B06-898F-39FDB453751E,FM,FM,7
D617E519-E485-9BD7-0FC1-39FDB8C72201,KR,GL,4
EC79C6FB-D720-22D9-B198-39FDB8E61879,KR,GL,4
59ED8519-7B07-EDD6-5418-39FDB8EF41A0,KR,GL,5
98A5DE0A-640B-3509-8744-39FDB90BB9FB,KR,GL,5
5F380609-DF9A-F1DE-98E2-39FDB93188DC,KR,TV,2
8FCA68DE-15E9-E4B7-DE76-39FDB96AE6B6,KR,GL,5
325D78C9-F315-A0BB-7A6C-39FDB9805236,FM,PX,6
77BE8986-DD6A-7537-3ECC-39FDB98BACFD,PG,NR,5
C3513D92-BC69-50B2-81FB-39FDBA195C62,PG,TV,6
EB1196B4-E7E2-E6AD-78B6-39FDBA50E11A,PG,PG,5
C62103F2-2D82-DB6C-B911-39FDBF46AF7B,FM,FM,8
480C4021-580B-6FEB-C220-39FDBF4A1F44,FM,FM,7
59DCAB78-025B-7AEA-3114-39FDBF7A2BA7,PG,TV,6
7FDE29B9-0CFF-8819-0098-39FDC01F931B,PH,I1,11
AB82A2C3-B208-7CD9-BCF3-39FDC07D7BEB,PH,,4
8C73FC93-0B95-3CE5-C8A8-39FDC824910E,PG,PG,1
1E50EDB0-218E-84F9-6ADC-39FDC827DD00,US,IW,5
EDA9B27E-7E72-E45A-9419-39FDC828A4E5,FM,NR,4
CD0A1457-5E35-7902-45C7-39FDC82C2014,PH,GL,5
FE9A680E-84B1-0DB1-C6E7-39FDC82C4D20,KI,GL,5
502B6CEF-7099-5D90-1EB5-39FDC82C7356,TW,PG,5
502B6CEF-7099-5D90-1EB5-39FDC82C7356,TW,GL,5
8D9017AC-0596-D657-32B0-39FDC82CAFAA,FM,PG,5
72414EA2-0244-C740-65BD-39FDC82CE8EE,FM,GL,5
6BD4F70F-6DD2-92A4-9D6C-39FDC82EB1EF,TW,NR,5
BA71DD80-5909-3383-2184-39FDC82EFF81,MH,GL,5
0CF29E1E-EB3F-5F51-10EE-39FDC83122CC,MH,I4,6
9EBC177E-CFA0-61BC-EF97-39FDC8318954,KI,GL,6
37C1D92C-C623-11DD-9210-39FDC831A2F8,MH,I4,6
185B22BB-75BE-B860-B660-39FDC831D376,MH,I4,6
F7AD02BC-E943-342F-487E-39FDC831F881,KI,I4,6
BC3AB471-5869-5101-C825-39FDC8321CDB,TW,GL,6
D7F26021-51DC-974F-EA82-39FDC8322EE5,KI,GL,4
5DE3725F-C07C-9D4E-13C5-39FDC8326AF8,MH,I4,6
3B1C1BB8-AE3B-EBF7-CBCE-39FDC832D00E,SB,SB,12
B7488203-2F04-FE20-42F0-39FDC835FD53,KI,NR,6
85BE91C5-2BD3-F613-6E4C-39FDCD49B6F7,PG,PG,5
D7F728F2-8D2E-0E2B-F99A-39FDCD49F357,US,I5,5
28CEED77-CF68-2FCF-0F67-39FDCD4A114D,FM,I4,5
01EB3DD4-E463-2E3A-960F-39FDCD4A9F8C,US,I5,6
01EB3DD4-E463-2E3A-960F-39FDCD4A9F8C,US,IW,6
75F85920-7961-06C7-7F16-39FDCD4B1CC9,TW,MH,6
6DA16680-1F96-2B3F-26BC-39FDCD4B476F,KI,I5,5
73B95F67-9F1F-78A3-19FE-39FDCD66C8C8,FM,I4,6
6841CA82-3975-B5A8-A9A9-39FDCD7A3F4C,TW,GL,5
17DAE454-F4D2-CCFB-4BCC-39FDCDBB6E1F,KR,TV,6
A1279315-CF2B-AAE0-FC2C-39FDCE33B82A,KR,GL,5
2620AF0B-88C6-83C7-1224-39FDCE6B6BA3,PH,I1,5
764A9883-D4B5-CF07-52D8-39FDCE92C225,PH,PH,5
47033581-9AE3-C63F-6E33-39FDCEB888AC,PH,PH,4
EA5ADAF4-3E0B-AA24-015F-39FDCED79C13,PH,I1,5
06E3E540-C5CC-D7C3-80BB-39FDCEE51CC2,PH,PH,2
CEE6E7D9-04F4-6D9E-673A-39FDCF88FD1A,PH,PH,5
3E11AFE9-A88B-0ECE-C528-39FDCFF7D2CB,US,IW,7
04B0B44C-8604-A452-E609-39FDCFF92989,US,IW,7
8B30DB48-E25B-CBE9-7268-39FDD2713104,PG,PG,6
631402A1-22BA-F4CB-80A7-39FDD31C81DD,US,IW,7
FC432112-D2A5-589B-AEEC-39FDD3785328,NR,NR,6
73ABEF3F-F40B-D01D-F4E1-39FDD379DC5C,NR,NR,6
8C4D80E3-063A-6830-4248-39FDD391A374,KI,NR,6
56B24497-B692-FB76-2E11-39FDD7AF048B,NR,,7
A13B9994-53CB-2F7C-0543-39FDD7B20FD0,KI,I4,5
6FCF89A4-F23C-71A4-7495-39FDD7F90727,PG,GL,6
4FD44CCC-B5BA-9B56-2C65-39FDD8C8CEEB,PH,I1,5
77ADAE61-9094-06BB-A126-39FDD8E6F806,PH,JP,5
30EB4178-CE72-1663-2716-39FDD8FA57E4,TW,NR,4
A483EA88-4AD0-E343-FDC1-39FDD909CD08,PH,I1,5
F93CE752-440C-B2CB-1ECA-39FDDD4506EE,TV,NR,6
7241A4E4-9285-C407-7C58-39FDDD9D8331,KI,GL,6
35343FDF-FDC6-2EF3-8051-39FDDDE7D927,NR,NR,6
750ED4EC-22F4-449A-28BA-39FDDEA85ABE,SB,NR,6
750ED4EC-22F4-449A-28BA-39FDDEA85ABE,SB,MH,6
750ED4EC-22F4-449A-28BA-39FDDEA85ABE,SB,GL,6
59114BD4-F514-F27D-C81A-39FDE246B310,TV,GL,6
D0C4444E-8080-B7FC-CC89-39FDE2803296,MH,MH,6
4A598B55-7A8E-85C8-09C9-39FDE2B645DC,TV,GL,6
3771F831-1ECA-C71E-D02A-39FDE35690E5,KI,GL,5
D29B650F-80E4-8A7E-1916-39FDE3C7D247,KR,FM,2
034586A5-EE95-92EB-9936-39FDE42CE6F9,PG,PG,3
154DED82-A538-7BF5-A2A4-39FDEC2FC273,PG,PG,5
03D786EC-E252-3170-D3AD-39FDEC2FF684,PG,PG,5
F9CC008B-6541-DA7B-E37C-39FDEC315EE5,KR,I4,6
5A5E932F-FA41-843F-5EC8-39FDEC318D5A,SB,SB,6
F880C269-6CE8-57DE-540B-39FDF155BC70,TW,NR,5
138D51FF-CE35-24E4-A508-39FDF2BFC8E5,FM,PG,11
BB362031-D4E0-3CD3-ECF9-39FDF2DCA22D,MH,MH,6
CB64BEE2-9116-9F2C-4B47-39FDF2E1B423,MH,MH,6
8A53B3E8-2CE5-6EE0-B011-39FDF30301B6,SB,GL,6
9CB8FEFA-1252-DB8F-63D2-39FDF71852EF,KI,GL,5
F6CF296A-816B-F7EC-91CC-39FDF7F4FA63,EC,,7
636624CF-975C-1B14-E9B4-39FDF7FC5A9A,KR,GL,4
AAE9DB72-BB1C-6198-21F6-39FDF80C69A0,NR,GL,5
7D8106E0-000C-855B-C299-39FDF810D138,KR,GL,5
EC839253-5756-FA70-73E1-39FDF816705D,KI,GL,5
CD77AE59-D18B-9018-FBD6-39FDF8202A03,FM,TV,2
319C4946-BCF9-D230-B81E-39FDFBA2F686,KI,GL,6
742C82BE-5A62-AEDF-0410-39FDFC8C577A,KR,PG,3
84B67CB6-6791-BE44-AAA3-39FDFD213CAD,TW,GL,6
08E64756-946D-9439-BB0B-39FE00C9C6D5,PG,PG,6
81692642-FBCD-0924-93E8-39FE01B412EC,PG,GL,6
1E07EF4B-785F-AC40-E716-39FE01BA9138,KR,GL,6
05F0AC6C-76E0-4BBD-66E6-39FE01C4FE59,PG,PG,6
EC675E63-3050-B86B-95F1-39FE02657F20,TW,GL,6
9904AB8C-9801-0B12-75E6-39FE05EFB6CC,KI,GL,6
9904AB8C-9801-0B12-75E6-39FE05EFB6CC,KI,NR,6
1555AF68-AE5C-7997-747F-39FE05EFD415,NR,NR,6
0D15BBB5-C88B-86C6-5248-39FE05EFF121,FM,NR,6
F30A3094-AA3C-BED5-46F5-39FE05F00B74,FM,NR,6
E54ABEEC-40CC-368B-99EC-39FE069BD12B,PG,GL,6
E54ABEEC-40CC-368B-99EC-39FE069BD12B,PG,PG,6
B1A45693-9E44-DDFA-C413-39FE0B163904,PG,NR,6
2BDA1A9A-4050-4B1A-5B6B-39FE0B16A843,NR,NR,7
446B91FE-8DAA-2509-F8E4-39FE103C213C,KR,GL,6
CC0ABB97-6FB2-F647-868A-39FE1653987D,US,I4,5
96F49623-A823-2A5C-948C-39FE16D5A9CF,JP,JP,7
61F470DF-A232-A3F0-CAE8-39FE16DB8EA8,TW,GL,6
E555CB8B-39BE-0712-CC7F-39FE172F7AA9,JP,JP,7
EAF7B8B6-9CEE-7EE2-54C6-39FE1733D1B6,PG,PG,6
B560BD5A-A057-E84A-F57A-39FE17454F5E,JP,IW,7
7009AE43-27BE-67AA-22BC-39FE174E9B5B,JP,JP,7
0074654F-AFE5-5F4A-C23F-39FE17558B5A,JP,JP,7
69E02DA8-3FE4-8CE8-D171-39FE175CEF24,JP,IW,7
E5F74990-FBB8-BD62-1107-39FE1A896D31,NR,NR,6
F97E74CB-77EA-629B-EC16-39FE1A89A1C1,NR,NR,7
A504DFA5-7152-9D6C-BFA7-39FE1C0A97D4,TW,PG,7
5117C6EE-7063-9BE1-0049-39FE1FAF6ABC,NR,NR,6
7F8FA4CC-2859-C8BB-12F2-39FE207F2685,FM,I4,6
18D58E75-C423-77BC-8130-39FE254CDF02,TW,NR,6
56E47147-CF1D-F8F4-B874-39FE29FD5948,SB,SB,7
140C5314-AEB9-5C12-4F27-39FE2AD56137,PH,GL,3
3A813D42-C623-ACBA-1F4C-39FE3AF6D4EB,TW,NR,4
D8C26438-344F-7DE2-F604-39FE3B1938B1,JP,FM,4
6568DAC4-B509-B4A2-F405-39FE3B1B0FD3,JP,MH,4
62107AC1-A8B0-9D92-4742-39FE3E95922E,TV,PG,7
19420E8B-2FFD-4C7E-D752-39FE3F24DF0F,PG,TV,6
6C01ACCD-41E4-EE7F-28CC-39FE3F3958A0,KI,PG,7
BE61CF40-B139-6C97-4148-39FE3F8EFA84,KI,GL,6
E602526D-759D-745B-4925-39FE3FCD3B96,KI,GL,7
A2AAE35C-6266-C129-5DCE-39FE4028C8EE,SB,PG,7
2E60FBD4-DED5-F927-A8CE-39FE40317B89,TW,NR,7
17AC0415-A3B2-E022-78A7-39FE43BC2F28,KR,PG,6
B1FD927A-69DA-F4A1-A3C7-39FE48E2ED59,PG,PG,7
8669A616-2A10-5A75-B1E3-39FE4996D9B7,PG,PG,7
0495BDD1-FED5-F24C-EBFE-39FE49B6C167,TW,NR,7
AB787F98-2FA3-1E3C-737A-39FE49BB6EFB,KI,GL,7
A23A5E92-3CB3-04A7-59B6-39FE4A2EBCB7,US,IW,8
88F16FF4-5AFD-9E25-EE7A-39FE4E08DEC0,TV,GL,6
BA19CB1F-DF1D-BEC3-53E4-39FE532F25AC,SB,SB,7
8E0673DD-F1E6-6610-763D-39FE58551A1F,KI,GL,7
C4727FAA-A6EC-CF29-B6EE-39FE5D7B6471,FM,PG,6
396ECD93-3D1A-CC3F-30A8-39FE5D7BA675,FM,PG,6
D73306FA-088A-F27A-D6D8-39FE5E0D0F75,KR,PG,7
9D3FF91A-1423-424F-2B6D-39FE5E2E0CE1,NR,NR,7
015BCBC8-233B-BA99-A195-39FE5E4EBF1D,SB,MH,7
015BCBC8-233B-BA99-A195-39FE5E4EBF1D,SB,PG,7
9CE1767B-F90A-76BC-4434-39FE5E5F4ACE,TW,NR,7
630F3883-319F-1389-57FE-39FE5E62CB34,KI,GL,7
EAA85495-55F8-4E7D-F0CE-39FE5E6F811F,TW,MH,8
D102AB0D-53C4-0E62-CA90-39FE5E995A01,NR,MH,8
949A13E4-7130-D060-C063-39FE62A1F471,PH,MH,6
DACAAA43-435F-D2C5-63F6-39FE631978F0,JP,JP,7
17020ABF-4893-3C27-F804-39FE6324856A,JP,JP,8
61843FBE-5F3E-88DE-4E5A-39FE6328E06C,JP,JP,8
B7257279-8409-8871-657E-39FE6357DF8C,PG,NR,7
D7F8DCBC-C334-673B-5B44-39FE63853D7F,PG,PG,7
B8A1DADC-6781-B589-5992-39FE63F3BB6D,SB,FM,4
10315D73-5E27-39A9-D2F7-39FE63FAA84E,PG,PG,7
6AC79ECC-6447-F413-31D6-39FE643A2075,SB,PG,6
03162D0F-AE24-5FBD-AF2D-39FE64573DE0,SB,SB,4
B7066DFE-80B2-E62E-329F-39FE6484F9E2,SB,SB,7
25BA980D-96DD-6E97-5C48-39FE67C80F2D,TW,GL,6
BF9B8946-80C4-6101-C72D-39FE67C82EA7,MH,MH,7
11134FA5-86E8-8755-A032-39FE67C85598,FM,PG,7
3DDEA804-5177-B105-A713-39FE67C8C616,KI,GL,7
BDB662F7-5891-6B93-EF7F-39FE67C8DC8A,FM,PG,6
67040CC6-BBE3-2009-D59B-39FE681CB0A8,MH,MH,8
FC959AB8-CA50-1AA0-40CD-39FE684DA5BC,KI,GL,7
22258318-4E18-EC8D-DE70-39FE685185B5,EC,IW,7
B6DCB8EB-F764-F837-ED5F-39FE68AFEE25,SB,SB,6
769F0367-C412-3E95-9213-39FE68B389B1,SB,SB,7
98A0E90C-CEB9-BA6B-9A4F-39FE6CEE549E,FM,PG,7
98E7B8C5-6582-C425-1E24-39FE7214C5AD,FM,PG,6
B5950646-CDF2-AB0C-26AB-39FE7214EA44,PG,GL,7
F7BA74D0-BF78-C883-178B-39FE727F3281,US,IW,6
AAA52C2C-7F62-8D08-EAAA-39FE72C60630,KI,GL,7
7ED5B04B-B6E8-3DB9-F03B-39FE773B13C7,FM,PG,6
F2DC5829-D66D-1435-1425-39FE773BC4EF,PG,PG,8
5A810FBA-34D5-F0E0-16B0-39FE7C6162D5,TW,NR,6
C4DACF47-0E4F-120B-B3D8-39FE7C61862D,FM,PG,7
FD13CC85-700F-08FA-F549-39FE7C61FD6E,MH,MH,7
6F95404E-0503-57CC-5453-39FE7C623929,PG,PG,7
BE3A283F-F722-ACDB-34EC-39FE8347849E,MH,MH,7
9972BDC8-C670-E9EC-4D33-39FE8BD46B5E,PG,NR,7
DDAC74E9-8C5E-00C7-1682-39FE8BD4C7C2,PG,PG,7
D4F82E7E-6310-E4DD-4860-39FE8C93B92A,PG,PG,7
647768B7-FD37-8734-0301-39FE8CA76EE2,NR,NR,4
6192FC11-649A-9707-6ED4-39FE90FB24C5,FM,NR,7
498CF97D-7295-E378-D843-39FE90FB3E63,NR,NR,7
95B01DE1-FB3D-04D4-9550-39FE913D1B4C,US,IW,8
1F73776B-B9E6-D158-2E6E-39FE919EEAE3,TV,PG,7
205070A5-D967-B1C9-F764-39FE92E54F45,PG,PG,7
E109F48B-DA9B-D83B-2AC0-39FE968E4A31,PG,PG,7
50B64447-B44A-B525-1B31-39FE9716B10E,JP,IW,7
5AC2E707-39E8-0D75-2E37-39FE9B480CF9,KI,GL,7
1193262B-D8D2-BCDE-3673-39FEA06DF01E,KI,GL,7
5F70F0C6-0C9E-C872-CD05-39FEA594DFEA,JP,GL,7
CFE6C24F-DB11-B6CF-9F74-39FEA6164C0A,TW,MH,8
26933893-2EAA-9CF4-C5B7-39FEA664164B,KR,PG,2
EBCB355A-0FE7-E8AE-D36B-39FEA66DB738,KR,PG,3
5290D03E-F200-4B6C-F9B2-39FEA67D9ADA,TW,GL,3
85C7F73D-9210-CFC1-976C-39FEA686A75E,TW,NR,7
2EB9CAA3-35BE-C353-E36A-39FEA740B622,PG,PG,4
ECF102F5-06DF-4881-BEE0-39FEA74E9580,FM,GL,4
C4E34FF4-57B2-96BA-BB93-39FEA75F962A,NR,NR,3
C4E34FF4-57B2-96BA-BB93-39FEA75F962A,NR,PG,3
987088E7-68FF-7087-B92C-39FEAABACDB2,NR,NR,7
CDE87C9D-18D7-1EA8-FE95-39FEAB22794A,TW,MH,8
D0EAD1D6-DCFB-7195-19A9-39FEAB4EC876,TV,MH,7
9E833723-6B65-89C9-AC59-39FEAB613DA3,NR,NR,7
8B807AD1-B56D-1C89-32F2-39FEAB656F2E,PG,GL,5
2E6153A4-7E8A-8B3B-BE0B-39FEABB2A0E9,NR,NR,3
2585E1C8-4F44-BB4E-5676-39FEABC365A3,NR,FM,2
D46589BB-BA97-E716-51B6-39FEABDBE62C,KI,GL,7
AB6E86AF-DCA4-341B-897F-39FEAC24DA6E,MH,MH,7
77A649C8-51CF-7B7F-B53B-39FEACAF4A0F,MH,NR,8
8EEC7980-FF7C-EFA5-6AB4-39FEAFE138FA,PG,PG,7
16FF49F7-53D0-AD26-1F81-39FEAFE18734,TW,MH,8
6EDC6F0D-9854-A0EC-20E6-39FEAFE1A205,PG,PG,7
4B9A4A80-C315-6F68-7E86-39FEB04D2B29,TW,MH,8
929066A3-94FD-6C48-A5EC-39FEB0F2FA34,NR,NR,7
77BA738D-2C8D-AFAF-55B8-39FEB1460C12,TW,NR,7
B46638BD-FE46-EB5A-DEDF-39FEB14EC6F7,KR,GL,8
86BD999C-B2C2-06DF-4CE3-39FEB16A3A81,KR,GL,8
81522BD9-2CB1-BC21-FF69-39FEB16B4FA7,KR,GL,7
83772F29-69C6-7959-A73C-39FEB171FECE,TW,GL,5
D4EBC09E-3158-D07B-2D6C-39FEB1AE7D9E,FM,TV,7
A6CF0F29-0803-EF30-41AC-39FEB5079F6D,FM,PG,7
70D1267A-FB8B-EB30-C342-39FEB57820EE,PG,MH,8
05D723D1-14A9-FF51-52FA-39FEB5815467,KR,GL,8
9D979276-5AFE-BA34-3E6B-39FEB5926D3B,KR,TV,6
7A15DF94-D0E0-0BA9-B620-39FEB5B8B266,KR,PG,6
69D95101-A978-BC2E-BA63-39FEB5D55261,KR,PG,7
71D616A0-5232-ECC5-208B-39FEB5D9AB29,TV,MH,7
71D616A0-5232-ECC5-208B-39FEB5D9AB29,TV,GL,7
68A99438-77FF-579F-BBE1-39FEB6DBE7C4,TW,NR,6
1FD49E11-F81B-47E2-EE31-39FEBA2E97FC,PG,PG,7
4D10C3BD-B4B9-B4FD-191E-39FEBA86E894,US,I5,9
2D2E2219-0010-6E89-D03C-39FEBACAE433,PG,TV,7
8074B480-2E92-B4E2-C9F3-39FEBAF2EA21,TV,TV,12
D061CE97-9369-5A8A-335C-39FEBAF33A22,KR,PG,7
3F384B15-7867-59F1-28CE-39FEBAF6EF57,KR,MH,8
FF96A45D-C316-84AA-8824-39FEBB117AFF,TV,TV,7
FF1E005A-6565-F66E-E316-39FEBB244854,FM,PX,12
5EA8FE6F-8A98-0DB9-273F-39FEBB2BC52B,KR,TV,7
4655FCCF-736B-D800-B7FF-39FEBB31FEBC,KR,PG,7
B0A75174-8E5F-2C51-A747-39FEBB32F72C,KR,GL,7
8A5E94C3-5DC3-3537-2FE4-39FEBB380F0E,KR,PG,7
B5F14935-5A66-6C15-A22F-39FEBB3DB6E8,TV,TV,6
7211FDBE-7567-0806-FCB7-39FEC47AAB7B,KI,GL,8
D49EDDAD-7C9D-3F56-7781-39FECAA6D315,FM,GL,8
DF812C92-A4F6-DCE5-C04B-39FECAAFCE61,TV,I4,7
469BC0C5-D393-E3E7-635D-39FECEC78174,KI,PG,7
9E712C36-853E-4C64-4258-39FECF99627F,KR,GL,7
426976B1-F91E-AAD5-B7DF-39FECFB78138,KR,GL,7
FEFEAA9C-ACCC-BD9A-83E3-39FECFCAEE72,KR,GL,6
52C9C2B3-C3D7-CD39-133E-39FED3EE17C1,TV,MH,8
01204DA0-958B-4949-F422-39FED3EE7075,FM,PG,7
570185E5-D6AD-9110-F551-39FED4AD2D7F,PG,MH,8
ECB16F76-4404-67D2-2A8F-39FED4B8C528,KI,GL,8
CB064377-5F2F-BF85-18D6-39FED4DEB533,KI,GL,8
13F51C5B-2839-17A6-0378-39FED528A900,US,IW,9
4D24EF5A-0DC7-4997-66B5-39FED5DDBC81,PG,MH,7
F3260E40-5222-D613-657A-39FED5EE16E7,NR,NR,8
E3E9A592-B2A3-5A12-1D6E-39FED93106A3,TW,NR,7
F80F6060-D04E-6613-6B0A-39FED9D44636,FM,TV,4
F0C7E855-2D56-C6AC-211F-39FED9E4DC21,FM,FM,8
858337AD-555E-00AB-1981-39FEDEE71A23,NR,NR,7
944D9BD6-36A1-AAB5-DD72-39FEDF005857,FM,MH,8
94071885-8AA0-F742-B473-39FEDF082F08,MH,MH,8
8A51FE1E-4AC8-F255-35C5-39FEDF10DD5B,KR,MH,8
1BCF90CC-51D3-99F4-05DB-39FEE360829B,FM,I4,6
E3F9638D-0A00-0783-1AE8-39FEE88752B3,KI,GL,8
A16703C0-A6CD-D9F0-6281-39FEEEC0BC74,US,IW,9
92203142-93D9-A628-7B68-39FEEF48D4DE,FM,MH,8
92203142-93D9-A628-7B68-39FEEF48D4DE,FM,FM,8
22B2D643-D732-C3FF-BE48-39FEF2D49462,KI,GL,8
6F0CB483-291E-CD29-11F7-39FEF2ED2CB7,NR,NR,8
68D319BA-4CAB-3D97-5CDE-39FEF2FA7DF6,NR,NR,8
25EF81CB-85BC-D078-1663-39FEF30BDF54,PH,MH,8
F838306D-9F8C-97D7-D6A0-39FEF3CB79BA,KI,GL,8
FEAC8D18-BFFE-588F-26FE-39FEF3F7F92D,NR,NR,8
F74373BC-8AD6-B283-253B-39FEF460E7C6,JP,JP,8
3F28B1E0-ACE8-2772-BB67-39FEF46D290D,JP,JP,8
A4E5C92D-35D5-E07E-BD5D-39FEF474079E,JP,JP,8
D500FA75-9647-6EA9-1E8B-39FEF8D614A9,JP,JP,8
362FFB7F-71B2-D962-BF77-39FEF8FA4363,KI,GL,8
4455248E-EB16-F6FB-F90C-39FEF9426A25,KI,GL,8
24E7A06E-FD94-6043-227A-39FEF9BC4A6F,JP,MH,7
6206852E-81C6-99FE-4F66-39FEFD2167D6,KI,GL,8
8CB1DEFE-6F71-2A3D-4537-39FEFDC40685,KI,MH,8
1E9F363B-7AA1-4CD9-4165-39FF0247D87B,KR,PG,7
A373611A-AABF-4B02-5382-39FF02480F0D,PG,FM,8
2DB5617F-FA46-B41F-E6A0-39FF076E0BDC,FM,FM,8
EB0A9C88-0313-D50D-9C57-39FF0C94ADB7,NR,NR,8
29D7AD8E-90A7-35A4-6BF6-39FF0C94DD68,KI,GL,8
1670E7F0-E49B-FD3E-A880-39FF11BAE5AA,PG,GL,8
DC38F556-F466-BC6C-851A-39FF122BA656,US,LN,9
97A9D032-6C12-C1A4-0321-39FF12B7CA92,KI,GL,8
70F63FB2-B13E-9F25-4F52-39FF132FBAB4,KI,,3
B00297B4-C521-29B7-C727-39FF133EA372,PG,GL,8
6613AA3C-6B4C-1B42-5647-39FF137F2225,SB,PG,7
8DEA9E25-62D6-2EE5-DA8D-39FF13818165,SB,GL,8
93D1B82B-2012-52E4-C790-39FF13993AD5,PG,FM,8
93D1B82B-2012-52E4-C790-39FF13993AD5,PG,NR,8
255C80B3-FB6D-EFFF-4785-39FF13B34D46,PG,PG,8
6E538EF1-A319-57D0-C6F1-39FF16E0F856,NR,NR,7
675EF1FB-DB07-CB5F-A362-39FF16E15D93,KI,GL,8
B76001E5-6C80-5795-F4D6-39FF175DABB8,PG,GL,8
EA71FF40-2FB4-9D5B-E2F0-39FF17BEAE9C,KI,SB,1
984B082F-73A4-B560-A6B5-39FF17EC02C5,KI,GL,8
D20F9256-4675-58A1-A98C-39FF187FA1B9,KI,GL,8
BFCC172B-39A2-5C48-EF17-39FF1899C675,PG,GL,8
E19A6332-B228-9E0B-4538-39FF18A44D6C,PG,NR,8
D7B31C95-1F4A-258B-3711-39FF1C03919E,FM,,7
FC83FB2A-DC9F-4987-505C-39FF1C03A171,PG,,7
280EAEBB-F6B1-BBEB-7D1B-39FF1C03BDEE,FM,,8
D59E3AC4-E38E-6C4B-D259-39FF1C040C62,PG,,9
233BB542-F793-327B-A736-39FF1C041C9B,PG,,9
B2A8A3E4-3592-1AED-DB59-39FF1C04CCC2,PG,,9
35294DB3-9AFD-66F6-E912-39FF1C05B5EB,PG,,2
D51DF359-FBA2-151B-7BE9-39FF1C079AD3,KI,,1
9E58034F-EA0F-191D-6F91-39FF1C07A3FC,KI,,1
1D9F0989-DCBF-271A-667D-39FF1C07BCF2,MH,,1
82A5ADDF-206B-A67E-1EAB-39FF1C085297,PG,,2
5EE47D84-3C4A-8294-113F-39FF1C088449,NR,,3
90F2582D-7A90-56E4-A750-39FF1C08CC75,KI,,5
E703B893-59AE-EB92-0D50-39FF1C096F10,FM,FM,8
50034A60-D437-D83D-8E39-39FF1C09C619,KI,,8
DBA9A388-2FB4-7BA6-A101-39FF21EFBBF2,PG,PG,6
1A81BB5D-62A3-6241-4F2F-39FF26539E45,PG,GL,8
A79056F7-3A17-05EB-8B6A-39FF2653B7E2,NR,NR,8
9CE92509-389A-CB78-51D9-39FF2B79AE25,PG,PG,8
53592D01-C0B1-465C-0D13-39FF2B79EE48,MH,MH,8
6A45EF1D-3A65-F887-9B5D-39FF2B7A512F,TW,MH,8
82FBE9F4-15DC-6D9E-A2B6-39FF2B7A6D5D,FM,FM,8
875AA200-8D0B-1487-140A-39FF309FFC71,KI,GL,8
F1F186E4-B8D1-80FC-3702-39FF30A030B1,TW,GL,8
7A8FAD16-0349-8AA3-3EB9-39FF36274F11,MH,MH,8
79C99DB7-A614-AC7C-BBA3-39FF3AECE8D3,KI,GL,8
BFE5F842-2EB2-E666-8EC5-39FF3BAF4A4F,JP,IW,9
C9CFFBE9-0070-B325-27F2-39FF3BCCC9EC,FM,H5,2
9CD5805A-99ED-A8CB-4190-39FF3CD1B9C7,JP,MH,6
B780BF38-88B2-48B1-B9AC-39FF3CDCB6F1,JP,,5
30784F05-43EA-CAA6-9833-39FF3CDF058F,JP,MH,6
C977B78F-3449-30DD-5E60-39FF4013DF81,FM,FM,8
913BCD55-9D95-BAE6-B3B3-39FF409F4872,KR,GL,8
4FBB1CD4-35D0-A1C8-EB84-39FF40A4D5F3,TV,TV,7
5E2ACCA5-A17E-0EF7-B883-39FF40B8451F,KI,GL,7
2B4302C5-2D73-AC40-E70A-39FF40BF1694,US,IW,9
2A4B62E5-477F-532B-2C1F-39FF40C669B5,TW,MH,8
2755BC92-3E6F-8D90-0487-39FF40DD7EFA,TW,GL,8
EE62BB12-F064-76CA-951D-39FF40E8D5D3,TV,FM,8
4D6F1DEF-9C00-02C0-2281-39FF411F8B11,FM,FM,9
CF0F2480-9496-362D-AA1C-39FF4539DD7A,PG,PG,8
F4DA066D-067A-3DC4-4B61-39FF4539FDFA,KI,GL,8
1DBCFE30-9331-D54B-E441-39FF47BE04DB,KR,GL,8
19A88569-34A6-894B-756A-39FF4BE95FE5,KI,GL,8
30BFEEEF-1188-A47B-0BDE-39FF4C21A24B,TW,FM,8
FCFF5DF3-F457-3D7A-C32E-39FF4C64A370,KI,TV,9
115F0593-5317-4D81-42D6-39FF4F859694,FM,FM,8
9AB8A7C2-4B72-4E32-813A-39FF54ABB238,PG,PG,7
7290E55E-172E-81E5-19EB-39FF5B87FD06,KR,TV,6
7355577F-6743-FE39-1B54-39FF5BC4A0AE,FM,GL,8
61C1F8F4-27D4-4E01-F0EF-39FF5EF8B285,NR,NR,8
D08A850B-9845-6149-FCDC-39FF5FD44B07,KR,GL,7
AD6C7DEC-AEE5-7E36-E51E-39FF5FE24C25,FM,,12
41EA9D07-B86C-8F93-C2FD-39FF607356C5,KR,PG,6
D81B2AC4-277E-434A-C578-39FF641FD9F4,FM,MH,8
C4FA085F-A927-B426-5368-39FF64202352,TV,GL,8
970B9109-EADA-5519-5631-39FF64EF631C,KR,TV,5
5365862C-7CF1-AD18-B098-39FF65137D2B,KR,NR,7
4D487C07-E3DA-AC94-0ABF-39FF657C1FD5,FM,I4,7
5DC1D2AA-E57A-1609-1F83-39FF657D3FA1,TW,FM,8
292A6B1C-1545-8B03-0D33-39FF6593E740,KR,GL,5
BB4A3042-0E0E-927C-F209-39FF65C893F2,KI,GL,9
8D033682-7C95-F227-25DB-39FF6AFA4F29,KR,TV,6
D186829A-12CD-840D-F433-39FF7E536516,KR,GL,8
2878D40D-261C-50BA-8D05-39FF7E672558,KR,MH,8
D97FE18C-AD4E-B8A1-8D67-39FF7E90E2D8,PG,MH,8
55AFFD40-A6F5-13E4-3550-39FF7FB31047,KI,GL,3
3750DE42-C8EC-55F6-471A-39FF7FD46250,KI,GL,2
8252B8E6-1934-E680-7CDC-39FF837D9E43,KI,TV,2
DB5A2A8D-30E8-0AEC-FBE1-39FF83B973A6,KI,NR,3
DFE6FA82-6B7F-EC4D-5922-39FF83CB4A81,KI,TV,1
522E7F92-5DB6-1B4B-51E6-39FF840693CA,KI,GL,7
9CFE2AF9-6449-1E66-5DE0-39FF8486B36E,TW,FM,8
4EADC23E-0701-67B5-E558-39FF848C2373,KI,GL,6
28D0B308-1F8E-4896-2386-39FF88C04FC7,KR,PG,8
4E75EDAE-82B0-31FB-C55C-39FF88C286D8,KI,GL,2
E1CA9AC0-0EE5-3741-20F6-39FF88C9873D,KR,PX,9
B450A15C-D20F-3750-9398-39FF88E05ABB,JP,MH,7
500CEAB7-B55A-1340-0668-39FF88ED8180,PG,,6
97459622-CE02-DAC7-16FE-39FF892891E4,KI,GL,8
1F6E5B7D-13C2-B309-1B68-39FF8A1A9CC8,KR,TV,1
6BA8AE4C-9D15-BC32-28FD-39FF8DDC9A36,KR,GL,7
8FFD0253-A230-653A-8C15-39FF8EB7A878,KI,I4,6
990C4F2C-90D6-2D5E-6405-39FF8EFAF2E5,KI,H5,1
94061AED-6B7F-D46D-EF64-39FF927BE22E,TW,NR,7
92F0FBD4-CF09-3571-09CB-39FF927D07AF,PG,PG,8
15B3AB8F-625B-0EFB-47B9-39FF927DB700,PG,PG,8
3983CDA3-59C3-F932-3488-39FF927E2D8E,FM,FM,8
9CE2D8BE-8189-1664-4473-39FF927F055A,PG,PG,9
0C48C7D8-6DE5-9D7B-39FD-39FF927F2216,PG,PG,9
05ACB960-125B-8131-08B3-39FF92FCABCC,TV,GL,8
64309691-99FE-505B-44DE-39FF9315830D,KI,GL,2
A475CD5F-625E-7EB0-521D-39FF93292AD1,KI,GL,5
FEDC08C5-25E6-AC3A-3026-39FFA2D846CC,KR,FM,6
BE6F1468-A692-93FF-AAB3-39FFA2E2D84C,KI,I4,7
1BDFF6EC-E919-AFB5-A2C1-39FFA2E69DA9,KR,PG,5
DE14EC40-88DB-3E6D-D264-39FFA2F4BF97,KI,I4,1
D06BB913-E8DB-9331-198F-39FFA35C7349,KR,GL,7
179EC10E-0AA4-5304-C1F4-39FFA36AF5C9,KI,I4,2
6ACD2458-B330-56D7-2D84-39FFA3845FE3,KR,TV,11
3A55DF47-835C-765E-BE36-39FFA39B560B,KI,PX,3
C99ED9F2-4457-7CE9-F756-39FFA39C2143,KR,PX,10
B664CC55-C733-79F4-ECF2-39FFA3B07BCC,KR,H4,10
B664CC55-C733-79F4-ECF2-39FFA3B07BCC,KR,PX,10
2BB193D3-9966-5BD9-C746-39FFA3CC0859,KR,PG,7
B990C6D5-F811-DEB5-8D3B-39FFA3CE5066,KI,GL,5
79416819-589E-A91D-984D-39FFA3E60049,KI,GL,7
509D89D5-A2ED-95FB-B7CA-39FFA78C7EAF,PH,GL,2
820EFFFD-3C18-F0BF-5D32-39FFA7AD5871,KI,TV,6
BC62630C-8122-5F02-B054-39FFA7D95623,KI,GL,5
BAFB2E50-E27D-0194-9663-39FFA7F575F3,KI,TV,3
1D1D3C7F-3459-581B-8CB1-39FFA813828C,PG,GL,8
6C112E26-8AD0-DBA2-E3AC-39FFA81CD259,PG,,6
0D450D8E-1DBA-FA45-FF2C-39FFA81F7972,JP,,7
07177476-EFFE-49E9-8501-39FFA82482E0,JP,,6
32634C06-FB49-5680-A0E6-39FFA86F7F8E,KI,GL,2
3A6D5BDB-046D-55B0-2BC8-39FFA8ACB5AE,KI,GL,1
197F1C74-6A9C-C168-BFFA-39FFA8ECB563,KR,TV,6
149E2F98-F775-9220-6CA5-39FFA8F8EF54,KI,GL,9
A73305C1-B780-4D46-2AB4-39FFAC8EC9DA,JP,IW,9
331000F1-3A80-AA01-7235-39FFACB2D8D8,EC,IW,8
60046D7E-C47E-7DD6-BD4C-39FFACB7F2BC,VU,H5,3
C069F062-D3CA-BB6D-3567-39FFAD1A7D37,MH,GL,4
FD3D7424-13C4-934C-01D7-39FFAD2E4E8C,VU,GL,5
F4856FAE-63AE-6210-FC12-39FFAD99986C,VU,I4,6
B1BE4829-91C8-43B9-0B21-39FFADEF682C,VU,PX,1
795B81DD-5C71-C236-D109-39FFB1A8E2C7,VU,I5,6
F46BDA55-40A2-A301-BBAB-39FFB1D59F64,KR,NR,8
461FCFD4-B4E0-CB31-FF48-39FFB1EBCAB6,KR,PG,7
FEFBA65B-7AAA-3ABF-DABB-39FFB1F2C740,KI,GL,6
F7253110-682E-4486-2E4E-39FFB20976D7,MH,,7
00772012-5650-4EE2-2D02-39FFB25728B6,TV,GL,8
E2788725-119F-0487-3158-39FFB2F939C7,MH,,7
B9FB038C-E35D-1955-6EA0-39FFB68F3094,NR,NR,9
DBC8E1D0-1CF9-48E5-B29A-39FFB690442D,PG,PG,9
D2B1ABE2-A550-2C50-DE84-39FFB6906718,PG,PG,9
5226FBE2-EC9E-411A-E0B0-39FFB69102EC,PG,PG,9
6892FF3C-1F6F-E6A7-EE2A-39FFB6F1F3CE,PG,PG,9
992A427B-7A2D-901B-5172-39FFC6C3AA4B,TV,I4,6
44C004B6-6CDB-FD94-0A68-39FFC70C0FF5,SV,IW,9
D6BF083D-5331-C528-404A-39FFC74FCB89,KR,GL,6
A2D08BC1-5EDE-780C-6884-39FFCBECA8A5,US,IW,8
435ADD51-3E3F-75B7-7767-39FFD0F0F67F,KI,NR,9
6BCF3BA4-88F3-F7F7-AD59-39FFD1D9066D,KI,TV,9
65830200-607D-C1C6-62C7-39FFD5F3AFA0,NR,GL,5
004FC179-282D-008B-60EC-39FFD6EA028E,PG,PG,9
A2B1CE9F-565C-5676-A1EF-39FFD73F0B82,PG,FM,9
0D114C63-BE91-F01B-B9CC-39FFDA907EF5,PG,PG,8
F4F56EBF-B342-3E02-11A0-39FFDA92E5DB,PG,MH,5
2A5420D2-E47C-4A36-999A-39FFDA94110B,PG,PG,11
BB0F0DFE-CE36-251A-029A-39FFDA947B5C,PG,PG,1
83B17640-686B-378D-A2F5-39FFDA951A60,PG,PG,1
501C12C6-C252-B593-8224-39FFDA975D84,MH,NR,7
FA8167C8-29EC-AF92-1B16-39FFDA98A0F3,PG,PG,8
8DDF711F-723F-06BA-0EE1-39FFDA99BDCB,PG,PG,8
91983885-FF01-63BA-72FF-39FFDA9AA2A0,KI,FM,9
DFA28BCA-9CAD-B4FF-474C-39FFDA9AF2B3,KR,SB,8
8409DA14-8486-E4C5-C566-39FFDA9B513A,PG,PG,9
5E297F78-3125-94B6-8BC7-39FFDA9BF40E,FM,FM,9
EDA7B499-EDE7-024B-291A-39FFDA9C9198,PG,PG,9
EF2E0E93-135B-5298-3184-39FFDA9CC512,MH,FM,9
6495E34E-ABDC-9608-3F6E-39FFDA9D3525,NR,PG,9
C4E86879-17D1-B8C0-4E17-39FFDA9D9074,FM,FM,9
9D0DEA3C-CD00-16BB-C51B-39FFDA9DFBBE,PG,PG,9
6A5C2516-E0C2-238D-FE69-39FFDA9EDF3B,PG,PG,9
A4CE60C0-E17E-3E58-CBFB-39FFDAA00DDD,PG,PG,10
826D6DCA-A1DC-9AD7-B248-39FFDB07CB37,KR,SB,9
2A1B5BC6-9182-8B6F-B74A-39FFDB4D00BE,PG,PG,9
8C515A21-25B9-4D4C-4733-39FFDBA4BC4E,NR,PG,4
79F7155C-8D25-415D-E0E0-39FFDBDF2B77,KR,TV,9
FC27F177-4F6E-CDBC-811B-39FFDC1D2C76,KR,SB,8
98E0EFC4-B944-0838-644D-39FFDC238AA2,NR,FM,9
98E0EFC4-B944-0838-644D-39FFDC238AA2,NR,PG,9
A3EF71D2-AF2B-604F-9A50-39FFDC23C124,NR,FM,9
50557E8D-DBFA-AAF0-4CCB-39FFDC8DF411,NR,PG,9
27E3C18F-3D1A-EBB2-B64C-39FFDFBB1462,FM,FM,8
10491BE9-D036-1562-4BD1-39FFDFBBC355,MH,PG,9
B7029EB9-CF10-9A6D-50D1-39FFDFBC93F6,PG,PG,10
F696B0EE-35A1-3BAC-095B-39FFE4DFABFC,FM,FM,9
6C5E58A6-CE0F-9405-EB6D-39FFEA03D82B,PG,,10
FDA92B39-22D2-41E1-EE45-39FFEA65ACE9,KR,SB,8
93A8E3E9-C987-A10C-951D-39FFEA86C38A,US,IW,9
182716F9-BA01-F1C4-23E8-39FFEA8D92A8,KI,GL,7
6489B79E-55E2-4B9F-E590-39FFEACE9724,MH,I4,8
D765108D-8354-D404-795F-39FFEAEA6497,VU,LN,4
4C5DA019-625A-F0C7-1382-39FFECE04017,EC,LN,8
C630AA7A-99EA-3C7A-C45D-39FFECEE3EB5,ES,H5,8
EFB3F9DC-27A2-0FD5-0D8C-39FFEF2AB0ED,PG,PG,10
303D61B8-0529-1776-9756-39FFEF830194,TV,PG,9
1333B5F2-C37C-9895-EADE-39FFEF9F0E5A,TV,FM,9
B5CB2AD5-D7D1-199D-CF3C-39FFEFA06B43,TW,,7
697FC107-6EDD-625E-E4B3-39FFEFB6EB1F,TW,GL,4
77387252-3BAE-E3ED-1B9B-39FFEFD2EF2D,TV,PG,9
1FD95472-E129-4A34-4285-39FFEFFA8672,PG,PG,10
5C898DDE-33AA-19E5-410B-39FFF00D073A,KR,SB,8
0765784E-61F7-7218-8A17-39FFF0212CFF,KI,GL,5
F7F9AF3A-3EFC-DBA0-5AD1-39FFF036DEBC,PG,SB,8
E345C4F0-93CE-8FD4-CFCD-39FFF0962CAD,KI,GL,5
30D7A232-CDFA-40D4-CCD3-39FFF0B1A1F7,FM,I4,6
DC29B6A8-7295-D4D2-2831-39FFF0D59854,KI,TV,3
E99F254F-D621-CCFD-AADF-39FFF4509D07,MH,MH,8
13FE731E-B56F-67D5-0ACC-39FFF450D010,PG,PG,9
24A27FBE-0602-E0E3-0F60-39FFF4E0F4E6,NR,PG,9
24A27FBE-0602-E0E3-0F60-39FFF4E0F4E6,NR,FM,9
06182AD7-29E5-6170-A345-39FFF53D2FFD,PG,MH,8
4861E40C-D949-DD6C-850B-39FFF542294D,PG,MH,8
0D377FB7-7424-0962-117B-39FFF553145F,JP,MH,7
5A4539EE-8FFC-187A-38AB-39FFF5574E9A,JP,,7
BDCDDB72-93AA-5234-D98D-39FFF55C4655,JP,PG,6
827A9C79-3C38-B7A7-2134-39FFF565F82C,JP,MH,7
488472C0-FB3C-516B-E1FE-39FFF61D3607,KI,PG,3
C532764E-16BB-6AC5-BCA2-39FFF644B7D1,MH,GL,9
C6ED980D-E162-7C24-7003-39FFF64E06BA,MH,,6
BE13BBA9-CEC6-4DC0-7A88-39FFF975C5F7,NR,,4
CF3CA972-1781-78BF-8833-39FFF9774DD5,FM,FM,9
458D93F2-0912-E857-3D0B-39FFFA3093AA,KI,GL,11
6EE5279D-E809-D5A5-8D9D-39FFFA5FF194,TW,PG,9
225EC567-E56F-76A9-3E4A-39FFFAA78B88,FM,FM,8
8BA4C459-D85F-C3F2-0FFB-39FFFAD6BEF5,FM,,7
7CFE5DB6-63DD-0F1D-036D-39FFFAE095FC,JP,,5
AD6EF219-050F-3D24-0630-39FFFAEBAB38,JP,GL,8
18019960-560C-E8CA-7D2E-39FFFAEF7452,VU,PX,1
333D62DC-4088-67E1-4C45-39FFFAF35111,KI,H4,12
B6BD0F1C-8C29-1F90-E74E-39FFFB6DF681,MH,MH,6
66A87375-105D-5F46-76B4-39FFFF3D35B4,PG,PG,10
D832F3B1-8995-B727-C34F-39FFFF749B3E,KI,GL,9
CD570EAD-1ACD-07CF-ECC3-3A00002BA004,PA,PH,2
22EBF79D-F872-1C32-7418-3A0000356D88,PA,PH,1
1CA77D92-9C8B-0287-55B2-3A000070B6A3,NR,FM,9
68EBC82E-A94B-E50A-6D84-3A000079E9A2,KI,PG,9
751D05FE-CB49-8147-1239-3A0003C34F71,KI,SB,9
7124F57D-C90D-69D1-B0CF-3A0008EA2902,PG,PG,10
DF65412C-AA56-B03D-AACA-3A0008EA5205,PG,PG,10
FCF983FF-5E9F-5210-9DBC-3A000E1001FC,MH,MH,8
8F312A2E-1A03-340F-B4A5-3A000E10B12E,PH,PG,10
2685D133-3235-291F-1EB4-3A000E10C3E9,PG,PG,10
35D28970-9ECC-093F-F00C-3A000E7541A3,KI,TV,8
00089E33-027D-B515-5EFE-3A000EC863FA,PG,PG,9
F0670BB9-EE30-EC56-881E-3A000F75CFB6,JP,I4,8
97DAA586-C3AA-2F18-0E20-3A000FBE1581,KI,GL,9
0974A9DC-2AAC-C3DE-8494-3A000FE90A74,NR,FM,8
1CA9BBE4-BBA5-7E04-CA44-3A001336B2C7,FM,FM,9
7AA1A5A5-F46E-33DB-ECE9-3A001337055A,KR,SB,9
D41CBE9D-49CC-DAFD-8BC0-3A001384CB77,NR,PG,9
8646CBC8-7FC9-1D31-CC89-3A0013993FF7,KI,GL,6
3D65B05B-1F4C-0618-9623-3A0013E63E37,JP,GL,8
87F74AF7-462C-C207-0921-3A00140ABC9A,KI,TV,9
41558006-1F4A-2A93-559C-3A001424D7B8,KR,GL,8
ACCE499C-91DB-D5AC-2895-3A0014B4184C,KI,GL,6
A3A5BDEE-1BE6-0FCF-AEF6-3A00150318C4,KI,PG,1
CBDF774A-5C2E-F7BF-02D3-3A00150D479A,MH,PG,3
71EB429B-71E2-ECFA-29B0-3A0015200C1B,KI,PG,1
D1E015D7-FFAC-2DDE-2AF1-3A00154AFC96,MH,SB,1
A2E2B823-4D86-A8D0-0933-3A0015527795,MH,PG,4
C0111687-F02F-939E-D5BB-3A00155B8097,MH,NR,2
EAC8F07A-4480-DCF1-B749-3A00185CF625,PH,FM,9
7C10AAB5-9544-0B16-D5CF-3A0018B6D607,TW,FM,8
20910B09-AAEE-FE00-F324-3A0018D044AB,KI,GL,1
E0522E7D-E3E1-F272-F291-3A00192A58AE,KI,GL,4
62D9E053-F4C9-FA5E-8781-3A00193CFC85,KI,SB,10
F7B3B7FE-A94C-8F98-40CA-3A00196FF75C,KI,GL,3
B316E16C-0C77-1273-0A53-3A001A0CEEA1,KI,GL,4
4A868417-A7E0-3724-6B74-3A001A50A795,KI,NR,8
61EF1EAC-99AD-5B1E-EA71-3A001DDC02FA,KI,GL,6
1C43C86A-DCC6-F87A-ED41-3A001DF9D46E,KR,PG,10
BBD85AD3-10ED-DBD4-0E40-3A001E0B583B,KR,SB,9
8DCA2B49-D480-0D3D-7B05-3A001E20B2A2,TW,PG,9
3C7F51E4-0ABA-C1EC-3540-3A001E251113,PG,PG,10
BACA60B0-6F92-6155-5F08-3A001E26FBF5,PG,GL,8
8997AA7A-70A5-06BE-9B3C-3A001EA762D3,PH,PH,3
C9B7038B-E576-1085-D272-3A001EA89801,NR,TV,2
899D4A43-631E-2401-71E0-3A0022A957CB,KI,PG,8
4CDC1220-BAC9-37CA-53EE-3A0022AA066D,PG,PG,10
6211C3AC-58B8-47F9-993F-3A00231D013F,KR,SB,9
ACCFAEB2-0807-ADE5-0FA4-3A0023868B5A,KR,GL,8
444253D5-606F-D016-798A-3A002435EF4C,KR,SB,9
1587D992-92BD-9993-DA0D-3A00321CF767,PG,PG,10
FF15C228-5DAC-E9F7-38E0-3A00321D29C6,PG,PG,10
C0A6D8F3-6221-5A42-6800-3A00327CF4DB,KR,SB,10
E5C71FD7-68DF-138B-C01B-3A00328F80EF,NR,FM,10
93D55CBE-0C29-66FE-43B1-3A0032B779A3,KR,PG,10
991BBAD1-D8FF-7C5A-9793-3A0032E5DF5E,KI,SB,9
3C5B38CE-96AD-B349-46C8-3A003373E6B0,JP,PX,4
EACF4123-61EA-B6DD-AD1B-3A0033B899C8,KI,GL,9
2839DE03-7904-7E71-8EB7-3A0037435113,PG,PG,10
1F9338E8-4D89-EFBA-2014-3A00377457CD,KR,SB,8
AF253C88-CA74-FDFC-81CF-3A003795767D,FM,SB,9
DCA1699B-F00F-798A-1EE0-3A0037B34ED6,KR,PG,10
2E352436-5652-8AD1-33B2-3A0037B5846A,KI,GL,10
CBE256AE-9FE6-D1F8-A773-3A0037D3A2C6,KI,TV,9
63695CEE-AFFD-AB99-A805-3A0037F1B700,KI,I4,8
C47914FB-8A74-C32B-1C4D-3A0037FD64B3,KI,I4,6
296DE16E-5C6E-A8CD-755B-3A003809053D,NR,NR,8
13AC11A5-0817-FDA7-5CEA-3A003822C815,PG,PG,10
40A64A03-8CF6-F097-E6A7-3A003831A5DE,NR,PG,9
876CF42D-82E9-F9BF-A897-3A00384AA984,KI,GL,5
95006CBA-560A-5E92-E1B3-3A0038DE0827,KI,FM,3
3B56D478-E93D-1004-1766-3A0038FE0C8A,KI,I5,6
52D69212-6660-FA2C-0802-3A003DF479AF,KI,GL,4
65FC6627-6DD2-5509-D86C-3A00418FCB81,PG,PG,10
18A0CD00-25AC-E891-9FD2-3A0041F61E96,TW,PG,9
737B4B2E-1CD3-80FE-C8DC-3A004321AFFF,TW,PG,9
BE0DA85A-F829-1C76-FAE6-3A0046B66E58,PG,PG,10
6C2500D1-A549-9754-80AB-3A004714A9BF,PG,PG,10
8897AAC5-CAA3-EF39-BF2C-3A004738A318,PG,PG,10
B909D95C-7365-27C3-8168-3A00479A0951,JP,FM,5
E1C3C48A-FEA0-1267-6DA4-3A00479C6CEC,JP,FM,10
3214D470-9160-5D74-7093-3A00479DF51E,JP,FM,3
092110D4-EBA0-7E3D-BF87-3A004BDCEC54,KR,SB,9
B1E6E2C2-710B-F342-E51A-3A00510261FC,SB,PG,8
5A222885-E0A1-BF7C-FC6F-3A005102FE8D,PG,PG,10
BB2772E2-2C95-A5F7-D8AA-3A0056A3F815,KI,PG,9
B12D6851-A9EF-66C7-6E92-3A0056A41745,TW,PG,9
16F7F33B-A0AB-71F9-5CB9-3A00570948FA,TW,PG,9
E0109553-6E56-B5EB-E329-3A00570C6E15,TW,PG,10
AF827CB1-3916-3A6E-217A-3A0057FB29D7,MH,,7
0405CE9B-396D-8B4F-6F65-3A005B4F7081,SB,FM,9
FBA844BA-BCDD-0A2A-07C9-3A005B4FF412,PG,PG,10
029CFC12-EDEB-223B-D547-3A005BABEDD7,PG,PG,10
B7A5FC5D-7E69-054C-3D5F-3A005D14B184,NR,PG,9
2BAD0F8F-AB9D-C02B-D339-3A006076482C,TW,NR,11
051019B1-5129-0D8E-D7A0-3A006121DC46,KI,GL,5
9ABFAD25-F959-464E-4CB6-3A00616315F4,FM,H4,9
456D2D6A-2A00-F4B1-A66B-3A006256305C,TV,MH,11
005C60C6-9C4B-D433-8184-3A00678DC7D5,FM,H4,10
D2F61998-3388-8044-D9EA-3A006AC2EBCC,KR,PG,10
D2F61998-3388-8044-D9EA-3A006AC2EBCC,KR,SB,10
1B583861-2AAA-7717-6186-3A006AC32E53,MH,,11
C612BAA1-292E-875C-B231-3A006B2BEF6E,KI,PG,9
39A7A044-E4DD-B9CE-8DDF-3A006CB84452,PG,FM,10
BD1AF946-ABEF-AD22-FBE2-3A006FE953FD,PG,PG,10
E19B6C97-F864-E9B1-2603-3A007B151293,TV,TV,9
0D146637-866D-C57A-1FFF-3A007B40FB11,KI,GL,10
43C6A214-0266-846E-AB44-3A007BC8EA30,KR,TV,10
6E70198C-B54C-4C0D-4318-3A007BCD71A7,KR,TV,10
A78CA14C-29A7-5173-977C-3A007BF35780,KR,TV,9
9AB69009-1951-3D99-498A-3A007F5C5DEA,PG,PG,11
3087DFFB-0D9E-C220-3A40-3A007FA1E933,MH,FM,11
63C7A3D4-F3AA-1919-4DC2-3A00802D95DD,KI,GL,6
3503C0AA-3EC5-CAE4-AC81-3A008482B13C,FM,FM,10
C9A3EF57-FD19-F861-65CB-3A00848305E7,PG,PG,11
999B8BD8-BEFD-8C53-3C72-3A0084DE9F60,KI,GL,10
D2F5EDD1-5233-EA8E-D628-3A008630CB25,MH,TV,9
6DB97523-DCA2-A267-EBFE-3A00867A4716,MH,PG,10
0C3DC959-7661-03A5-836E-3A0086C15ACA,FM,GL,10
AA59EC70-81E5-EFCA-C263-3A0089A950D2,FM,GL,10
84F05356-8B40-5830-E0F5-3A0089A98674,NR,NR,11
CA5F7D58-E6ED-284D-8219-3A008A009675,MH,FM,9
A547BC26-67FE-9A85-62AB-3A008ADD6778,PH,PH,1
7DEBCDF6-7A0D-12F7-B9B5-3A008AF522E8,PH,PH,12
44C7471A-7AF8-DC5B-81F6-3A008AFE5900,PG,FM,10
AB6CACC6-3AD2-67EB-37F8-3A008B0AFAA1,PH,PH,1
F893F3C4-51E7-E5B3-5B98-3A008B1BFA75,PH,PH,1
586CCEA7-886B-BF2E-028F-3A008C3C3043,PH,PH,3
B1802609-631D-E4E2-D70A-3A008FDA8D05,PH,PH,2
8BAF3CC3-00C1-34D8-120B-3A008FEFEAD2,PA,PH,2
32D60BC2-2B7F-5BD4-9194-3A008FF8A8A7,PH,I3,2
331CE8B8-BDDA-D455-7DDA-3A0090443CF1,PH,PH,3
6F136337-53BF-CF88-EB3D-3A009E421378,FM,PG,9
5F605927-91E0-8B9A-F433-3A009E4267A5,PG,PG,10
593C54C7-CD82-3911-81E2-3A009ED15424,MH,PG,11
7D3E1AE7-07BA-672A-6786-3A009ED1778D,KI,GL,11
525721F3-58AA-5682-9EED-3A009F2EBFB4,MH,GL,10
35E10023-89C4-A145-93A3-3A00A4156057,PG,PG,11
E492180B-4507-440B-9913-3A00A441893B,NR,NR,11
A32AC36F-9A62-507F-EC31-3A00A88F5A15,PG,PG,11
853686C7-F846-2A7D-D1A3-3A00A8F10633,KR,PG,10
D08AFF74-593F-62A9-09C8-3A00A8F25BB9,TV,PG,10
3AB081A9-8316-A2BA-AC89-3A00A931B212,NR,GL,10
30A591E8-FC4D-D5DC-FB37-3A00AA4E7DD3,PG,FM,9
0B9FD76C-5DF5-DBDF-28C0-3A00AA521C1F,JP,MH,8
CD5B8498-417A-9953-AA13-3A00AA55A2A2,JP,FM,9
42784018-1159-D74B-466E-3A00AE09369C,NR,MH,11
8306DD48-66C3-83B2-A6DA-3A00AF4C145A,TW,TV,11
68F954E8-78B2-465F-F6EC-3A00B2DBD368,FM,GL,10
BC14C489-15CA-B581-802E-3A00B36141AC,TW,PG,11
1D31DEB7-E298-1EB3-1557-3A00B3BD186C,MH,MH,10
CB1E0336-3D27-0A7A-5C4F-3A00B801AA15,FM,H4,9
73E82CAF-1E29-7FC0-A1E6-3A00B8029F44,FM,PG,11
63C786A7-AA32-696A-BF01-3A00B802B84D,FM,PG,11
D8E381FC-C35B-6737-F7F2-3A00C24EF6F3,PG,PG,11
8A5BC291-DF46-5C36-63FE-3A00C24F1111,PH,PG,11
D39A9012-6FC4-0E6A-BAC2-3A00C2EA1E50,US,IW,10
DE4CE06E-1468-90BC-E301-3A00C312A57F,MH,PG,11
1DBFFE92-6E73-C98D-9F82-3A00C32C4E68,PH,H4,11
5850866C-256C-72D3-7F44-3A00C35C0CF0,SV,LN,10
2AD5516C-9E17-0DA4-5E86-3A00C3ABA37E,MH,TV,10
88C54A93-926C-A576-3E76-3A00C3F0E504,TW,GL,11
E492E069-BEFC-91BA-BEA4-3A00C7E804A2,PG,PG,11
78C0673F-FA2F-8A4B-7615-3A00C7F2187E,JP,TV,1
A6DBE9A9-8116-7779-802B-3A00C8341BC2,JP,PX,2
5B24F950-9F38-882E-DC95-3A00C86B67CF,KI,TV,1
9DF4AB19-82A1-43EE-37EA-3A00C9165EC1,KR,PG,11
EC2669BC-62D7-1362-96A5-3A00CC9AF6C7,TV,TK,11
4FC80B46-660D-7A62-AA12-3A00CC9BBD7A,PG,PG,10
24658B27-47C3-3975-D91C-3A00CC9BD92C,NR,NR,10
C777E517-8214-3949-E56B-3A00CC9BFF39,FM,NR,10
5F08A86D-43F7-16AC-3073-3A00CDDD0AA6,MH,SB,11
40E0FC7C-EBDD-A8A6-755B-3A00CDF34D9B,KI,GL,11
76890522-A99A-F47D-FF01-3A00CE714BFF,KI,GL,11
F2CD8BF2-1B0A-2510-98B1-3A00CE8A1759,KI,GL,11
E0BA5737-0E65-CD7F-4A26-3A00CE9CA2B8,KI,GL,11
9381FB21-B47B-CCD5-54B7-3A00D1C24F35,TW,GL,10
61D073BB-449F-7E7E-84B6-3A00D1C26F11,PG,SB,10
5CD2E753-4995-4300-DA27-3A00D1C2A287,PG,PG,11
7B2B1B51-35EC-204B-46BC-3A00D1C2F659,SB,PG,11
61CD13E6-0AC1-5866-4582-3A00D256FA7A,KI,H4,10
B8F7D3E5-2C0C-6A41-774B-3A00D2949DCD,KI,I4,10
B8F7D3E5-2C0C-6A41-774B-3A00D2949DCD,KI,H4,10
5E454E5F-3E5E-AC64-ABF6-3A00D295DC96,KR,PG,10
214A438E-6000-FF82-48E3-3A00D3286695,KR,SB,8
3E33E28D-E4D5-EB3C-AD23-3A00D38F960E,KR,SB,9
3302CF3B-E706-B696-BBE1-3A00D6E8573D,TV,NR,10
BF8D58E2-2CDD-19F6-0732-3A00D6E89D62,PG,PG,11
B2205C3F-55CB-D8A5-E7D8-3A00D6E8BBC3,PG,PG,10
50FA5583-FC7B-1B11-6D04-3A00D75EBCBB,KR,PG,10
40AEE4DF-7DAC-FD8C-0501-3A00D7681D1C,PG,PG,10
8C319CBC-BCEE-FDF1-AFA7-3A00EB82261F,PG,PG,11
A7BF87E1-E6FA-EF22-F5F3-3A00EB826279,TW,GL,12
EA27FFD0-9CFB-D95C-C2D7-3A00EBF132A2,US,H5,12
D3E8E61A-79F2-BD80-96AA-3A00EC6EF2E3,TW,GL,11
C86853C4-068F-1811-7756-3A00F0A7E043,PG,PG,10
F9AF0679-5C39-5F87-00F6-3A00F1649D56,KI,TV,9
ABE1CD11-A354-AB6E-C294-3A00F19B7322,KI,PG,11
86C09646-DABB-DE94-80EB-3A00F5CEED47,FM,MH,11
86C47931-EA5B-9B85-A7AA-3A00F64913DF,KR,PG,10
AF5CE0FD-3A34-4B46-BE17-3A00F78F7523,TV,SB,9
00863158-B13E-1E5B-CAA7-3A00FAF592D9,PG,PG,11
68A1B122-32D4-CDBA-50B2-3A00FB9EEB70,PG,SB,11
D54956A0-7506-48A5-8E6F-3A01001BB1C5,KI,GL,11
7214714A-831F-D14C-ACFE-3A01001C2BFD,MH,FM,9
D38702C1-5CF0-0B19-4B67-3A010541A3C1,PG,PG,10
48C7DB20-2242-BB15-A05B-3A0105421799,PG,PG,11
BBF1B1D9-0844-00C4-A32C-3A0111002592,TW,GL,11
6161ED79-0A5F-C202-FA95-3A01111C3761,PG,PG,11
7B1EBD3A-B5B2-A6F0-1D38-3A0114B4E250,NR,NR,10
24903209-3B87-7E06-260B-3A01154D2013,TW,NR,11
70A8E8DB-5973-A3AE-D6F0-3A01162F9FBB,US,H4,12
068CD45A-923B-DD81-26B7-3A0116308CA4,US,H5,12
DFF21714-D821-7790-C258-3A0119DB825B,PG,PG,11
86A9FFD0-FE23-9A09-4790-3A0119DBD85E,PG,PG,11
EC44A652-E83A-0755-99CD-3A0119DBF6E7,TW,NR,12
AD1F5750-8F0D-7CA0-7FF8-3A011F01DDDF,KR,TV,11
F2502A75-6178-8638-7A18-3A011FEB57C7,KI,PG,11
4CAE3606-3316-8714-AFC0-3A011FFFBE92,PG,SB,11
9845D4C1-4311-8792-E26E-3A01242858CF,FM,NR,11
949A0495-94E3-7AFF-2ED6-3A01294EAE1E,PG,PG,12
9C75BCA8-895E-BEA5-CD93-3A012E74B2A3,KI,GL,11
1934B3F8-4003-A8A8-1566-3A012EEB91FD,US,GL,1
D8CBF192-7237-AC3E-F1B3-3A012F028C2F,MH,I4,12
8C5038B0-951E-4D70-EFD0-3A01339BAC1E,PG,PG,12
B593DFC8-CCE8-BF39-1869-3A01340B6A39,FM,GL,12
374F4C2E-3CE3-1484-CDC5-3A01341359FE,FM,MH,12
17E485D2-E320-CB87-9DDD-3A0134ABE163,PG,GL,11
AF0B053B-3EC2-92ED-B72E-3A0134B84D28,KI,GL,11
A2B08E14-A84E-620F-6C24-3A0138C17475,NR,GL,11
4CC9344A-6103-4E6A-EEDE-3A0138C1A603,FM,GL,11
87B5AA45-D07C-85B1-0628-3A0138C21146,KR,PG,12
16476E73-5847-F719-F54B-3A0139797775,FM,GL,1
D347ECCF-EF8E-3B28-919D-3A0139857291,FM,GL,3
49540FC4-CDC1-FD38-AA6E-3A0139DCCD91,PG,SB,11
3D65B65F-7E8A-ABE2-8496-3A0139EE1060,PG,NR,12
C4569407-158B-6F58-C63E-3A013EBA0FED,TW,GL,8
BF7F2243-5507-6AEA-4ABD-3A013ECC752F,TV,GL,12
F4040932-C36D-7296-F901-3A01430F414D,MH,SB,11
664EE443-D2F8-8894-F86F-3A0143CBDC58,MH,NR,12
664EE443-D2F8-8894-F86F-3A0143CBDC58,MH,GL,12
664EE443-D2F8-8894-F86F-3A0143CBDC58,MH,TV,12
AA691BBC-454F-EA34-7CE5-3A0143D81619,TW,GL,11
7EF4DB18-BFA8-2960-70E0-3A0143EB0244,NR,NR,11
D95F872B-F855-DA9E-CD91-3A0144095B4F,KI,NR,12
78D4C891-5F23-B36A-3359-3A01449C52F5,KR,TV,11
BA9581BE-6A4C-58C3-8350-3A014834F5D8,NR,NR,12
2736CFC9-4576-8177-DEF4-3A014835151B,SB,SB,12
9964D9FE-C1AE-7726-581C-3A0152811C71,NR,,10
78430C82-C123-A389-5211-3A0152822459,FM,SB,11
E4D45B28-7CF7-4DED-734B-3A0152827D0F,PG,PG,12
E2F79FE8-CA66-8D24-E023-3A015282AEA1,SB,SB,12
5559AEBE-21A4-F7B4-B6E7-3A0152CCEF05,KI,MH,12
A6555189-7087-5C10-FE6B-3A0152DC23D6,KI,PG,12
654EB5EE-2F61-51C5-01A4-3A0152F214CC,TW,NR,11
48B51EED-CF9E-1A19-C466-3A0153B7ABBF,TW,GL,12
908AA879-8D6C-5915-21E1-3A0153C704B3,KR,MH,8
EE2F0140-8911-5E80-B755-3A015480FE80,TV,GL,11
5647CCDA-5AE4-1EA0-4815-3A0154926F9D,FM,SB,12
1D3168D5-F3E4-82F6-1345-3A0157A838C1,PG,PG,11
B65C565E-505B-819F-5596-3A0157A8607F,FM,NR,11
ED63734F-1E85-5D3C-5FB5-3A0157A89149,PG,NR,12
8C087BC3-AFD1-1641-0E70-3A0157E1C9FA,NR,PG,12
782923E5-D4AB-296D-C8E3-3A01581715F1,TV,SB,11
EEECEAE4-33A1-E9C9-5976-3A0158ADF22F,TV,GL,12
A3FD3504-4E68-EFE9-12DD-3A0158C76F50,KR,MH,11
B914C3B7-E7DF-8CEF-B757-3A015D15ECA3,PG,SB,12
23475E82-F306-BB0D-602D-3A015DC400A5,PG,MH,1
3FC1A889-CB22-3CAF-9EA9-3A015DE3B972,PG,FM,9
02F36285-02ED-D637-2859-3A015DE55BC7,JP,FM,9
EBD96D66-E923-7309-2D59-3A015E489F1E,JP,MH,9
45840EA9-E454-2AAC-D4C9-3A015E5034EB,JP,FM,9
231AEC85-5D36-FF26-9DC3-3A015E573057,JP,FM,10
3BA47FDC-D3CD-2AD8-1C71-3A015E5D1621,JP,MH,10
1ED3A2DD-BE7E-3F5E-7EEC-3A015E8E8827,PG,PG,11
EC393A8E-6584-8D6F-636D-3A0161F4F790,KR,PG,11
FF709CEA-219E-111F-DDB5-3A0161F509BE,PG,PG,11
4342B7CE-4C92-EB68-77A3-3A0161F57697,PG,PG,12
A0FA26A1-9A09-08EE-A7CB-3A01623AD629,NR,PG,12
1DB47793-28D2-92D3-C76B-3A0163F0678D,SB,PG,11
F69728D3-4B7C-8981-43FB-3A01682000D5,NR,NR,11
18F86BAB-746B-E768-482F-3A016C41251F,TW,SB,12
3CC0A24F-6359-EBB0-1000-3A017167A507,FM,H4,11
2A101647-72E0-3B94-A0D6-3A0176F6D779,PG,GL,12
BB2B4E03-EA76-AA52-9B42-3A017BB4262C,FM,PG,11
BB2B4E03-EA76-AA52-9B42-3A017BB4262C,FM,MH,11
0B9840AF-A971-9693-9E49-3A017BB4B51F,PG,PG,12
A1C2E659-D417-7A1E-EC58-3A017BF690C2,EC,I5,10
D0B952B0-71E7-7DF1-2695-3A017C03D8BA,EC,LN,10
A99833DE-B928-2E33-8AE7-3A017C1AECA6,KI,GL,12
D364679A-B112-4668-FAE1-3A017C319816,NR,NR,12
EB829841-B0A5-BB38-191D-3A017C3B1777,TV,GL,12
42398839-6034-A9CA-B507-3A017CA24BE5,KR,SB,12
9165C927-19AE-A8AF-25E2-3A017D306FD7,KR,PG,11
3AE6DBF4-FE40-06C2-04E7-3A017D4D5AF2,KR,GL,11
694D1789-3518-0011-D7CB-3A017D7E1C6B,KR,SB,11
99DB1AA3-07D0-97CF-0728-3A017D81182B,MH,GL,12
5C692DA0-FB64-B83E-5F29-3A0181748A3C,TW,MH,12
4CEDD6B8-51CB-AD76-C54A-3A018198750F,TW,MH,12
5F289037-3877-42EE-AB0D-3A0181A5FEC5,TV,MH,1
C887D372-81DF-84CE-4EF1-3A0181CC438C,JP,,7
4062A6BC-4220-B4E6-502A-3A0181D181E5,JP,,8
468AEA20-92F9-6FDF-1AE7-3A0181D39B01,JP,FM,8
B8122F49-64BA-3AEE-4AA0-3A0181DE149E,JP,,7
DE94A1C9-57AE-FCA2-A5FF-3A018264688F,JP,,7
4629D2D1-458E-5028-075F-3A01828D1070,JP,FM,8
C3227DAF-305D-F33C-60C8-3A018293176F,JP,,8
AA886BD4-530C-AC79-2EB1-3A0182A10B58,JP,,8
4600C089-2D9A-F974-F33B-3A0182A565FF,JP,FM,7
056F88AD-DBD1-2D69-42E9-3A01860161FE,KI,H5,12
B4FDDFB6-116A-86C0-90DA-3A0186017ACD,TW,PG,12
DAAF1FF2-1054-8949-F469-3A018601A5CA,PG,PG,12
174AEA71-A474-D074-9210-3A018B26BD47,PG,PG,10
E8D8B452-297E-D532-0274-3A018B278CB0,TV,MH,12
CE598FC0-6253-8F70-4308-3A018B279F41,PG,PG,12
5FA5700E-C75E-342E-BDC5-3A018C0E434C,KI,GL,12
9B20B956-0DE9-A4DD-CD40-3A018C1CF930,TW,MH,12
3BF94841-F93E-C1D6-0816-3A018C2ABDC9,KI,GL,12
83BEE45E-89A9-9562-22C0-3A019A9A6081,PG,PG,12
DDE3CA5F-D859-81DB-DE63-3A019B296030,MH,GL,12
9E85A4B9-7BE1-E44B-F12E-3A019B48C746,MH,GL,12
22C4888C-1931-4636-FAAB-3A019B6FCA17,PG,PG,12
01F71076-968D-A097-A09D-3A019C9989E3,FM,H4,2
E2048988-2984-4DA7-A4B5-3A019CA12190,FM,PG,2
94E20D2B-A6BD-021A-E4DE-3A01A0B883A5,FM,PG,9
539E6529-164E-895A-1D18-3A01A12B4CD6,FM,FM,9
177BDC61-A072-7F8D-0F35-3A01A15801AF,FM,PG,2
C603ABDD-C311-6066-A694-3A01A16BA319,FM,FM,9
CB381FAA-7F31-6F93-A484-3A01A4E77875,KI,SB,12
5791D271-6715-A3DC-12C5-3A01A57F94D0,FM,MH,8
973BBE4C-C399-26A4-E367-3A01A5A680F7,MH,GL,12
486992E7-29B2-B4C8-70A8-3A01A5D02A6F,FM,GL,6
63CD191A-B074-5DEA-95B5-3A01A65D36BF,FM,PG,1
A9AA47EB-235C-3FB8-2A5F-3A01AA3B6393,FM,I4,10
9DB509F6-21F1-EB52-0ABB-3A01AA83C25F,FM,GL,3
156FFDAA-FA94-9F67-7FC7-3A01AAD83654,MH,GL,12
0D8BB9A1-8F23-97CC-1358-3A01AAEB945A,FM,FM,8
AF957164-5BB1-075C-B617-3A01ABE8503A,FM,GL,5
224D0987-8BB5-AEE0-FB32-3A01AF33B760,KI,NR,11
17E3ABAB-0E21-FAA9-C642-3A01AF71370A,FM,FM,9
A3FEAD96-B27B-70F3-6BD7-3A01B0E53747,MH,GL,12
23C680B6-6F25-D175-0FAB-3A01B45A3DAF,MH,I4,12
F5FAEB18-6DB0-3864-2AEF-3A01B45A7251,TW,NR,12
E90A3E05-7085-25D0-3291-3A01B45A9335,KI,GL,12
DBD37E70-B51C-980C-A645-3A01B45AB25A,US,HB,12
ACC96174-1A68-056D-65CB-3A01B9802103,PG,PG,12
079D0A85-BF4E-22D4-D13B-3A01BF7E2CE1,KR,SB,11
C7442495-5D06-1A05-8768-3A01C0DFDC24,FM,GL,12
85DAECCD-7093-C76B-B87D-3A01C3CD6256,KI,GL,12
9A8D6BD4-80AA-09C8-5AA1-3A01C8F431E1,PG,PG,1
19BBA0EE-8EBE-3E44-EB43-3A01C949018F,TW,TV,1
FBBC6BC5-C6E7-919E-D2FC-3A01C978F330,TV,TV,1
690D33E1-5CF1-6B8A-7502-3A01CA0C05A8,JP,FM,9
1CAEAF90-7FF6-C0FE-58A4-3A01CA56FBB5,PG,,10
B2DEC9DA-46D0-C6A3-7F7F-3A01CA8514B5,JP,FM,9
B0E98AE2-C201-07C6-6A29-3A01CAB2D7DA,JP,FM,10
EF97AF51-A645-AD51-9F0F-3A01CAC4138B,JP,FM,10
EA603C84-8C67-334C-90AA-3A01CAD7ECC3,JP,FM,10
B47B582F-055E-1E11-BD79-3A01CE1AB8FD,ES,H5,1
6A45783A-42B5-FBC6-DA0D-3A01CE8B7851,JP,FM,10
5730B915-CD3C-66CE-BF75-3A01CEA18108,KR,,8
A199EA50-A934-B5E3-3657-3A01CEAC5D25,JP,FM,9
C8C61F83-E991-CAD9-B9BF-3A01CEB1AB4B,JP,,10
66AA0525-D3E1-B57E-4CA4-3A01CF909BD4,JP,FM,10
810D096A-E96E-37E3-B1B8-3A01CF9D8EBD,JP,,8
63BC0D87-2098-C951-C261-3A01CFB9E31E,JP,FM,9
F5FA1B22-4A8F-AC02-3018-3A01CFC81793,JP,FM,9
A28D7E3F-D387-318E-D342-3A01D34002A6,KI,SB,11
07FD9281-A338-3B20-F67A-3A01D3404878,KI,GL,12
0599DFCA-26DE-DC94-9D56-3A01D340B270,PG,PG,12
24EE91A3-4324-6BC4-BB46-3A01D340D5F3,KI,GL,1
517E381C-705A-8EC8-8CF9-3A01D340E687,TV,MH,1
52B7F7D3-3B9B-E114-380C-3A01D3E4F2DA,JP,,8
B65BEF59-4511-478D-851A-3A01D3EC41FC,JP,FM,10
3C2CE43A-1933-5075-95CA-3A01D40D3A76,JP,FM,8
BA1051A7-B933-395F-5D83-3A01D8672F6E,FM,PG,12
C4DF46A6-AE6F-41DA-04E4-3A01E2B37D9E,FM,PX,1
38A98216-3F85-F1FE-C809-3A01E2CC69F6,JP,,8
77F54E1D-6DBE-29B4-A5E3-3A01E2D04A75,JP,FM,10
A4ABAC67-1A01-5E86-0644-3A01E7D97EFE,PG,PG,12
A9EDB7F3-479F-FDD3-A5E0-3A01ED00367B,FM,MH,1
17E7EFDD-E924-F1F3-1F7F-3A01ED007DA9,TV,PG,1
EDB8E558-AFD4-88B1-1115-3A01F225DD73,FM,PG,11
72D82FBA-77A4-B99B-9FA4-3A01F226E421,PG,PG,1
56A6BD54-7515-EABC-05AB-3A01F22707EB,US,H4,1
2B6F0B88-A6C9-D34D-11FE-3A01F299CEC8,PG,SB,1
798C7F6E-8135-CEB7-916C-3A01F74C742E,NR,GL,12
8EFC9569-485E-CC39-9259-3A01F74CA264,PH,,12
120AA272-6350-73EE-2FA5-3A01FC72A738,SB,SB,12
601300CA-743A-A5D9-12ED-3A01FC730EF9,NR,MH,1
EDB64E67-C314-5AB1-F012-3A0201987BD6,MH,,11
35CFE772-0C50-9FBA-1306-3A0201991DAF,US,I5,12
04D9FA0E-FB5D-509F-680E-3A0201996572,TW,MH,12
2DA14ADD-1484-6EC2-EAF6-3A0206BFEDF6,TV,GL,1
954B4B53-AE8B-4162-8C70-3A020863418A,TV,TV,1
E4BC5E37-6E2D-489E-179A-3A02088E0AF0,KR,PG,12
8E617B99-D4AE-C5E6-E899-3A020CF54BB3,PG,FM,11
2683978A-75B2-1910-A57D-3A020CF9A780,JP,MH,10
97D45273-28D4-1DA6-1055-3A020CFC09A3,JP,MH,10
56A62F24-EEAE-43F3-1CA6-3A020D5D736D,TV,GL,1
CC69FD1A-B88E-38C7-F962-3A020DBD6807,KR,TV,8
14F11B16-DCBE-2255-061F-3A020F2E6D46,TV,GL,9
A6D81DEF-6307-4E61-1D15-3A02110BB278,PG,PG,10
8E1D35CF-654D-5490-4C0D-3A02110D2308,PG,PG,1
27061F89-CC82-C34E-EB17-3A02110D7C1F,MH,TV,1
457704D4-EA00-5736-81AD-3A0211476062,KR,PG,11
A36E98A3-D35B-B175-CA00-3A0211804D8D,PG,PG,11
009D6E52-05B5-481A-80F5-3A0211C6768F,TV,SB,9
E1FAF4AA-AA73-D324-84DE-3A0211C8AA66,KR,PG,10
6E79BBB9-8690-3682-63EA-3A0211CC19EB,TV,TV,4
B602E99E-AC86-8127-7D53-3A0211CC7E5C,TW,GL,12
B4C08139-562B-452B-72C1-3A021222DD9D,TW,GL,1
13A3F576-9B8E-89D3-4FFF-3A02125DE50C,MH,GL,1
1CA05DF6-A843-B10E-0D28-3A02128B26B5,MH,GL,1
A9D8A8AF-1351-5A0B-C119-3A02129B8C91,MH,TV,1
9A2223E8-E347-AAF2-80AD-3A0212BFEB1B,KR,PX,1
7D35F3D0-054D-8E5D-D8F0-3A021632DAD8,KI,GL,1
43758768-65E6-DD22-9D96-3A0217EE2F64,TV,TV,1
245E1F6D-BE61-CBD9-BE60-3A02180ED9D6,KR,SB,1
E4EE9730-339C-F866-BD5D-3A021821075A,KI,TV,1
26993F7D-21F4-C897-EFE5-3A021B5901FB,PG,PX,12
685C520B-7B6D-8D66-963F-3A021B596FFB,PG,PG,1
FAE677C8-66E9-4E02-7738-3A021B59A7D1,FM,SB,1
FAE677C8-66E9-4E02-7738-3A021B59A7D1,FM,PG,1
2E50EB69-D8E0-4A0B-FB13-3A021D57FE78,PG,SB,1
9EA6C9EB-D4E4-AFC2-FBDB-3A02207F9144,KI,GL,12
21475D80-E28F-BBDE-0DBD-3A0225A58F84,PG,PG,1
A75C53E3-3483-BC0C-7C05-3A0225A5C55B,PG,PG,1
D97A4DA3-5C5E-A267-3385-3A0225A5E7B4,KI,GL,1
9FBCAD37-395B-68A7-8FE6-3A0225A5F951,TW,SB,1
496FAAA0-596F-EBE6-6A51-3A022ACC8BB1,PG,PG,1
84678535-F0F3-7DB3-66C0-3A022B15451F,TV,PG,12
35DA29DC-94CD-5985-6E23-3A0231C397CC,PH,GL,12
E39DD8D0-959D-A05C-40D1-3A02351911F3,FM,PG,12
5EF3468F-AE37-2B56-D7B9-3A02351967D4,PG,PG,1
A16B8D35-F215-F666-F6A4-3A0235A685BE,TW,GL,1
EAA8C69C-C415-4025-655B-3A0235D66E78,KR,SB,1
374CCA6B-3756-312A-BFF6-3A0236E9561E,MH,SB,1
ECC48DFC-B410-58C9-0411-3A023A3F0739,PG,PG,12
71ECE472-9CC9-7E78-ABD6-3A023A3F8CD1,TV,SB,1
66BF4318-6E6C-735C-74A8-3A023A3FC6D1,FM,SB,1
B0C4F2A6-03F0-6BF2-03B4-3A023B3B3209,TV,SB,12
0F92AEAD-3071-95EA-8580-3A023BF046A2,KR,PG,12
7E012E34-F849-EB73-B8C9-3A023F6616EA,PG,PG,1
A76E4ED2-3D99-B53C-5A57-3A023F6686C9,KI,MH,1
1D756809-FF1A-C71A-8842-3A023FC511E3,US,H4,2
4A542A9B-B7B8-DE27-29BA-3A023FCCE8BD,US,H5,2
C8247EBA-18FE-8CD8-CF29-3A023FCEFA92,US,H5,1
9671BB16-01EC-FB88-42F9-3A023FD5A4E5,US,LN,2
C66957A7-A45F-EFE1-082F-3A0241C71316,JP,FM,11
B92D2882-D8A7-2164-C845-3A0241CAE7B9,JP,,10
A22AC42D-82B7-759C-FFD1-3A0241CF327F,JP,,11
A8FDE882-A5BF-49E9-B0DD-3A02448C3447,PG,SB,2
047391CF-09F6-53B5-A820-3A02448C45AD,SB,PG,2
A5B07D16-2DF6-8D81-2898-3A02448C4DBF,TV,PG,2
E2936D5C-0A41-6C46-4F73-3A0249B17A95,US,H5,11
274B5A21-0A35-F528-BC45-3A0249B1C19A,PG,PG,11
A3D95E84-156E-62A3-8269-3A024ED957DB,PG,PG,1
C89FFE54-6B6F-99AD-7874-3A025EFC5D7D,ES,H5,1
E16E5A01-03AC-6EC6-42E8-3A0272FF731F,JP,,11
DDED9FF0-C8FE-809A-33C5-3A027330CC8D,JP,,11
DB1B83FF-493F-FAEE-89C1-3A027333A493,KR,FM,10
160864D8-0861-A949-EDB8-3A02733CF0B6,JP,,11
E86ABEC8-B6CF-9BAC-02F6-3A02733EA2F0,JP,,11
BB67AF55-725C-AF60-8D85-3A027340C4EB,JP,,11
33F3D816-61CB-1B95-DF56-3A02734516C2,JP,,11
6311D4FE-772A-357B-58AB-3A02734A57C2,JP,,11
83CF5C24-84F6-F662-3488-3A02734C1879,JP,FM,11
F63BB239-B2BE-305A-31CD-3A02735316A5,JP,,11
863F633C-97F9-FFA8-7B04-3A027E188803,KR,TV,1
BDF48E51-8B07-3CAF-1F1F-3A027E873FD4,NR,SB,2
B9DB50AB-32F3-F9EE-DC07-3A0282C7EB5C,KR,PG,12
62D15AE7-34C9-4889-8F2D-3A02835E6E87,KR,SB,2
CD4EAD2B-2AFA-9936-CF2A-3A0283E4FECC,KR,TV,12
75403383-A6AA-86D5-02C9-3A02880A455D,KR,SB,1
F360C53A-D2D0-F02A-0D62-3A028821C403,KR,PG,12
B379D320-F8C3-19B0-A524-3A0288448828,FM,TV,10
796020B7-D787-B000-9B28-3A02885F4791,TW,NR,2
C3DFE0D5-3C41-B0FE-C9AC-3A02886BFD12,KR,TV,12
1535C2CE-6801-950B-9196-3A0288A071B8,KR,TV,1
97B97202-91B6-D060-D288-3A0288CCECE1,NR,SB,1
08F79063-5902-C59D-B226-3A0288F5D818,EC,I5,12
090918E1-5E69-D3E7-981B-3A0288FA853C,KR,SB,1
BF369893-8DDD-ED4C-C4B2-3A02890ABC01,PG,PG,12
CA0E67DD-1FD8-BA2F-3928-3A02975E4261,PG,SB,2
74E476FA-4695-00C8-AC51-3A02979D9B60,KI,,3
C95D9743-CE23-3240-8CA9-3A0297B4150C,KI,TV,10
571A3A4D-D2C2-E3E1-2BCA-3A0297C7CEE5,FM,TV,1
9B5B1A82-4AE2-87F4-08C0-3A0297C913A4,KI,PX,12
F835ACCE-096D-6C2E-6002-3A0297DC7E15,KI,GL,1
1071DCA4-D5C0-E9CB-980E-3A0298510840,KI,PX,10
12E44902-C1EB-9DA2-7653-3A0298944A08,KI,H4,10
D99A962D-34DB-5BA6-5267-3A0298BB3824,KI,H4,11
22C398DF-3BE0-B264-D6B0-3A029C857E72,PG,TV,2
425640FC-6D1E-8B66-C2FD-3A029C8C8B64,KI,H4,12
C4DE2D9F-5B78-222D-364B-3A029C9DDF69,KR,GL,2
6C5EA301-BA69-CFC1-5BCF-3A029C9F579E,KR,PX,1
F19BDF29-C555-D838-04EF-3A029CC38098,KI,GL,1
B4F1BF78-FD99-4917-E21B-3A029CC90233,KI,TV,8
95570338-4B85-D7D4-EC3C-3A029CF7BFE0,KI,PX,12
85130AE2-BB3C-53AD-DBF4-3A029DBEE920,KI,PG,1
29AB9BFB-3E9D-05E9-55AA-3A029DCE9A15,KI,GL,8
2D1A76D8-ADEF-3E99-8936-3A029DE72B9B,KI,,7
619E4B01-CD52-72AF-1C35-3A02A20850AE,JP,H4,11
7BBA6DA9-E4B8-93E5-2B9E-3A02A719ADB6,EC,I5,10
C1052F98-4215-DD19-F631-3A02A7E6864F,NR,NR,2
463BD7F8-F469-8BAD-30B4-3A02A8177C5F,EC,CK,10
B059636F-543C-DE96-F5A6-3A02BB5F6C5F,PG,SB,2
B79C41E3-8253-452F-D3A2-3A02BB647DE7,PG,SB,2
0D5E9E3D-9B41-1DDF-4F88-3A02BBE07535,PG,TV,1
A48257A7-D511-A1A2-0C96-3A02BC08C1F8,JP,MH,12
A45484B9-5601-DB15-B666-3A02C0687A18,TV,SB,2
9C187348-098F-B39B-3E5D-3A02C0A4C23C,PG,PG,1
4A01C9DF-D7E0-00F2-BB0C-3A02C5C27EA2,MH,PG,2
E66FC0A0-8A64-6336-29FA-3A02CAB1385B,MH,SB,3
6F97287D-B437-C186-D087-3A02CAB9718B,TW,SB,2
B9AF8A41-26C0-ADB1-C56C-3A02CC0AEA14,TV,SB,2
1C1605A7-7EF9-C446-8E82-3A02CC2C4DDC,NR,GL,12
90FBE9FA-5A68-2D13-EC22-3A02CC4F975B,NR,,7
45CEEB72-E18B-8BC0-EFD7-3A02D048BE62,MH,TV,2
0BBC3C8C-1B95-5F29-08E2-3A02D094473E,FM,PG,2
71F356E5-D03A-E196-AA2B-3A02DF201874,FM,I4,7
EF90FF68-914F-09B3-4E81-3A02DFAD4194,TW,NR,1
C20454BF-D857-302C-B4A6-3A02DFADFF4F,KR,SB,1
5150DC09-CDBA-C373-71C8-3A02DFAFADCE,KR,SB,1
ECAB36F2-7EFA-1CEC-A127-3A02DFDA4423,KR,GL,8
CF8A90AB-C311-385E-57C3-3A02DFE9CA99,KR,TV,1
CF8A90AB-C311-385E-57C3-3A02DFE9CA99,KR,SB,1
91E9FE24-142D-78C8-5E39-3A02DFF21659,FM,TV,6
91E9FE24-142D-78C8-5E39-3A02DFF21659,FM,GL,6
0C6E3D2F-5B94-191B-A1D2-3A02DFFEA3A6,FM,PG,10
CBE60098-5BC5-ADD2-A0A4-3A02E0018628,FM,FM,7
31186245-A47A-A0E1-E46A-3A02E002D263,FM,MH,10
E9150138-5371-75ED-682E-3A02E0076645,FM,I4,6
92493BFE-4A00-0237-4282-3A02E009227A,FM,PG,12
E4E92435-98C0-99FC-B1EF-3A02E00C314A,FM,NR,5
67877B28-3DBF-0117-33F3-3A02E00DDC99,KR,TV,2
62567CA9-DCE3-3F89-DD50-3A02E011C589,FM,FM,9
73F1B37A-B409-CBC9-5DAE-3A02E01E2BF3,FM,PG,11
750543F5-9C4C-5F0C-C2FE-3A02E029C99E,FM,GL,3
98463680-E32C-E40F-C128-3A02E0325C01,KR,SB,11
72D1183D-0055-1763-47C5-3A02E032AE8F,FM,I4,10
D0BEF90B-9B2A-E119-969F-3A02E0414AE9,FM,GL,3
3CCA62E8-4581-7EAB-17B9-3A02E06042FA,FM,PG,4
B80F422A-5886-803E-20C3-3A02E0618B15,FM,PG,7
28CA169E-6A5B-CDB9-86F8-3A02E0633E9B,PG,FM,5
721153B1-18A5-1F28-2A4C-3A02E0653991,FM,FM,9
176A09BF-F121-7A21-0EF6-3A02E0863FD2,PG,NR,8
B9761315-939B-CF55-EDFD-3A02E092C14C,TW,NR,10
8E8C1AC6-3A1A-24EE-0F45-3A02E09AF278,PG,SB,12
7895BAEC-FC5E-B0C3-D41E-3A02E09EFE45,FM,PG,10
0EBC5B62-1A48-D4F4-61CC-3A02E0ADB3EE,FM,FM,4
1AFA4140-A886-3FF5-026D-3A02E0AF092E,FM,PG,10
D25A9755-7DBC-A136-8DA8-3A02E0B05ED8,FM,NR,4
DE456786-14D2-1976-C555-3A02E0B2298F,FM,FM,10
DE456786-14D2-1976-C555-3A02E0B2298F,FM,PG,10
F0FF8C78-4AE7-32E9-857C-3A02E0C897D3,FM,PG,11
AA29FE0E-6402-E26C-E38D-3A02E0E93C8D,FM,NR,11
C72935B4-2850-B5B2-275F-3A02E445B1DF,FM,,12
9F6477E2-3B2C-FC80-92B4-3A02E452B01B,FM,,1
7DF926F0-76D7-7FE7-F60C-3A02E46DF353,FM,PG,2
1413EB5D-E890-A1BB-B78F-3A02E48DAFCC,TV,PG,3
7558BC11-BFB7-09B9-F128-3A02E48F1376,FM,PG,7
B25A0037-D7B4-75E4-5012-3A02E4A26BC9,KR,SB,2
AF3996C2-9277-8D97-924C-3A02E4A9FEA9,KR,SB,9
1C853982-DD2A-E906-A1B1-3A02E4E72E3C,KR,SB,9
3CDBE726-1302-9F49-2296-3A02E4E7B524,TV,SB,2
E26810CD-5816-01C0-A9FD-3A02E4E9FD17,FM,FM,8
DB9EED86-E30C-60BF-4D5F-3A02E50531F4,KR,SB,9
B863CAD5-AC2B-00C2-0F0A-3A02E53BF6B2,KI,GL,2
B863CAD5-AC2B-00C2-0F0A-3A02E53BF6B2,KI,SB,2
DA06B5FB-A124-0324-16E3-3A02E59AD67D,FM,PG,9
53CDF12B-F031-67B6-4F11-3A02E5B9675D,FM,PG,12
7FF247E8-F2D4-5D7D-7A6E-3A02E9E19E5F,JP,SB,12
E051E312-FF50-B72F-0E6F-3A02E9F24C3D,PG,SB,12
38E652DC-3D07-A2B0-77D8-3A02EA230A82,JP,SB,12
7D4404C9-3F85-4BB5-A198-3A02EA24F50A,JP,SB,12
BE47BADF-CF92-84F4-AA6B-3A02EA2AA664,JP,SB,11
95151730-F636-1B1D-92E0-3A02EA30AAB3,JP,SB,12
82307520-2237-721E-8EB2-3A02EA3238B9,TV,TK,2
15EA9B56-4A09-E3E8-A7ED-3A02EA340291,JP,SB,12
E12D8DA9-A7CD-161B-10C2-3A02EA37DEF1,FM,FM,3
7380B0BC-C898-A9FF-FFB3-3A02EA656500,PG,PG,2
953E0AB7-DEE4-CF19-28BE-3A02EAE125AF,FM,FM,3
953E0AB7-DEE4-CF19-28BE-3A02EAE125AF,FM,PG,3
7939857C-0DE8-1D0B-5184-3A02EB0B0396,FM,FM,4
A0A37F01-3087-670C-B30E-3A02EB52CD3F,FM,FM,9
DD2B525A-6594-7BC8-DF8F-3A02EEB2CF2D,FM,PG,3
22AEC32D-105E-521D-F2E4-3A02EEE9F9AC,EC,LN,10
67698F84-8041-A650-5890-3A02EEEF0074,EC,LN,5
1E483617-5F38-B0F5-978C-3A02EEF76E42,FM,FM,5
EA77DB12-1D21-7EEB-A985-3A02EF49B818,FM,PG,9
C461E3FD-67BF-2CAC-7803-3A02EF772E36,FM,PG,6
64DE9BFF-8582-D827-CB74-3A02F0200430,KR,SB,10
934949B3-5C29-23E4-3A03-3A0304164F10,KI,NR,2
3B0A945F-AC8E-38F5-2BA1-3A03042F9C5E,FM,I4,12
E03F8A52-E080-C81A-21DD-3A030455F5EA,FM,I4,8
1C717770-1576-0E6B-3B4F-3A03046A659A,FM,GL,10
1C717770-1576-0E6B-3B4F-3A03046A659A,FM,I4,10
53E5715A-142F-A1CD-7834-3A030474A4C3,FM,I5,12
02FB28BB-CD26-ADD1-F100-3A03048030E2,FM,H4,1
B4E95760-EFBF-6153-53D1-3A0304D103DD,FM,I5,4
694FE7EF-D421-95E6-8234-3A0304DDE728,FM,I4,8
33289B47-2E9E-5911-2EB6-3A0304EF6B4E,FM,I4,10
85978906-0D1E-A15F-E90B-3A0304FF2F7D,FM,GL,1
F681F483-35A8-158E-10F3-3A03051412E7,FM,I4,9
78B951DC-6718-C7B5-8CBF-3A03051FB7AE,FM,NR,4
335236B0-E5A3-ECA3-0ADA-3A03087A3889,FM,I4,9
C943B044-BB99-F5E6-DA93-3A030889CC12,FM,H4,11
D2DA0721-43D4-2A51-83AC-3A0308BF2735,FM,I4,6
D31F0294-DD37-1A58-1091-3A0308CDC6D7,FM,GL,12
73F92420-1798-07FB-86EA-3A0308D3644B,CK,I5,6
369C432B-0603-253D-1DB4-3A0308DA3DCC,CK,H4,10
369C432B-0603-253D-1DB4-3A0308DA3DCC,CK,I4,10
2E7AE23C-7B1D-8F4F-6E51-3A0308DB3453,FM,TV,1
061A8955-EFE4-26F1-2BB0-3A0308FB49BF,FM,TV,5
1D6913B9-CB1F-5FB8-BBBE-3A0309123C88,CK,H4,3
20FBC0B8-986D-F763-16D9-3A030918E3C4,FM,NR,12
F1A96E4B-1ABC-4630-DE8F-3A03092DE1F3,FM,MH,12
6AF3F408-33F9-4EA5-7954-3A03093BFFD7,FM,,1
799D74DA-D9EB-6EA1-9381-3A03093FE483,FM,GL,5
A8A09A6D-D9AB-060C-55AA-3A030956116B,FM,NR,3
ECA1EC1D-7D93-D6C2-AD05-3A030972C9D3,FM,NR,5
46C745B4-5239-E47C-80E7-3A0309B914E3,FM,TV,10
E1E3D4CD-BFCB-528C-6D15-3A0309D4F0EC,FM,NR,12
0D044EB9-4A93-C13D-5AAC-3A0309E82435,KI,,5
97D207E7-7961-1BC1-2A6D-3A0309ED8EAA,KI,TV,11
733B0688-3AA1-0C54-018F-3A030A00D48A,KI,MH,12
1A14C449-3A1C-5CE6-51F0-3A030A119BAB,CK,I5,7
980C4310-AC31-755B-BF09-3A030A11E5C1,FM,GL,2
28BC7EC6-D661-8986-F2D9-3A030A1C389B,FM,I4,2
FC91B831-E253-12A8-74CD-3A030A1D68F6,JP,,12
D7234BD5-B321-0ABB-86DA-3A030A1F06B5,JP,,12
D8506FAE-72F4-847A-2E78-3A030A3097A8,KI,GL,11
B546B513-EA6C-F122-14E5-3A030A3557A2,PG,PG,6
EE9D0519-A00F-A928-C923-3A030A380570,FM,I4,10
77A59406-616B-EA71-2E54-3A030A41DF54,FM,I4,12
593C4B12-653B-8AEF-18F2-3A030D7E6E01,PG,PG,11
D812F1E9-655E-EF3A-11BA-3A030DCA31D1,KR,SB,12
22787ED9-7267-9695-F3F8-3A030DCFD354,PG,NR,6
EDB5611E-0253-B3EE-3E72-3A030DEDF76E,PG,PG,4
FF1CCAF5-2909-837A-4772-3A030DFB97D2,PG,PG,2
62AA3544-D507-D98D-4196-3A030E031634,PG,PG,5
0D103F38-8B9C-D6AF-F0C8-3A030E26A5E3,PG,PG,8
A913D37C-A396-83A5-FEAE-3A030F004555,PG,PG,10
03C0C0DF-B550-675C-0C75-3A030F1665C0,PG,PG,12
3BDC2F38-5153-EC82-B3B4-3A030F54E1F1,KI,H4,12
C51D28A6-3AEF-9EBA-1672-3A03129DF961,KI,TK,2
55010B65-870C-F219-5E26-3A031334AE1C,PG,PG,11
292BDBE8-2B09-9B8F-CFC7-3A031339B4C5,PH,PG,10
7286E821-14AC-6D82-D43B-3A03136CBF30,MH,PG,3
A7AECE4D-F42E-C408-08F9-3A031401B299,PH,PG,12
F5D546B1-E060-AA85-C57D-3A0314033BCD,PG,,3
27695C3C-5CA1-5136-EC9D-3A0314092C78,PG,PG,7
A7B6D5AB-606D-BF9B-6AE6-3A031471D134,PG,PG,9
FB4043E8-457E-0F34-E405-3A031801A2E6,PG,PG,10
1BC376B4-E471-95C7-B3F3-3A031834C17A,PG,PG,10
E501C7B9-605D-5637-E437-3A03185045CD,KR,SB,2
2C6E51A6-0F0A-3CB8-DCD4-3A03186A272B,KR,SB,3
AA823E3A-B87B-AFEA-D471-3A031874392B,US,TV,4
9384CE6B-6F24-E46F-F00A-3A03188A61DD,NR,PG,2
8B22DF7E-D3E5-8879-4644-3A0318C75B13,NR,TV,2
63709580-63D4-BAA6-C28B-3A0318D5D9EA,KR,SB,2
E4D5A78D-DE04-2E63-9276-3A0319177D09,NR,MH,11
6AC59F05-A9BB-3F3B-E4C0-3A03192C85A4,PG,PG,2
6511CD36-7242-1C16-0122-3A03278FEC7D,TV,TV,2
14480525-377F-9FA7-861B-3A032794AF14,PG,PG,7
DC1CAF76-F768-B951-96F0-3A0327973560,PG,SB,3
E728D9CD-3A3A-BF2E-EFE3-3A0327F47904,KR,SB,2
1C38AAAF-E958-7BFE-89AA-3A0327FBC668,PG,PG,3
0DD0AF15-711C-2D2D-52D2-3A0328B4FC53,PG,,5
8BB0E0B2-88CB-BB11-776C-3A0328B936B7,PG,PG,8
6B5A2CE9-697C-DA55-2F8D-3A032D114F2D,PG,,3
F121F0F4-E9E4-E384-8A1A-3A032D55071B,PG,,7
84F8834F-0E99-EBDD-5FF8-3A032D5C2127,NR,SB,2
F7F58510-0F50-8A68-57FA-3A032D819D55,PG,,10
7C44D9BE-EAEB-CF5C-C1E6-3A032D88194C,PG,PG,10
0A871F66-15CA-FA34-17A6-3A032DFE69F3,PG,PG,9
8B9012F8-B78D-50D2-D94A-3A032E0811CB,KR,SB,2
10AAAD03-9BB7-F892-EE50-3A032E2CBA89,PG,PG,10
F2F43BF9-8D3A-4234-5F70-3A032E505198,NR,,11
E3DC43FF-C25A-F8BF-9152-3A0331D469C6,KI,SB,2
B42F075E-351F-9E94-0FA5-3A0331E0A758,KR,PG,10
2AE8BCF2-B440-3DB2-99E9-3A033219C48E,PG,SB,1
D1F82680-325D-2D72-2736-3A033232A990,KI,TV,1
E20E42A9-119F-A4DC-0ADD-3A0332661E7E,PG,SB,3
B307CE00-C269-16B1-01AB-3A03326D327C,JP,SB,12
AA6F12D7-5D3A-9E16-A54E-3A03326FE3E4,JP,SB,12
70258F28-F0DF-87C7-2E10-3A03327ACE8F,KR,,12
229881BC-12D1-BDFE-0FAE-3A0332812A0B,PG,SB,3
443A6A51-278A-BBFC-4ED9-3A03328D9F70,JP,SB,1
26F408E4-578C-B3A8-7E54-3A0332E8974C,JP,SB,12
A3E40B72-948C-FBBC-F256-3A03331A5AD4,TV,TV,2
96DAA206-4C72-2CF2-58F8-3A03332037D2,KR,SB,2
A5E07F3B-C7F3-00A2-7E2F-3A0333218DFE,JP,SB,12
58B5EE24-AF35-9222-EC0E-3A033323F964,JP,SB,1
881C7632-201B-5230-51BE-3A03332787E0,JP,SB,1
8CD0CCB0-DE90-77E4-456D-3A033329F092,JP,SB,12
CBFC63CD-F7D7-E247-394C-3A03332C4ED9,KI,GL,3
4553BCB7-6C73-CE30-0946-3A03371DED18,PG,SB,2
24A0D01B-8992-9B15-9A2C-3A033738EC7F,TW,PG,3
A2D8AB9C-6738-21BD-9974-3A03373E4611,KI,GL,12
A9F891FE-17B0-BFD7-ECDA-3A03374C4B07,KI,SB,3
09C5722A-E7B5-13D0-557C-3A03375AB6F7,KR,PG,12
DE503E44-54BC-8A16-1F18-3A03377E5F2A,NR,PG,2
EE904631-7A44-29EA-129D-3A0337C74A4C,NR,NR,10
979E5B75-3425-BADD-2C5B-3A0337DC3EA5,NR,NR,3
38B97E74-8112-E408-234B-3A0337E7FAF4,PG,PG,1
47B0E477-60E2-3865-F6D0-3A0337F24272,PG,FM,2
B42B899A-3C74-92EE-7D29-3A0337FC5B8F,PG,PG,3
7AEC2176-D26E-622E-FF53-3A0350D193E9,PG,,11
F34F7CE2-689E-15B4-17AE-3A0350D6EDB2,PG,,10
95E86528-A5CD-1029-0246-3A0351AA6936,KI,GL,3
CC850694-7BBA-CDB5-C0D3-3A035218100C,KI,TV,10
E31D6FFD-D358-2CAD-ED06-3A03523AF8FF,KI,GL,12
DA918503-592F-7F14-D21D-3A0355D18DEB,TW,GL,2
09337A2E-CE9A-C0B1-FF25-3A0355D5F60B,PG,PG,4
6D2B7DEC-55FA-3AD9-2DFF-3A0355E4E74F,PG,GL,5
87AA4641-2EFB-22BD-905B-3A03560DBDE9,KI,,9
42FD50EB-1B37-3768-1180-3A03561ED65D,KI,GL,2
EBA9E620-D83F-8C59-E02A-3A0356377F68,KI,GL,12
2802CD25-B70B-E356-3B09-3A035750E8DA,PG,TV,6
D26BB8FD-2061-F144-BFAA-3A03575AE35E,KI,,9
42FAED95-AB6F-1C4E-1F85-3A0357810DE0,PG,GL,8
E9AF2986-C416-2A60-5A71-3A035AE3B9DF,PG,,7
9134E4D5-5FDC-CED2-07EC-3A035AE952A8,PG,,9
D499267A-C0CB-4E04-3CC4-3A035AFE0184,PG,,9
D5084E14-6DB1-7CC2-DD7D-3A035B10D808,PG,,10
E48FBA01-2845-CB65-1EC9-3A035B17310B,PG,,11
EB98E6DE-6880-8803-7A2D-3A035B1E2DC6,KI,PG,2
296A8711-DC42-51C4-36EE-3A035B215D3D,KI,PG,3
FB13BB17-4714-FCA8-B899-3A035B2D2ABE,KI,FM,2
6026CCCD-1C61-AC07-E8CF-3A035B302E1F,FM,GL,4
241D028D-B7F8-4313-B82B-3A035B326BB5,KR,SB,3
6C00B6B3-4795-E6BD-D338-3A035B368570,NR,NR,3
BDD1EEE2-51FF-2686-C4A5-3A035B3E9960,KI,,11
601EB5AA-39A1-E3BE-E555-3A035B418BB5,TW,PG,3
14BA86DD-1463-30B5-75ED-3A035B4D7EAE,KI,,10
FDF92DEB-2921-C744-FDE4-3A035B55E820,KI,GL,3
B7746747-2D04-F096-8645-3A035B58E204,KI,PG,3
8D2EF31F-F7D2-2D35-73F2-3A035B694945,KI,,10
F0391D15-3C99-A1A6-E680-3A035B80A176,KI,,10
16E6C23F-4875-DD22-6FEC-3A035C422BF9,KI,,3
AA86EABF-5E3C-C7C6-39CD-3A035C7AB274,KI,,9
02128A75-C2B2-FFB4-5E82-3A03601637E6,KI,GL,10
EFB6143B-8898-166C-0429-3A0360248E73,KI,NR,12
E8B8729A-47B3-9F41-0EEE-3A0360319A05,KI,,8
8DD085BD-8C9E-6289-C05B-3A03603267DE,NR,PG,3
87CD34AE-2C4F-0CDE-4928-3A0360A1F64C,PG,GL,6
98FEA276-CF12-F399-ECBC-3A03615F1A1F,NR,PG,3
4C96296D-EF9A-FB47-AA4F-3A03616F16F3,NR,,3
79E79CCC-1CB1-0380-7CE7-3A036575663F,NR,,12
5BD968B3-6EBC-7CAE-6865-3A036FA3B835,KI,,10
275203BF-BFDE-8F12-B27D-3A036FCB9BDC,MH,GL,4
1B390F60-820E-178F-5558-3A036FFABDE7,KI,GL,3
095C182F-0300-3A9E-6BCF-3A03713EE219,PG,SB,3
A1791036-1FB4-A738-F869-3A037508080A,MH,GL,3
F775B141-E852-A296-4982-3A037510EC50,PG,,5
C53552A3-A1AC-05DC-FAD4-3A037518FFD7,PG,,9
ECBF4774-906A-2F20-A2FC-3A03778D5962,TW,NR,3
B2E2568F-7D61-7C3C-0BBB-3A037A274B52,TW,NR,4
ECE19C52-083F-A10C-9FBE-3A037A4344BF,KR,TV,2
582308CA-A5DE-DE3F-392F-3A037A48B088,KR,TV,3
D3CCA539-FBAA-A5B9-14E3-3A037A5158A4,KI,SB,3
2AD0CBC4-B1B1-DE7C-A0CB-3A037A545C1A,PG,PG,3
9B036895-1F8D-F034-2D5D-3A037A60094F,TW,NR,3
64A0BF5F-485C-5A85-EB34-3A037B7652B6,TV,PG,4
64A0BF5F-485C-5A85-EB34-3A037B7652B6,TV,NR,4
25E4ED89-E3D2-2BF3-0EC4-3A037F1CE9C6,ES,H5,11
FF8D61D6-FAF3-A89A-AB0B-3A037F2ED682,ES,H5,8
0EF3297D-A6B3-3732-56DC-3A037F868D25,MH,I4,4
BFDB3C5F-A472-B630-F5B6-3A037F893BCA,MH,GL,4
C674CF14-EFE0-F28A-D9AB-3A037FBFC390,SB,SB,12
39F32888-484C-1F25-2C53-3A037FE32C39,SB,SB,11
7C9A92A0-123B-845A-EEFD-3A038473C50B,SV,IW,4
27245BE8-15E6-2732-C77C-3A038496CFB3,SV,IW,1
07FCEEF2-CC8D-1E69-C4DD-3A0384A8393E,SV,IW,9
A0425FBA-31BC-DBC8-6733-3A0384C42A49,SV,IW,6
50918ADD-54D1-A934-1C7A-3A0398C0FFB8,PG,PG,3
50918ADD-54D1-A934-1C7A-3A0398C0FFB8,PG,SB,3
010D8303-F51C-FC88-8DF0-3A0398E48FDF,TV,NR,3
DCDFDA21-583C-DD09-6792-3A039904E03D,MH,I4,3
D4608B79-80F4-957C-CA9D-3A039912A692,TV,PG,3
B1F97598-42AC-4F19-D04D-3A03997D8DEB,NR,PG,3
B22EDBC1-7C6F-CE86-F111-3A039A1DBB7E,TW,FM,4
AEE65D66-82E6-7AF0-A4BE-3A039A23C908,NR,SB,3
123CBE25-C913-4EEC-B67D-3A039AE240D7,SB,NR,8
69895217-4B69-DF30-6E51-3A039AF76E72,SB,PG,10
7E415D98-8C68-5E3E-394A-3A03A0552F4B,PG,PG,3
77947D17-8D6C-1BD8-D1D7-3A03A3209C95,NR,FM,4
05287A89-B685-CAD2-95A4-3A03A364F795,NR,GL,1
D61BE823-5BDC-D17D-FF2C-3A03A38DB73A,KI,NR,3
C7BBCD21-D36E-5F59-9775-3A03A39BB587,MH,NR,3
B837DB95-2DC0-61F3-3AEF-3A03A3A3F6EC,FM,,1
D619DDE8-5FA9-B064-80B2-3A03A3CAAE9D,NR,MH,1
B653121D-F49C-63B8-41AD-3A03A3E1C661,NR,PG,2
FFB643C3-4F9A-893E-46C5-3A03A41407CD,NR,GL,4
2F11EA24-484F-83A2-3AE8-3A03A47B581E,FM,SB,3
2CE92A6D-DB65-978A-7865-3A03A48AFCBE,KR,SB,3
676F9925-67E0-4505-9D2E-3A03A491CA97,KR,PG,3
E281744D-89EA-063B-3EF9-3A03A4A5368E,PG,NR,4
D09F77BC-042E-ED46-F2FB-3A03A54DE5D3,PG,NR,3
0F83C022-81C1-20FA-DE30-3A03A559DA6A,PG,PG,4
7EB1171A-081D-B35A-8B29-3A03B8DD6075,KI,SB,3
D09B7E2F-C8DB-0EAD-0531-3A03BCE338F3,PG,PG,6
3C2E441E-70D5-01F1-DCD6-3A03BD71C335,KI,GL,4
0F3F1869-FD22-E32C-A5D1-3A03BDD3E430,KI,GL,4
DABFF011-E8C5-3C5C-6E90-3A03C1E15988,TW,PG,4
75873108-6E07-4A89-7F63-3A03C2984074,US,I5,4
B58A268C-BC64-2440-E6BD-3A03C29A7E8B,US,H5,4
B58A268C-BC64-2440-E6BD-3A03C29A7E8B,US,H4,4
B58A268C-BC64-2440-E6BD-3A03C29A7E8B,US,LN,4
6E17FCA7-6A59-0791-2081-3A03C2AA2B8D,SB,,7
64937327-3EE4-E9BE-03AE-3A03C2C13B0D,SB,,4
9947A00E-0541-1BAF-B430-3A03C707438F,JP,SB,2
4FBC01ED-D7AD-B35E-EF77-3A03C709DFFC,JP,SB,2
98BB2437-CDA2-E0B1-44AC-3A03C719CC13,KR,NR,3
16E5F413-F23F-C7AC-D721-3A03C723A3ED,JP,SB,1
56C3EBE2-E844-3F3D-62A7-3A03C72BEF0C,JP,SB,2
D22F129F-C3E4-9162-6B69-3A03C7354A71,JP,SB,2
A00850BD-C886-DC7C-4770-3A03C741BE21,KR,PG,3
409E32EB-9573-CF72-EF4F-3A03C752A30A,JP,SB,1
88303887-29D8-2836-FFCB-3A03C7557F4C,JP,SB,2
A6DCE006-50F5-D923-A2DB-3A03C75E4A4A,JP,SB,1
B4BB99E5-C571-FCF2-9FD7-3A03C760CFB6,PG,SB,1
8F5EB101-5528-1223-DA38-3A03C794FDFD,JP,SB,2
20CB8844-EA59-1100-D2EE-3A03C7A9DBD9,JP,,2
E1DB5826-46E0-931F-49D2-3A03C7E6D52E,SB,,4
12A4BF1A-C5B2-C279-744D-3A03C80E48E1,ES,H5,10
64623D3F-B55F-1F26-3685-3A03C83F9CC7,JP,,1
0E4847D3-0757-8BBA-01A0-3A03C8416B5C,JP,FM,2
E3DFDA42-60B4-099A-B2C1-3A03C844F205,JP,SB,1
0C91F8FC-82C1-9B42-8928-3A03C846BE6A,JP,,2
5E97665F-D36A-0467-05E9-3A03C84DF7C5,JP,SB,1
A78C2D29-F1B9-C67C-73CC-3A03C8515EEA,JP,,1
E878A62E-49A1-3927-7347-3A03CC4AFB65,KR,PG,3
58E08827-F006-655B-AD17-3A03CC8C1B1F,MH,PG,3
BDA9427E-9BC7-7789-3609-3A03CE5E021D,SB,,1
ACCF709E-0405-610E-4527-3A03DC68C837,EC,LN,3
ACCF709E-0405-610E-4527-3A03DC68C837,EC,I5,3
02768043-DDAE-71DB-1C05-3A03DCE705F1,PH,PG,4
87D28E99-4CC5-7340-789F-3A03E1724596,KI,I4,8
F81E01C4-F0C2-6139-BAE2-3A03E663A6FB,TV,GL,4
1754AF64-9CE5-EB1D-5A8D-3A03E6C7D344,JP,JP,5
6E1F0672-AA5B-6051-648E-3A03E72EC361,TW,MH,4
FD86ADE3-029F-B55C-6862-3A03E76B0921,FM,PG,4
E83F7FED-8FD7-272F-C97A-3A03ECF21772,PG,PG,10
07708A75-03B4-8E83-49DB-3A03ECF23A43,SB,SB,11
87FC0A06-5EA8-77CC-68DF-3A03ECF2CA63,TW,SB,1
F842B686-AB58-F43C-772A-3A03ECF2E097,PG,PG,1
89AE8900-95D6-471A-C93D-3A03ECF2FBE9,KI,SB,1
4DFB0B4D-3E8C-7500-C987-3A03ECF3123C,FM,GL,1
E88E3E2C-A3E5-9F11-4F5A-3A03ECF328D2,TW,SB,1
61850872-C241-ED4D-4FE9-3A03ECF39D18,TW,SB,1
F44B4A0D-5FA3-E432-08D7-3A03ECF3CDE2,KI,SB,1
DCB0B5B4-370A-8396-5781-3A03ECF3E329,FM,SB,1
EA112F8E-9F71-0093-B06E-3A03ECF3FE5F,PG,PG,1
57E10048-BC50-B34F-119E-3A03ECF44F49,PG,PG,1
23F480D4-7FD8-CBDF-D583-3A03ECF4868D,FM,PG,1
139DE396-6A6E-42F4-3AD7-3A03ECF4A708,VU,H4,1
E0E5388C-FA93-84BB-A047-3A03ECF4C6DE,FM,SB,2
79470CC5-B661-6571-57BC-3A03ECF4DDE4,PG,PG,2
62EC7A55-E4A8-E70F-BDE2-3A03ECF4EDFD,FM,PG,2
A86BC544-DB68-6157-B69A-3A03ECF50152,FM,SB,2
8B3CEA14-586B-81EB-7022-3A03ECF51BF6,PG,SB,2
6B095EE5-CB41-9467-C148-3A03ECF534CC,NR,PG,2
E48B4338-DCB6-DA40-6DF0-3A03ECF54873,PG,PG,2
64CE531A-675D-BBED-D2C6-3A03ECF55BC9,PG,PG,2
6161C9AF-7C1F-E932-DD5A-3A03ECF57EBB,PH,PG,2
072AE73D-D269-B865-B8FE-3A03ECF5AB94,FM,SB,2
785688AF-D624-BBC7-23F3-3A03ECF5CF05,KI,GL,1
12E1AFF5-52E9-CE1E-93F5-3A03ECF5E03D,FM,PG,2
57AC5AA2-8D95-74D7-798A-3A03ECF5F16F,PG,SB,2
D3D9D03E-ECA6-4BD4-BE4A-3A03ECF6019A,FM,PG,2
9F72BA39-56A7-883B-3D04-3A03ECF61C96,PG,SB,2
7EC702E1-A115-4919-7007-3A03ECF63D45,TW,PG,2
D2C96B1D-2D27-388A-CB76-3A03ECF65492,PG,PG,2
59F5991F-1509-9385-9F42-3A03ECF663E2,KI,GL,2
F2801F29-DEF9-5AFD-33FD-3A03ECF6B925,MH,PG,2
B51B091A-3DCD-EC65-EC9D-3A03ECF6D804,KI,PG,2
1E3BC9F3-D47C-9B66-D1D0-3A03ECF6FAFA,FM,SB,2
16B655C9-C50B-6C81-89FD-3A03ECF71049,PG,PG,2
420E6448-7E8C-9A46-219F-3A03ECF7230F,PG,PG,2
393C91CF-F069-A1DC-5C93-3A03ECF74A65,PG,PG,1
CD4A9732-75C5-90CF-8467-3A03ECF75CE7,SB,PG,2
316596CE-F171-D97A-5C82-3A03ECF76DCA,US,H4,3
61D3B8D2-EAD5-1976-EFE2-3A03ECF77D8F,VU,PX,2
61D3B8D2-EAD5-1976-EFE2-3A03ECF77D8F,VU,GL,2
61D3B8D2-EAD5-1976-EFE2-3A03ECF77D8F,VU,H4,2
4FA408B4-CAC4-E156-245C-3A03ECF78B97,PG,,2
127599C0-8AD0-A6ED-24EE-3A03ECF7DBCC,PG,PG,3
7F172B7D-D9DE-41C6-430B-3A03ECF7FC82,FM,GL,3
ADD75041-1D2C-5EFD-55A6-3A03ECF81386,PG,PG,3
AB289E4C-39B1-29C9-5EE1-3A03ECF82B49,NR,PG,3
A3E8945A-8E7F-B5F5-E6E8-3A03ECF84B5C,PG,PG,3
628B8775-7568-3A8B-D3DF-3A03ECF86419,PG,PG,3
182A6560-F8AC-8A58-5722-3A03ECF88066,PG,SB,3
0DDBAAC9-3256-88EC-4AA8-3A03ECF88ED9,KI,NR,3
DDCB29FB-01F4-6F93-3C45-3A03ECF8B0F0,PG,PG,3
EF4E2044-9219-90AC-A70B-3A03ECF8D031,PG,SB,3
D3B0033F-10E9-CBFD-FC3A-3A03ECF8E7AA,PG,PG,3
3D8D9609-E169-3625-2DA4-3A03ECF90B62,PG,PG,3
7E23093D-CE2E-22EE-B667-3A03ECF91D7A,TW,GL,3
9BD9339A-7E7C-8126-CB6D-3A03ECF95108,PG,PG,3
8ECD1E4B-996F-3A78-8A62-3A03ECF97040,PG,PG,3
FA33CD34-9EBC-A546-69B7-3A03ECF9BDA7,FM,PG,3
5DF10307-4F71-7E70-CF91-3A03ECF9D03C,US,CK,3
1B2EB5A8-26B4-8719-F499-3A03ECF9DA71,TV,NR,3
2D76EA2F-99DD-D4C2-2093-3A03ECF9F71E,KI,NR,3
35990BE7-7238-3CAD-0FAA-3A03ECFA11BC,KI,GL,3
D5D6B225-8595-1B11-E386-3A03ECFA24C7,PG,PG,3
BA2D0170-5A8E-8221-1E82-3A03ECFA4560,PG,PG,3
FD21618F-A02C-97FC-902E-3A03ECFA5DCE,PG,PG,3
52809F43-6C70-CA15-045F-3A03ECFA799A,PG,PG,3
E1D8BAF0-D9DC-0E58-C71B-3A03ECFA94D0,PG,PG,3
71D134BC-E967-A23E-A629-3A03ECFADFBF,PG,PG,3
7B23A317-4F76-8AE1-5D31-3A03ECFAF733,FM,NR,3
EEBD109E-5586-966F-10A2-3A03ECFB3352,TV,PG,3
9FE6EC34-A0D5-6FD3-FB12-3A03ECFB53EA,PG,PG,3
82473B96-F0DB-13D8-FE69-3A03ECFBAECD,TV,NR,3
E5FD0376-A3A1-1CA4-D33A-3A03ECFC07F9,NR,PG,3
A295DD1D-763E-BAEE-9247-3A03ECFC227C,KI,NR,3
472C01B9-75CF-D4C0-7760-3A03ECFC5A9B,KI,PG,3
DD750E8D-BD3D-02A0-29CB-3A03ECFC8DA1,PG,PG,4
C65E8EDB-C0D2-E6B1-626A-3A03ECFCD0F1,MH,GL,4
9C35A451-CE49-5C6B-2320-3A03ECFD2FE0,PG,PG,4
BDD96EAE-CD80-CFC9-FDAA-3A03ECFD99D2,PG,PG,4
DE817BC5-48A5-D532-52B3-3A03ECFDAE2A,KI,GL,4
DE817BC5-48A5-D532-52B3-3A03ECFDAE2A,KI,NR,4
5FCB5737-AF9F-50E7-4750-3A03ECFDDE55,PG,PG,4
E282A0D8-BD38-55B0-8339-3A03ECFDF84A,KI,GL,4
46E33768-E08E-A4E9-19D3-3A03ECFE06CA,PG,PG,4
4F742AE7-8F7B-FF6C-8FDB-3A03ECFE13C3,SB,PG,4
F7115E4D-40B7-5839-7925-3A03ECFE31A2,PG,SB,2
BCBB2676-79FF-3A57-FFB5-3A03ECFE5873,MH,GL,2
98C63F03-DE22-071A-1909-3A03ECFE6961,TW,NR,4
B174BF68-4ACE-6E9C-6FB9-3A03ECFE83D8,PG,PG,4
205A71CC-9D3C-0F4C-DA2F-3A03ECFE9B69,KI,GL,4
AB6D286E-D13F-358F-F8E0-3A03ECFEAB73,PG,PG,4
F616AF96-4DE0-3F79-75A4-3A03ECFEBC99,PG,PG,4
82C11817-13F5-244F-A579-3A03ECFECDD1,NR,GL,4
2FE10CA7-CCC1-5BB2-BBD9-3A03ECFEE7B9,TW,GL,4
E9CE63E3-707F-58E6-FC0E-3A03ECFEF5CC,VU,GL,3
E9CE63E3-707F-58E6-FC0E-3A03ECFEF5CC,VU,I4,3
B24BB950-DE84-8A0A-E35F-3A03ECFF0D5B,PG,PG,1
C2114C66-BB5F-7C26-75B3-3A03ECFF1F2A,FM,NR,3
825666E7-65EC-A4CF-C773-3A03ECFF2F81,FM,PG,4
007C5DFE-112F-6772-5652-3A03ECFF5995,KI,,2
F48E6A49-A97E-79E6-1949-3A03F0A13AA1,KR,SB,2
1F88BFAF-B0F0-51BB-5C3C-3A03F0DBB36D,FM,SB,1
0F22970B-403E-77F8-06F9-3A03F0E3CCB0,KR,PG,4
530DCD36-370E-84F9-3DF8-3A03F0EC59BB,PG,PG,4
06706B00-1241-0F73-99AB-3A03F0EFB393,FM,SB,2
8F8F0EEA-990A-3105-598D-3A03F0EFCE70,FM,SB,3
7D38F84C-2807-FA92-F40C-3A03FA499CA9,PG,PG,4
CBB05697-CFF2-C4D2-4682-3A03FA4A40CD,PG,PG,4
A1801D27-8E45-EE69-45CF-3A03FA4A967C,TW,I4,5
EA92D688-D0BA-BFED-A30C-3A03FF710772,TW,GL,4
61EA7E3C-0FF6-E392-FEC4-3A03FFFC56D1,MH,GL,4
AC5AEDE8-737E-FC01-C9E9-3A04006DB2E3,KR,GL,3
CCC5F9D6-B1F2-6E29-7221-3A040124F523,MH,GL,5
4155AC0D-D49B-ADB2-C6B6-3A0401559AED,FM,PG,4
BBF9B28C-5ED2-6D26-A8C3-3A040495C327,PG,PG,4
FF70455A-B688-D071-2C5B-3A040496100E,NR,GL,4
917DBC1F-4CD1-F7F4-889F-3A0404962DEB,FM,GL,4
D2E46B39-4AC0-6DDF-A2A9-3A0404966111,PG,PG,4
90254D06-AB13-69D1-CA07-3A0409BBF7CA,KR,GL,4
CE846C44-441A-0C1B-B3F9-3A0409BC1CDC,US,PG,4
F16CCFBC-C6D2-D500-17C9-3A0409BC518E,MH,PG,3
6C6BFEEA-8713-12D2-B99C-3A040B73103E,PG,PG,2
82DAA3B5-B55B-19B6-08E2-3A040B74633E,KR,SB,9
1518FB42-AB3B-7578-31CF-3A040B74A33F,KR,PG,10
AB0DD085-F409-1632-2EDE-3A040B757CBA,KR,SB,12
5F251D9A-7191-F0D0-7E44-3A040B76CDA1,KR,SB,11
51E53BDB-B012-92B5-CCC1-3A040B76EE05,KR,PG,12
06FD4CEA-6C6B-5136-5571-3A040B7E91EA,KR,PG,11
24AD2BF2-DB30-2AC7-977A-3A040B80663E,KR,SB,12
5BA4C1D5-8C73-7A85-9313-3A040B819978,KR,PG,12
7DE9DA15-FBA6-05F9-75A0-3A040B85AF7B,KR,PG,3
CDB0E1DD-C6B9-443C-8F6D-3A040B874C5D,KR,PG,12
9B899BDF-214F-9F58-420D-3A040B883C71,KR,PG,3
B5AF7F56-A34A-C6D1-C4A5-3A040B8BB692,KR,SB,2
B0F59733-363C-7C63-6BA7-3A040C54786F,FM,,12
C44286D7-4500-2218-BDB2-3A040C9710C0,TW,NR,3
F937D882-6A10-42F2-323C-3A040C9805BA,TW,,7
0D060FC4-2241-49DE-7724-3A040C995DD8,TW,,3
CDD59BCF-7B62-B137-1842-3A040C997ECB,TW,,3
1F9F2242-C7F8-5A15-895D-3A040C99AEA5,TW,NR,8
20350471-99F0-FAD8-6390-3A040C9BA0AB,PG,,7
7B705048-FCCB-5B99-8E91-3A040C9CFDEB,PG,PG,12
1193C403-C609-951D-1A88-3A040CA0007B,TV,GL,11
9C024D4B-1971-EE41-C3C6-3A040CA09975,PG,PG,1
3BA51F03-B2C8-C380-92E6-3A040CA25925,PG,,2
45137C06-D135-9115-86D7-3A040CA3F78B,PG,GL,10
C6AC6B34-4941-FB0F-0A1F-3A040CA41F95,PG,SB,12
42721552-1B9C-D054-E25F-3A040CA4F5E6,TW,NR,3
712A2382-0A26-3478-103E-3A040CA4FF66,TW,GL,4
B1FB1936-B86F-236A-818B-3A040CA61B96,TW,SB,12
1C036A97-F1FF-F1E7-FE54-3A040CA74449,US,PY,10
B2A4E41A-DE17-3780-9C5D-3A040CA768D4,US,HB,12
AEB45213-2394-333F-726F-3A040CB006F3,US,LN,10
528DC2FD-3D68-8BB3-6CA1-3A040CB27D59,US,HB,10
B956E897-C12E-E1F1-52C2-3A040CB2A67A,US,LN,6
B956E897-C12E-E1F1-52C2-3A040CB2A67A,US,I5,6
E723B55E-F99D-0067-6C6D-3A040CB2CEE6,US,IW,7
43E201DC-33E8-1839-D966-3A040CB37942,US,CK,11
A439C3C6-07B7-C1B0-B42F-3A040EE229CC,PG,PG,4
107E416A-2B24-35DE-B7BD-3A040EE23A0C,FM,PG,4
D8F18E8D-DA5D-56C5-AA1D-3A040EE282B2,PG,PG,5
3D023B6A-1ACC-439A-1040-3A040F39D1FA,KR,PG,4
8EF868A8-ACBF-F0B3-6A70-3A040F895687,NR,SB,3
91BADA86-7CAF-A799-0F76-3A041408B41B,KI,GL,4
7A5C23FC-8FA9-8418-6FA2-3A041408C8CA,PG,PG,4
DD1A3807-F789-1EE7-69B2-3A041408E217,KI,PG,4
8A2C287A-B725-5181-5E29-3A04192EDE21,FM,PG,4
33A7232A-C8E7-D22A-27F6-3A04192EEFCB,KI,GL,4
DDDBE4A5-265A-97A5-8844-3A04192EFDBD,PG,PG,4
A634F0D2-80A7-698E-600F-3A04192F1BBB,TW,GL,4
4F944E7D-9DD9-724B-6F40-3A04192F37E3,PG,PG,4
1D670069-BA6C-0376-3A65-3A04192F5A35,KR,PG,4
EC7D0F95-F643-4984-B5C0-3A041E559FC0,FM,PG,4
08A49C65-12D5-1ECE-8EB1-3A041E55F627,PG,NR,4
9C48F462-CE42-C271-D2E3-3A041E561F53,TV,PG,4
27770451-8875-13B0-0273-3A041E56346B,TW,NR,4
C9929689-CE90-B616-D851-3A041E565266,PG,PG,4
DE5854EF-15AF-2756-0419-3A041E56788D,PG,PG,5
69E7794F-52AF-0C77-468C-3A04237C9D20,KR,PG,4
7E4543F6-B00B-1832-77DC-3A04237CC387,FM,PG,4
F247AEB3-11FD-C04B-A8B5-3A04237CFC9A,KR,PG,5
8F25E6F9-824B-9FBA-C636-3A04237D28AB,KR,PG,5
F376DE9B-72F1-8222-C3DD-3A042406CB25,JP,JP,5
9A416E61-09E0-6684-D268-3A04242213A2,KI,GL,5
97FD6A30-66E7-6081-B8CA-3A0428A30E61,PG,PG,4
E356233C-AFAA-8C69-84E0-3A0428A3558E,KI,GL,4
03D3E346-809D-9D19-5A9F-3A0428CA2C51,JP,FM,6
A7640D69-2C43-4CE6-DDB5-3A042922AA38,JP,FM,9
1307FC56-E8A1-F427-3405-3A04293D2AFB,JP,FM,9
D2AEF6BB-53D4-A389-EA4B-3A0429498B4F,KR,FM,9
F59C32FE-67A2-AEAF-D5F2-3A04296F80C4,JP,FM,9
1A744D50-60A7-CE28-B3FC-3A042983FA38,JP,FM,3
7EAF8148-28A1-8692-7154-3A042A594642,JP,JP,5
2CC19E97-9A46-8D80-9257-3A042DC88CAB,FM,PG,4
BCD1CE2D-5C79-548A-DAD1-3A042E049015,JP,FM,9
AAD82603-E1BE-1743-0FB2-3A042E1C7C0B,JP,FM,9
5BB7D6E3-2054-26C9-6490-3A042E8D0F01,MH,TV,5
5BB7D6E3-2054-26C9-6490-3A042E8D0F01,MH,GL,5
739B4992-B29C-592A-2F48-3A0432EECD48,US,H5,4
39131AD4-87ED-95F0-5730-3A0432EF17DA,PG,PG,4
137820EF-0C2F-3736-A19C-3A0432EF3336,TW,NR,4
96571E9E-BE58-96E5-0736-3A0432EF4766,PG,PG,4
C349A4D3-0459-C6F4-BE9B-3A0432EF5F4D,NR,NR,4
12B8E823-81C8-8B0C-A1B8-3A0432EF794E,KI,GL,4
9592EF03-5EFB-86FA-CDA4-3A0432EFB59D,PG,PG,5
CB95192A-2BA0-EBE2-CDEC-3A0432EFD6BF,KI,GL,4
0D514E82-CFCD-EFAB-1710-3A04331456A0,KR,SB,11
E70FE02F-ACB6-E583-16B4-3A04332F9E01,KR,,1
F1A368E9-6E79-C15F-F102-3A04334AAD44,JP,JP,5
C1A89B3C-2D45-4ECB-887B-3A04336D0F57,JP,JP,5
D8BBA55A-F33F-CE3B-920E-3A0434788CA7,VU,TV,8
55F8FDD9-E5A6-4B80-AF95-3A0434C8E2F8,JP,JP,5
4EEC07F4-22C3-9664-4F46-3A043814FB61,KI,GL,4
4EEC07F4-22C3-9664-4F46-3A043814FB61,KI,NR,4
8BFB48C2-17C6-ADA1-BC31-3A0438154F9D,NR,PG,4
15043F40-8514-B942-BAD0-3A043815A428,PG,PG,5
8D598C83-ABF4-FEAA-C712-3A043815B209,KR,PG,5
97859E4E-64D8-A5AF-9C05-3A043815C939,KI,GL,5
9CFE0701-62C8-A1FA-ADF1-3A043815DC40,TW,MH,5
53B2AB04-F8AE-963B-3CBA-3A0439826D33,KR,PG,10
15B0D6B8-14CC-8706-0B90-3A04398E0D27,PG,PG,5
E7C4683A-4226-42A7-A268-3A04398EAB52,PG,PG,12
1C101B7B-7276-80E7-C510-3A043D3AD632,VU,TV,4
2B0E978B-B7B3-3B7C-0645-3A043D3B86BA,KR,PG,3
184EDF56-C35B-7E33-0AA6-3A043D3BF822,PG,PG,4
D0DBA89E-8417-35E2-5F2F-3A043D3C0DD9,TV,PG,4
C058C6A1-38BD-247F-F944-3A043D3C56AF,PG,PG,5
5AF5483F-808D-571C-88F4-3A0442624CB3,PG,PG,3
96553E94-7165-B6FA-C58F-3A04426319AC,KI,GL,4
0AB3EA02-9344-7A16-F8E8-3A04426363DA,NR,PG,4
17D31820-15BE-CC8A-8B29-3A0442639A8D,US,I5,4
17D31820-15BE-CC8A-8B29-3A0442639A8D,US,H5,4
C0F20E13-CAC3-C63F-2CB8-3A04426424AF,PG,PG,5
583CEE28-3A29-174B-A7F8-3A04478912A6,NR,PG,4
4775ACED-DF9D-5B02-0BF8-3A04481A7F1A,VU,TV,10
FB8CA013-DD84-14DC-E262-3A04481E28BF,KI,,3
ADD3F951-5D6E-A9D1-1E20-3A04482E13C6,TW,PG,5
69CD1D4F-58BE-6277-B3A8-3A0448319B40,VU,PX,12
B18CE2A0-09A4-4B29-A17B-3A044861B9E9,KI,TV,2
3AEF0E4E-C0D2-47E0-C66C-3A04486C5C75,VU,PX,2
30BD1A31-3CD9-7B46-1F80-3A04486CEC43,TW,PG,4
F75E7AC2-2884-6284-1C63-3A0448708AA9,KI,GL,4
90B38B36-CBCD-7258-22DF-3A044CAF7B91,FM,PG,4
942E45B7-FA10-50F3-7E9E-3A044CAFE04B,KI,NR,4
6C1BE5E7-076E-9539-8014-3A044CB01322,TV,PG,4
60955155-67EA-968F-C533-3A044CB02EF2,PG,PG,4
80201B4C-9F12-AF12-54C8-3A044CB07E46,PG,PG,5
F144D12D-AAF6-5E87-A87B-3A044CB09E16,PG,PG,5
C6B7CD0C-25C2-9462-AE8C-3A044CB0F919,NR,PG,5
719CAA59-A5F4-299A-443A-3A044CEE40E1,PG,PG,4
2E41317F-0CA1-3419-38B8-3A044CFC217D,MH,PG,5
2E41317F-0CA1-3419-38B8-3A044CFC217D,MH,GL,5
5480A799-B27D-ECD1-AD76-3A044D243A7A,TV,PG,3
6A1ABFD4-6073-FAAA-C479-3A044D497850,JP,,3
C1861FAE-75AF-F88F-087F-3A044D70D3D6,PG,SB,3
4E45C3FC-139F-C0C5-1DDA-3A044D9589EB,KR,PG,3
A6237644-89D5-466B-7648-3A044DB4D149,KR,SB,3
629B6358-2CA2-E818-9113-3A044E1D37D7,KR,PG,4
883E70F3-6BB2-E760-73FF-3A044E30F740,KR,SB,4
37379952-3CAD-1762-62ED-3A0451D573EE,PG,PG,4
220C4CDE-782B-5F0C-B194-3A0451D5BAAB,TW,PG,5
EA7EA2F5-14B9-A236-BA70-3A0451D5DEA3,KR,PG,5
1ABC0D6F-FA99-DDF9-608C-3A0451D6067E,PG,PG,5
DB300A74-FF41-A85E-C967-3A0451D666B4,NR,PG,5
7119CAE2-24F6-40DE-521D-3A0451D68DBF,KR,PG,5
F5E3080A-8FB3-58FD-8835-3A0451F3448E,JP,SB,2
4CD082C2-F5F9-C2AA-E071-3A0451F54C3E,JP,,2
8F5BFD2F-2FDE-A559-F560-3A0451F77A7F,JP,,3
01F0E2EC-8779-C6AD-7168-3A0451FB4EAC,JP,,3
3F4FA87B-C631-E3E1-23A0-3A0451FF9C81,JP,SB,2
3DFE8C6B-D6BB-77AB-A44E-3A045208B25A,KR,SB,2
E9B7A68E-041C-A92D-20F3-3A04520AAEB8,JP,,3
FDCA4B3D-3EFE-303A-94FF-3A045210E13D,JP,SB,2
0837E8BA-19DF-0A32-A480-3A0452193B60,JP,SB,2
C4BFA6AC-BA0B-7996-1B70-3A04522820C0,JP,,3
19C6182B-6CD7-0346-BCCB-3A04522A6979,JP,,3
FB9759A5-5988-6853-4B41-3A04522F4B83,JP,,3
CCD403ED-A660-785B-443C-3A045231AB26,JP,,3
4E19AE95-F88D-E462-F94B-3A04523885C4,JP,SB,2
935AC8E0-4B9E-7BDE-7BC4-3A04523BA699,JP,SB,3
F0C7B74D-8E41-4EE5-26E1-3A04523E6739,JP,,3
C32D9313-C75E-D3F2-1E6C-3A0452437FF0,JP,,3
FB1BD618-D83E-4539-7962-3A04524B2D5E,JP,,3
60E30FC3-5DD2-5AA2-1EEB-3A045256695F,KR,SB,4
083E8DFF-C353-3EF0-F438-3A0452C98026,PG,PG,5
A212C17E-ED2A-E343-4B27-3A0456FB938D,KI,GL,3
AE2BB520-9E42-EE39-CF89-3A0456FBABCF,KI,FM,4
A2BA9984-4EC8-D025-2765-3A0456FC0990,PG,PG,5
897C5DDF-B6D6-E008-E8FF-3A045742C048,KR,PG,4
806A6880-25FF-3686-C9FB-3A045C21851A,SB,SB,5
342E7CA7-A7FC-BFAB-9C18-3A045C219CB5,NR,PG,5
9B9B1241-DC7C-8DB5-954C-3A045C21B5B4,PG,PG,5
A40E31A7-55B6-97FA-F30D-3A045C21EECB,PG,PG,5
FCC2E515-727C-D25C-9A90-3A045C22040B,PG,PG,5
45A3BBAE-C66C-F113-C1AA-3A045C2215B2,TW,GL,5
34E590B8-BA41-8A95-75F2-3A045D281B67,NR,GL,5
12F76D9F-212D-AE26-DCC3-3A0461474AB4,US,I5,4
D80A8B7F-EB4F-1F6A-6A4F-3A046147A9E7,PG,PG,4
881E5620-283E-D574-1713-3A046147E313,PG,PG,5
735FEC66-F117-A937-F77B-3A0461480C0B,KI,GL,4
673B7324-9FC0-6272-A200-3A046148274C,NR,PG,5
61A7AC99-CB49-95B9-659B-3A04666E4196,TV,GL,4
C108F1DD-9982-5494-037A-3A04666EB857,NR,PG,4
3F1F3475-FB4E-C5E3-7B13-3A04666EF87B,FM,PG,4
DF29B078-70BA-AC81-8D34-3A04666F2CC0,TV,PG,5
36E9941E-9082-DD57-CB58-3A04666F549D,PG,PG,5
0FB8D3A6-D4C5-FEBC-EA1F-3A04666F7016,KR,GL,4
479D06FA-DD74-22A2-B3FC-3A04666FB0EB,MH,PG,4
25C9E46D-74AB-0033-769A-3A046B9461AC,KI,GL,1
B5382391-D61E-E43B-4FA3-3A046B94DD17,FM,SB,4
8CC06A58-52B8-EF46-1AE9-3A046B954C74,PG,PG,5
F1520591-AAD3-BA2A-7C28-3A046B95688C,KI,NR,5
0A15E2DA-9158-C809-B14E-3A046B9582FA,FM,GL,5
F4542E8F-2852-738B-9937-3A0470BB7BC5,PG,PG,5
30C99544-81D2-FE59-D456-3A0470BBA221,NR,PG,5
359FCA54-E3EF-746E-A05B-3A0470BBE46E,MH,PG,3
E05E8054-D101-BF9A-437A-3A0470BC152D,PG,PG,5
982B8F5E-B530-DCDB-B38A-3A0470BC3051,PH,SB,5
23D50B9C-CD33-FABC-7746-3A0470BC5F6E,PG,PG,5
5C8F68BF-C413-E30D-3492-3A0475E0ECAB,KI,PG,5
17541C77-F242-7AB6-84AF-3A0475E15B8E,FM,FM,4
760411F6-1864-90ED-8BC5-3A0475E18B5C,PG,PG,4
D1613C63-FB08-2D28-FB45-3A0475E1BA0B,MH,PG,5
D32D03A0-CEC3-D5D7-3DC6-3A0475E1D935,KI,GL,4
DBBC2EA0-DDF2-51FA-DFD5-3A0475E20ED6,VU,H4,5
D9548FCA-4812-55BA-82EB-3A0475E22E5A,PG,PG,5
D52D659A-303B-7993-5D9B-3A0475E25549,NR,PG,5
955402B5-E124-EC9B-C181-3A04769DE30C,VU,I4,9
955402B5-E124-EC9B-C181-3A04769DE30C,VU,GL,9
E4190BF6-2D33-71DA-F67F-3A0476E44D19,VU,PX,10
E4190BF6-2D33-71DA-F67F-3A0476E44D19,VU,TV,10
787CD5EC-E6B8-FF14-A64B-3A04778446EC,PG,TV,4
B06375F5-4B1B-CB38-E0A8-3A0477D3165D,KR,PG,4
BD39D442-B733-D082-9B46-3A047B079018,TV,PX,4
C6295511-AB03-34C0-73B7-3A047B07B8BE,PG,PG,5
2B44CBDA-B1CB-4524-752A-3A047B07D64B,FM,GL,5
B9B8BD33-A0A5-1EA6-F5BA-3A047B07EC26,NR,PG,5
5E84553D-F17E-FCD7-A1DF-3A04802DD372,FM,PG,4
17C06107-33EC-E09F-6262-3A04802DF7EF,US,I5,4
3B7D0452-991B-8D9F-CD92-3A04802E69C7,US,HB,5
E8B8431D-8FB8-1B00-5DDE-3A048553918B,US,IW,4
EE1931DD-2073-96C9-99A1-3A048554203E,KR,PG,5
3B958F83-57EE-378C-0857-3A048554373D,FM,,5
39F79F73-17DA-1348-CFFA-3A048A7B77E6,KR,PG,5
5ED25725-F24A-C2E3-19E4-3A048A7BA785,PG,PG,5
8B75308E-8EB2-2C9F-1CA9-3A048A7BCB78,PG,PG,5
6ADB57DA-CF57-7575-433E-3A048A7C03B3,MH,SB,6
8D984A1D-AABE-500E-BE6A-3A048FA15000,NR,,3
B01D3ACB-4CD0-2498-DE6A-3A048FA2710F,US,LN,5
3754B105-4FD1-9E9C-4F81-3A048FA2A124,PG,PG,5
C5CFC7E8-362B-A477-69A4-3A048FA2EB97,NR,PG,5
58CBD827-00A2-ECFF-0F48-3A048FBE05F3,EC,IW,4
426CFC74-CA70-8D92-0EAE-3A0490620176,KI,GL,5
2903A535-2B40-55F4-8B2A-3A0494EF9B6E,PG,,12
4CF420FA-9B6D-FD9E-C5CC-3A0494F351D1,US,IW,4
2F8518F8-EA1B-46B3-3975-3A04952FDC67,US,IW,9
04ACB6E8-4B24-ADED-D984-3A04956D4AF5,NR,,3
BCF6D9E6-A1D3-8688-0B5D-3A0499ED9C4E,KI,SB,5
95942DD1-4C3A-8026-1785-3A0499EDADC9,TW,SB,5
7A05412D-7053-61DC-6027-3A0499EDC6DC,KR,PG,5
FB31957B-1E63-8BAF-340A-3A0499EDD8E4,PG,PG,5
E53F5759-4C3A-D0A0-2193-3A0499EE159C,KR,PG,5
C26534C9-4E02-31BC-C4D9-3A04A061BAF8,PG,PG,5
961E901E-7A24-9740-941B-3A04A4D30DDF,MH,SB,5
BE4B7321-AD93-8D09-D8E5-3A04B440C48B,KR,TV,5
A5B42E17-783B-6090-60C4-3A04B46DAFAF,KI,GL,5
66DD8552-3C0C-73BA-D865-3A04B488D5DE,TW,GL,5
0F32DB29-7626-64DA-941F-3A04B509E119,US,IW,6
EDD38094-8831-A008-E5C7-3A04B50AA52E,US,IW,6
8DD6FF70-DEB4-A034-D357-3A04B50D776A,US,LN,6
D3D7B6B4-ED12-ACBA-759E-3A04B5104DC7,US,I5,5
F8012265-743F-E2B6-A47A-3A04B516A0FA,US,LN,5
FA06E0BB-64C5-DA41-7E5F-3A04B582E359,MH,GL,5
0C23E2DE-1CCE-8913-2B97-3A04B92A44D2,TV,PG,5
E728717F-BF1D-3ECE-486E-3A04B960528E,TV,PG,6
EA8A053D-58B7-590F-CD23-3A04B9795F9B,FM,FM,4
9FD442B7-063B-8241-E5FF-3A04B97EDE4F,FM,PG,5
FB5B9CB1-6A16-5F46-FB94-3A04B9866A74,US,IW,6
3C8FE58F-9672-C9F0-6736-3A04B99735AB,PG,PG,6
EFD91FEA-0FE7-381B-6E37-3A04B9B83C1E,MH,I4,5
196A0F3D-C7BC-95EC-DA7D-3A04B9BB275C,SB,,12
F637F7E7-89E3-FDFE-242C-3A04B9D554F4,SB,,12
3584E8CF-D2AC-7A47-A58F-3A04BFE4EEA6,FM,PW,6
E189FBF5-032F-27DD-ABAC-3A04C8F983DA,KR,SB,4
5AAE1D67-73D6-E61B-6507-3A04C923FF64,KR,GL,3
30C59008-257B-CE7C-C708-3A04C9668F00,KR,PG,4
225DAF9A-68BE-1D04-2768-3A04DEC70931,US,IW,7
B5AFEBC4-F57E-4A80-79BC-3A04DEDFB158,MH,NR,6
FFD85903-571E-2BA3-DD3A-3A04E265E649,MH,PG,6
1FC409A4-1AD1-A751-87C1-3A04E7DEE969,KI,GL,5
311D2527-3C8A-223E-4BCB-3A04E7EA1818,KI,GL,5
E4D3AB1C-91C5-CEE9-E7CA-3A04E830DE31,EC,IW,5
D59EEC1B-440C-DBC0-954F-3A04E8E9D252,KI,SB,6
413FAEEA-595C-4327-43BE-3A04ECD59978,MH,GL,6
15AAAC57-3C00-6A41-9419-3A04ECDED8C0,PH,PG,6
13376D77-BD71-AE33-0F17-3A04ED086A13,JP,FM,4
263BC714-26CC-EF59-6C60-3A04ED0B170D,JP,FM,4
2074561F-44F2-4A5F-FE49-3A04ED14DD1D,PG,,4
7FFE4D26-E9ED-687E-17C6-3A04ED1ADF54,JP,,4
4C13E8F2-FD36-841E-648A-3A04ED1F8ECF,JP,FM,4
AD26B3A6-482A-290B-97F6-3A04ED3B33EE,JP,FM,4
AD26B3A6-482A-290B-97F6-3A04ED3B33EE,JP,PG,4
659E4155-8515-D54B-DA0B-3A04ED3DF843,JP,,4
A1118EA2-ECA2-8EA6-0AD3-3A04ED4BE18A,JP,FM,4
9D31581D-A652-7007-0BB2-3A04ED4DF8F7,JP,FM,4
763D3E7B-02E5-3F1C-A687-3A04ED546A87,JP,FM,4
CF60CA50-061C-393C-96FF-3A04EDFA939E,FM,TV,4
CF60CA50-061C-393C-96FF-3A04EDFA939E,FM,PG,4
D9923A60-B198-717F-2580-3A04FBE4D37F,JP,,4
44316F6E-1546-7F15-D638-3A04FBE6648C,JP,FM,4
58630857-35B3-F97A-AB9A-3A04FC205002,JP,,4
E2E6FF25-91BA-1751-D652-3A04FC220304,JP,,4
8F90A99C-C796-1A8D-2757-3A04FC23CF59,JP,FM,4
9935857D-E104-819F-2787-3A04FC277A69,JP,FM,4
7462AF2C-6EAD-9FBD-1C0F-3A04FC2B3EB8,JP,,4
D790EAF1-9301-46A8-E8FE-3A04FC2D0F07,JP,,3
2DBCFB1A-B067-DD6C-2A97-3A04FC2F06D5,JP,,4
DA7E5989-C92C-7DC9-D4EF-3A04FC928CD0,TW,PG,6
BA2D7818-B41F-D399-CD3A-3A04FCAEAC0A,TV,PG,6
A2B382D2-265F-F1A4-8F45-3A05013853E3,FM,GL,6
72264103-A047-80F8-9B14-3A05015B068D,KR,FM,5
95FDB2DD-BD89-D39A-2CDE-3A05029579B7,PG,GL,6
95FDB2DD-BD89-D39A-2CDE-3A05029579B7,PG,NR,6
8DE3FB69-E75A-0F03-6C67-3A0506731146,PG,PG,5
A2401EB9-77C0-02C1-932E-3A0506CA1EA7,PG,PG,6
DCC122F9-3FD2-C484-425A-3A050BCCCE82,PG,PG,6
7FF6C0AD-15C8-4455-03E1-3A050C06C3D9,PG,PG,6
80EC635F-18FB-7540-ED56-3A050D0B535B,KI,GL,6
D5825B29-B450-EF43-FCA4-3A051120FA21,US,IW,5
0AE1DFE1-F377-1A8F-23B0-3A05117CAA75,TW,GL,5
D946F93A-0539-F724-D70D-3A05201A747C,JP,I6,5
75DF11DC-B5C0-91E6-AE86-3A052022502E,JP,I6,5
1BD63409-E45B-12B0-B475-3A05202A0A7F,KR,PG,6
60D2856F-971C-1EFB-8CE0-3A05205292DA,KR,PG,6
473403DF-729B-1FE9-D520-3A05205DA45B,JP,I6,6
E558FDB0-51C4-98E8-C028-3A0520630A04,JP,JP,6
C0610C00-443E-85F1-500D-3A052068AA12,JP,JP,6
52E21931-EE83-B0D7-0319-3A05207431AD,JP,I6,5
685884EB-C3C6-6E2C-D8FF-3A05208778AD,US,IW,2
F8082775-36A6-88FB-20BF-3A0520AE8EF6,TV,PG,5
1E0E98A6-7E31-F585-ABC1-3A0521A630F7,KI,NR,6
1E0E98A6-7E31-F585-ABC1-3A0521A630F7,KI,I4,6
A7ABC68F-F25E-DE83-BC04-3A0525519999,PG,PG,6
4334DDD0-DFE8-A064-2157-3A052568FB6D,KR,PG,6
21789A8F-CABD-FEB1-C815-3A05265466A1,MH,PG,6
C33987B4-A443-A444-5766-3A052ADBBCDF,PG,GL,8
EA02F504-A079-AE8E-9FB0-3A052B12DB06,PG,PG,8
9BC51BCA-1B3B-5939-0457-3A052FB8C526,KR,PG,6
BB5FC9F2-3996-35F8-5736-3A05301ADC02,KR,PG,6
719AD6EB-D9D8-5DE0-507B-3A053027C002,MH,,6
882634DC-B248-D226-C2B4-3A0543F78E61,SV,IW,3
5E63F2A6-E2F8-0E75-43B7-3A0544B09378,FM,TV,1
3E5B810C-F5CB-0F11-24CE-3A0544D535A3,FM,NR,3
7135578D-688A-AC86-D72E-3A0544F7D66C,NR,NR,6
22EFBE39-2977-B0F5-B8E6-3A0544F8296A,KI,GL,7
4541AFD6-BF8C-E56A-A368-3A0549A1D8FE,PG,PG,7
0BCFBA17-9C98-C874-A38A-3A054A994226,PG,PG,5
96458A93-399B-B8D5-6532-3A054AA9D435,TW,,6
4C3025E4-EE32-842F-228E-3A054EC8C217,TV,H5,6
51A0F310-2DDA-6A49-8600-3A054FD31BD7,KR,PG,5
1881340B-D498-2579-915D-3A05500C6BBA,NR,PG,5
490E122A-2E63-85E0-A80D-3A0553A944BD,KR,PG,6
84829169-0CDC-AEC9-F51F-3A0553FA153C,PG,PG,6
83D67DFA-A019-CD93-F50B-3A05590B6416,KR,PG,6
FAAD7D02-A776-78A2-1DB3-3A05592418D2,JP,IW,7
081B1B61-0D64-360D-7E62-3A05592D1597,JP,IW,7
081B1B61-0D64-360D-7E62-3A05592D1597,JP,I6,7
35E96E27-752A-26EF-CA20-3A056832D586,MH,MH,7
6F54CD56-50C4-7350-E3C4-3A056DB7A856,PG,PG,7
88C8A4AB-1112-B2B0-C192-3A056DF6C60A,KI,GL,5
354E2E62-C596-A96E-BB41-3A056E943E77,PG,PG,6
465BADFC-E954-5291-9CC0-3A056EEC5CF9,TV,PG,7
7A46DD64-BC04-D501-1ADA-3A057D837B7E,MH,SB,7
363C8A3B-7F8E-9E66-D791-3A057DE03E54,MH,SB,7
EBC980E1-648C-AE09-67E1-3A058C5088D2,TV,PG,6
E0B528CA-A134-6BAF-1ADC-3A058CBC09B2,KI,GL,6
D7E0A1FF-8C94-04CB-2101-3A058DB4A5CF,MH,MH,7
5FE68B0B-D63A-FA17-A8DA-3A059192E133,TW,PG,7
C0C01E32-D649-8B14-7A8C-3A0591D4AE19,TV,PG,6
E7DFAA31-8DFD-D1D3-1BA5-3A059281479A,PG,PG,6
4F5509B8-FB3C-2654-F8EF-3A0596B2E1C2,PG,PG,7
0E54BB5F-D76A-3298-4B9C-3A0596C3997F,PG,PG,7
8AB6C729-0B6B-161D-5767-3A0597007013,JP,JP,7
0E6F4F34-B47E-0658-365C-3A059709C05F,JP,IW,7
7F585744-804E-252A-B61B-3A0597A7E83E,MH,MH,7
7099B7B3-75A0-6DFE-EB44-3A059DD57517,FM,,11
C9CC5584-926C-66D3-1FC6-3A059DD66B84,FM,I4,6
C9CC5584-926C-66D3-1FC6-3A059DD66B84,FM,FM,6
1F6F17C3-5272-6485-C85C-3A059DD75DFA,FM,SB,1
844DD89C-4982-FBE7-552B-3A059DD7B778,FM,PG,2
6775B44A-902D-7A92-0444-3A059DD868EE,FM,I4,5
E4DB7CCD-DCF1-0E66-9CEC-3A059DD89394,FM,TV,2
D2BD7DAA-292D-01CD-C793-3A059DD91B79,FM,,6
C18831E5-4800-281D-13C1-3A05A20BFD2A,PG,PG,6
66F8D701-8A2C-57EB-D58B-3A05B158194C,KI,GL,7
B3E2229D-CBAE-DEBC-1EBA-3A05B19BF8B0,KI,GL,7
E9FAC4FC-04C4-56F5-8D98-3A05B1DF1FA5,KR,TV,2
44B69C33-65A8-2051-37D8-3A05B1EA2F70,TW,PG,6
111AC528-5FB8-A746-6F55-3A05B1F855FD,KR,GL,5
6DA3F6E6-F0D2-ECB9-56E9-3A05B54A2369,JP,PG,5
FD6FF130-81A9-4524-6351-3A05B551FCC2,JP,FM,5
62AB73A6-11D1-4D35-901F-3A05B558F943,KR,,4
7F855964-AAED-B4F3-3C3B-3A05B564C3A6,JP,FM,5
206696D1-EDB8-2463-58E5-3A05B5843A54,JP,FM,5
EAD536BB-FEE1-080D-CBFC-3A05B59D17F8,PG,FM,5
FF837F61-C2A6-A9F0-7B8A-3A05B5C33717,JP,FM,4
7A4533B9-AB14-83F4-4D6B-3A05B5D8EDA3,JP,FM,5
EFB4D4BD-F762-C4AC-9867-3A05B5F10E72,JP,FM,5
034F47C3-E84A-D9F6-8EA6-3A05B6033FF7,JP,FM,5
A6F7AB52-4C6A-B082-490C-3A05B6077442,JP,,4
0C31511F-3927-1D82-43F9-3A05B60B107B,JP,,4
B78AF611-D6F6-E8C6-D75C-3A05B60D2EC3,JP,FM,5
9F86C17F-1F7E-A7F8-C441-3A05B617E46A,JP,FM,5
B17C29A5-AE20-1E01-9AB2-3A05BADF3EBD,KR,TV,6
B17C29A5-AE20-1E01-9AB2-3A05BADF3EBD,KR,PG,6
81631516-0684-2A23-063A-3A05C13B52A3,KI,PG,6
6F8ACC53-B5E8-B1B8-9823-3A05C50267EB,KR,PG,6
5FCF36A5-E4C6-A24B-F444-3A05C527C703,KR,PG,7
4B369BAB-5DAA-BB96-1D2E-3A05D4ACAE69,PG,PG,8
EB55F62E-BFD9-0939-275E-3A05D4CBA3BD,US,IW,6
E384360F-752F-BC37-A6F7-3A05D4EF8F81,PG,PG,7
8E7618FA-C72D-296A-7AB3-3A05D5A4639B,PG,PG,7
754C6766-4185-214A-C30E-3A05D9BC1975,KI,PG,7
6B453532-C6BF-7CBB-B441-3A05DA9C2D80,PG,PG,7
D744B44D-4F8B-75D6-9B9A-3A05DEF5B6F0,PG,PG,7
223A6B9B-00FD-EF0C-8E81-3A05DF058AC0,PG,PG,7
B732BF1C-2129-5B4E-478B-3A05DF46985C,PG,FM,7
12615036-DBD4-77C0-7E69-3A05DF4D1A9B,PG,PG,5
7250CFC2-82B0-02FF-34A6-3A05DFCA694C,TV,PG,7
0DF941DE-9269-A5C8-B756-3A05DFF98CED,TW,PG,6
DACB9021-1810-9376-B90F-3A05DFFD99DC,PG,PG,7
25E3F173-AFAA-60E5-1A29-3A05E0035B8E,PG,PG,6
D6739EA6-7FC5-D63E-D052-3A05E00CBA02,FM,PG,2
DE6913CC-97CF-6C14-5F1D-3A05E00CD655,TV,PG,5
982E3679-0A30-C5E6-0549-3A05E00CF41E,TW,,3
38AF5D8C-8539-3B55-FD22-3A05E00D0178,KR,PG,5
4297DBF9-023E-4F6B-E57E-3A05E00D24F7,KI,GL,4
F40CC96E-0109-E4A5-D06B-3A05E00D54EA,SB,PG,6
E9294ECD-AFC4-E50E-8C9F-3A05E00D8562,TV,PG,7
17D7D053-3B9F-5B3E-60EB-3A05E00D9E14,KI,PG,5
B3A13A26-C18C-9C18-A068-3A05E00DE674,FM,PG,5
24A9C757-8FD6-DA2F-9A52-3A05E00E1198,MH,NR,5
A960C288-44E6-2C8C-6A95-3A05E00E3B69,KR,PG,5
E495AE25-78C0-32B4-F1D4-3A05E00E6070,FM,PG,5
1123A799-34EF-D8D2-568C-3A05E00E82AD,JP,GL,5
7AF5021A-0209-7F32-A989-3A05E00ECD9F,MH,GL,5
5F4635D2-30B9-7827-118F-3A05E00F04F3,FM,PG,5
98CEDB77-B18D-1D2A-9D2E-3A05E00F3470,PG,FM,5
DC977B3C-E1CC-6338-49D2-3A05E00F4E0C,FM,PG,5
16C2C4E3-E43E-55BC-09F0-3A05E00F8137,TW,PG,5
5F3CB453-1597-8B49-3345-3A05E00FCB25,FM,PG,5
F7EC9B53-F73A-02E8-B297-3A05E0104CB1,FM,PG,5
E123B890-BC76-0BAB-F70A-3A05E01061A1,TW,NR,5
B2D22AB0-5DC0-0CE0-3010-3A05E0107E23,US,PG,5
16FEE726-F472-2ECA-C56A-3A05E0108EFC,KI,I4,5
A912BDFE-1FE5-D6C1-B375-3A05E010A9CC,FM,PG,5
39920E86-4BF4-8936-9AE6-3A05E010C4C6,KI,I4,5
5E8E7175-1EAE-FCCA-51FA-3A05E010D6F2,KI,PG,5
E3FC8DD4-4F8A-264B-1A34-3A05E010FCD9,KI,GL,5
221691D4-5E2B-6FDF-52F2-3A05E011216B,TV,PG,5
BBB0450F-A779-F021-564D-3A05E0113B04,PG,PG,5
04039856-A256-F4B8-38F3-3A05E0116F4F,PG,PG,5
FAD10739-36BC-92D0-0E04-3A05E0119393,FM,PG,5
752A4329-2FDB-EDE0-7372-3A05E011ACE9,KI,PG,5
FD6F996C-8296-AEE8-2B1F-3A05E011CF77,MH,PG,5
BF8B2A7A-F98B-D909-1C6A-3A05E0120309,PG,PG,5
63B18BF0-635B-D30D-1D42-3A05E0122FFC,KI,PG,6
D7FABCB9-B7F2-625A-9462-3A05E012453C,TW,PG,5
6FA3C8C8-8C47-78A9-4F0E-3A05E0125C8C,PG,PG,5
930BC46B-97B0-1117-EDC3-3A05E0127380,PG,PG,5
D42698AC-DBFA-5E4C-027A-3A05E01298AD,PG,PG,5
CABD13FF-1D09-C720-3DAD-3A05E0130D25,PG,PG,5
35B7D7D2-2E40-E2FC-6C52-3A05E0133C15,NR,NR,5
F170A928-EE17-695B-3E1C-3A05E0136D23,PG,PG,6
C4F0F10F-116E-75DF-3559-3A05E0138D62,KI,GL,4
2CBD5E46-F405-2AD6-4213-3A05E013D0A5,PG,PG,6
FA04704B-E51F-70C2-EE2B-3A05E013EF7F,PG,PG,6
79DC05A5-21E4-0F26-96D6-3A05E013FEB9,KR,PG,6
3AFE14E8-40B8-FBB5-3C79-3A05E0140B81,TW,,6
B6CF23A1-D603-43CD-38F4-3A05E0141EFD,PG,PG,6
2FE59246-D520-0336-ACF2-3A05E01432BA,FM,GL,6
6ABB79EA-C4EC-6689-99B2-3A05E01443E4,KI,GL,5
336CAD7F-9977-0E4A-E202-3A05E01460C8,PG,PG,6
32FD4760-8687-8A0C-66FA-3A05E0147585,SB,PG,6
1B1B9AEE-68B1-3E3E-76D4-3A05E014A1E0,FM,PG,5
408BA37F-2FB8-20DD-F54B-3A05E014C11E,PG,PG,6
DF12A836-3DC8-BEFE-F252-3A05E014DDB3,NR,PG,6
01F16D2F-BA97-F23A-DF90-3A05E014F665,FM,PG,6
ACFD4644-14B4-98A1-F42C-3A05E01508F4,FM,PG,6
A73B210B-E1D7-72C1-A9E3-3A05E0151B41,KI,GL,5
F067CAAA-49FD-AE04-D9EC-3A05E01529D7,TV,GL,6
45DE83F9-3724-48F9-4AB7-3A05E0153741,KI,GL,6
40EF2C96-CD89-5AAB-4A9F-3A05E01549FD,PG,PG,6
444B6715-8604-4775-8D26-3A05E01564DB,NR,FM,6
1C2EAEE5-754F-C061-1B48-3A05E01589FA,NR,PG,6
09B1ABD1-F5DB-3A85-86C4-3A05E015A3EE,PG,PG,6
4214FF9F-9ECE-173C-90C8-3A05E015B859,PG,PG,6
AD8B8EA7-EBBF-E3DD-0F38-3A05E015D0CA,PG,PG,6
EBE1EC2B-A32F-D43B-9368-3A05E01603C3,PG,PG,6
FA45516B-87D9-0FB9-B971-3A05E0163CE0,PG,PG,6
97397EA2-BCAA-8732-14F6-3A05E016A292,NR,PG,6
C43C396E-13D5-BC90-59B8-3A05E016CA9F,NR,NR,6
165722A9-E824-9476-2981-3A05E016DC14,MH,SB,5
58373D2B-E957-65D8-0D71-3A05E016EEC5,NR,FM,6
DCB74EE5-A91C-B69B-FA07-3A05E016FBA6,TW,I4,6
E3963CA4-8AE2-8A1A-1E49-3A05E0173100,PG,PG,6
42FB790A-ECA8-2F9A-5BF0-3A05E0174EE6,KI,PG,7
380B11B6-7101-4377-A2E5-3A05E01771D3,FM,FM,6
26120DDB-4AAE-4F67-1BE6-3A05E01785CE,PG,PG,6
8D978019-F79F-E6F9-D1AD-3A05E017AA4A,KR,PG,6
226FBA03-2933-DDA3-DD84-3A05E017BFB5,PG,PG,5
4EB0E9F1-0AB3-6C87-8A03-3A05E017DA40,PG,PG,6
8BABEFF9-71C0-5469-18F4-3A05E017EAC0,FM,FM,6
9D3C54FD-1631-307A-243B-3A05E017F891,KI,GL,6
411FCFE9-A70A-B3E6-5CC8-3A05E01811EF,FM,PG,5
60D4EA6D-F1C8-0BD5-07C1-3A05E0182B35,NR,PG,6
10C8F0FF-4329-25C3-9D93-3A05E0183BD2,PG,FM,6
9B666C55-C7D3-5417-A9AC-3A05E0185447,PG,PG,6
41BA8041-C4C2-FEF2-347F-3A05E01870A9,KI,GL,6
389AB5C5-57AF-087D-2EDF-3A05E018897B,PG,PG,6
50167B9D-37FC-B952-880E-3A05E018A020,PG,PG,6
FAF2AA61-7411-E9FC-CA14-3A05E018B87C,KR,PG,6
5DA822E2-449B-BD11-1BD4-3A05E018D496,KI,GL,6
0B1032B4-D63D-25D7-B41C-3A05E0190239,FM,FM,6
D2B9E89B-26FA-BBED-41D3-3A05E0191B4F,FM,PG,6
4F79EA8F-77D8-7ED4-CF26-3A05E0193123,KR,PG,6
6AC6A5AA-3253-19A1-64C5-3A05E0196804,PG,PG,6
0C4A51F7-2C95-EED6-A431-3A05E019824C,PG,PG,6
10451602-8B83-258D-1EDC-3A05E019991F,KR,PG,6
60317EF9-E96C-EB55-BEA1-3A05E019B174,PG,PG,6
D697601C-387C-248A-32F1-3A05E019D5B5,KI,PG,6
6AB9834A-9A62-3C1D-75BA-3A05E019EA7A,TW,PG,6
CBBF0448-8E12-8A8B-0DE5-3A05E01A005E,PG,PG,5
1F3CABF2-4A52-6662-5843-3A05E01A2572,PG,PG,6
D27AD0FD-A9DA-65F1-E8EE-3A05E01A547C,FM,PG,6
A2A12DA0-46AE-FCA3-0628-3A05E01A62C8,KI,PG,6
9B0D8F4E-5211-0388-25C8-3A05E01A7995,TV,PG,6
55BE8E24-5C0B-B065-4300-3A05E01AA1D4,TV,PG,6
48F44061-9EFD-ED1D-018C-3A05E01ABECD,FM,PG,6
ADCA3256-85CD-ACBB-8BA2-3A05E01ACD15,KR,PG,6
DDC6A080-4F27-2579-F87E-3A05E01AE9B6,KI,GL,6
10FED526-DD3B-0C14-6318-3A05E01B1C9E,TW,PG,6
E57F38BF-EB76-FDEB-118F-3A05E01B6C07,KI,GL,5
663C5AE0-0C66-B210-4CAB-3A05E01BA725,SB,PG,4
89ADFE0E-ACA3-9CB7-0323-3A05E01BDFAB,FM,FM,6
F1F48A84-99D7-127B-CFCA-3A05E01BF359,FM,PG,6
ECED076A-29A6-09A9-7B99-3A05E01C13B8,FM,PG,6
4531FF23-B30C-E614-78EB-3A05E01C423B,PG,PG,6
8D3EBDC3-2B40-2A26-6398-3A05E01C68EA,KR,FM,7
F1A734B1-40E4-4168-789C-3A05E01C9484,PG,PG,6
73179DBE-9A1A-ADDA-65BE-3A05E01CBB5E,NR,NR,6
BA527A6C-88C2-9FF1-902F-3A05E01CDCB8,PG,PG,6
2830FC9F-0D15-241A-C258-3A05E01CFBBE,PG,PG,7
BEF1DF9C-8285-03C5-FEAF-3A05E01D1401,PG,PG,7
589EAC39-4555-8207-A09D-3A05E01D2BC1,KI,GL,6
CF8F2313-39C6-5F99-F80D-3A05E01D4589,PG,PG,7
99F9AEB3-8811-6156-649D-3A05E01D61AA,FM,FM,7
8E55A215-E605-0A8B-848D-3A05E01D7ABC,KR,PG,7
4173DF37-2FF4-9E94-2820-3A05E01D9CDA,PG,PG,7
57B090A6-2CD8-C053-D72B-3A05E01DC9DA,PG,PG,7
C202FB5E-8395-419E-67DF-3A05E01DE5EE,FM,PG,7
C4AB4F93-C66A-40C6-DDA6-3A05E01E12B8,KR,PG,7
A428500A-5DFD-C19A-92D1-3A05E01E2D33,FM,PG,7
26D72690-93E5-02D5-7BDE-3A05E01E440D,PG,PG,6
26EF2B01-61C5-8C28-C418-3A05E01E618D,NR,NR,7
E3CD84B1-E6C1-CBC7-00ED-3A05E01E82EE,FM,FM,7
C5C4F636-0E82-FC91-434E-3A05E01EB1C7,KI,PG,7
7C2880DA-C80A-B7E6-0A4C-3A05E01EDC5F,PG,PG,7
56D71C35-581E-1A07-9CEF-3A05E01F02A2,TW,FM,7
9A17B6AE-F9BB-1EA5-C2D0-3A05E01F1F44,KI,GL,7
3D50A525-5FD7-C1F3-CD41-3A05E01F4644,PG,PG,7
3518A07C-914A-5AB8-6F44-3A05E01FB857,KR,PG,7
3B8B3126-27FE-686A-D12C-3A05E01FC7CB,MH,I4,6
BB33D17B-84CC-6E38-6D03-3A05E01FF8B4,PG,PG,7
D9403B39-4946-1899-7D7F-3A05E02037E6,KI,GL,7
8D1A2361-D70E-EC52-0F1B-3A05E02092A4,ES,IW,5
5ACE7959-B288-5D30-6D77-3A05E020DF4B,PG,PG,7
9D0D6B96-F086-343F-B4B3-3A05E020F084,FM,FM,7
24883AE1-4AC4-2D24-FB47-3A05E02129CC,KI,GL,6
4C3486B0-71F5-2BA5-0EE5-3A05E0213FC7,FM,FM,7
57BFE2AE-ED98-6572-868B-3A05E0219F40,KR,PG,7
816A60D6-05EF-6414-EE3D-3A05E021B38C,KI,GL,7
97445671-0600-0476-6057-3A05E021DD2F,PG,PG,7
A0ED6C63-64C5-B5AF-F4D7-3A05E021F025,PG,PG,7
BF6F02B4-CDFF-11B0-FF68-3A05E02201B7,KR,PG,7
FCC3B9CC-D103-E0FB-3EEF-3A05E0221682,NR,NR,7
2E029A29-61AE-C422-544A-3A05E0223050,US,I5,6
16699B72-9EC3-D479-B812-3A05E0226C4F,TV,PG,7
338F8BE8-480A-B68B-5D63-3A05E0228124,KR,PG,6
22555378-5427-84F6-E6D2-3A05E022DCEA,PG,PG,6
D15BB613-C9DE-CA9A-48B8-3A05E022FB46,TW,PG,7
F746236C-49FC-C036-DD38-3A05E02315ED,KR,FM,7
1D36DBD2-7358-D245-9AC9-3A05E0234A50,PG,PG,7
C1D40C46-4CE1-C417-5502-3A05E0237EF0,KI,GL,6
3F099F69-00B2-1F21-2B6E-3A05E38489FE,NR,NR,7
48A02F2F-FA08-7065-6903-3A05E8AA1DDB,SB,GL,8
D31C4F35-347F-C307-FAEA-3A05E8AB23DD,FM,PG,6
2AF5AB27-2659-34C9-2FE6-3A05E8AB3A34,KI,PG,7
9C7E0D1B-2D73-D0A6-A8A1-3A05E8AB8903,TW,PG,7
8C02CBA7-F2FC-CDC9-EEA7-3A05E8ABAA4E,PG,PG,7
4CDB37A5-19EC-E15F-8603-3A05E8ABBC9C,PG,PG,7
F58EBC92-857B-E132-FAEF-3A05E9282732,NR,NR,7
587AA994-E86E-6718-8E81-3A05E93F6D5D,KI,PG,7
15B8B9C3-562D-FB57-3730-3A05EDD1CA10,PG,PG,7
356D54FA-3C37-8882-9C85-3A05EDD1E7FA,MH,MH,7
652DBFEE-B02F-50A1-E630-3A05F2F918BE,NR,PG,7
652DBFEE-B02F-50A1-E630-3A05F2F918BE,NR,NR,7
135EEC35-F964-EE47-3BBC-3A05F2F982A8,FM,PG,7
B959FF85-E4AC-4744-3BDA-3A05F2F9FA11,PH,MH,7
211922FC-2629-F590-3782-3A05F2FAB739,FM,PG,7
00AD21F3-7CDF-F350-1421-3A05F2FAF628,FM,FM,7
A92F7621-2003-D6AF-590C-3A05F2FB3E6F,TW,,8
45772750-C9CC-32D6-190C-3A05F81E2F1B,FM,,3
82595FFE-7D0C-A467-B395-3A05F81F1DE9,JP,PG,6
5CD56E76-8CC1-1020-F308-3A05F8892FFC,PG,PG,7
0466FB21-69D6-BD9C-A333-3A05F8CB6ADE,MH,,8
7292FA0C-B858-627C-F421-3A05FD43F172,NR,NR,6
1B746AED-D376-745E-C318-3A05FD442D3D,NR,NR,6
00223135-085E-EFED-9656-3A05FD443E36,KI,GL,6
B928733E-D055-7844-4D2A-3A05FD4489DD,FM,PG,7
B078AED2-45B1-43C4-4B18-3A05FD44A4E0,KI,PG,7
05516D6D-9A78-56CC-A258-3A05FD44C25B,PG,PG,7
8DD55FBB-0D8D-5EB6-4B10-3A05FD4500AF,NR,FM,8
13407058-A472-D915-D94A-3A05FD6CA45E,EC,IW,7
A83BF589-8622-1FC0-913D-3A05FD96C88E,JP,I6,8
B35229A3-B1DD-091A-A885-3A06026ADBB8,FM,PG,7
94B43BCB-2515-A7EA-3EC2-3A0602C2DE2E,TV,PG,7
60D620D0-5770-86E3-275C-3A060400F4BE,TW,FM,7
B8A5549B-925F-BFF1-FFA3-3A06079182C6,PG,PG,7
8CDEC607-BDC0-B68A-8F0C-3A060CB77684,TW,PG,7
F3CEF799-F379-9A88-4325-3A060CB7A8CC,NR,NR,7
F3CEF799-F379-9A88-4325-3A060CB7A8CC,NR,SB,7
780B1A4B-7A23-5091-0371-3A060CB7CF0A,NR,NR,7
621C5314-4B68-448B-6B01-3A060CB7E204,KI,GL,7
E0F47FC4-B688-025C-D9EF-3A060D3C6316,TW,FM,8
65A0B7F0-1D45-0B09-48A9-3A060D6DBA58,US,IW,9
8BE77660-DDEA-B0D8-9CAF-3A0611DDCBFD,PG,PG,7
6D5D6209-BC9E-50E9-F88E-3A0611DE0A11,PG,PG,7
D10CC06D-75FE-0AD5-004E-3A0611DE355B,KR,FM,7
E60C5BA7-1168-69E1-1627-3A0611DE5F03,PG,PG,7
9EB526D9-2F35-3B2C-8AE3-3A0611DE77ED,PG,PG,8
2D582A30-535B-17CF-A009-3A06170530B7,PG,PG,7
3ED15EA5-D559-97E5-A465-3A061C2B6FAF,PG,PG,7
025B9E5A-C4D6-FA64-800D-3A061C2BEB3B,NR,NR,7
B5029F2D-D2F8-A0AC-FDAA-3A061C2C3CC4,FM,FM,7
CFF6C190-D02D-A915-0A3F-3A061CE7594E,JP,,6
E2E494DA-9FB0-7B81-E25B-3A061CE8529A,MH,MH,8
3582C010-3AEF-8573-8E05-3A061CEA817E,JP,FM,5
AC08815A-E70C-D623-216E-3A061CFDCC20,PG,FM,6
70EC02DA-3B13-E826-BC8B-3A061D01CF65,JP,FM,6
15764506-C0B8-16D7-B80F-3A061D064FEB,JP,FM,5
09A00AC6-A00C-E923-D288-3A061D15F0B8,JP,FM,6
AF0AAE94-A4FE-1814-3372-3A061D193FC7,JP,FM,6
D9469737-C71F-50E7-5F6D-3A061D1C3556,JP,FM,6
20411D8D-E9EB-1CC6-2C68-3A061D20F000,JP,FM,6
E407D006-BA65-1807-23C0-3A061D246AE1,PG,FM,6
8D78AB41-DD5B-86DF-3B0D-3A061D2B40E1,JP,,6
92DFA1B3-2FD1-E613-0AD1-3A061D2D6236,JP,,6
5CC3C0D6-C508-634E-8FD7-3A061D2F9DBD,JP,,6
13A306BF-DAE8-9FA9-1470-3A061D32B149,JP,FM,6
6F6A35C4-68BA-62E5-BD3A-3A061D34CFC2,FM,FM,8
14ED3454-B88D-AB53-F6D8-3A062151E45B,KI,FM,8
9BB285A0-7E18-9191-53DA-3A0621F78D1C,KI,GL,8
C93A810D-9A27-37FB-F64C-3A06267697D6,PG,,5
25419D15-22C2-F465-BBCD-3A062676D4A0,JP,PG,7
4D579203-DF8D-FA8B-79E5-3A062676FED5,FM,FM,7
9A4013DE-102D-CDDE-0C5D-3A0626771739,PG,PG,7
28FEE5E7-EFA8-761B-3453-3A0626772C98,PG,PG,7
E2AD4DE9-9EAC-F76D-AB08-3A0626775752,TV,PG,7
53DFEA97-0ADC-AB92-1052-3A0626777B74,TW,,8
46876E50-6230-3F9B-7A8B-3A06271BB710,TV,I4,8
D4F9DE26-0382-660B-9188-3A06272941B9,KI,PG,6
08E30B9D-FA9D-C648-210F-3A062B9D700A,KI,GL,7
7B4960EC-0EBF-0CDD-9F55-3A062B9D9645,KI,GL,8
E56D0F82-FBEF-4FE1-379B-3A062C198AD1,EC,IW,6
57B3F404-147F-F33C-71E2-3A0630C37F38,FM,I5,7
DFA90180-4A7B-D574-73C3-3A0630C3FD15,PG,PG,7
4C4ADC03-A8B9-1B16-82EE-3A063268BAD8,MH,MH,8
C4C4C2A7-E730-F903-7457-3A0635E9DC39,SB,,3
E88B259B-55AB-BE41-DF19-3A0635EA594D,PG,PG,7
BA2ED428-6688-2CA9-F3CB-3A063B117C38,KR,FM,8
A2A75F8E-AA06-E113-B596-3A0640379B23,KR,FM,8
30AF9FA5-C880-3AFD-33DA-3A0641AE9188,KI,FM,8
307195A7-7B9F-43EF-6EB5-3A06455DE0BC,FM,FM,7
7B8ECD6F-317E-FCE7-6EA4-3A06455E3C8E,FM,FM,8
28D7A66F-FF4A-B85C-5C0B-3A0645C1BF52,TV,FM,8
677E1D4E-C4F7-A7B4-E4DD-3A064A83273E,KI,GL,7
28910980-7FBC-FB51-9D36-3A064A8373F9,MH,PG,7
BC56F890-6E14-BFEF-B2BB-3A064A83B23E,FM,I4,7
DE776322-5A0F-73B9-B03F-3A064A83D337,PG,FM,8
5FD0EDED-7190-4B56-8B36-3A064A83EA50,FM,FM,8
AF7B469C-EFA6-86C7-9DE8-3A064B6CD63A,NR,NR,8
AF7B469C-EFA6-86C7-9DE8-3A064B6CD63A,NR,PG,8
55AD53F0-85FF-5063-3A55-3A064FA9F495,KI,FM,8
685CC689-5F08-7E1C-4B8E-3A064FAA24EA,PG,PG,7
64A00A32-0361-7456-F38E-3A064FAA5860,FM,FM,8
39F32518-2356-A0E4-A9B5-3A064FAA7BCF,KI,GL,6
CB7ECD45-6E53-001C-D5F6-3A06502474D8,KI,PG,4
5C880602-7639-3FF1-9E6F-3A0650771B1F,KI,GL,8
42D18542-9605-B844-00F5-3A0654D1CEE0,KI,GL,8
DB2ED20B-0681-C488-1AD6-3A065555270A,PG,FM,8
82E018AB-22BE-ED62-1828-3A0655906E6B,JP,JP,8
248583C2-B6DE-3B6B-C8F4-3A065F1D81C3,PG,PG,7
9C4993AA-07B8-1425-7342-3A065F1DEFFF,KI,GL,8
6342D2A4-2F3D-542C-CF4B-3A065F1E13C1,PG,FM,8
8B89DD69-C3B3-EFBE-A854-3A0664DA6BC6,KI,TV,5
F4EB7E69-CD2E-12C9-084B-3A066969C6E8,TW,FM,8
49E6E929-9F64-EF86-CDBB-3A066AAF74BE,TW,FM,8
3CA622B5-00DA-A134-DBBB-3A066E906C9C,FM,FM,8
2C293221-C29D-4F6E-AA99-3A066E9082EC,KI,GL,8
C63B5AC2-7612-17BA-11C4-3A066F16BD9C,MH,I4,3
B98C186B-8B08-D48A-7F13-3A066F20FEB6,MH,MH,8
41ABA3F3-A9CF-EF1F-4CC2-3A0670376D65,MH,,6
0A0BB4A0-B6EB-727F-CA2B-3A0673B5EC65,KR,GL,4
0A0BB4A0-B6EB-727F-CA2B-3A0673B5EC65,KR,PG,4
3B2615D8-8B08-AB2A-E2FC-3A0673B62CF7,KI,GL,7
F0463925-2514-8638-59A4-3A0673B69978,KR,PG,5
46ED352C-B819-2CB9-B0BA-3A0673B6A62D,KR,PG,6
CB7FC151-A6E6-4E4B-AF48-3A0673B6B469,KR,PG,6
63C8DC93-0405-67B3-6129-3A06746FDACD,TV,FM,8
9C211D04-1C6D-52E2-C775-3A0678DCBF1A,PG,FM,8
523B02F1-A6C2-01F7-5DF2-3A0678DCF13D,PG,PG,8
D03F36B8-7530-FF81-FF50-3A0679F5ABE8,MH,,9
F0606EB1-1B19-D0F4-B0E2-3A067E03A1D1,PG,PG,7
C1A30E00-736B-7240-ADD1-3A067E03D26D,KR,FM,8
8576DBC7-01AF-093E-05AE-3A067E0400F3,PG,PG,8
4288B9B5-369E-F61A-3E9C-3A067E0419C5,KR,FM,8
6E454A9E-93FE-5D62-0FAF-3A067E0453C1,PG,,9
10CC137B-2061-B9DA-89C9-3A06832A940E,NR,PG,7
0AE4F563-A59C-ACB9-0547-3A06832AFBE2,FM,FM,8
E5275FC6-D008-CCD0-9DAB-3A06832B1C2B,NR,NR,8
B1A01AFD-F510-1DC9-842E-3A06832B3F0D,NR,FM,8
3B397047-5D46-E8DB-002F-3A06832B70EF,KR,PG,7
3B397047-5D46-E8DB-002F-3A06832B70EF,KR,FM,7
9CE12166-13B8-060A-F90F-3A0688DD56C1,KR,FM,8
47B8DFF0-643D-F58B-729C-3A06890E9BFF,PG,FM,8
8BF410C0-18E7-08CF-2997-3A068D76956D,FM,FM,8
41A41717-DFC9-EE1A-8527-3A068D76A6EB,PH,,8
828C2C24-DDBC-0E72-3977-3A068D76D234,SB,SB,8
142B54F7-8B61-04ED-16EB-3A068D76FF0B,PG,,9
21FA4409-55FE-AD7C-5313-3A068DB28210,MH,FM,8
E53A821C-F0A5-56B3-B811-3A06929C520B,FM,I4,7
6F95B060-4845-0855-A88D-3A06929D123E,US,H5,7
DDB1AAEA-829D-5F36-279C-3A0693074CED,MH,MH,8
173CCC9D-3AEA-D037-E368-3A0697C325B8,TV,FM,8
346C2871-9E20-0BD6-B150-3A0697C34F11,PG,PG,8
565B25B7-47DB-084D-71BC-3A06983185B7,KI,GL,8
624F3EE6-D51D-191D-30D4-3A0698406064,PG,PG,8
BC266DF9-94D2-6DA9-F4FA-3A06984DC125,TW,FM,8
7114D43D-0055-5D24-86E9-3A06987B245C,PG,FM,8
7DF50A70-81FB-CB2F-1C0B-3A069CE8BB9F,PG,PG,12
57F14634-10F4-983E-A223-3A069CE9593F,US,IW,7
AE084AA5-EFE7-8498-245A-3A069CE9E057,SB,FM,7
FDDAA581-BFF4-0104-F38A-3A069CEA1371,KR,FM,8
07D37716-CAA6-744F-71DF-3A069CEA328E,PG,,8
24B0A76D-1815-7EB7-FDC4-3A069CEA650B,TW,FM,8
7BF59986-5941-3E73-084C-3A069D6A3C47,JP,FM,7
88B1ECEC-1305-D0FA-EF0B-3A069D72B999,JP,FM,7
EFA4698E-4487-DDF6-B4E3-3A069D885606,JP,FM,7
3A5F5920-2B54-BA36-1457-3A069D9D9FB3,JP,FM,6
33386980-CB17-5885-8BE9-3A069DA3F3D3,JP,FM,7
4444F41E-B794-AACF-A3BD-3A069DA74FED,JP,,6
968B4346-5A5C-970D-F372-3A069DA9446F,JP,FM,7
B9792755-5490-F36B-8CA8-3A069DB809B7,JP,FM,7
5BE8CDDC-B423-60A5-5FA4-3A069DBA2839,JP,FM,7
2459821E-D291-99A4-3D81-3A069DBF33FE,JP,FM,6
5CDADFA7-3C3C-8E0F-04E5-3A06A20FFC85,PG,PG,8
C238EA79-3948-A1C9-2B18-3A06A2106B01,PG,FM,8
19C86A25-76B9-597E-65C3-3A06A21087D1,PG,PG,8
0C62135A-75AD-F340-3761-3A06A210EF18,NR,FM,8
DA7D751D-CCAF-24B3-6BDD-3A06A2110CBB,FM,FM,8
304EE6B1-A53C-DB6A-8BC7-3A06A2112E7D,KI,GL,8
BCA7C695-6140-7EA1-2748-3A06A211473D,US,PG,8
9FCEFA09-A217-75D1-63CC-3A06A73679ED,KI,GL,8
1EC1A4A3-866E-6AFE-99FA-3A06A736EFA9,PG,PG,8
3C73F237-F695-C6B7-A72E-3A06A73742FA,PG,FM,8
DBCAEFB6-1786-AA20-4737-3A06A7377D61,PG,PG,9
36836F4E-86D3-D35B-9C32-3A06AC5C544E,PG,SB,8
787570C3-F77C-8464-3B08-3A06AC5C82CF,KI,FM,8
E27A7D02-104D-97D9-6C9C-3A06AC5CB658,PG,FM,9
98E42DBD-4887-026E-4AA2-3A06AD87E643,MH,MH,9
2F43E4A9-2A5A-A6A1-2C9B-3A06B18261B8,PG,PG,8
9C17B681-E371-5E7C-7B5D-3A06B6A8AB48,MH,MH,8
B150C5D9-95C7-4E2D-8413-3A06B6A900A0,PG,FM,8
95D8247C-3471-D2E9-52E8-3A06B6A959C9,NR,NR,9
438243D9-A244-C0F9-206A-3A06B6A96EB9,KI,GL,8
2807D7A2-D01E-9221-FB15-3A06B6FCCB9A,PG,PG,9
B33FBB17-BFF7-FA32-F10A-3A06B72D1374,TV,FM,8
CE615DB2-4E57-9D25-D9C1-3A06B769FBD8,MH,MH,9
7C276A24-35F8-C737-8AFC-3A06B84C6D5D,KI,GL,8
E36D7DF0-5CAB-52BD-07FE-3A06BBCF3679,TW,FM,8
486AA7FA-0A53-17C3-8D04-3A06BBCF6F34,TW,FM,8
40B39530-7F4A-60EE-E45D-3A06BBCF856F,PG,FM,8
DEABD99D-E7F1-34C3-D58F-3A06BBCFB20C,FM,FM,9
89F58722-17BA-3EFB-6A2A-3A06BBCFD0ED,MH,MH,9
4BEDFCDC-34BB-7D0A-E7D6-3A06C0F6044D,FM,I4,7
29ABEA6B-C78C-C6CA-16D7-3A06C0F67999,PG,FM,8
28B39678-85A9-6525-78B1-3A06C0F6C263,KI,GL,9
D465A8CB-1AC9-A5E1-C657-3A06C1D9A0EC,PG,PG,3
E0FDD365-E6EE-FE6C-D734-3A06C1DCB6B8,PG,PG,8
DDBE4BF4-F2A4-EAF3-D6AF-3A06C1DE3497,PG,PG,10
41D6E366-74B0-D406-DD59-3A06C1DF90D5,PG,PG,12
14EC81E8-72CD-5F5B-4E89-3A06C1E042A8,PG,PG,11
9F5859C6-D392-E069-1F89-3A06C61B59FB,PG,FM,9
BF3DFD09-CFA2-99D3-3A62-3A06C61BE658,TW,,3
733BE21F-A918-E9E6-7DD4-3A06C61C54B2,KR,PG,7
336A3A11-48E3-0312-72B0-3A06C61C7033,KR,FM,7
35142CDF-60F2-5293-1C01-3A06C61C9329,FM,FM,8
9BBC105F-8F17-1FAF-B3DE-3A06C61CA9E1,TW,FM,8
28C3861C-81D9-5277-3465-3A06C61CBAB2,KI,GL,8
C510F8EE-2191-55C3-8331-3A06C61CE951,PG,PG,9
6A84C96F-FAB3-9D56-4523-3A06C61CF73A,PG,NR,9
6A84C96F-FAB3-9D56-4523-3A06C61CF73A,PG,SB,9
9BB05A68-FFC6-A1F7-B525-3A06C7A107A7,PG,FM,2
3501B6B6-0F6A-350C-2B34-3A06C7A4F545,PG,PG,6
CAC63935-C36F-83B7-9689-3A06CB42E3A4,KR,FM,7
2D2B1A25-EE91-1A44-6038-3A06CB431FFD,NR,FM,8
80D47AEB-1CF8-D287-36C2-3A06CB433EC7,KI,FM,8
04487186-418A-D06E-43D9-3A06CB436E27,TW,FM,8
5F5ED312-E3FD-6E1D-D31A-3A06CB43B49F,TW,FM,9
D1E2C4B2-3FCC-CD79-4736-3A06D069A040,FM,FM,8
35AB9122-5B97-5AB5-0FF3-3A06D069C87E,NR,NR,8
2492C299-3879-9E8F-E99F-3A06D069E0B3,NR,FM,8
EDF991F0-9426-6A49-5D18-3A06D06A00FB,NR,FM,9
9142795F-A9D7-5B49-579A-3A06D06A2608,PG,FM,8
19C1C74F-F4DE-7DF6-E0FE-3A06D06A40A2,TW,NR,5
FEC2A671-34C9-AEDC-D545-3A06D58F2C71,US,,7
80AD956C-29D1-F5DB-D20E-3A06D58F7E3B,FM,FM,8
3027D7DB-7CA5-C3CA-2D77-3A06D58F9EC3,PG,PG,8
14B332F9-9CA4-0C05-456D-3A06D58FC4A2,KI,GL,8
6EED4060-A840-1F5F-B4FA-3A06D58FD848,KR,,8
12FB311B-50C3-F4B7-A3CC-3A06DAB5B439,KR,FM,8
B54F5CD5-86AB-E284-F738-3A06DAB5C7D6,KI,GL,8
94AE7387-061E-F130-60EF-3A06DAB5E8BF,KR,FM,8
699EF013-F790-E7DE-5DC3-3A06DAB6137A,TW,PG,9
C8E0957D-884E-1447-7ECE-3A06DAB61ED3,KI,GL,9
CB9F4F3A-1DE4-7851-62C9-3A06DB86ABC4,MH,MH,9
87024E29-30ED-0BD9-A58B-3A06DC311FB4,FM,I4,6
DC3924B6-13AF-22EB-8A37-3A06DFDBD290,PG,PG,8
7D03E0F2-6BB2-6C05-59D5-3A06DFDC033F,FM,FM,8
8D474460-8AFB-FB7A-BE88-3A06DFDC217D,FM,FM,9
96DC9C76-8C9C-9840-24D2-3A06DFDC481B,FM,FM,9
D75BD50C-3818-1E08-06D7-3A06DFDC6411,FM,FM,9
153026C1-C61B-ECBD-3965-3A06E0AA0790,PG,PG,1
FDF17B8D-3BF6-2B24-B649-3A06E0AA1458,PG,,3
FFF4765B-0E57-BDBF-AC65-3A06E0AA66BD,PG,PG,1
E9C91AB6-E851-4C51-A885-3A06E0AADCA7,PH,,4
04E64294-A55A-AE3B-3C6D-3A06E0AC576A,PG,,5
24FF5EE8-7849-A844-C22C-3A06E0AD6D8D,PH,,6
A302608D-F4BA-3550-CAC6-3A06E0AD868E,PG,,4
7E18BC3C-F343-0C14-490B-3A06E0AD9D65,PG,,5
700D1371-B83E-0EE1-4EBC-3A06E0ADB444,PH,,6
D8B68B71-BDB8-7AC3-341C-3A06E0AEFA0C,PG,,8
CAEAA1F5-B45B-C903-EAB1-3A06E0AF06F5,PG,,7
D450E1ED-8360-2EF4-7CF9-3A06E0AF6D4A,PH,,9
5CE76B3B-D62F-D8C6-10DF-3A06E0AF7A1E,PH,,9
634C5EE7-015C-9ABB-26AF-3A06E0B04A3C,PG,,9
353A59CE-1BE4-8840-E2C5-3A06E0B1463C,PG,,10
75654282-BB53-8622-5A62-3A06E0B209C1,PG,,11
C1A139C0-90E3-CD9E-70EB-3A06E0B365BE,PG,,11
548EB238-5B84-4838-00F8-3A06E0B46B77,PG,PG,11
9817DE56-EA6D-0052-4CFC-3A06E0B53154,PG,,12
51109853-7D77-045B-04D5-3A06E0B58ACF,PG,PG,12
A4F143DD-E00C-77FD-A86E-3A06E0B5A7A1,KI,PG,12
C315E627-3A0B-722C-C4F5-3A06E0B682B5,PG,PG,12
2123C3CE-AD49-279B-F77D-3A06E0B68DDA,PG,,12
8A0417E8-E8B4-A316-8073-3A06E0B6979D,PG,,12
BC2B422D-2B85-FCA3-AD09-3A06E0B6A0C4,PG,,1
79BD6F73-AC33-5323-A606-3A06E0B6BA2B,PH,,12
37B07D32-09CD-5FFD-91A2-3A06E0B6C4A0,PG,,12
9233CF95-613F-5259-59C7-3A06E0B700C6,PG,,2
6EBE56EF-5A4B-48B6-2F50-3A06E0B7316C,PH,,2
5163422D-47C2-534D-881E-3A06E0B74779,PG,PG,3
A2535055-4414-BCDE-CAD4-3A06E0B7619C,PH,,3
FEC6FC6B-F911-E6DF-27B1-3A06E0B79055,PG,,4
E5C8B44B-FE44-7DDA-D5AC-3A06E0B7EA88,PG,PG,5
B32FE3EA-6800-C0A2-4C18-3A06E0B89488,PH,,6
A6FBE709-DEFA-0033-8B28-3A06E0B8C30D,PH,,7
C8261840-09C1-8346-D0AA-3A06E0B8D65A,PG,,7
841B3AD1-F961-46FA-8A28-3A06E0B8DEDF,PH,,8
DABD5BEA-C0FC-D368-4CF2-3A06E0B94E26,PG,,9
AD7F8C53-4279-DE01-5278-3A06E0B96AAD,PH,,8
4AF8C7B8-AB63-211C-4BF5-3A06E0B972C9,PH,,10
DE9D81B9-F65E-AF2C-4966-3A06E0BAC424,PG,,11
EA329158-3F34-9E66-487A-3A06E0BACB86,PG,,11
10A62690-375A-77A3-6C45-3A06E0BADCB9,PG,,12
88ECCB41-8A2A-12AE-0DBD-3A06E0BAE825,PG,,12
1BE5B80A-18B2-386D-1750-3A06E0BB36D5,PG,,12
58EEE478-BE3E-B103-84CE-3A06E0BC0E1D,PG,PG,1
BC012FC8-BCB6-736A-34FA-3A06E0BC1F2E,PG,PG,2
7C689129-FE82-D8AA-2349-3A06E0BD54CA,PG,PG,2
0A54C95C-AA78-7785-8DF0-3A06E0BDA08A,PG,,3
F9FF4684-A07B-F025-93B5-3A06E0BE0B0B,PG,,3
10E29F75-3AFE-7ECD-6A3A-3A06E0BE78F6,PG,,3
A8C178AC-5058-BCAF-E2E4-3A06E0BE886D,PG,PG,3
D791A00E-DB16-FD08-B876-3A06E0BE9809,PG,,3
3019AA10-A326-2CF8-BF9F-3A06E0BED941,PG,PG,4
7F661BD0-5FC2-8F38-288D-3A06E0BF529F,PG,,3
8FA39D06-482E-069B-F34A-3A06E0BF61C4,PG,PG,4
5DB64C20-254C-282A-82E3-3A06E0BF746D,PH,PG,4
88890A6D-3E57-1FBC-4C89-3A06E0BFB5F3,PG,,4
27BD59AD-3F55-0ED2-5656-3A06E0C020F9,PG,,4
A4AC83C1-9F05-419B-9C42-3A06E0C0B21D,PH,,4
43B34894-7390-01D1-441A-3A06E0C0FD89,PG,,5
964B3338-F64F-2EFD-8B2F-3A06E0C10C2F,PG,FM,5
56ECE46A-64F5-4629-E681-3A06E0C1219F,PG,,5
E37FAD02-9B5A-5A43-4D0E-3A06E0C12C42,PG,FM,5
FD7893A4-0F86-B430-52A2-3A06E0C14F2D,PH,,4
7E53052D-7CA9-84AF-D6E1-3A06E0C187AD,PG,PG,5
DD7EC658-D849-BC96-CE78-3A06E0C1F00E,PH,FM,5
58EFAFFC-3A3E-08BB-1788-3A06E0C20285,PG,FM,5
55ACCFEB-4B64-C234-3231-3A06E0C24985,PG,,5
57BD464F-58D3-DBB7-7455-3A06E0C2A622,PG,PG,5
E617FFA0-038D-9205-1BF5-3A06E0C2C1B0,PG,PG,4
8D0B1805-F6DA-6F6C-657A-3A06E0C2E1EE,PG,FM,5
F673F835-0445-949D-CE6A-3A06E0C2EE63,PG,,6
C5F2F861-72E9-4315-7600-3A06E0C2F6BB,PG,,6
EF958F0A-C25E-52DF-8DCF-3A06E0C2FF76,PG,,6
B1E8751D-1916-619B-5CC8-3A06E0C3E7A0,PG,PG,7
3BE88DA6-74A8-706F-B6F6-3A06E0C3F7CF,PG,PG,6
6D522EC4-1909-141F-C243-3A06E0C40986,PG,PG,7
BBEFEA37-BE34-9FD7-1C29-3A06E0C423A4,PG,PG,7
1C01A6A1-D855-C36E-7CAC-3A06E0C4719F,PG,PG,7
DDDCADF0-7D01-7854-9DF9-3A06E0C5604B,PG,,7
587B663A-EC43-B206-1BFA-3A06E0C5D3BB,PG,PG,7
CD474C8E-6D05-F765-0E66-3A06E0C5F809,PG,,7
85D0AB90-84A2-1AAD-4240-3A06E0C60876,PG,PG,8
AC4DA82E-8CA6-0924-BF63-3A06E0C654FE,PG,PG,8
E9CA5B3C-C66C-535A-F65B-3A06E0C6E221,PG,,7
269A8BD3-58F8-4499-664D-3A06E0C6E9EF,PG,,7
6C146634-A3F1-8BAA-C111-3A06E0C6FEF9,PG,PG,8
2A346A05-1B91-97DE-61E1-3A06E0C70EB7,PG,,8
5F559E1D-D0FA-9849-7196-3A06E0C7228A,PG,PG,8
A8F973D0-6C1C-D3AB-185B-3A06E0C786F1,PG,FM,8
F57C92DA-42CD-96EE-66C8-3A06E0C798ED,PG,PG,8
8730B4F8-D713-3E23-DAAD-3A06E0C7B16D,PG,PG,8
6C4DF516-2420-CB17-296F-3A06E0C800FC,PG,PG,9
FDB2EA8C-4143-1DC2-3C4E-3A06E0C90F06,PG,PG,9
A3976171-9D89-6363-54B0-3A06E0C95FAD,PG,PG,9
53A4848B-542F-089D-7592-3A06E0CA82A4,PH,PG,10
3B011000-88BE-20FB-7D28-3A06E0CA9350,PG,PG,10
D9354065-A75C-ED42-F207-3A06E0CAA5A1,PG,PG,9
9AB53971-1D00-0168-FEDD-3A06E0CB19CA,PG,PG,10
FB15F870-4C77-48E5-5163-3A06E0CB4C7A,PG,PG,11
81C36DFE-AA8C-4582-D679-3A06E0CBBC41,PG,PG,11
D3E24097-0647-1B4C-E7E0-3A06E0CBDA01,PG,,11
B797837B-EAB7-A859-E021-3A06E0CBF47C,PG,PG,11
A970F412-2A2D-A79A-81E0-3A06E0CC2C92,PG,PG,11
3D712F7C-8B88-815A-D4FC-3A06E0CC441F,PG,PG,11
6CA25DB5-BAAD-3316-DD88-3A06E0CCB2A6,PH,PG,11
45FC03EC-1DE6-6D59-2371-3A06E0CCC60A,PG,,11
DAF1E8FC-A075-200F-5E07-3A06E0CD4BDA,PG,,11
46730CC9-FC14-5CE3-352C-3A06E0CD5F44,PG,PG,12
D7A080B5-73EC-30E5-6B36-3A06E0CE95D7,PG,PG,1
E9B3A3C8-7386-2C93-720D-3A06E0CEC561,PG,PG,1
6416B1EB-9DF6-A3F1-8D90-3A06E0D00E71,PG,PG,2
28E79280-4F19-D946-A23B-3A06E0D02CD8,PG,PG,2
48293624-DF00-CDF4-91D0-3A06E0D07812,PG,PG,3
C855934A-FB65-768B-9E90-3A06E0D291D2,PG,,2
E8DC1ECA-2708-7B9C-EDFD-3A06E0D35861,PG,,5
9E4A9F15-EC3A-0816-5EDD-3A06E0D36B00,PG,PG,6
0BDD6E49-5997-36F9-CA56-3A06E0D382B9,PG,,5
2F40D813-0AFF-E20A-6C7D-3A06E0D39517,PG,PG,5
2522CCA1-A925-086D-B52D-3A06E0D413CC,PG,PG,5
8B4ECCDF-03E9-2285-D01F-3A06E0D4FA68,PG,PG,6
8E7BEB96-3C24-8AEB-7532-3A06E0D5978C,PG,,7
EEF280EE-458E-07C7-FB29-3A06E0D5E984,PG,FM,7
C2E89880-D583-D019-8AA1-3A06E0D63867,PG,PG,7
A7FA821C-F0F6-03B6-AB58-3A06E0D6B916,PG,FM,8
A1755602-F998-A897-19F4-3A06E0D6CAB4,PG,PG,9
D59F1D84-69E3-8BB0-9B01-3A06E0D768C1,PG,PG,9
690935F6-90A0-7343-1ADD-3A06E0D79088,PG,,9
7C98671E-81D7-E7DF-E173-3A06E0D7AD4B,PG,PG,10
C091C0E6-2310-7C04-BAFA-3A06E0D7BF4D,PG,PG,10
551C9C91-CDA3-710F-B33E-3A06E0D7CD40,PG,,10
E874DD62-3E83-B940-6DED-3A06E0D7DB54,PG,PG,10
15BEC514-0110-B9E5-65F0-3A06E0D7EECC,PG,PG,10
289D62EC-4082-DCA9-8E8B-3A06E0D805CB,PG,PG,11
019F2D82-60C8-848B-5DCA-3A06E0D8150E,PG,PG,11
0E2183EF-48D8-B40D-AE37-3A06E0D820F9,PG,,10
12E815ED-A0F0-83E5-ABCA-3A06E0D83295,PG,PG,12
3CEE0BE4-B499-D275-CA8F-3A06E0D868C1,PG,PG,11
CD800DF3-0C0D-463D-0FC5-3A06E0D87A06,PG,PG,12
C144E453-85A5-F546-6177-3A06E0D89E23,PH,PG,11
FF29D138-2DC6-B1AB-2901-3A06E0D93A74,PG,PG,1
4E5D39EC-6C11-B8EC-6118-3A06E0D94BFA,PH,,1
0FCDD380-6AED-ECBD-6FE8-3A06E0D95A83,PG,PG,1
957AB5D8-53B7-7E2A-4AA8-3A06E0D96B78,PG,,11
B476F6ED-DF6D-3E5A-FDA6-3A06E0D9951E,PG,PG,9
5CA60D62-4099-212B-4A3C-3A06E0D9F68F,PG,PG,1
E0F227AD-848B-D672-14CF-3A06E0DA2FE9,PG,,1
29F9A8B3-89C1-6561-EE89-3A06E0DAA9EE,PG,PG,11
3757702F-37C2-9B1D-41AC-3A06E0DAEA9B,PG,PG,1
90EF174A-F91F-6ACB-EB84-3A06E0DC12B9,PG,PG,4
D474B5A3-6C4B-3DD2-ED1B-3A06E0DC3093,PG,PG,3
F3D363FD-1D29-F0E2-0CF9-3A06E0DC581D,PG,PG,3
62797BBB-A6B8-C2ED-D80D-3A06E0DC6BF3,PG,,3
209AFC17-560D-52C0-97BF-3A06E0DCC8F3,PG,PG,3
0121E48C-7CFC-DD3D-D019-3A06E0DD2350,PG,PG,3
C1EDFC8D-346E-F66B-9EB9-3A06E0DD72FB,PG,PG,4
4B9CE766-5C13-3C7F-9104-3A06E0DD8B60,PG,PG,4
38C8F79E-4A56-CED6-0A91-3A06E0DDA0E1,PG,PG,4
78AAC7FF-0E59-4F56-06CE-3A06E0DE052C,PG,PG,5
4AC2EAAC-6247-C36D-4FF3-3A06E0DE14F5,PG,NR,5
D36BA463-C84E-036E-40D1-3A06E0DE831C,PG,PG,5
6787E02E-8CC5-6436-155F-3A06E0DE9BFE,PG,,6
2CA5ABDF-524E-A0C2-1838-3A06E0DEAECE,PG,,5
662BE6E6-42C1-31BB-0557-3A06E0DEBA23,PG,,5
D505718E-8766-67F8-B56D-3A06E0DECA12,PG,PG,6
99507D0C-5055-7A94-A60A-3A06E0DF191C,PG,PG,7
B3B08280-9F88-FED4-F1EA-3A06E0DF2C3D,PG,PG,7
0A5D3D39-3347-7970-B464-3A06E0DF3D97,PG,PG,7
809C9563-6EC1-434C-C879-3A06E0DF4EFB,PG,PG,7
C236468F-BE31-1D84-4357-3A06E0DF6A24,PG,PG,8
55C38287-1304-867B-8916-3A06E0DF7D8D,PG,PG,8
ED894E5B-8E4A-F3B5-14B0-3A06E0DFEB95,PG,,8
74E8E35F-6B04-DE78-6E79-3A06E0E0041C,PG,PG,9
381FA451-C5DC-583C-864F-3A06E0E047F2,PG,PG,9
C6386A5C-B33A-741D-4177-3A06E0E0545D,PG,,9
CBC76AC3-BAB0-DD6D-1214-3A06E0E079BD,PG,PG,9
7AFA6886-470A-2AED-D83A-3A06E0E08AA9,PG,PG,9
0831697F-3609-4D1E-F475-3A06E0E0B4B5,PH,,9
72AEBBC0-03B9-B407-6E22-3A06E0E0BE2A,PH,,10
5A54B4D9-F407-17A2-97A6-3A06E0E0D03E,PG,PG,10
94FD7B7B-82E6-FD5C-5B9F-3A06E0E0E5EC,PG,PG,10
7F893F7D-2354-2A91-2FF0-3A06E0E0F572,PG,PG,10
89936FDA-4C93-2A64-D4E0-3A06E0E13B32,PG,PG,10
FED6D759-70B4-7A4E-7B81-3A06E0E1B9E3,PG,PG,11
4E7D2638-A910-2780-AE54-3A06E0E1EFD4,PG,PG,10
1CF3BB0E-9288-4162-B9A5-3A06E0E2024F,PG,PG,11
F16671A0-33BF-7247-99E7-3A06E0E214BC,PG,PG,11
CC1886C2-B3E2-2A82-3FDF-3A06E0E273A5,PG,PG,12
54416ADD-9BEC-2ED3-6C29-3A06E0E29010,PG,PG,12
A35DE3B8-CB25-5D96-1A77-3A06E0E2AA8C,PG,PG,11
89F8AE37-3104-ECE1-F2EF-3A06E0E8A85F,TW,PG,7
7586FBCC-F8A1-B450-9392-3A06E0EE6490,PG,FM,7
D9B8E45B-589F-F104-AD5B-3A06E504BDF5,NR,NR,8
7D57BC0D-56B7-32E7-A9BA-3A06E504E8A4,KI,GL,8
F35E9F96-5C18-BCB9-D05E-3A06E5052C7E,PG,FM,9
7F16929E-2B06-C569-4E70-3A06E5D0903F,TW,PG,7
B1C4DA9B-367B-19D2-5F2E-3A06EA291E40,FM,FM,9
BADF3AC3-92F3-BBCD-EE3C-3A06EA2944A8,KI,GL,9
4E155A54-220B-A57B-06C8-3A06EA295829,KI,NR,9
4E155A54-220B-A57B-06C8-3A06EA295829,KI,GL,9
F23B6FBA-3CC6-58EA-E60B-3A06EA2985B1,FM,FM,8
D8706C3F-298A-82CF-3C6E-3A06EF4FA959,PG,PG,9
1C423353-AA33-FB98-3B19-3A06F476D69E,PG,,9
A7683A07-D468-CB93-9E78-3A06F4D40C08,KI,NR,9
094718A3-387E-C0DC-9D48-3A06F5301454,PG,FM,9
A20EA5A4-016B-5490-4C25-3A06F5EB3D78,MH,TV,1
8D07DA4D-681B-DDFD-38F5-3A06F5F49F46,MH,TV,2
161686AC-012E-BBE0-9499-3A06F99C59FB,TV,PG,9
6E566AB4-CD33-B5B1-2A35-3A06FEC2A87B,FM,I4,9
57523845-60A0-29B3-4A8F-3A06FF231C3A,TW,FM,8
7B72CC7C-E10F-50B5-C63F-3A06FF3BBDAB,PG,FM,9
95E576FD-6F19-EB98-0B1B-3A06FF554542,TV,FM,9
FD7E4B55-4A65-51AF-78B2-3A0703E93AF2,MH,,8
A0B47D3B-0FFE-42D5-B4FC-3A0703E96F64,PG,PG,9
C80A3D3D-B13E-8E5C-72EE-3A07043959AD,MH,GL,10
960622A8-30EF-254D-3C4A-3A07090EC1CB,US,IW,7
5CDEDD5F-8561-ABD9-1395-3A07090F7237,KI,GL,9
F4A59D56-3B8F-3388-579C-3A07090F8DC7,KI,GL,9
22811CC5-553D-70BB-DCD7-3A07090FB5C6,TW,PG,9
ACD66DA0-350F-A8AC-ABFB-3A07090FCF48,TV,FM,7
65DEE519-C35F-BE01-720A-3A07090FE9BF,PG,PG,8
750817B3-588C-85EE-4C79-3A070E355CB5,PG,PG,10
117FD7D6-8C7B-99D5-6FC2-3A070E356D65,KR,FM,8
0BC1E39E-EF32-E22E-E38C-3A07135C2407,FM,TV,8
1E4D1491-462C-19E1-2F8F-3A07135CC07F,KR,FM,9
FE8DEAF3-7A9E-0BEF-E7D2-3A0718825FEE,KR,FM,9
BF2A3E71-99BF-07A4-2EBE-3A0718828CD4,TV,FM,8
3B1FAF8C-81CC-A003-42F1-3A0719E9BE03,EC,IW,8
AF9E3897-3763-1350-5724-3A071DA88BE2,PG,FM,9
E040481D-D061-521C-BD24-3A071DA8A99A,FM,FM,9
05D141FE-4140-5A17-11D3-3A071DA8FCE0,KR,PG,10
B9DD9073-7089-B074-9ABA-3A071E18361C,KR,FM,8
846A4619-BEE3-A3FB-E04E-3A071E9AFC8B,NR,PG,9
1B304953-8E33-5822-04F0-3A071EBC5ABA,NR,NR,9
6D38A260-2319-FEAD-FF53-3A0722CE44EF,TV,MH,8
F8AFFA9C-7F6C-C919-B800-3A0722CF00BE,SB,FM,8
508DB2F8-AC93-D6F4-B8BF-3A072355656A,TV,I4,4
7126B9CA-E1E2-5D97-438A-3A0724957E23,PG,FM,9
FE67519D-EB75-4935-7907-3A0727F5C922,TW,FM,9
5A826975-287F-E8D1-854F-3A0727F5F428,NR,FM,9
370D34B8-8B39-4F4B-8039-3A0727F61115,FM,FM,9
967B6F14-1A95-0FE6-FB73-3A072881079D,FM,FM,10
735EE6CE-E1F3-2BC5-EE1E-3A072D1C1B0C,TV,FM,9
5985518A-C7AB-4F75-4C8C-3A072D1C5181,PG,PG,9
567E2B4D-4ABC-8228-4BAE-3A072E4FF8AF,MH,I4,9
65703CD7-4678-A821-DCF5-3A072E574169,TW,PG,9
2C9BC9FA-C269-078E-CF99-3A073241FDC9,FM,FM,8
D0D6622A-6BE9-791C-6204-3A073242579C,FM,FM,9
38C9A5FB-EC8E-E421-F94D-3A07324272A0,KI,GL,9
35652FB2-C54C-6206-F33D-3A073768EC97,NR,NR,9
0ED874AE-5614-8871-B7A9-3A0737691593,NR,NR,9
790F06C7-84C8-9EA0-4484-3A073C8EC576,PG,PG,8
9CD1BADA-8B85-F6AB-0A57-3A073C8F39E4,KR,FM,9
EA434FBD-E844-44E9-26FD-3A073C8F58E2,TW,PG,9
EF4BCC36-B506-905C-C994-3A073C8F6A48,TW,I4,9
6C4B0DBE-5258-53DD-930D-3A073D2E4192,SV,H5,9
C7AA768B-E824-AD87-C355-3A073DE06BFF,MH,I4,9
FC490B2D-E02B-1A6B-C2AD-3A0741B5872D,KI,GL,9
44C0C4A0-3985-4C6D-61A0-3A0741B59F92,FM,FM,9
3A4C0340-D208-9814-7B72-3A0741B5C416,PG,PG,9
154F1190-68B3-D7C6-320B-3A0741B5E49D,PG,PG,9
2C1B0E77-3657-7652-3C3B-3A074220A35C,TV,I4,5
A81ABC0A-9D98-13B1-4AD2-3A07427719FC,TV,I4,12
80E14A0E-846E-0800-C8A7-3A0742CA6F60,MH,MH,10
275BB7EF-96E6-2CD7-2F10-3A0742EC80D8,PG,FM,9
4B83524F-3076-2B8D-DAFB-3A0746DBB341,NR,PG,9
37BD9C9C-AE83-35C3-6EE3-3A0746DBD8ED,NR,PG,10
74A3626C-6813-135D-66A0-3A07477A7848,PG,FM,9
34EBC588-6550-D70F-C3D6-3A0747A1F84E,US,PG,9
BD8F1008-B2D0-BBAE-0C39-3A0747C4EEF5,JP,FM,8
28F297B8-78C1-7125-F6E4-3A0747D2FB97,JP,FM,8
7C887F4C-428D-4A19-2B54-3A0747F46465,JP,FM,7
291B86BF-6324-C1C4-6E94-3A0748711EBE,JP,FM,7
21BCC66F-2E1B-778D-4502-3A0748811D46,JP,FM,7
2A55EAB7-61D4-9FBB-EF90-3A0748AF8CC0,PG,FM,7
2AA9213A-0BD1-45D1-8096-3A0748C9A778,JP,FM,8
290CE979-DF31-B548-3FAA-3A074C0199C7,US,LN,6
73F8A670-505F-B18B-EE27-3A074C028650,KI,GL,10
FD04C080-6AD5-D6F6-2335-3A074C02980B,NR,PG,10
F0C87D88-920C-C3A2-B6C5-3A074C02D7C5,MH,PG,7
E5C7A014-B1ED-39B5-7923-3A074C3D20D3,JP,FM,7
F8B7E9D0-E10B-B970-0EF7-3A074C5398D6,JP,FM,7
06994E6B-37D4-2B19-2F53-3A074C73B748,JP,FM,7
7DD6D79C-B416-C58D-4FEB-3A074C8470BC,JP,FM,8
73CB2AC7-0BA7-C457-515D-3A074D02808F,JP,FM,8
7D03DAE4-64A9-1AB5-069D-3A0751281C49,ES,I5,9
7D03DAE4-64A9-1AB5-069D-3A0751281C49,ES,I4,9
51B622AD-2A27-A9AB-3B2B-3A07521CCDB8,PG,PG,10
79EE2153-AAD9-53F4-90EC-3A0752AB6330,TW,NR,10
FDCC237E-C762-046C-B7DD-3A0752D1B759,FM,FM,10
9A0D4D37-DFBC-E48A-28AC-3A075307495B,KI,PG,9
A2858F3A-4ADD-2EBA-4FEF-3A07564E3FB2,PG,PG,9
DE384B86-B6C8-14B2-EBA6-3A07564E6486,KI,GL,9
EEB98FDA-8B5F-C762-36A6-3A07564EA343,FM,PG,9
2B260A11-A678-3242-5C30-3A07564EC541,KR,FM,9
3FC0FF72-8F32-0295-C2FB-3A07564F1146,KI,I4,9
794035D2-AD65-06AD-D5FA-3A07564F2E69,PG,PG,10
A6D62193-8B68-7CD4-DADF-3A07564F4317,NR,NR,10
6BF4C37A-8532-D0FB-0B84-3A075B755DCA,PG,PG,9
DAC7D121-221F-E858-1A65-3A075B759C53,PG,PG,9
C9C2D58E-50C7-BA71-AEAB-3A075B75E181,PG,PG,9
B79A0D49-53EF-063E-9A34-3A075B761B36,VU,PG,9
9352D669-C575-914A-385A-3A07609B7F82,US,I5,9
9352D669-C575-914A-385A-3A07609B7F82,US,PX,9
B817103E-218E-09C8-0965-3A07609BA916,NR,PG,10
98B0E5B2-CA32-04D2-6DF5-3A07610E6597,MH,NR,10
624C99F8-BB27-8F0D-976D-3A07615619E4,KI,NR,10
72A0E7F3-066E-6FC3-A573-3A0761685B7E,MH,I4,9
0E5EF65C-EA42-AAF9-2612-3A0765C1E7C0,FM,FM,9
3FCEEB53-2BE1-B5EC-99C2-3A0765C241E4,PG,PG,10
133D4484-170C-650D-F9DB-3A07672C9E7C,FM,TV,9
7E0D8742-AE48-7CEA-9F59-3A07675A08FD,TV,PG,10
498D99D7-E769-7707-D4A0-3A076AE7FC4D,FM,FM,10
8A0B8F5F-0880-DFBB-648C-3A076AE848D6,MH,PG,10
C27E5781-3A4C-612B-07E6-3A076C5F6639,PG,PG,9
998EBA1E-013C-CB27-99A9-3A07700E557E,TW,PG,9
858C0EBF-2974-240F-BB40-3A077534B588,TW,GL,9
3EB50F8F-28FD-2068-9450-3A077534D11C,KI,I4,10
A03ECBE7-8421-E777-69AF-3A07753502D9,PG,PG,10
CF0EA161-E724-48E9-FAB5-3A07762798AF,PG,FM,9
CF0EA161-E724-48E9-FAB5-3A07762798AF,PG,PG,9
D216B362-E289-3A4F-103F-3A077A5B2071,FM,I4,9
9BA6593D-E670-FC9F-65B9-3A077A5B3972,PG,FM,9
8B6CF4BA-F8ED-D2B9-4577-3A077F811A4B,JP,GL,8
A7888ACF-9F72-D98B-8B66-3A077F820AB9,TV,FM,10
AE3140C5-C613-BE20-C6E3-3A077F824DB7,KI,GL,10
D75DB35D-1385-0667-71E5-3A0784A762FB,PG,PG,9
865E82AA-8ABA-8B69-3B7F-3A0784A7C97F,KI,I4,9
D4B8E35C-E932-91A0-7616-3A0784A7F3A5,PG,PG,10
674FA20A-C818-74DE-75A9-3A0785484455,TW,NR,10
A1769B10-2AF9-03F5-93D8-3A07855B1713,TW,GL,10
B68EC9AA-4998-EF2F-0CA1-3A0785E6BD3D,TW,NR,10
9626B76C-0739-6EDF-C15F-3A0789CE50F7,KI,GL,9
12DFDDB1-21C1-C3B8-2342-3A0789CE69E0,FM,FM,10
A8E966D3-D22F-46C8-50C6-3A0789CEB6B1,PG,PG,10
588138CD-D142-886D-7EC9-3A078A6FA15C,PG,PG,10
8CC5E8A9-4C69-542F-9CAD-3A078EF4BCDD,FM,PG,9
1F8866FB-9404-0211-0419-3A078EF4E877,KI,PG,10
78F0C7EB-4A28-6CC0-DFF5-3A078EF4FE71,KR,PG,9
96C2708C-8F4C-4F8F-4005-3A078EF52A28,PG,PG,10
2F265EC6-7C53-FDC5-6FC8-3A078EF548F3,PG,PG,10
56E0F8D3-2BF4-A795-6E34-3A078EF562C4,MH,MH,9
D772E56B-A92E-352D-2D9E-3A078FAF69DB,PG,PG,10
E127E4A5-0512-E88C-5683-3A0790F7663F,MH,MH,10
6B6231CB-355F-4CB7-B71D-3A0794D2DE14,NR,PG,9
FAAF3494-E2BA-0C84-869E-3A0794E3E012,KI,GL,9
FAAF3494-E2BA-0C84-869E-3A0794E3E012,KI,NR,9
FC81BE9C-4421-C29F-8FCF-3A079502914E,KI,GL,9
FD06B803-1F7C-02F2-C699-3A079582ABD1,PG,PG,9
7EC6032F-0CF9-2AA0-3BEA-3A07994107F1,NR,,8
4EC9B36A-AD30-0E68-51AA-3A079941ADD6,KI,I4,10
C76A1DFC-95A9-6E0C-B51A-3A079941C22B,PG,FM,9
528C5A3C-B61A-29E7-8C83-3A079941EB88,FM,FM,10
FAD92DA9-E512-E76E-2CD1-3A079941FD78,PG,PG,10
DAFE8013-85D9-6008-3E73-3A07994238EA,PG,PG,10
0C0A6177-5A65-67EC-28DF-3A079E68184F,US,I4,10
C2064318-5919-7AC1-F44C-3A079E682A77,KI,PG,10
71A483A3-32C7-8D14-2119-3A079E685D1C,FM,FM,10
E9BDC62C-A1D9-E983-064D-3A079E686CF8,KI,GL,10
DE99212E-ACED-5B1C-AE7E-3A079E689A68,MH,MH,8
2BBF0865-5EB5-AF1F-26CD-3A07A38EF9D7,FM,FM,10
E30C5E05-3263-C39C-E8CC-3A07A38F218C,FM,FM,10
E31C358E-B5C0-F666-642C-3A07A38F4C7A,TV,PG,10
95744839-1ED2-5A67-2535-3A07A38F7E57,PG,PG,10
BFFFBCC0-CEAB-55D9-299B-3A07A8B43C6E,PG,FM,10
0594B57E-CF95-F7AD-9515-3A07A8B4551A,PG,PG,10
FB0783C9-FB02-F766-F000-3A07A8B46D1C,PG,PG,10
15E1B258-9C16-0F11-7075-3A07A96218F7,PG,PG,8
18F0E0F0-410E-BC3E-2A58-3A07A98F5244,TV,PG,10
37C08E17-3E06-84C3-3E38-3A07A9DD7BC8,KR,FM,7
FE0E8959-B512-15CC-94D1-3A07AA1A529B,MH,FM,10
DAE51748-A88C-6AF7-B95B-3A07ADDB5014,FM,FM,10
33EDBAED-49F3-8112-9377-3A07B3016946,FM,FM,9
D9A48199-8E87-D747-157B-3A07B301A562,US,IW,10
69707AB9-FD64-561C-BA07-3A07B827AC93,FM,FM,10
EFFF5F14-211F-54B8-48EA-3A07B82802C0,FM,PG,10
EFFF5F14-211F-54B8-48EA-3A07B82802C0,FM,FM,10
4443668A-9B12-675F-EB2D-3A07B8281D08,KR,FM,10
9A2AADA8-9E6F-6487-F320-3A07B86682A8,TV,NR,10
548BF7BB-6349-57ED-30DA-3A07BD4DF36B,VU,TV,9
B451E5F9-0F29-D19F-E725-3A07BD4E169C,TW,PG,10
DA679BCA-0AE4-831F-2D10-3A07C274FB00,TV,PG,9
7C3A8679-6349-3855-CBD1-3A07C27525C7,FM,PG,10
6E382B58-3464-0294-26A6-3A07C27570A1,KI,GL,9
D5D61243-C70B-3E7F-5856-3A07C79AE8AD,FM,PG,6
97626D0C-B309-63D8-5D0F-3A07C79C18D9,KR,NR,10
97626D0C-B309-63D8-5D0F-3A07C79C18D9,KR,FM,10
56019DD0-40C6-58D0-E33F-3A07C79C85BE,KI,,10
A6F76A03-F910-9586-7F73-3A07CCC27404,PG,PG,10
FC42E54A-6364-40C8-92E9-3A07CCC2B72E,TW,,10
BBC81D9A-903F-72D4-C56C-3A07CCC2FCBB,KR,FM,11
E98018A8-CC0A-869A-AF68-3A07CCF7FA96,ES,I4,10
01C4F1D4-67C2-7DD3-F5CB-3A07CD272FB5,NR,FM,10
1311D0C5-9462-F6A1-DEDA-3A07CD4AC1AA,MH,FM,11
C461E115-7F1D-8F41-5826-3A07D1E72796,SB,SB,10
79FFE865-1623-D6A5-7ACA-3A07D1E73F88,KR,FM,10
127E5A53-91A0-AA18-21F0-3A07D1E763C4,FM,PG,10
0B59F218-4387-4909-CCFB-3A07D1E791FD,KI,GL,10
8AD510C1-231B-8FDB-6273-3A07D1E7DB42,KR,FM,9
1A962795-2043-6CA8-0180-3A07D282B588,PG,PG,10
1CB0AEDE-3A2B-D669-AA14-3A07D70E15BF,FM,H4,10
1CB0AEDE-3A2B-D669-AA14-3A07D70E15BF,FM,GL,10
FC4F6785-61D5-A275-AA2B-3A07D7845AEF,TV,FM,10
04496CE5-23CD-8868-E991-3A07D7B78051,JP,FM,7
16F3B929-CABE-97A0-ABDE-3A07D7D154E2,JP,FM,8
A01EAA06-815E-33B3-57F6-3A07D7E25674,PG,FM,8
FC7B55B3-A5B8-C027-5344-3A07D8074261,JP,FM,9
17E6C30B-3CC2-4545-B2FA-3A07D818A762,JP,FM,9
342272F3-0CF0-417E-67C6-3A07D82AA4D4,JP,FM,9
DE4E5525-C87B-4106-6808-3A07D8AE3B94,JP,FM,9
3E25872A-03B5-6D91-28B5-3A07D8C1CA75,JP,FM,8
64B0F6FB-1048-9B54-BE4D-3A07D8D0A531,PG,FM,9
D293DC84-18E0-2774-D8A1-3A07D8D9DAA1,JP,FM,9
E1B5AB93-37ED-9CC4-ACC9-3A07D905B8B0,JP,FM,8
9AEDC920-C51C-DEB4-9F93-3A07DC347BC3,PG,PG,10
EA4A3C84-8734-6297-C767-3A07DC34CDEA,PG,,11
85577AD1-D03B-2E45-EDEA-3A07DC6FD4A3,JP,FM,9
4A948A40-3DDC-8815-9B74-3A07DC7E8638,JP,FM,9
DBE139E4-5BE7-7958-455C-3A07DC8C8925,JP,FM,9
0F985FFA-3FFD-3EEC-C042-3A07DC977CC9,JP,FM,9
EB4580FA-639A-CCC1-D25E-3A07DCC4B5C7,JP,FM,9
6B170A72-9F2A-DE2C-99F3-3A07DCD3CC62,JP,FM,8
820597DE-2C6B-C372-EC1A-3A07DD57B4BD,JP,FM,8
0DD0697D-EF2A-88FA-FED8-3A07E15A2D09,KI,I4,11
D7AED0B4-77B8-AA96-3DE5-3A07E15A552A,NR,H5,10
7A7F6477-7EEC-D739-D6F9-3A07E15AB92B,MH,PX,10
EB9696D3-DF92-30A2-B86D-3A07E6804BA8,NR,PG,10
2531ED8C-A21D-18FA-0EDA-3A07E680AE05,FM,PG,10
F3B232DF-41DE-DFE3-F03F-3A07E680D7C3,FM,FM,10
10959DAE-5854-5A6D-07C9-3A07E680F1F2,TW,GL,10
AF1995F0-D57E-F961-A5C4-3A07E6811C74,TV,PG,9
C63A98A2-B94A-A8D3-239A-3A07EBA793E4,PG,FM,11
96AFB67C-3F53-526A-7B77-3A07F0CCF1CB,US,IW,9
0E70D6A3-40C8-649F-55C7-3A07F0CD206E,KI,MH,10
E0C7E988-1D15-1700-D9CF-3A07F0CD41A3,PG,PG,10
355D8DF9-8C4A-E93A-70DC-3A07F17FD34B,PG,FM,11
B219094D-4037-9257-7A87-3A07F5F33A06,KI,,8
A59AAB51-0346-EF32-0685-3A07F5F364F0,US,I5,10
A59AAB51-0346-EF32-0685-3A07F5F364F0,US,IW,10
A59AAB51-0346-EF32-0685-3A07F5F364F0,US,HB,10
8A94EE33-FBDC-389D-753C-3A07F5F388A7,PG,PG,10
ACD59CCB-01E7-51B7-82F5-3A07F5F3BCD3,NR,NR,10
CB4A3F15-ED6D-ABE7-5628-3A07F5F3FB7D,NR,PG,10
AE58332B-A6B7-5908-7F0B-3A07F5F4145B,PG,PG,10
62839B82-95F4-BEB9-A1AA-3A07F5F4242C,KI,I4,10
25C6B79D-782C-03AA-0777-3A07F679BF2C,TV,FM,11
B92453F8-3C71-20F9-3EAA-3A07FB1A0FFC,KR,PG,10
8E82FD9C-3DA5-E8AB-C681-3A07FB1A3501,NR,NR,10
B5AF995A-955C-E349-D1FB-3A07FB1A4B96,KI,TV,10
B5AF995A-955C-E349-D1FB-3A07FB1A4B96,KI,GL,10
2F3BF20D-D944-A673-A4C1-3A07FBD9E6CA,KI,GL,1
1D6A6C39-A240-22FD-AE85-3A07FD0CBAC2,TW,NR,10
1D6A6C39-A240-22FD-AE85-3A07FD0CBAC2,TW,FM,10
366F7E69-16B9-757C-538D-3A08003FC5DE,KI,GL,10
0517A48F-DF5E-523E-F2EC-3A08003FDD9E,PG,PG,10
8E7E59D5-552B-3BAB-C0E0-3A0800400FE8,PG,PG,11
80C5204D-64E8-B237-569A-3A0800403D10,PG,PG,10
85A88A8E-6A4B-D12E-6F60-3A0801380406,KI,GL,10
EE5B3F73-BD58-F2D6-7163-3A0801F0ADD3,KI,GL,8
4B48738D-9F59-C136-F88C-3A08020D6073,KI,NR,7
D0C84011-398B-CD8A-CC4B-3A0805664721,TW,PG,10
E91FA740-C7D2-7BC8-6055-3A0805666DB8,PG,PG,10
4FF83B31-ECC1-6142-0EE3-3A0805668426,MH,GL,11
5A6B6FB7-290E-70A5-BE8F-3A0805B59B6E,MH,MH,11
2E628877-50C6-0013-5A22-3A080A8CCF42,KI,I4,11
25135021-75BC-70F8-91B9-3A080A8CE79C,PG,FM,11
126D78AF-5619-3E93-9C4C-3A080A8D3D39,TW,NR,10
E50B4931-A77D-70E1-CAC9-3A080FB39A4F,PG,FM,10
10B393B2-905F-945D-A35A-3A080FB3D6AD,FM,PG,10
4A302E38-F24B-89EF-1EC3-3A080FB438BD,US,PX,11
4A302E38-F24B-89EF-1EC3-3A080FB438BD,US,HB,11
7D4EFE31-F751-4C3D-32AD-3A080FB46DA4,PG,PG,11
7619F39E-3030-CFC9-543E-3A080FB4B316,KI,GL,11
DD1C9E9B-6BC8-B530-1256-3A0814D9BCC3,KI,GL,9
DD1C9E9B-6BC8-B530-1256-3A0814D9BCC3,KI,H4,9
EBD856A4-55E8-A256-26FA-3A0814DA3FD3,PG,PG,10
81FA5497-59E1-DA1C-2F3F-3A0814DA7A3D,PG,PG,10
F00E929F-EB89-008E-7927-3A0814DAD364,PG,FM,10
F45008C7-B4F3-849D-D9C2-3A0814DB06FA,MH,FM,10
39015BAB-71FB-50FC-C6A6-3A0814DB4A19,PG,PG,11
5B1872FA-8F87-F979-96BE-3A081A00158E,PG,PG,11
A963C213-910F-5B03-84F0-3A081AC9DA16,SV,IW,9
6E7388AF-29E9-6260-EA16-3A081F2681D4,KI,GL,11
4E201241-83CF-149C-AA83-3A081F26A7D9,KI,FM,8
F073F046-5992-66C1-1B64-3A08244D525E,PG,FM,11
21A6224D-4570-567B-23BF-3A08244D7BB9,KR,FM,10
3D8E2CC1-A6DE-F122-6464-3A0829733BB1,KI,FM,11
BB103400-EE4C-AC81-B03A-3A082973550C,FM,FM,11
9861EFC6-BCE4-A1BA-BF3F-3A0829738580,PG,PG,11
97D4E7C5-5502-F7E3-57CB-3A082973B829,PG,PG,11
E1817214-4F66-2AB0-80E9-3A082973E712,VU,PG,10
4F7FF893-9C0A-C6B0-1AE4-3A082E99220D,KI,NR,10
BA76B487-8C34-254E-3433-3A082E997FA5,PG,PG,10
BA76B487-8C34-254E-3433-3A082E997FA5,PG,SB,10
84C10D2A-326F-0769-9AC3-3A082E999C34,KI,I4,11
84C10D2A-326F-0769-9AC3-3A082E999C34,KI,GL,11
83B9D01C-60FF-1897-3DE6-3A082E99BA6A,TW,PG,11
60F146CB-3568-7DD1-C202-3A082E99E0F1,FM,FM,11
24AFEDFB-C586-FDF2-6CBB-3A082E9A1CBD,PG,PG,11
4154483E-7597-FAF4-B044-3A0833BFBEEA,PG,PG,5
B0E18D35-A3E8-4B98-DDAB-3A0833C0CE82,NR,FM,10
8045C1ED-2D2D-12A2-E29D-3A0833C12911,PG,PG,11
FDC44192-6E0B-5DD2-8B10-3A0833C1514B,MH,GL,10
ABC12AD0-A141-475D-9E71-3A0833C1A3D8,FM,GL,10
6E046F7E-1F95-011C-A452-3A0839CCE26B,KI,PG,6
AC6376F0-4945-D175-5918-3A083E0C9CA2,FM,FM,11
506A8C6A-50BC-9763-7863-3A083E0CBF65,PG,PG,11
BB6E9447-C7BF-398C-A613-3A083E0CD23C,FM,FM,11
5B9BB5AB-0755-A546-8256-3A083F02AFED,EC,IW,10
90B51492-14B8-770E-A77C-3A083F0CBE71,KR,PG,10
D64B6A02-12EB-B990-28D3-3A083F154DD4,KR,PG,10
A008B643-6105-CC1D-8846-3A0848597DAD,KI,GL,11
A008B643-6105-CC1D-8846-3A0848597DAD,KI,NR,11
3225D145-84B6-B913-754C-3A0848599A3F,FM,FM,11
78B2056B-047F-B57E-9062-3A084859C0C1,FM,PG,11
9C5A23E1-D408-7973-8397-3A084859F6B4,KR,PG,11
78316996-E2BB-3239-6B52-3A084952582C,EC,LN,10
06739F5F-1301-8C61-59AB-3A08495E469E,SV,LN,11
8F58BC61-1826-A3A4-7A34-3A084D7F1862,FM,GL,9
F35FFF87-A9CE-F33F-1E37-3A084D7F42EF,PG,PG,11
2D2A998D-0FC0-7431-7338-3A084D7F728C,KR,FM,10
A624B212-0414-6234-65EC-3A084D7FCADC,NR,FM,10
73D02CC0-EE27-B0E2-56FD-3A084D800BE9,KR,PG,11
1B9A9082-79DB-90F5-B844-3A084D8020BE,US,PG,11
E8831A8F-D3C3-471C-DDF7-3A084D8036E0,KI,I4,11
00DD11DA-E95F-4C2C-4595-3A084D8040EF,KR,FM,11
7CE866DC-01C5-D7DB-15A2-3A0852A5E8EF,NR,PG,10
B1FC4BBC-2544-EDEB-3CD4-3A0852A60EE2,FM,FM,10
7A68E75F-041F-6928-F139-3A0852A62372,JP,PX,10
7A68E75F-041F-6928-F139-3A0852A62372,JP,GL,10
152FA239-E55D-EB45-3BFC-3A0852A65120,FM,FM,11
312BFDAB-C73A-65E2-D8E3-3A0852A679D1,FM,FM,11
F5FD01B0-2B77-25B4-A3CC-3A0857CCF407,KI,PG,11
0B656269-AEF2-5664-70BE-3A0857CD7D15,MH,MH,11
728F5CBF-AE09-C21F-5EB9-3A0857CDA20D,FM,FM,11
12986CF2-3EA7-B385-979D-3A0857CDCB62,KR,PG,11
B713A8FF-0B61-07B0-DB7C-3A085CF34A62,PG,PG,11
31ABFDA6-0E7A-7EDE-3C72-3A0862193C77,MH,FM,11
798888AC-D04B-D7B6-4B42-3A0862196625,PG,PG,11
D9EEF2C7-917B-B14E-EF72-3A086219A1BC,PG,PG,11
461BEF86-35F0-53E3-CF09-3A086219C70C,FM,FM,11
14DF96EC-71A7-A2CE-3D1B-3A086219F498,KI,H4,10
CEA813D8-573B-614F-6A01-3A08673F79B5,US,PX,10
BA571EC2-184F-3CF0-6DF2-3A08673FD87A,TW,FM,11
C5D23EC0-BD16-62C4-36CF-3A08674006D8,TV,PG,11
D60CAAF8-C15A-EA62-99CE-3A08674025E7,PG,PG,11
258DEE3E-07EB-F15C-DF48-3A08674041F0,KI,GL,12
E9110D7B-5076-2C16-BCC0-3A086C654B9D,KR,FM,10
2628D10D-AF5C-2C50-06E4-3A086C65C4C6,KR,PG,11
2CC09DEC-582E-D65F-9BD1-3A086C65F8E0,PG,PG,11
74091052-C11E-6828-83A3-3A086C669014,KR,PG,11
A8539AB6-A604-C308-F1D4-3A08718C64CF,KI,PG,11
F2F9201A-C63B-5A5A-5CE0-3A08718C982C,KR,FM,11
A4B5E670-D2A4-5CDA-E86D-3A08718CD54C,SB,SB,12
70B940CF-14B6-04BA-8F0A-3A0876B1AE31,PG,PG,8
89CD5FCF-3F82-3550-495A-3A0876B2B192,TW,FM,11
4B5D6F05-0B7B-6703-2600-3A0876B2DC9F,TV,SB,10
A46AC7FF-5764-4CF6-33E4-3A0876B2F26A,PG,PG,11
3E6795B1-0A6E-560F-B98C-3A0876B30DFD,PG,PG,12
959D0871-F706-C6E5-C058-3A0880FEE31E,KR,PG,6
89830EA1-6AD5-0997-97B6-3A0880FFF8D9,PG,FM,11
89830EA1-6AD5-0997-97B6-3A0880FFF8D9,PG,PG,11
9CCCCFD7-2AE4-AEA9-B541-3A0881005979,PG,PG,12
9CD031FA-535B-4798-3FED-3A08810095AB,KR,PG,6
13039619-E3E4-2A26-2AE9-3A088100A3CC,KR,FM,8
E807EED7-4CA5-12C0-D475-3A088625C719,PG,PG,11
19CF473F-D49C-A8D0-5866-3A088626178A,FM,FM,11
93BE1113-A6E1-8F13-B058-3A0886268584,PG,PG,12
17C0EF7C-2ABC-D7F3-BB5A-3A088626B3F0,PG,PG,12
E0527132-657D-B07B-CB34-3A088626E530,PG,PG,12
36CBF5D8-9606-769A-747A-3A08873C6D17,KI,GL,12
99982A7E-263B-21EC-5E9C-3A088BFC94CD,TW,PG,11
7F2DE450-83EF-17F1-803D-3A088C065393,KI,I4,10
4BE58E7E-56FB-B3EF-0A60-3A088C08705C,TV,SB,11
CC7F4144-DB43-AC3A-863F-3A088C4FFCC8,KI,GL,11
B6C6E551-17D8-EF4A-30A3-3A088C6B148D,KR,FM,10
B6C6E551-17D8-EF4A-30A3-3A088C6B148D,KR,PG,10
F1740488-877E-196C-F4F8-3A088C94D97B,MH,GL,11
BF962ECC-4EC0-DFD1-EE9F-3A088CE4652F,TW,PG,11
D310F33D-0B52-BC3C-3F02-3A089072B2F6,NR,FM,11
51B87F4E-8BDC-CA52-2049-3A0890730011,FM,FM,11
CD4C3497-A515-6278-6A53-3A08907340BB,SB,SB,11
2BC74A56-85CE-C494-D072-3A0890739324,PG,PG,11
7DDB1FD2-A695-E167-EA54-3A0890741DC0,KR,FM,11
54E6B3BD-BBB5-C265-ABFE-3A089140453F,TV,PG,11
530D575C-3DFB-4C0D-A39A-3A089161D72B,TW,SB,12
68824DA4-773E-9EEC-F60F-3A089598C02B,FM,FM,11
C418C89E-BA05-830C-E35B-3A08959916C3,FM,FM,11
F6449EBA-4CC7-DF78-E550-3A0895993AE8,FM,FM,11
F6449EBA-4CC7-DF78-E550-3A0895993AE8,FM,PG,11
2A2026E0-1631-2D47-A0E1-3A0895995ED8,PG,PG,12
CC997F3D-F0BC-35BF-1821-3A089ABF76FF,PG,PG,11
7616A801-4F00-5D74-6CDB-3A089ABFCD87,MH,FM,11
7616A801-4F00-5D74-6CDB-3A089ABFCD87,MH,PG,11
D934657D-B2B2-5535-F115-3A089FE6CBD5,KI,GL,11
9FBFC99F-7A9B-E00E-F814-3A089FE77D32,KI,GL,11
574C6157-9A09-903F-3FFC-3A089FE7EFA1,PG,PG,12
3BF405AD-8DE8-C470-7CB6-3A08A50D1570,FM,FM,11
9EB36A03-F91C-9E2B-6B71-3A08AA32D4C2,NR,FM,11
572A65F7-694B-F483-90EA-3A08AB4C0FE6,KR,TV,1
DB02B24D-6FAC-C654-3DC8-3A08AF58DE08,NR,FM,11
A5FA0ADD-9AC2-7A0D-DF5B-3A08AF5951A3,KI,PG,11
AA420334-91D2-3780-FF3A-3A08AF5992FA,FM,PG,12
8E5E6859-9842-7720-1830-3A08AF59B525,KI,I4,11
BB065153-C27F-760B-063D-3A08B0394872,MH,MH,11
DD780708-3F7E-0E48-12CB-3A08B0415657,MH,PG,11
A8DE3344-0F46-E0D2-64A8-3A08B4801028,KI,NR,10
A7F5275A-7289-B6F4-7E98-3A08B480540C,PG,PG,12
32EBBCAF-A3CE-84E0-F330-3A08B4808765,VU,PG,12
9DD5F76A-8054-4055-9F74-3A08B480ABE6,MH,,12
FA8B0A3A-25BC-A34F-C2C9-3A08B9A5CD54,TW,FM,11
4E711827-45DB-87E3-BC3D-3A08B9A60B31,PG,PG,11
FFCEAFE0-CDDE-15D8-B3D6-3A08B9A628DC,PG,PG,12
BF1E3F06-A0DD-FB23-4E36-3A08BA0570D7,PH,,12
657BC04F-9D2C-683A-135D-3A08BECB6362,PG,PG,8
7804E491-5D81-55E6-F093-3A08BECC8A0B,TW,NR,11
4AFA5EB2-92BB-B3AC-09F2-3A08BECCAA5D,TV,FM,11
DCA8014F-EB9E-BA42-55BD-3A08BECCC33C,ES,I5,12
A50C6B64-AB9A-8EF0-0C49-3A08BECCFA95,TV,PG,12
9BD39A38-64F8-B841-2843-3A08BECD1B75,PG,PG,12
8D5E3CA7-73FE-6B3E-B9BA-3A08BECD317D,KI,GL,12
3B933EC1-62E8-8478-C215-3A08BECD5E40,KI,GL,11
342BD9F9-F7FA-15CE-1F06-3A08C918EBAA,KR,PG,11
D07BA3A3-0EC4-3D44-62CA-3A08C9190B20,KI,PG,11
210B2F00-09D9-D54B-C6B4-3A08C919488E,PG,FM,12
7AA14F3B-9DA5-F99A-BED7-3A08C91989B6,PG,PG,12
DC2F4488-D7FC-39C8-3376-3A08C919C301,KR,PG,7
FAF189B6-DB21-63EC-98C2-3A08CA30EFF1,MH,,2
DE35CFF7-3868-F45D-EBC3-3A08CA54868F,MH,PG,4
547DFCBE-457E-42CE-5C12-3A08CAC6096F,JP,FM,10
F0780895-9DCB-A0AB-4F2F-3A08CAD3E766,PG,FM,10
A9969394-3175-4907-E1C1-3A08CAFDED2E,JP,FM,9
69AE9B02-D4E2-8AE9-CB80-3A08CEAC3317,JP,FM,10
0F053955-D89D-B158-DA60-3A08CEB0C907,JP,FM,10
FC31DC4B-7437-AD5C-DA7B-3A08CEBE41E2,JP,FM,10
D18D513D-BBCD-9C60-8577-3A08CED04725,JP,FM,10
F8766BA6-663C-A37F-237F-3A08CEE232A9,JP,FM,9
00FCDF0D-642E-954E-A926-3A08CEE7F3D1,JP,FM,10
5A4374AE-49F9-E1EA-1B62-3A08CF079A99,JP,FM,10
F0350527-47E7-C674-E8C8-3A08CF227044,JP,FM,10
F3C59636-75AB-54EC-5E60-3A08CF2A5933,JP,FM,10
FC0252C0-B19A-371F-7CC4-3A08CF3854EC,JP,FM,10
CCA50B10-BC50-5DDD-BBE5-3A08CF8AFDE1,MH,SB,2
2FE3EBEF-6169-F95E-4DB4-3A08D365A984,PG,PG,11
F7708A77-ECC1-880A-FEE2-3A08D3665363,PG,PG,12
B2B3AB5C-7112-EBF6-5C86-3A08D3667104,FM,H5,12
7D213C3C-3782-BA38-6667-3A08D3668744,TW,PG,12
EEF77731-9B66-E7F3-29EA-3A08D3DD7EA8,KI,GL,12
4E0C6967-1CAC-037C-0FE7-3A08D430C22F,KI,TV,2
1720E0B8-18CE-935C-DD72-3A08D4E6348C,MH,NR,9
66E7E1F5-FD19-9A95-13DE-3A08D4F11194,KI,TV,2
8C9203B9-FA78-82A8-4EDF-3A08D50B5D45,KI,GL,11
5C02EE72-F705-8122-0E27-3A08D88BB42A,PG,PG,11
87A028C3-E80E-5FFE-69A7-3A08D88BE4CE,TW,MH,11
FDEB4534-2C08-AB64-3D4B-3A08DDB23BF7,PG,PG,12
1D4110EA-6B88-D82E-3405-3A08E2D829F8,US,PX,11
F6A72E7F-9C35-7B4B-9E93-3A08E2D96799,SB,SB,12
824232CB-DDED-77A5-FFDC-3A08F24BAFF7,PG,PG,12
D33BC7D2-9D82-F26C-1E84-3A08F34BD0B4,EC,LN,11
B48D77BB-91F3-D5B6-9B13-3A08F3A4FE14,KI,PG,5
31C98C18-39B3-F530-4629-3A08F442F4E0,KI,SB,2
DD3C6154-FAC9-671B-1E20-3A08F80329D6,KI,GL,4
6347C935-E124-E52E-488D-3A08F821B7D6,KI,GL,5
C4D4C04B-D44F-AE83-E2D5-3A08F83278D6,KI,GL,5
8AB255B3-9861-4B96-69A1-3A08F85CFB56,VU,FM,1
470AA7FB-BB47-7BAD-01E4-3A08F8E7C6A3,KI,GL,7
537A92A5-0B07-34F7-A82A-3A08F9085931,KI,GL,8
6312B60E-CA17-5615-088E-3A08FC994825,PG,PG,12
6AE7ECCF-2556-8924-8A75-3A08FD31AB31,KI,GL,9
84D1AD13-B6A2-E73B-AD84-3A08FDD23D90,VU,FM,7
1A8036C1-631F-D46D-265A-3A08FE010BE3,TW,SB,1
1A8036C1-631F-D46D-265A-3A08FE010BE3,TW,TV,1
52BB572C-3ACB-41BF-7D09-3A0901BF0A4F,PG,PG,12
2A81E5FE-6372-4F69-89D5-3A0901BFF948,ES,,1
8EED4A6A-FA2D-E103-E31B-3A0902B798A9,KR,PG,12
4EB78192-912D-D299-4FD7-3A0902E23191,KR,FM,9
F49C678C-A1EB-72E2-4D7D-3A0906E56AEE,PG,PG,12
1BF81038-1874-6663-965C-3A09121E1806,KR,PG,12
CAF67F28-0DA6-15BD-979F-3A0916588C2D,PG,PG,12
3ABC728F-94D2-24C8-1F9C-3A091658C6B8,KR,FM,9
D326F417-8180-EC3A-9682-3A0916E79B85,KI,MH,12
EE8329B1-3560-63B7-6689-3A091785B8E5,KR,FM,10
784E5FF0-B6A2-92B8-12DF-3A091790C67D,TW,FM,10
1CFE185E-480B-4401-CF68-3A091B7F074C,PG,SB,1
13EB8922-A566-3744-6846-3A091CF32831,KR,SB,1
9BCC0046-EB81-21AB-82F1-3A091D0E1886,KR,SB,2
07036666-1FB6-DA58-BFEA-3A091D172376,KI,GL,3
8D77A077-2309-D954-B128-3A091D206932,KR,GL,2
49114657-37A0-0BD0-0868-3A0920A4C00C,KI,NR,11
EAA8A292-2AA3-111E-49E5-3A0926521B75,KR,SB,11
63C4BB96-4901-6C94-B552-3A09267EF24B,KR,PX,2
BBB72B0D-9C82-E8BB-401A-3A09267FBB15,KR,TV,1
B135D484-FE1C-5657-CE31-3A0926ADE661,KR,TV,3
5F9F2801-94F5-8784-753C-3A09301769E1,KR,FM,9
1A381007-9ADB-FC83-8D93-3A0930198EBC,PG,FM,1
D4D6A4C0-E7F2-895C-194F-3A093019AE98,KR,FM,10
D1CEDBB6-E73B-B985-2C50-3A0935B4151D,KR,TV,5
BBF5DA42-9056-D324-C16F-3A0935F3C2FC,TV,FM,1
FE9216ED-7CBC-AD59-5C1F-3A0936D87EBF,EC,LN,11
E27E40B8-BD65-5B04-6D68-3A093A64D1BA,PG,PG,12
D610FB29-D408-B002-206B-3A093A65219F,PG,PG,12
59DC18CE-1139-B42B-2FDD-3A093B088CEC,VU,GL,12
48947223-7C76-751D-FC19-3A093BDE92D6,KR,SB,12
C1DCC58B-4287-FE6E-828A-3A093C1F44E8,KR,TV,1
F776E9B7-8215-9B8B-0492-3A093C5A7537,KR,TV,2
F71F37A8-39CE-CB16-B63A-3A0940012785,KR,GL,3
FC92CBA1-F5FA-9539-A66A-3A094013DFA2,VU,TV,11
C43C1509-BBC1-1174-91EB-3A0941220C49,PG,PG,12
535DC659-A650-D02F-B710-3A0944B2374A,TW,PG,1
FC9AD081-7301-6EBF-5896-3A0945A7DDAE,TW,TV,2
B12AAC4D-63B5-449A-1B92-3A0946476479,TW,SB,2
E6604E44-53AD-9910-6E94-3A09465FA22A,PG,PG,1
AB69DB2A-877E-6F17-D94F-3A0949D74065,US,,10
FEA08A55-3115-B808-DC14-3A0949DB3858,TV,PG,1
A7B3CCE6-DAB4-4CFE-17A3-3A094A5E32F7,KR,PG,9
C356081B-72B9-179C-AC50-3A094EFDBD36,KI,GL,11
FA7EBC17-352A-E93C-BE10-3A0954258E05,FM,FM,11
279ED1C0-07D6-7951-BAA0-3A095425D8D2,PG,PG,1
CFB856DC-0354-7392-1F9A-3A095A5D824D,KR,FM,11
81EBD581-2009-A482-4542-3A095B56F4A4,KR,FM,10
AB8A69D4-B43E-1142-16AD-3A095EEE669C,TW,FM,11
566DD2C0-2B33-F1F3-E93A-3A095F05A5C1,KI,GL,1
F033608F-1AAF-2342-D157-3A095F0EA0CA,KR,FM,11
CC194E99-F2B7-D6EF-562A-3A095F11F0ED,EC,LN,12
2F4B42C9-4CB6-3EE1-DE91-3A095F2751B0,EC,LN,2
D71D1D6A-C83F-EEBF-6F78-3A095F61AE12,TV,PG,11
FC135F54-A682-B12E-E0A3-3A095F6E2A74,EC,PX,10
98AAF1EF-A8EC-FE9B-BC5B-3A095F7E6959,TW,NR,3
DA5ABDF8-1202-3945-E2A1-3A09600B3E0F,KR,PG,6
34A688CC-79FA-105C-184B-3A096028EA8A,EC,IW,1
0A5285C1-8352-A990-B5BC-3A09604AD4B0,TW,PG,5
349E85CE-4134-9A19-F69E-3A096059C64B,TW,GL,3
BC2A6230-1137-ABD8-3E0D-3A09605FB031,EC,IW,9
27128D6D-AC85-6E0F-408D-3A0963987EA8,SB,SB,12
C2E240C0-6559-CF2F-EE5A-3A096398D09A,PG,FM,1
39416765-A66B-3B2D-DDB8-3A0963DCC1BF,EC,IW,1
F9D7DD1A-0CCD-1B65-F211-3A09643833B8,SV,IW,1
7436B56F-DD79-03EE-405E-3A096494B875,JP,PG,3
5B065235-3D49-ADB3-E27F-3A09650B3466,KI,PG,4
20F3F41C-1636-E612-8E25-3A09652B64D5,TW,GL,2
2EAAE23D-A88C-B072-3088-3A0965363E29,KI,PG,6
1891683F-0BEC-E720-3153-3A09654845A3,TW,GL,2
497DC7F7-5C44-C976-4371-3A09693208F0,KI,MH,1
96CAAC52-B96F-9F9C-45BA-3A09693E648F,KI,,1
8BD19D81-C27A-7136-BDAB-3A09694FF699,KR,SB,3
29814082-B465-EDB4-FFF4-3A096AA25440,FM,GL,2
E1055B38-68DA-EB9A-1999-3A096E792070,KI,TV,2
31010BB4-FEC2-9392-DD35-3A0978322B30,PG,PG,1
E19B2AF3-84B1-0656-E3DA-3A097D579D49,KI,SB,1
C4C90989-D463-BB33-CA7F-3A09827E0F25,SB,SB,12
74E727F8-F172-8844-5863-3A0983E43888,KI,TV,5
FDA6B711-0844-47DB-2FB1-3A09841C9504,KI,TV,4
7E98A040-94AB-917C-FE97-3A098423446D,KI,TV,3
A91601EE-C550-A570-A41A-3A09843AFC8E,KI,,1
FE957E6D-6145-5225-24AD-3A09845114AF,KI,GL,6
B39B72DE-B6C8-FF81-2601-3A0984584746,KI,GL,3
30D31D77-2D9D-0B63-720A-3A09846B550A,KI,TV,7
F1F3E8AF-8690-A8D6-4913-3A098806EF07,KI,TV,10
4E88D54C-5FCA-A910-FB1E-3A098814667C,KI,GL,9
4E88D54C-5FCA-A910-FB1E-3A098814667C,KI,TV,9
830F751C-E276-2C59-E46D-3A0988187BB8,KI,GL,8
DC3A62B9-802A-4FA0-0FD0-3A09881F4890,KR,FM,4
DC3A62B9-802A-4FA0-0FD0-3A09881F4890,KR,PG,4
F2906C95-572D-C338-AA95-3A098847CE44,KI,H5,6
1F490BE7-5AC7-E51C-9482-3A09887AE2B2,KI,PX,1
C78593BA-B83F-C9C4-3DE6-3A09888D2C6C,KR,SB,1
8980ECB3-F73F-80C9-818A-3A09888E8BAE,KI,TV,2
370A88C0-AC06-62DD-BFD1-3A098898811A,KR,PG,2
ACDF3F8D-D944-8B2D-DCF8-3A0988A26E99,KR,FM,10
5FF7F9D9-9EA9-B66C-FD17-3A0988DE1D84,KI,GL,8
0767C2A1-CEB9-4CDE-1E01-3A09890C5EDA,KI,TV,10
D0B2F5E9-2178-79D7-406A-3A09891EDC82,KI,TV,11
516386D1-694F-7738-AAC5-3A0989311752,KI,GL,12
BE2FBD41-D2B1-B1C7-D055-3A09893B00D1,KI,TV,1
AAF75D6B-9E57-30DC-D55E-3A09894EA443,KI,TV,2
77671BD5-4591-AE02-4701-3A09896BF6AF,KI,PX,4
008B6BD5-8AD1-3F25-00C0-3A09897769A0,KI,TV,5
C63DD6D5-57AD-D829-D8B3-3A09898B55A4,KI,GL,8
1831709F-A0E8-D240-3A2F-3A098CCC6B77,PG,PG,1
4BEE3CF2-6CDB-ACA3-42ED-3A098D35A51B,KI,TV,11
E04D1853-3E1E-2EE9-5897-3A098D54A74D,KI,TV,1
51EFB13B-CAE4-E6B3-D496-3A098D8759E8,KI,SB,1
A919D27D-C9DF-AD35-465D-3A098DA3B1D1,KI,GL,3
7636C931-79BE-8B33-7C48-3A098DCA1681,KI,GL,9
7A329189-A2E8-470E-1A71-3A098DD62F8F,KI,SB,11
B5BF3E0D-5854-E74B-2768-3A098DF2F9AD,KI,PG,4
74CA7DAC-4698-7AA4-5B28-3A098E20ADB6,KI,PG,5
CA9E2F88-A250-049F-CA53-3A0991F0AEFE,PG,PG,12
251EF495-369A-0BD1-4EA8-3A0991F16821,TW,SB,1
826CB7F7-389E-0A1D-A15E-3A0992AD77ED,KI,TV,2
F0DA5C20-9C9B-36CA-F760-3A0992C86CF0,KI,TV,2
26259C75-5764-73F4-9B80-3A0992FDE129,KI,TV,1
01BDDF9E-D466-283D-DB3C-3A09934471BB,KI,GL,1
36727746-6EE5-3700-BB8C-3A09944BE5C3,FM,,4
86170360-E4F2-9AF5-E8DC-3A0994502CBB,FM,,4
4DBF238D-A9AE-D983-390B-3A099450E43A,KI,SB,3
19A82051-7857-B441-79F4-3A099452A036,FM,PG,12
A3DA9C53-1837-3E45-F0FD-3A099453176F,FM,SB,2
5FC3994B-2B37-5F12-E00A-3A099453A114,FM,PG,2
8180A0C2-B9FE-4500-862C-3A0994555019,FM,FM,6
FA9EE40C-BAB9-162F-E5A4-3A0997166228,PG,PG,4
89DB18F6-C359-BCF2-81A5-3A099C3D61C6,PG,PG,1
9FBBC7DD-20DA-FC1E-BDC7-3A099C3DF795,PG,,1
CB302F84-9B2A-8133-21FD-3A099C3E3557,PG,PG,8
5D70AA90-F165-C7DE-1652-3A099C3E62C7,PG,PG,6
FDD51229-E4D9-6692-8787-3A099C3E8FA7,PG,PG,8
AD336F86-35EA-66E0-AAFC-3A099C3ED125,PG,PG,9
0ED1787A-A07E-8319-654C-3A099C3FD575,PG,PG,11
3EC7EF54-97DE-8E54-8722-3A099C4079AE,FM,FM,12
B6BB2BA3-6AC3-006E-EE07-3A099C41268F,PG,PG,1
2658B59E-5690-F9EA-7EB3-3A099C416DED,SB,SB,1
C3A71378-B537-2368-F5FA-3A099C41A8E6,PG,PG,5
4F44B28E-7C45-AB29-1F52-3A099C41D455,PG,PG,5
A9809801-7C0F-9F26-F999-3A099C420930,PG,PG,7
24E4C4D4-AD0C-151D-EC67-3A099C422FA2,PG,PG,8
AF96AA47-BEE1-79A2-5B7A-3A09A1EA3403,KI,TV,2
2723EC25-980E-D9D2-B9D5-3A09A21B5F94,KI,,2
684163FA-124F-D9F2-31B8-3A09A3029C22,KI,GL,10
AFEC21A2-5AD2-E3EE-D7DC-3A09A356D61C,JP,FM,10
7EF80E30-8981-A7C6-DAEA-3A09A68B8530,PG,PG,1
9209028E-3759-A61D-9F65-3A09A6F7BEDF,ES,I5,1
3EDE5BFB-1A36-CCF6-8181-3A09A7177810,JP,FM,11
0707AE9D-AE9B-8CBF-7706-3A09A7795D57,JP,FM,10
11C3D477-CDDF-6B0E-285E-3A09A78C633B,JP,FM,11
D994A2B0-E406-8EAD-BAEE-3A09A79EBD3A,JP,FM,11
1F0BB07E-782D-25F7-CAC8-3A09A8216D1C,JP,FM,11
16FB2E5B-FFF6-900B-3F58-3A09A84C2E2A,KI,PG,3
DDA85929-5239-CA02-3A25-3A09A84CFC14,JP,FM,11
8683F8AA-4ACB-FD50-CB15-3A09A86E57DD,PG,FM,11
E5FCFD31-99EF-76DD-E309-3A09ABB1D2BA,TW,PG,1
6419F451-9F66-DA13-7E72-3A09ABD4A392,JP,FM,11
00EDDCBA-AEB7-C02F-37A1-3A09AC1EE728,JP,FM,11
650EDE24-426B-2603-D64B-3A09AC36550F,JP,FM,11
7713241E-6AAA-CDE7-1E94-3A09AC3E7C20,JP,FM,11
745F2D77-7565-62B5-E24A-3A09AC482219,JP,FM,11
C46703D6-64AF-A325-2F0E-3A09AC719A6D,JP,FM,12
8B8F2166-8AEB-2BC0-FFDE-3A09AC767319,JP,FM,11
FC5FCCD1-7476-D85B-716C-3A09AD57C4DD,KI,TV,12
82EDCD76-3838-8AE6-9224-3A09AD9EB30C,KI,TV,1
90BA8F86-AFA3-19EE-ACBA-3A09B0D6E622,PG,PG,12
4A6F96AA-81E4-88F4-111D-3A09B177530C,KI,,12
F1E93E17-6BDF-291B-9F11-3A09B5FD9BE3,PG,PG,1
A573C77C-A6AD-13F9-CD09-3A09B5FDFAB8,PG,PG,1
3842780A-0E1D-C8B3-724C-3A09B66DBEB4,KI,,11
BA5B9B28-F4F1-0355-CBE0-3A09B672E3F6,KI,,9
F665037E-5316-6178-211F-3A09B68F6463,VU,GL,10
7222AF53-D5EF-3DEE-0FFF-3A09B69A4A76,VU,SB,7
70E7EB70-4802-1723-E1F0-3A09B6B1477A,VU,H4,8
B470A9A1-C064-C660-9516-3A09B6F2FB43,VU,TV,5
98919194-EE4F-F855-9F82-3A09C57084B8,PG,PG,1
D651B264-5232-C422-E4E8-3A09C570CA9C,TV,PG,2
7F5A7C11-4834-87F6-604F-3A09CA97E85E,PG,PG,2
D38A6466-7465-2D77-C229-3A09CFBC18DC,PG,,11
A7EBF8F3-BB5E-F254-4D86-3A09E458C959,PG,PG,1
BF7CF578-52E1-30EC-CC6C-3A09E97C0025,NR,,12
3D786FAC-30D6-19D1-5319-3A09EA090571,KR,FM,12
A3F9C451-9D87-AF33-16CB-3A09EA35D8EB,KR,PG,11
5F5E8B18-EFCB-6CB9-6955-3A09EAA05274,KR,FM,11
2CD4B225-974E-58D7-0517-3A09EB63CFA5,KR,PG,4
BE0AC317-9DB4-C533-9384-3A09EB679DC3,KR,GL,4
BEC7CFF2-9A74-2608-0DA8-3A09EB68C33C,KR,PG,5
ECE5B07B-6C85-C78A-13DA-3A09EB6B91FC,KR,FM,8
9CFA5FF0-43F2-552F-B44E-3A09EEA3690E,PG,PG,1
81ADFDAB-DE4C-9B19-50D0-3A09EEA3C677,PG,PG,1
48F41C99-4AE3-EB11-F15A-3A09F3CA1B4D,KR,PG,1
F83629E5-4CAD-B078-5DEC-3A09F55C38DC,NR,GL,1
F38DDED0-A725-C192-FBEF-3A09F57597CA,NR,MH,2
F7F32F8F-685A-672C-2DB3-3A09F928DF0F,NR,PG,4
0BDE2C25-C11D-56C4-123D-3A09F932F1B8,NR,SB,1
B7CF2956-0AFF-012A-38EE-3A09F9498D30,NR,NR,4
C43E3701-0D10-4C9B-D996-3A09F954514F,NR,TV,12
C5E9EEB7-50C1-8E4B-181F-3A09FE170696,TV,PG,2
2EA7CAF8-3863-E2C8-4375-3A0A08645DD2,PG,PG,1
B38067E7-1AB3-893A-6A01-3A0A08656328,PG,PG,2
AA76D6DA-24A9-5785-B04C-3A0A08658383,PG,PG,2
E32FC0BC-D9E7-3200-6D27-3A0A0EB572AB,PG,PG,4
BF99BFC5-E5BD-0171-C54C-3A0A0F2D297B,TV,FM,2
29BE991C-C382-7488-864E-3A0A12D9A8E2,CK,H5,9
5E0EF332-2B0D-46EB-28E5-3A0A1325D728,FM,GL,3
919A67FD-FB1D-B22B-30E7-3A0A142BE4CD,SB,SB,1
5D34E166-C171-A6DF-B829-3A0A1CFE8356,PG,PG,2
BED4ABF6-9172-E3BC-6A9B-3A0A1CFED34D,PG,PG,1
943E3E6A-3551-A9E0-2BE0-3A0A1E70DEA9,TV,GL,2
97B563F5-EEFC-0051-3F9E-3A0A1E9F9265,TV,TV,3
016732A9-E1B8-F5A9-6A2D-3A0A1ECCB7EA,TV,TV,10
3D1843B0-A830-0B37-1300-3A0A2C700AD4,TW,FM,3
4C32F158-CD0C-8DA4-22E5-3A0A2C701C42,PG,PG,2
9C3888FA-C401-9003-87BD-3A0A3196E447,PG,,3
984F59B3-D85D-2942-BC25-3A0A31E9D158,TV,TV,11
DB8C42BE-3B4A-BD24-3F1D-3A0A36BD86E0,KR,PG,2
19EBEF43-185D-696D-7701-3A0A3BE39B2C,TW,PG,2
18068F78-0570-C356-7E83-3A0A3CE3BCE8,TV,PX,12
B8E2B1B7-9AAC-630C-E6D6-3A0A4109DB99,TW,PG,2
68B89A37-7501-DC53-0A96-3A0A410A990E,PG,PG,2
BAA27A30-97D0-D78E-887F-3A0A46DC31E3,FM,,9
40E326D6-0DB5-FDC1-880A-3A0A46EB53E6,FM,,3
FFC8C9ED-C285-402C-675C-3A0A46EC3D4F,FM,I4,8
4C29B754-09AF-C939-EC61-3A0A46EE3B6C,FM,GL,3
7E339E0D-F36E-509D-7922-3A0A4724D59D,FM,H4,10
F79E0F8A-A6D7-CB65-A57D-3A0A4724F868,FM,H5,11
2A74E919-F559-BFC1-44B0-3A0A4725FE80,FM,I4,4
777AD2C6-6172-FE99-7687-3A0A47269A95,FM,H4,9
317A3F6C-5EDF-D74C-F287-3A0A4727641E,FM,PX,8
1FF566D3-9135-CFBD-658A-3A0A472A11D9,FM,,12
98EF3931-844C-F8C5-6B96-3A0A472C71E0,KI,FM,8
5FB55604-9EA7-E83D-1192-3A0A472C9B3C,KI,FM,9
FB610258-F772-C34F-563F-3A0A472D87E7,FM,FM,9
CE9A3221-3F34-DF14-8F00-3A0A472E21D9,FM,H5,11
2E9A21A1-0736-2880-C963-3A0A47340C8B,FM,,10
E0BC26C9-7090-A9C9-E312-3A0A4735E669,FM,SB,1
760F3C99-7CA8-A8FC-C624-3A0A47361402,FM,PG,3
A44F35D7-B6F7-0890-79CA-3A0A47383345,FM,NR,3
342D7DCC-9994-3913-9E10-3A0A47392B0F,FM,,4
1E94BED4-4BF2-4F9C-F9BE-3A0A473951A2,FM,GL,1
B60F8D23-C710-3D33-C09D-3A0A47397B4E,FM,PG,4
F8B4EAC2-97C1-CF00-94BD-3A0A4739A6BF,FM,PG,1
ADD222C5-4DE1-3E2A-62C2-3A0A473A367A,FM,PG,4
3F7B3505-0CB9-220C-0135-3A0A473A697B,FM,I5,5
6C7EA3BF-A3A6-5703-C270-3A0A55C3DF2F,KI,NR,7
04925879-DC36-09BA-5920-3A0A55EAF256,KI,GL,2
A24DFD29-0B61-0328-E3EF-3A0A55FF4E80,KI,PG,5
EAECBF1D-3A39-B0FC-A41A-3A0A56113C03,KI,TV,1
92BF09C2-90C7-D2D6-8D14-3A0A561992EA,KI,PG,11
50BD66C7-B849-2FA7-AA86-3A0A5629FB6C,KI,TV,2
B04DD7BE-E444-7509-FEDD-3A0A564E2771,KI,FM,7
CCCE3EF4-5DC5-F39F-C202-3A0A574BFD00,PG,PG,11
6DE722C0-9E8E-1436-3299-3A0A5774F318,PG,PG,11
D588DA1C-48AA-7443-BB94-3A0A5786A67A,PG,PG,10
603190D6-5623-75DF-1B02-3A0A5BB66F79,KI,GL,2
11CE83FF-61DF-71E0-4E83-3A0A5FE52EE1,CK,I5,5
A83F683D-4D94-C1C6-F9FB-3A0A60D19931,CK,I5,3
09B97D73-5394-0CC0-95F1-3A0A622C34FF,FM,TV,10
2761228B-2F04-E632-687B-3A0A623FBE0A,SB,,4
770B4F55-883B-72E0-B763-3A0A624F68FD,SB,,5
62A9FD99-A180-16FE-8A7C-3A0A625A8D58,SB,,9
30E206E2-BD00-D72E-0AA7-3A0A6515D137,US,I5,1
E48EBD61-B172-E4EF-1A8A-3A0A660F46B4,FM,,11
7CD5B8E7-49CB-D969-2341-3A0A6A4A8590,CK,H5,7
733FD681-AC64-6FA2-E6FF-3A0A6F634C82,PG,PG,2
5382F020-2915-2A10-D73F-3A0A7488DFBD,TW,PG,2
B2A7E249-D3C4-987F-83EA-3A0A79AF554A,PG,PG,2
3110D9C9-A9D6-3964-8CD4-3A0A7A89FD16,FM,,10
CE631217-214F-2D42-595B-3A0A7BBFB410,FM,GL,2
177D3790-BC9D-EFCA-F66D-3A0A7BC7F63B,FM,PG,3
3A0DD7FC-33E0-4231-CA4E-3A0A7ED5A187,VU,PG,2
AE73FB47-A7FA-347D-1E6E-3A0A7ED64890,PG,PG,3
50AC4803-0C8A-E04A-9638-3A0A7EF9E807,VU,TV,1
96BC99A2-3441-A248-5903-3A0A7F03DADB,VU,TV,2
616CCB76-6D3F-30AD-71E7-3A0A7F5D71F7,FM,,3
EF62A975-0692-BFD9-8611-3A0A7F9206DE,PG,PG,10
93215304-745F-24D3-F0FC-3A0A7FADCA36,FM,GL,5
71B63B92-32CC-A50E-9621-3A0A8155952F,SB,PG,2
2810969F-0054-0DC3-5397-3A0A83FC9C20,PG,PG,3
DD35769D-1660-6A53-539D-3A0A84924B55,VU,TV,6
506D2ADE-DBDC-AE8B-33F8-3A0A8499A649,VU,GL,7
088B1D5F-4DFC-D5CC-6B36-3A0A84C33C6D,VU,I4,11
AB60456A-125C-DB3B-29DB-3A0A89B54ACA,PG,PG,2
1F1136BB-54AB-FD95-5948-3A0A8A0C9B4C,KR,PG,11
A6A4375A-4837-F194-4714-3A0A8A1B3349,US,PG,2
A6D9F7A8-2201-6242-3591-3A0A8ACE1556,KR,FM,11
235248F6-2FBC-2F59-62D9-3A0A8B1A3E8D,KR,FM,8
934F3A0B-9F5E-045B-4490-3A0A8EF20CFD,PG,FM,2
6C95A021-D15F-A196-D5FD-3A0A8F3D762F,VU,GL,6
448CED96-7154-87AE-9D19-3A0A936E8BD3,KR,SB,1
9C558B36-F6B9-D437-8A8D-3A0A936F624F,TW,PG,2
CEC613E2-7C6E-ACE0-4359-3A0A936F7773,PG,PG,2
4395BE85-512F-F5EC-C6A9-3A0A9896145D,PG,PG,3
0A3FE24C-0C6C-4E64-A1E2-3A0A98963019,PG,PG,3
B674F1FC-B47A-AA15-35DC-3A0A9DBC2CDE,PG,PG,2
10ADEF04-1736-23F5-BEA0-3A0A9DF7CDA2,KR,PG,11
B5D770B9-BB82-A3CD-D222-3A0A9E57BA92,PG,GL,1
B452A250-3903-66BE-F300-3A0A9E61B688,PG,PG,2
614C83D3-A00B-39E2-33B5-3A0A9EA876D2,PG,PG,3
1B662F83-8B20-922E-536F-3A0A9F71B0C2,NR,SB,1
561C23E2-DE06-15CF-318F-3A0A9F86A16A,KI,I4,11
60833F4F-106E-8E33-733C-3A0A9F9AD3BD,KI,GL,11
D47C4D01-05B9-0428-BE31-3A0AA34E9668,KI,GL,10
D47C4D01-05B9-0428-BE31-3A0AA34E9668,KI,NR,10
B36EE651-2F24-D6DB-6879-3A0AA3534585,KI,NR,7
F57E538E-4CFB-2C15-10BC-3A0AA35F42AB,KI,NR,9
9A5AF254-1323-E891-E849-3A0AA489D1C8,VU,I5,5
1324FD9E-CF0C-72AF-ABE0-3A0AA9051011,KI,SB,1
C1519FEE-4F6E-B7EB-2F4C-3A0AC1C921CD,PG,PG,3
A0285096-A86A-35E5-F0C4-3A0AC1E711ED,PG,PG,3
CED20DE0-FCAE-401D-0E8C-3A0AC26B0928,PG,PG,3
F9752E3B-2359-468B-67C2-3A0AC2962EAC,PG,PG,3
11AD4862-B82B-08F8-2841-3A0AC2C44BE5,PG,PG,1
FFD20F4E-4063-80D5-3E0C-3A0AC6EEDA65,PG,PG,2
76533496-F1C0-7190-87C2-3A0AC78ADF4B,PG,PG,1
37C14A1F-B36C-56E6-43D5-3A0ACC1581BA,PG,PG,3
EF0B04E0-B6A7-EC5B-3CB9-3A0AD13C18DA,PG,PG,3
73BF7B33-82C5-9EAE-0D51-3A0AD66266E0,PG,FM,3
81FD9953-E019-DCD5-1F87-3A0AD8401009,PH,PH,3
A424166A-8579-A2C2-A8C8-3A0AD8916E1E,PH,PH,3
5E87CE9B-497E-3B8F-9A89-3A0AD8945634,PH,PH,2
8691966D-D466-3A0C-372D-3A0AD8A20F36,PH,I1,9
5FCAED9A-7264-24D1-F984-3A0AD8A2997C,PH,PH,3
890271EB-DBF0-38E1-B338-3A0AD8A9879A,PH,PH,3
4B6B731D-A18E-1652-EA56-3A0AD8ADEF00,PH,I1,9
DBD6F662-D67A-55F5-F244-3A0AD8AF8A68,PG,PG,3
86C70AC8-8B15-B3EF-3797-3A0AD8B637F6,PH,PH,2
CBCC031D-6787-0E07-0019-3A0AD8CFFE47,PH,PH,2
7F58B0A3-596E-840D-1FBE-3A0AD8DBEEB5,PH,I1,12
1707348E-506C-9F55-D658-3A0AD8E8784D,PH,PH,2
9D58CFE1-FD04-9EAC-94A3-3A0AD8EF04A7,PH,I1,9
79CEBF20-812D-D94A-8A88-3A0AD8EF63B5,PH,PH,1
4083BAA9-0D39-2A58-77AB-3A0AD8F00BFB,PH,PH,1
ABC7884D-A02B-45F4-C899-3A0AD8F16229,PH,,10
4F23B7BD-C173-4D87-F580-3A0AD8FF5947,PH,PH,2
2DBB94FF-5813-0329-C8E7-3A0AD9025AE7,PH,PH,2
073DF975-53D3-5408-DAE5-3A0AD90A0E71,PH,I1,9
6968D485-6DF6-B6B0-F465-3A0AD912091D,PA,PH,3
5E7C9421-FFCE-1526-85D7-3A0AD912E0F7,PH,I1,12
DA3DCE1A-15FB-2003-8FFB-3A0AD915EA2E,PH,PH,3
F01CD056-557D-F7E7-B32B-3A0AD91BCD70,PH,PH,2
F9C384B6-9A12-7219-DF7E-3A0AD91CDE81,PH,,9
F5F9A080-9712-82AF-690F-3A0AD921A7AE,PH,PH,1
A39E77F4-19F9-0E83-486C-3A0AD9277421,PH,PH,2
82A94284-CD90-0C28-CCE4-3A0AD9301790,PH,PH,2
2F965910-AEC5-360D-31C4-3A0AD9368563,PH,I1,10
DDDB14ED-66F9-FE16-FC45-3A0AD9372F46,PH,PH,2
C998DC82-A5FE-78EA-1A4E-3A0AD938B6C8,PH,PH,11
2527EF81-7793-DB1B-F181-3A0AD939A002,PH,PH,8
46DC726D-6D5E-A16D-B9DE-3A0AD93F61BF,PH,I1,9
589E9BA1-2764-4932-EFC7-3A0AD94696A5,PH,PH,1
B1F33F97-5141-487A-33A1-3A0AD948F11F,PH,I3,12
4E39D70D-96D8-1B4A-BC10-3A0AD949921D,PH,PH,3
14B7601F-B634-DB34-4E30-3A0AD94E569B,PH,PH,7
A72D432D-2A09-22D4-6AD0-3A0AD950B212,PH,PH,1
BC4722EA-1217-62F7-8533-3A0AD957D24B,PH,PH,2
094967DB-62B1-F90A-1F78-3A0AD95A2232,PH,PH,1
3E80FC81-16C6-531E-A1EC-3A0AD95F3562,PH,,9
090722EF-A199-E4EE-0454-3A0AD964FCF0,PH,,9
9B18943B-0B10-1B14-612C-3A0AD9681CA5,PH,,4
24627C78-8083-C8B8-FCD4-3A0AD96FB6D5,PH,PH,2
C7F42399-DC8F-AC31-B6F0-3A0AD97150FF,PH,PH,2
E71CB599-F3EE-3316-B992-3A0AD995C04C,PH,PH,1
745627B5-6B87-651D-E232-3A0AD9A8E8E5,PH,PH,3
96839251-48E4-4C14-6B46-3A0AD9B55424,PH,I1,12
898B9A68-71AD-52D4-B1BF-3A0AD9BD5433,PH,PH,3
3DE18731-5CD9-4E3A-F840-3A0AD9C76FEA,PH,PH,9
380C0F17-4165-F775-5AF3-3A0ADA12C0A6,PH,PH,2
5EAF7516-F8BF-F5F7-8AB6-3A0ADA54DE8B,PH,PH,2
684D3C28-B31C-0E8B-954D-3A0ADD6665F9,PH,PH,3
8515A96F-F84C-54B1-8501-3A0ADD78F8E7,PH,PH,2
AE9FD7C0-1772-E756-29E5-3A0AE0B028A2,PG,FM,3
720CAB58-8DBB-79C0-EB81-3A0AEAFC420C,SB,SB,3
4ABBEBB7-D496-0E51-B7FB-3A0AEC84A055,PH,PH,3
E322D4A9-654B-F568-3071-3A0B09E51129,PG,PG,4
EFAE7095-7ED6-29D3-5F8C-3A0B0F0B2BC4,KR,PG,3
2763B6EC-7A89-870E-106F-3A0B0F0B9F70,PG,PG,3
E6C2A2F4-2227-C65D-0F17-3A0B0F0BC62D,PG,PG,4
22A8A4B4-7DC5-F7E4-698F-3A0B1E98C28C,PG,PG,4
0A474609-6FF7-254A-FEA2-3A0B1EEDE2C2,PG,PG,2
0564BD67-4864-D48F-CBA4-3A0B1F29B160,PG,,8
27D70C09-F190-F5A7-F431-3A0B1F2EB20B,PG,PG,9
63FD181B-84F0-5701-68A7-3A0B1F35BF41,PG,PG,2
03F7B8CC-6205-3D96-1C96-3A0B1F755B0B,PG,PG,10
313AA0C5-8AFC-5CB1-8CB9-3A0B2DF0CB0D,PG,PG,4
14ECA681-0C6A-32D4-56C7-3A0B2DF11854,PG,PG,4
6949D3A6-5689-410A-C333-3A0B2E0DCDD6,PG,PG,11
BF9A3AA4-4041-87BF-7E26-3A0B2E3BE1AC,PG,,5
933BFA13-7586-1549-46A2-3A0B2EC3FABB,PG,PG,10
72254381-217F-9F70-4195-3A0B33128564,PG,,12
6E9F10A7-080A-5E0C-AF00-3A0B3316FF1E,ES,H5,3
73824B06-21F0-8AF8-7F22-3A0B383E37C1,PG,PG,4
CA2320F8-D131-E3C3-FE0A-3A0B3D64BA25,PG,PG,3
2A8BA2FE-50F9-9ED5-0D6F-3A0B3D65073A,PG,PG,3
280DD6D6-808B-3B7E-116A-3A0B47AFD500,KR,MH,4
C11EFC2A-CB38-E4FC-74B7-3A0B51FE5446,US,PG,4
7E7AEE93-529E-38AF-6C52-3A0B57829913,PG,PG,12
93634611-2CEC-D9D9-8DEE-3A0B57929DFA,PG,PG,1
8BFC1AC7-6327-6317-B44C-3A0B5815C620,PG,PG,3
053F4E5D-126A-B6F2-6E71-3A0B58A598D1,PG,PG,3
A474B658-5FE4-2F23-5AA0-3A0B58F8DF95,PG,PG,2
4E0D2D6A-8159-BD6A-ED34-3A0B58FC1D09,PG,PG,8
3A87BB81-093D-0BB3-2CAF-3A0B58FE4454,PG,PG,8
43E66AAB-FD3D-4461-8649-3A0B590455B1,PG,PG,3
F9DDE6D3-1579-30D4-6579-3A0B59086D41,PG,PG,4
9D53969C-136E-8129-A86E-3A0B5C917991,PG,PG,2
2A664E2E-22EC-0898-1273-3A0B5CB2FE08,PG,PG,10
3F689EFB-A338-BC4A-72FB-3A0B5CB4BAD4,PG,PG,12
463AC337-3EC5-3ED0-4BBB-3A0B5CB7D7EA,PG,,2
92570D64-E8BA-5613-478F-3A0B5CDBFEEA,PG,PG,3
E764D41D-6E6D-EB38-8841-3A0B5D32C788,PG,,9
99EA703B-EA2F-DE27-7B1C-3A0B5D36796D,PG,PG,12
A0D360FE-4AAF-4FBA-ABF5-3A0B5D54BC4F,PG,,2
475DFE55-A1F5-C477-0706-3A0B5D57DAB7,PG,PG,2
4FE67444-75C6-DCCC-458E-3A0B5DE75FCB,JP,FM,1
CEE5674F-EB85-351C-834B-3A0B61C9711C,JP,FM,1
53094C95-378D-7D56-0DAC-3A0B61D45474,JP,FM,12
DC7A5959-0B17-74D8-11D0-3A0B61F86542,JP,,2
F746CD56-3071-18E5-5E51-3A0B624872BB,PG,PG,3
995E7801-A688-3283-6CB8-3A0B6329FD02,PG,,8
34C73863-4299-3324-C94E-3A0B669881E4,PG,PG,4
7DFB1A93-5F32-8E7A-9CD1-3A0B669912C8,PG,PG,4
0EAD1B61-17C4-7E8B-F460-3A0B669921B8,TW,NR,4
D832821E-1CC1-D870-B5ED-3A0B66AD58DC,PG,PG,3
0722FF93-18D3-EFA4-7E1D-3A0B66DD4D78,PG,PG,7
17E89A7B-CD44-4AC3-5537-3A0B6771E1C9,PG,PG,9
35A2C573-69F2-666E-BC2B-3A0B6BBA1BE8,KR,FM,9
125D1A1B-A912-FCC4-00F0-3A0B6BBCB731,PG,PG,4
95C6F6A7-E3F9-E5ED-A2AB-3A0B6BBD5331,PG,PG,4
06C4FDDD-5AB0-F0F9-2B1A-3A0B7607D24E,PG,PG,4
A572AB1D-4F86-249B-E4A2-3A0B76088986,PG,PG,4
0387CFC0-826B-5991-3191-3A0B76C3EED9,PG,PG,4
11C65143-CD4C-5AC9-F5E2-3A0B7B2E7D33,KI,GL,3
85A64FA5-D7C8-9B78-F68B-3A0B7B2EDA56,PG,PG,4
64BF8DD1-56AE-958D-2CC8-3A0B7B2F1203,PG,PG,4
DB7B8FEF-45CA-0729-0697-3A0B7B2FB151,PG,PG,5
BD4DBB20-4EDB-F117-6CD7-3A0B7B2FCD23,PG,PG,4
AFF69D29-661A-BEED-B938-3A0B7CE41A2D,TV,FM,4
B955576C-3DBF-DED5-EF94-3A0B7CF39242,TV,NR,4
50EE59BB-9E11-3275-51E4-3A0B80543D59,PG,PG,3
8DAE3A0D-BAA8-86C8-1A52-3A0B81242913,PG,,3
69D2F384-24B3-E43C-DDC0-3A0B8578E31D,PG,,10
BCBEFEC0-7136-5642-8B14-3A0B857B4604,KR,PG,11
0E34F5DF-F38D-B131-CF8D-3A0B85BC545B,JP,FM,3
0D8DD89D-2000-AEEA-F773-3A0B85C2BEA1,JP,,3
405B6D64-A7B1-830A-114A-3A0B85C7D3FA,PG,,2
0E2DE7D1-6184-10BA-6172-3A0B8680FB84,JP,FM,2
7A125EA1-2D4A-E298-564F-3A0B868CB871,JP,FM,3
84CA737A-87D3-F557-639A-3A0B86C915C3,JP,FM,3
A186561A-81C9-8097-8AAF-3A0B86D2D120,JP,FM,3
8FF3B5DD-D2D0-3D89-0D5F-3A0B8AA0D6A4,PG,PG,3
0C1412B6-25B5-FDC4-371F-3A0B8AA16427,KR,PX,4
DC647078-274E-641B-8DFE-3A0B8AA1B870,KI,,5
9FA284EC-0D4A-170E-78CF-3A0B94EE243C,PG,PG,5
DAD7CB4B-BBB6-C7C6-26AF-3A0B94EE3343,PG,PG,5
A8BF56E6-5944-1535-03F4-3A0B9F3AA189,US,PG,5
BA973F0B-0307-CF31-D904-3A0BA010C8F7,KR,PG,2
02CF175B-37D6-9FBE-2322-3A0BA4602E67,PG,PG,3
B339AC00-7800-106A-48AA-3A0BA460EA2D,PG,PG,5
9EB55DB7-8FEC-0676-F4A4-3A0BAB68EA3F,PG,,2
85EDCD72-B808-338A-3AA2-3A0BAEADB29C,PG,PG,5
220B6AA1-4BDD-3C99-0446-3A0BAEE22994,PG,PG,9
08822F2E-9B45-C072-1D7D-3A0BB3D2D6B2,PG,FM,3
55CFF8FA-F81E-3C2B-4B6B-3A0BB3D40FE8,PG,PG,5
9C4792F0-CB9E-0688-4586-3A0BBE9D9DB9,PG,PG,7
3714EE65-08A6-1F4F-1632-3A0BBEBFCEFF,EC,IW,4
1F6D3709-8842-FC8C-4631-3A0BBFFE4EA6,PG,PG,9
BF576992-A707-852D-E5D2-3A0BC016521D,PG,PG,10
30A0689B-1787-DEDD-5ED5-3A0BC3461F4A,US,LN,3
BE38451C-CF92-4B82-A7FA-3A0BC3464AA7,PG,PG,4
5D153889-497C-C773-C9EB-3A0BC3986142,PG,PG,2
7DF0EFC5-F7F1-0F19-45AC-3A0BC3B6543A,PG,PG,11
0D1F5B35-0539-EB4A-2C73-3A0BC3C893F9,PG,PG,12
2FD155EC-FCC3-F9A1-CBFC-3A0BC3F36F9C,PG,PG,7
F38D89B6-17F7-9B63-A898-3A0BC4048524,PG,PG,10
D495DADA-C70A-7D36-FD8C-3A0BC40D855A,JP,JP,5
CCAA757B-DB32-0772-06BE-3A0BC427F81C,JP,JP,5
713F7AD7-7251-367F-B5EA-3A0BC43BCAB6,JP,JP,5
D5C8A973-563E-A805-57C2-3A0BC444C914,JP,JP,5
78DFAEFB-65DB-BCD0-3BC1-3A0BC44C65C9,JP,JP,5
E1698A6B-BFEB-6750-B08C-3A0BC4539C65,JP,JP,5
5C3A7808-C927-49AE-57C4-3A0BC4AC044D,JP,JP,5
5B054054-B1E6-B170-DD96-3A0BC4DBED85,JP,JP,4
E6A8E53C-1A4D-843F-C558-3A0BD7DFEB40,PG,PG,4
7E2759B6-9C9B-B706-AE95-3A0BE752F668,PG,,2
825E8207-3A1A-111A-B0A5-3A0BE7549A1C,TW,LN,5
A20F5AA2-F0A7-591A-1D4D-3A0BE754E7DD,SB,SB,5
034EA4E6-C33C-237B-76C4-3A0BEC7A19BC,TV,,3
B0FABBB1-C17F-2844-4A47-3A0BEC7B358E,TW,H5,5
159474D4-E35E-9396-FFA5-3A0BEC7B58B7,TW,PX,5
A4FCF6FA-FA5C-05E2-BAD9-3A0BFBED5B22,PG,LN,5
D3625C0D-3D2C-269B-3AC5-3A0C06397D53,PG,PG,5
224BAB36-5D0E-CC9C-1352-3A0C0B612217,PG,PG,5
9CEF616D-E488-4672-0989-3A0C0B6142F7,TW,,6
0AC29D50-05CF-C224-255E-3A0C15AB6044,JP,PG,11
857FB180-6381-427C-10E7-3A0C15ABA002,JP,PG,12
45F9160A-D2E8-A16A-50E5-3A0C15AECBEA,PG,PG,5
E3F0C87F-54E8-1283-D7F4-3A0C1638C347,TW,GL,6
6F262685-4984-172A-5CBE-3A0C1AD3A45D,PG,,6
FBA7CA87-99FB-85AD-E7A8-3A0C1AD3BAEA,PG,PG,5
BE26C2C5-9803-7FAA-E4D0-3A0C1FF9BA6B,KR,PX,4
852D3D86-ACA2-3358-CDAE-3A0C1FFA25CF,PG,PG,5
FA2D8BEC-5CAD-7730-8AAB-3A0C1FFA7D3C,PG,PG,5
5F142EA0-50CC-1DA7-04D0-3A0C25203569,PG,PG,5
7C568695-E30A-7F87-2B8D-3A0C25206B2E,US,PG,5
B0003870-BF01-7F82-EF7C-3A0C2F6D21CB,PG,PG,5
E8A65B74-153E-9E5A-5F65-3A0C2F6D74BC,PG,PG,5
EBAB82C2-33EF-7BC9-4725-3A0C2F6DC366,PG,PG,5
5C31DC14-8914-9D46-E731-3A0C39B99158,KR,LN,5
1631F962-0175-0B54-AAAB-3A0C39BA8215,PG,PG,6
4A50B11E-C1F1-EABC-85BD-3A0C3C406FE0,PH,I1,10
0053FE11-02C8-6075-1109-3A0C3EDECB4B,KI,I4,3
9D9E70E6-518F-CA53-1DDB-3A0C3EE0F91A,PG,PG,5
51575940-F5A7-3C34-73E2-3A0C58FD434D,JP,JP,6
EC5AB94B-7D7D-32E6-2DE0-3A0C592F1754,JP,JP,6
863A1D42-31D7-DB95-3204-3A0C593B36F9,JP,JP,6
FB424B35-CDEE-83AE-6412-3A0C5E058F5A,JP,JP,6
FB424B35-CDEE-83AE-6412-3A0C5E058F5A,JP,I6,6
EEDA6634-7A89-2B94-FBE3-3A0C5E6251CB,JP,IW,7
D92EF545-DE35-CF01-C270-3A0C5E6FDBB2,JP,IW,7
075453ED-C586-D202-D27C-3A0C5EAB4BF5,JP,,3
B8524B32-D1CF-9964-E33A-3A0C5EF6ED77,JP,FM,3
AF9EDD88-C306-087C-94E5-3A0C5F0579DC,JP,FM,3
37A7FD81-A273-EF7C-5F85-3A0C5FA11D82,JP,FM,3
0379A75D-81E8-2DFE-6C0D-3A0C72A41659,JP,,4
28D16DE8-65D9-BB69-9F75-3A0C72A97E17,JP,FM,3
DEFA7398-66B1-8DF9-9DC1-3A0C72C0B067,JP,,4
CD84E6BB-3BE2-3EEE-C718-3A0C72CC5E11,JP,PG,3
0FC7314A-7268-2112-87C8-3A0C7342E207,JP,FM,3
34FB7ACE-A724-8398-7EC3-3A0C8232B246,JP,JP,6
CB254204-9438-7E5F-2509-3A0C969F641B,JP,JP,6
72335D02-C67D-F438-0D65-3A0C96B95015,JP,JP,7
87155A3F-4974-A240-78D9-3A0CABC1074F,KR,PG,2
49BB56FB-20EF-A526-5C62-3A0CB02BE9E7,KI,I4,3
DEEAAF08-1C0D-6A3D-5889-3A0CB02C95AF,ES,IW,5
C81CBCBC-EC8B-3630-D13D-3A0CB02D10EB,JP,NR,5
5C0DA977-7AF4-5918-369C-3A0CB02DB384,PG,PG,5
B615AD26-7A87-9182-B662-3A0CB02F9E7E,PG,GL,5
38560CBD-E77D-7B46-F22B-3A0CB030925C,PG,GL,5
9DFA4798-2F17-F99B-6887-3A0CB0326DB0,PG,GL,6
DE7BBC6E-8D78-D161-827B-3A0CB0328D76,PG,NR,6
E42504D0-00F9-7438-2529-3A0CB0334DC5,PG,I4,6
E42504D0-00F9-7438-2529-3A0CB0334DC5,PG,I5,6
7E89F209-5492-1B5C-CF3C-3A0CB03394CA,PG,GL,6
E226326A-8528-468F-1B04-3A0CB0343AC5,PG,PG,6
DF8DAA31-B770-66F5-030D-3A0CB0349305,SB,SB,6
781F3BE5-4A0D-9EA4-2482-3A0CB034F9A4,PG,PG,6
2BFB358F-248B-57E4-95F0-3A0CB0359A5A,TW,GL,6
0ADDCF66-D3F4-0D1C-04A5-3A0CB0360D09,PG,PG,6
A9CAA498-6660-D162-F927-3A0CB036EB68,PG,PG,6
56A52550-172D-A702-0CC5-3A0CB0375A11,PG,PG,6
2C5CE7BE-6D99-9566-3687-3A0CB037669A,PG,PG,6
B431307F-B0DD-27FD-79C7-3A0CB037CBBF,PG,PG,6
EC1F7B87-45DF-B07D-E607-3A0CB0382FF8,PG,,7
3C470758-A4C0-00C0-F664-3A0CB5531A65,PG,PG,6
7307FB22-10F7-0CB0-2000-3A0CBACF103D,EC,IW,4
A1B056A3-2FB7-1B95-C833-3A0CBAD34E16,EC,IW,9
A435D8FA-F7FD-E90D-8128-3A0CBAD921C8,EC,IW,6
85B87560-E783-2EAF-719D-3A0CBB2DEE9C,KR,PX,4
E598100E-A55D-229C-6818-3A0CC03B3785,EC,IW,6
94056107-E5B7-31DA-5BE0-3A0CC599D28A,JP,IW,7
DBC68295-D461-5AAF-945A-3A0CC5B32FFC,JP,JP,7
4940CCBC-56BA-6EFE-A555-3A0CC5BD8565,JP,IW,7
05C3F4F9-837C-3645-97B7-3A0CC5CFF3AA,JP,I6,7
05C3F4F9-837C-3645-97B7-3A0CC5CFF3AA,JP,IW,7
58FC8E16-797E-EC0F-27FA-3A0CC9ED096A,PG,PG,6
90B58329-9E89-2BC4-6C5F-3A0CCAAB67C3,KR,H5,5
32EDFFE9-4926-8EB2-FA25-3A0CCBB3F7BE,JP,IW,7
184C79CB-76C6-1915-9922-3A0CCBBAE5B1,JP,JP,7
DA55610B-DAFF-EE4E-8BB9-3A0CCF12C2AA,NR,H5,5
303D09C0-3D02-445D-E7EE-3A0CCF13129E,TV,,5
EB87FEA3-16D2-EE64-9E3A-3A0CCF14A6A4,US,PG,6
21FB36AC-0F1E-21F9-B36D-3A0CD438E378,PG,PG,7
5BBBB0D1-9916-A9C9-AA05-3A0CD95FC4B0,PG,PG,7
9A8A3B0F-41FF-27FC-A224-3A0CDE866865,ES,,7
5AFD69A1-C580-0FA8-8888-3A0CE3AEB0C5,PG,PX,7
487AF53B-ADF0-4DEA-48D9-3A0CE3AEFA53,PG,PX,7
9C7E36DE-44B7-A2E9-6745-3A0CE8D28443,PG,PG,6
9D3AB545-1B52-5D1E-7B95-3A0CF3204E1A,PG,PG,7
0E70DC7F-2994-3F3E-7399-3A0CF3D25B35,JP,JP,7
5132F0A2-DA95-654C-B877-3A0CF3DBE991,JP,JP,7
9B27C617-E39C-8D69-8021-3A0CF3E263AD,JP,JP,7
DFF16CA2-9352-7813-A0D5-3A0CF3EBD783,JP,JP,7
CACC3791-2CBB-CAA9-A988-3A0CF4C1CE58,JP,JP,8
713491F7-3F6A-C6C2-DEA3-3A0CF4C644AF,JP,JP,7
0ABE0998-90E3-D72A-607F-3A0CFD6A5D6C,PG,PG,7
CFA5C90D-0B75-C38B-DD7F-3A0D02B42332,EC,IW,6
3D5095C4-BBB9-0D31-2FC7-3A0D07B74485,FM,I5,7
95A15B5D-1C84-63BC-421E-3A0D07B785DF,PG,PG,6
23EE44FD-924D-CE3D-5A5B-3A0D07B79A11,PG,PG,7
32A59FE4-1B67-4737-4331-3A0D0CDF16E6,PG,PG,7
5B2CF973-846F-83D8-E711-3A0D0CDF7C54,PG,PG,6
351A27C4-84FD-7EE1-BC5A-3A0D0CFCE6D2,JP,,5
37A65219-5108-A003-E24E-3A0D0D03FB50,JP,GL,5
264BB642-EEDD-1200-280F-3A0D0D0CFB77,JP,GL,5
79F7FDE4-E6DD-B21F-9FCE-3A0D0D0EFE81,JP,,5
D3E402AD-01E4-7804-575F-3A0D0D3407BE,JP,GL,5
D419A0E1-0C51-B1C2-492F-3A0D0D3D9AD0,PG,,5
43DC10F3-B17D-EBC1-F0DD-3A0D0D649F62,JP,GL,5
DCAD5631-E284-A2C0-4206-3A0D0DA9CD9C,JP,,4
F76503F3-87EF-7AE0-CE8E-3A0D0DAF601E,JP,GL,5
4E6E31F2-902E-BAD0-0216-3A0D0DB7110D,JP,FM,5
06B929D5-03F9-5497-1122-3A0D0DD9B1F8,JP,,5
1B8E2662-CB50-2197-16EA-3A0D0DDF4D1F,JP,,5
834811AD-1877-FF99-0859-3A0D0E50DAAA,JP,FM,3
866321F1-3EDF-A848-DDEE-3A0D0E707C32,JP,FM,5
CB436343-91EF-390E-4FB7-3A0D120436CF,TW,LN,6
BFA8F2A9-C5E1-0C13-F146-3A0D1204E551,KR,LN,6
82396ED9-1ABB-2294-C620-3A0D13A3C45E,JP,,5
67BDEA8C-5E7B-9BA0-0130-3A0D172B8324,PG,PG,7
E8E2E02A-A2C7-8E82-1477-3A0D2178A57E,PG,PG,7
47A5378D-AD58-05EF-48A5-3A0D269D4125,PG,PG,7
47113058-D79F-0E80-5EAF-3A0D361098AC,TW,PX,6
77925BD2-8040-2006-7BBF-3A0D36114270,PG,PG,7
4626BB71-8308-33AA-5015-3A0D36ED1453,MH,I5,7
091E852D-70CE-2614-FCFF-3A0D3B37D763,PG,PG,6
78815760-BC65-6E0C-8706-3A0D4FD0594D,KR,LN,7
4F724DCC-03B4-3731-314D-3A0D4FD0DB86,PG,I5,7
34EE4EF8-2727-5434-40FE-3A0D4FD17131,KR,LN,7
DFFC5A36-B012-5C80-7C24-3A0D4FD1BEA1,PG,PG,7
101EB6B9-D736-D938-9F8E-3A0D513B0E33,JP,GL,7
2F9B797D-8387-2FB8-7D5D-3A0D54F628FC,PG,PG,7
F906BAD4-7BE7-0CD9-92FF-3A0D54F649FD,US,I5,7
18817A0D-4FBA-B0F6-EA68-3A0D54F66E66,US,PG,7
0CB5F2B0-4CF3-C697-4B40-3A0D5AAADD54,JP,,6
A5F4F223-EF47-C266-0A03-3A0D5AAF96CB,JP,,6
104E2924-5378-5E28-E55E-3A0D5AB15FED,JP,,7
43AEF7F0-A671-B3D9-236B-3A0D5AB4C63E,JP,,6
379C5900-592A-DDE5-CB7E-3A0D5AD50FCF,JP,,6
101B9F87-C123-F6B0-13B5-3A0D5F431235,PG,PG,8
3058B60F-657F-E346-AF04-3A0D5F43244A,TW,MH,8
65BF060C-DCD4-075D-EEE6-3A0D64693D4F,KI,LN,8
F764B453-1178-48CB-B226-3A0D6F460426,EC,IW,7
718B2515-F3C7-D90B-FE4E-3A0D705FD897,JP,IW,8
00A9E88D-E98B-738C-234F-3A0D7089BA7E,JP,JP,7
674FAC8C-7D41-5AE0-8F82-3A0D7097422D,JP,JP,7
996B2FB3-12C1-2875-A188-3A0D742865FA,JP,IW,8
EF5BA548-EF7C-3873-DB30-3A0D7431D1EE,JP,JP,8
09AC1A7A-DCE0-6995-C3CF-3A0D74470255,JP,JP,8
FC535366-6C05-AC6B-4E87-3A0D79029CCB,PG,PG,7
873E9A6B-2C14-1B5E-41C0-3A0D7E294827,JP,PG,7
6A7E95F6-F0C4-0255-DAC7-3A0D7E296AA1,PG,PG,7
CC702CA0-6057-BAF3-F5AB-3A0D8D9BE18C,PG,PX,7
92847BF2-D1CE-4E5B-D92B-3A0D97EA58FD,PG,PG,8
D8A4404D-728A-8E52-28DD-3A0D97EA7B54,PG,PG,8
74BB3B16-0C5A-F748-9E05-3A0DA75C1AFF,SB,SB,5
BE4745C8-6D3C-8E89-7C65-3A0DA75D8803,TW,MH,8
EA20D92E-6654-413A-8826-3A0DA75DED42,PG,PG,8
8FE68699-9D04-3A2F-2B75-3A0DA75E3624,PG,PG,8
DE8A6E66-FC7D-3107-7E67-3A0DB1AA1C41,PG,PG,8
811A16C2-7F8E-24A4-6AE7-3A0DB1AA3FA5,PG,PG,8
6712B0D5-1844-7939-7DCB-3A0DB1AA4D47,PG,PG,8
5B233496-33C6-9D2C-36A8-3A0DBBF631B7,PG,PG,8
A47C30E0-3BDC-5A56-49BD-3A0DC11D5EFE,PG,PG,8
EF6CA436-B6DC-571F-9266-3A0DD08F4B03,PG,LN,4
70E3D377-B77B-D5CF-0FC3-3A0DD0902B67,PG,PG,7
298F339B-FD84-5AE8-29DB-3A0DD090D4DA,PG,PG,9
A056688B-760C-C02A-F906-3A0DD090E0C4,PG,GL,9
D930CE86-C200-61D7-BE60-3A0DD090E554,FM,,9
FD852D7F-F487-660B-2E21-3A0DDADC2770,PG,PG,8
0F5B4506-8A2C-7210-5FC7-3A0DDADC3A41,KR,LN,7
829241EF-B30C-256A-AFDC-3A0DDB53032F,JP,IW,8
C746903F-F8A4-25CF-44F2-3A0DDB5A509B,JP,IW,8
C7235387-AB89-65CB-7F89-3A0DE00271C9,PG,MH,7
5EC82088-80FA-21AE-8FD7-3A0DE529729D,PG,PG,8
BF38CE0C-94E4-9FF4-CA2D-3A0DEA4FEA88,KR,MH,8
581C068E-B282-2B98-AD97-3A0DEA500891,KR,LN,8
3B0B0CED-F388-A39B-2653-3A0DEF75CB2A,ES,,8
1D05B555-D267-0AD3-5E6C-3A0DEF763117,PG,PG,8
0B91EFF0-11B2-86CD-8BB7-3A0DEF763D7F,PG,PG,8
1ED778FF-D454-7203-C412-3A0DEF76566C,PG,PG,8
8EF1590C-7E59-AEF1-4990-3A0DF49C66DD,PG,PG,8
39826E0D-6E11-0B14-9027-3A0DF9C44A1D,PG,PG,8
70024C6F-7F81-1C67-2F18-3A0E040F18A5,PG,PG,8
D6925088-8A8D-DFA9-7E4C-3A0E093581EA,PG,PG,8
5B31161E-9291-406A-6509-3A0E0A0A4E40,JP,,8
E60CAE28-3128-39F6-F02E-3A0E0A0BBE46,JP,,7
100B37B0-CCED-0E33-1BC3-3A0E0A3C08A5,JP,,6
F958653A-FE74-C677-7641-3A0E0A521DEA,JP,FM,7
EC416893-B62B-269B-091F-3A0E0A5A0B26,JP,,7
9DF69CED-49DD-9D2D-2DF8-3A0E0AAE48CD,PG,,7
25456C48-19B5-4FD2-FFE5-3A0E0AB1A32A,PG,FM,7
B56AF8DE-D157-D0B4-61EC-3A0E0ABA6FCF,JP,,7
80147545-8C02-4A46-F481-3A0E0AC1F997,JP,,7
83AAE7E1-9D03-ACBD-308A-3A0E0AC5A243,KR,PX,4
C72777BF-6E11-9E69-BBB9-3A0E1381B683,SB,,7
3645D544-014B-26AE-54EB-3A0E1384A7EA,SB,LN,9
FC195744-25B9-C57D-3BAC-3A0E2D42FF10,PG,PG,8
E97684A4-8D9F-9885-8531-3A0E2D4382D7,PG,PG,9
97DF2AB8-AC7C-47C8-C393-3A0E2D43DC87,KI,GL,9
11F2DF5D-3FF5-C7C6-A5FD-3A0E2D443828,KI,,9
728C81D2-CBCD-FA3E-A1D0-3A0E379008C5,PG,PG,8
39598AD5-FE40-93DE-72FD-3A0E41DB2DC6,NR,NR,8
6EEC1C65-5B42-B51A-5D0D-3A0E41DB76C2,PG,PG,9
AE3F97CF-C48D-A5CB-533B-3A0E41DB868D,PG,PG,9
846D87C9-C86A-6EC3-1666-3A0E41DBB5C2,PG,PG,9
BB453E8C-FDD1-5889-AE99-3A0E41DBBE0F,KI,,9
DCE91653-70CB-1D72-FAFE-3A0E4700BEE3,PG,PG,8
83F31604-F8BB-B3C5-3670-3A0E47012D53,PG,PG,9
12710B97-70DF-598C-9882-3A0E60C1BC53,PG,PG,10
77672718-AF07-BA62-1A14-3A0E65E7BBE1,PG,PG,8
39896284-7D8A-E4FA-3FDF-3A0E65E83CD8,PG,PG,9
634E03EE-C35F-9199-99ED-3A0E65E84A77,PG,PG,9
398C5E9F-AB2E-8FAA-4C41-3A0E65E8661B,PG,PG,9
D1363F84-6C98-9955-C3DF-3A0E6B0DFBE3,PG,LN,9
CE6FCDA0-29AD-18E3-1E76-3A0E6B0E5E88,KI,GL,9
F51BDFCD-F93B-42AC-AE18-3A0E70349B28,PG,PG,9
96F1E016-6705-06B8-78BF-3A0E755AB196,PG,PG,9
C2CB1DE1-D095-D1B3-0A91-3A0E7FA6DCBB,US,PG,8
9007AFD4-CA91-B6E3-8131-3A0E7FA82500,PG,PG,9
14EDA2EC-1789-24F2-C9B2-3A0E7FA83CF7,PG,PG,9
C9926E4C-0F64-CE5F-8DCD-3A0E7FA884E8,KI,GL,10
CF2E9D2B-D6AD-00CD-3F5E-3A0E7FA8B023,PG,PG,10
9A715745-CD95-E3B4-E1BA-3A0E84CF92E8,PG,PG,9
7420561A-40F0-01EA-E4B0-3A0E89F39E67,PG,,7
206E49B0-25FF-ED44-30CD-3A0E89F42E7A,PG,PG,8
C4017A5B-3E64-A51F-8948-3A0E89F491EA,PG,PG,9
F1E1FDD6-6E3B-D515-2CDF-3A0E8F1A0E00,PG,PG,8
E2AAC8C6-A9C8-1D47-C405-3A0E9440AEF6,PG,PG,10
BBBE7126-BB1B-2C2A-DE46-3A0E9440B9AD,TW,GL,9
67410BD6-3C25-29B2-1C71-3A0E99666727,PG,PG,6
301B1C6C-F3C0-95D6-B6C1-3A0E9967D9D1,KI,GL,9
D1011CC7-707E-0F6B-411F-3A0E9F33FE04,EC,IW,3
774539EC-EE78-DCEE-9C2E-3A0EA3B45E1A,SB,SB,9
57F1FED2-E1F7-2100-A646-3A0EA8DADC93,KI,GL,9
E47B9E20-9782-39A4-79DB-3A0EA8DB516B,PG,PG,10
E228D45C-9397-EAB4-4481-3A0EAE015E04,PG,PG,10
EE49B0E8-11FD-611B-67F0-3A0EAE016DDE,PG,PG,10
95B2CEEF-8E33-B015-CB2D-3A0EB327CA81,PG,PG,10
3795CA78-E398-75A3-ABD7-3A0EB327E84A,FM,,10
D97CEA80-C71A-C5D7-3383-3A0EB4200818,PG,PG,5
9591DE2D-B42B-4ED2-5C70-3A0EB42BD0A0,PG,PG,3
A76701AD-F56E-1247-58A3-3A0EB49B2558,PG,,1
AF1C49D5-3844-63E3-3150-3A0EB4CEA084,PG,PG,12
7915E295-EFF5-A3BB-AD1A-3A0EB4E07209,PG,PG,4
90F4A2B7-B92C-7238-7E79-3A0EB4FDF27C,PG,PG,3
080D8B05-F9B2-4AF0-EC38-3A0EB88F6C2F,PG,PG,7
3FCBBCA4-5024-9B26-3EAD-3A0EB8A69681,PG,PG,5
0151623E-91B7-6831-4FB6-3A0EB8BA1ED5,PG,PG,4
2D530FE9-CA69-A1C4-5CA4-3A0EB8E0E56D,PG,PG,6
3A99FA4E-6C06-7006-B954-3A0EB9481264,PG,PG,3
D675B26A-9AE0-7381-BF6D-3A0EB9D5DC17,PG,PG,8
58417C5B-9937-4665-5F36-3A0EB9F0CF6E,PG,,1
C7365E23-8AEC-489A-1EAD-3A0EBA0DB689,JP,,7
D42815C2-AD90-BDBF-8338-3A0EBA2F0F6E,JP,FM,8
645CB930-4F07-511F-9089-3A0EC7C13A60,KI,TV,10
645CB930-4F07-511F-9089-3A0EC7C13A60,KI,GL,10
C936127F-D1C6-C525-22CC-3A0ECCE6A14D,PG,PG,9
ECAEC378-DE6E-2E51-803B-3A0ECCE73036,PG,PG,10
CF318E78-D656-788C-251C-3A0ECCE75B78,PH,,10
D174F37B-78F8-FC0D-C49E-3A0ED20DCDE2,PG,PG,10
4513DFDE-B9B6-9909-E2D6-3A0EE6A97AA7,PG,PG,10
C0C5F10D-DA02-A367-57DE-3A0EE6AA9DB9,PG,PG,10
7CB192A6-4EBC-A4E0-B3E4-3A0EF0F4F74D,PG,PG,10
11FFA275-EE86-A81A-8748-3A0EF61AE9B6,PG,PG,10
E862624A-B696-00D4-1723-3A0EF61C0043,MH,TV,10
02CA30A5-2135-F495-4729-3A0EF61C193A,PG,PX,10
CF712762-9671-58F3-576B-3A0EF61C3A1D,KI,TV,10
1A279A1D-EDDA-5A3A-83D7-3A0F06132D76,PG,,5
20322C53-1D47-1C05-CB3B-3A0F0AB40A89,PG,PG,10
F1F17DD0-0007-E419-3E98-3A0F0AB47AE9,TW,PX,10
A106CB35-0585-5A26-AB56-3A0F0AB53368,PG,PG,11
76799D22-34D6-2940-8522-3A0F0FDBB7B7,PG,PG,10
40FBF638-EB39-D02A-1285-3A0F0FDBF439,PG,PG,11
478B700E-AF2F-CCD4-160A-3A0F1A2770D6,PG,PG,10
D8764479-638B-726A-44A8-3A0F1A27C2FD,PG,PG,10
348D0702-012C-D095-7B88-3A0F1F4D5677,PG,,1
77134DD6-CB93-761D-ED74-3A0F1F4EE090,PG,PG,10
56EC198A-A0CF-613D-40FD-3A0F247B56A5,PG,PG,11
7961A4BC-52F1-FAF7-AFA5-3A0F25424132,EC,IW,10
CA63D1E5-8731-6769-F968-3A0F266C8C5C,KI,TV,10
9400B9A1-E55D-F4F3-B49E-3A0F299CD23A,PG,PG,10
BB4A6DD5-0ABD-09D5-5EF5-3A0F2EC0AEC6,PG,PG,10
D981A819-2A1B-C10F-C406-3A0F2EC0ECE3,US,PG,10
7B2563F8-DBD1-F45F-0CCD-3A0F3E347D7A,PG,PG,10
21DEB264-F088-8F0A-9A2D-3A0F43598103,PG,,9
9A55692D-902C-6C5B-7D8E-3A0F4359E685,PG,PG,11
831E417F-070D-31A4-71FB-3A0F44083597,KI,TV,11
0FBCD355-5B84-698E-E262-3A0F44F19DB8,PG,,3
9B325F14-9600-9581-C81E-3A0F49059F0A,PG,PG,12
EC31185C-4C3F-F1D6-FB97-3A0F4958614E,PG,PG,10
F0E9444B-AC3A-DE6F-6948-3A0F49747B1C,PG,FM,2
C6692A8D-051D-2285-987F-3A0F4987F975,PG,,10
1E18DF10-6683-6B5B-F3FD-3A0F49F13564,PH,PG,10
4DF685A3-EBDC-6B9A-A915-3A0F4A184CC7,PH,PG,10
468AF142-EE25-DE8E-93DF-3A0F4A1E74E4,PG,,12
367FFC42-4D38-F7D9-D8A2-3A0F4A411DCB,KI,,11
978EC6C9-4F07-306F-BCDC-3A0F4DA594AF,PH,PG,10
3AFB3C1A-CA2A-C230-B0C3-3A0F4DE227CA,KI,TV,11
A8E0DA83-F412-191C-552B-3A0F4E7E2AF7,PG,PG,5
9EED85D4-DA4D-A603-6814-3A0F4E9D3E65,PG,PG,6
6B44FACA-A5FE-52A1-AE82-3A0F4F29DCD4,PG,PG,12
B80BA49E-CA7A-3417-8EAE-3A0F4F9AC730,PG,,6
676B4CAA-41EF-E498-E0E0-3A0F57F263CA,PG,PG,10
8E7E001E-2824-59B3-D350-3A0F583830A6,PG,PG,11
1F6199BE-98B1-24B5-396D-3A0F583FBCF0,PG,PG,1
402D78A0-F13A-53A8-5B2D-3A0F5842B038,PG,PG,2
2DAEE901-E96A-E0D8-4C87-3A0F585F595B,PG,PG,2
C0086E3D-E0B0-1145-92A3-3A0F588825DB,FM,GL,11
CCBC7393-F0FF-4E0B-8B1B-3A0F5D18D9E5,PG,GL,10
657342D5-5575-A908-6202-3A0F5D1921CE,PG,PG,11
3D2F0FB3-B6A2-DA2E-3E1B-3A0F623E510E,PG,GL,10
156364BD-668A-9E04-B120-3A0F623E64DE,PG,PG,11
D4264C2B-6F66-4214-F851-3A0F67656DFB,PG,PG,11
284CEF3D-99B8-34AE-8416-3A0F67B8D145,FM,PG,1
A6488D4E-52BD-298B-7DAA-3A0F67BE575F,FM,PG,2
1BF5D711-FC36-1030-825A-3A0F67EA1D42,JP,FM,8
B59016E7-72D6-D094-C8BF-3A0F67ECBBBA,JP,FM,8
EF563F59-EE64-1EFE-FA9C-3A0F67F797E8,JP,FM,8
7E7F044C-406A-57BA-2AB0-3A0F67FA0280,JP,MH,8
3A3F1926-0CA1-3389-ACD5-3A0F71B2A4ED,PG,PG,10
79A504CC-1435-48B8-4BE5-3A0F71B3234A,PG,PG,11
C18A93FA-2539-2BA6-A26F-3A0F76D86386,FM,PG,11
68D2B179-E394-837D-7157-3A0F77C07873,PG,PG,11
A8665672-0701-0D7E-97DA-3A0F77C9637F,PG,PG,11
D9780C32-2120-53D6-1EBC-3A0F77D4A104,PG,PG,9
C55D9946-47A0-41B0-6A2A-3A0F77D70914,PG,PG,10
CF2AB945-BCC5-4FAA-3A55-3A0F77D91542,PG,PG,10
016FB289-712E-D82D-859F-3A0F78484AFE,PG,PG,11
694849E8-548B-24F5-108A-3A0F78938505,PG,PG,11
5E92773C-4D40-E75C-5A06-3A0F7899321E,PG,,8
2F01D457-E4D8-D0E6-D74B-3A0F789D4BF9,PG,PG,11
BB7F8C7A-097D-5429-3CDD-3A0F789F1374,PG,PG,10
7EADFDD6-CAD0-1BC8-C119-3A0F78A80A3E,PG,,10
2B3A87CB-0645-7553-6AB9-3A0F8B72F5CA,SB,SB,11
E23BED15-5D5F-8EBB-A4D1-3A0F8B72FC2F,PG,,11
B33DD29A-DE4D-34E6-C867-3A0F8BF92CE0,JP,FM,9
88C62272-DDC1-1DFA-CCFA-3A0F8C19E9C0,JP,FM,9
EF94804D-5077-208D-16E1-3A0F8C247B0E,JP,FM,9
5C28C521-BFFC-AD85-3D75-3A0F8C6CBF0D,JP,FM,9
53B32800-96E0-C7AA-5D9F-3A0F8D197AD8,JP,FM,9
7CDBB253-810D-5DC6-58BE-3A0F8D1A86C3,JP,TV,9
39CE69F5-3E85-291D-B5B9-3A0F8D1E5EAF,JP,,9
136855B2-FE60-E7DA-3FCF-3A0F8D208294,JP,FM,9
D634AA16-F22F-44C6-4606-3A0F8D598FA8,JP,FM,9
F5D9FAC5-0CB0-3A67-32ED-3A0F8D5ABD8C,JP,FM,9
91FE39F7-46BF-B032-B2F5-3A0F8D5D7221,PG,FM,8
F8E6D12E-3175-4115-82CB-3A0F8D64BAF1,KI,PG,2
D9E8AFC9-C684-06F7-F601-3A0F8D67B4C4,KI,SB,3
3FD008F9-9877-C54C-1099-3A0FB4A58080,FM,PG,11
3F8A6652-A947-2702-62C6-3A0FB9CC86C6,US,PG,11
2A025FE2-4F00-4A6D-4502-3A0FBEF1C8CF,PG,PG,11
40E0EDC2-BDAD-0FF0-AEBF-3A0FC41821E3,PG,PG,11
DB30F401-354B-7967-4526-3A0FC940562C,KI,TV,11
4C7867C0-7B5D-EF2D-BF37-3A0FD38B2E17,PG,PG,12
8A6A7104-4FF8-9EEE-CC9B-3A0FD8B26198,PG,PG,11
344D6B22-FFB5-2502-AEC4-3A0FD8B29AC9,PG,PG,12
AD0EDE31-E1ED-99B1-873E-3A0FDE2403E5,PG,PG,10
6EBDF233-687A-CF36-704A-3A0FE825F98F,PG,PG,11
D2AD74EA-1008-37EA-D61C-3A0FE826390A,SB,SB,11
602EF71A-88B5-1C7F-4499-3A0FE8265752,PG,PG,11
846FE665-82F5-2D2A-70AD-3A0FF271EDFF,PG,PG,12
6C3F17A9-38F8-EE0B-D738-3A0FF798FEC5,PG,PG,11
38304A2D-4C29-7D41-9C1F-3A0FFCBF2614,PG,PG,12
822A49D8-7E25-44DC-D0DB-3A1001E59B06,PG,PG,12
97E50A08-A5B2-77E6-D472-3A10070C08A0,PG,PG,12
ECA1E818-0BA2-7F31-C501-3A10070C5ED5,KR,PX,12
DBCFE15F-045D-BD27-1C87-3A1007FC1774,EC,I5,11
CDFDEA22-850B-86F7-68C9-3A1008125C61,JP,FM,10
1E10BCAB-A1D1-24C5-4F5E-3A1008833A20,JP,FM,10
25FB7C8C-1066-BBD6-0A20-3A100897E670,JP,FM,10
AA5A6D2E-B410-7B49-2F2F-3A1008E83473,JP,FM,10
D03F0478-4F70-772E-CB1F-3A100C324575,PG,PG,12
A2C66FF4-35F1-45C7-028E-3A100C70E8BF,JP,FM,10
BC1A160D-D479-20E6-4BE2-3A100C855763,JP,,10
71D42175-0EF1-4A87-D67B-3A100CAEBFA3,JP,FM,10
3465F396-B9F4-C4EF-10C4-3A100CF5562A,JP,,10
7D0652ED-4534-C4C8-23E7-3A100CFAAED4,JP,FM,10
060779F0-E53A-FC21-E62C-3A100D070D33,JP,FM,10
D971D0D1-D7C3-C73F-025A-3A100D0CD4FB,JP,FM,10
1AFE283F-D9C4-3A53-B66B-3A100D2CCD99,JP,FM,9
C6F8C425-170A-1BAE-7E1E-3A101158F398,SB,SB,12
CAA7FEF9-F606-7CD4-24D4-3A10167E5367,TW,TV,12
9657214A-659A-B819-CA9C-3A1025F155A2,PG,PG,12
BC69BD25-9B92-A13A-7DA2-3A1025F25FE4,PG,PG,12
F1680720-D8FD-C36B-FBB0-3A102B18E00F,PH,PG,12
F36D72B2-44AC-09F5-7098-3A102D283F12,PH,PH,1
27ABDB84-CD6A-E6D6-A389-3A10303C31AF,JP,FM,10
0DFE803C-5AB5-7F5B-1936-3A10303C84D8,JP,PG,3
000A9AEA-45EC-4B4F-7F32-3A10303C98F1,JP,PG,9
1314B85F-2A77-7D01-469F-3A10303CB02E,JP,PG,12
86E6DECE-7DE3-371C-6D16-3A10303CC4AA,JP,PG,2
A80EEF23-4D4A-DED8-014B-3A10303D0FD6,JP,PG,6
8B2E7E13-CDBC-D39E-BAD0-3A10303D2610,JP,PG,6
04AB915B-C7BB-87E3-FF14-3A10303D441E,JP,FM,4
DAC338BC-D542-1B97-7262-3A10303D537A,JP,PG,11
3A475296-DD3A-774C-8807-3A10303D6497,JP,PG,11
43B21230-F3A9-222C-AC4A-3A10303D705C,JP,PG,12
C056FA20-5297-63BC-ECFE-3A10303D80FF,JP,PG,12
F0EB74AD-9E9E-FCDD-A8FA-3A10303D9037,JP,PG,12
EC013607-0E1E-1981-70DF-3A10303E7C76,JP,PG,12
5DD0C795-4E53-94E1-C144-3A10303EAD71,JP,PG,6
1AE7AC63-4D7B-2376-A50F-3A10303EBDB1,JP,PG,8
45249E62-0EB0-41C3-C882-3A10303EDB25,JP,FM,10
CEAA646B-97AD-D53F-28B0-3A10303EFD23,JP,PG,10
40F7440F-2128-EB9A-BE9A-3A10303F15A3,JP,PG,10
BCE3EDF0-070B-6632-965F-3A10303F20E5,JP,PG,11
012A0E15-D7E2-3F3F-F981-3A10303F43FF,JP,PG,11
6A8FFE56-C488-37D4-2D77-3A10303F5142,JP,PG,11
320C3D87-CE76-128A-F995-3A10303F7CB3,JP,PG,11
BCB35384-41F7-8493-D256-3A10303FE45F,JP,PG,11
5D471F9D-2CD7-0A65-486D-3A1030401606,JP,PG,12
68484BC6-03E1-0669-3389-3A1030402097,JP,,12
F36632DA-2CCB-01B9-C12C-3A103563ABFC,PG,PG,12
FE87E4BA-39E5-4706-E753-3A103A8A549C,PG,PG,12
59E99BC2-57A8-F0AA-C02B-3A103FB0178B,PG,TV,12
402AF05C-69A0-773A-9677-3A1049FD9705,PG,PG,12
9A883070-F4E3-D0E7-4E98-3A104F24522C,JP,PG,12
217C2E81-DBAA-6F4D-C9E8-3A104FC9B4A6,PG,PG,7
98D536D9-6AEE-91FA-DB87-3A104FFEA372,PG,PG,1
AC5A3D17-CCD3-B2D6-8281-3A10544A4864,PG,PG,1
DF58BC8F-251D-85BC-3B68-3A1054A71A41,PG,,6
8A355746-EE4C-43F0-95CA-3A1054CBD9DF,PG,PG,6
956A3EEA-C71D-223A-6AA7-3A105970886B,JP,PG,12
AB41478C-14E4-DD49-0170-3A105971C28D,KI,,1
598A71B0-5A5B-3B86-E61C-3A1063BD8801,PG,PG,12
3CBCCE45-79A5-B0FF-9FB9-3A1063BDE107,JP,FM,1
B8604481-7332-7147-3D75-3A1063E9D62F,PG,PG,4
FE3810FC-BFB7-9464-04A6-3A1064446DFD,PG,PG,8
D95BBE80-BD47-6F2A-76C7-3A10648D316F,EC,LN,11
9907491C-9838-8A93-49CC-3A1065629E04,PG,PG,11
E14E25B6-E115-B4C5-9A3A-3A106947042C,PG,PG,9
88EB1D00-DCD6-6CB9-C4E0-3A1069727607,PG,PG,10
6C179B9E-7B70-AB72-C4BE-3A1069D5ED5C,PG,PG,7
5683C46C-175F-A322-F225-3A1069E24123,PG,PG,10
E959A51A-A4A5-885B-8C88-3A106A03DEE8,PG,PG,11
804DDE0A-5479-2F10-7A68-3A106E0B1D48,PG,PG,12
B176858A-F245-B428-9DD8-3A106FE99485,PG,PG,6
44A353EC-B5B4-B44E-FB12-3A107330BC2C,SB,SB,1
8C16B1C9-DFC3-465A-C793-3A107330CD0C,PG,PG,1
BFEA973D-DA1B-0695-42AE-3A1073ACD072,PG,,8
92D76183-F453-FEEC-8A3C-3A1073AF81F2,PG,,9
58C44BB4-899D-F5BC-030D-3A1074496A4B,PG,,3
1AB77CC7-C765-B172-1BAB-3A1074BA9C65,PG,PG,4
F2404A3C-716D-A766-E07E-3A1078572A47,PG,,1
EC9850E6-AD1D-E535-48B5-3A1078574564,KI,,1
8CEE0D5B-F8EF-0A56-74A2-3A1079185E28,PG,PG,1
4C9D3A02-DCFE-AD7B-367F-3A1082A357E8,MH,PX,12
08673257-A9B9-B8C6-2E1C-3A1087CA46FC,PG,PG,1
4180F2C5-1AFA-8B2F-7F0E-3A108CF0589F,JP,PG,12
AF7E91AB-3D04-36C5-E79C-3A109287AD92,EC,LN,10
233B3001-29B5-6025-6DFD-3A109C63635E,PG,PG,12
0C97CC06-A48A-D710-8ED2-3A10A189A718,JP,PG,12
D51A17EF-1E85-C00E-FA99-3A10ABD7609A,SB,SB,1
E760E806-49EB-957A-0E26-3A10B0FD6FFF,PG,PG,1
F372B2D0-EBF8-D1EA-1BEF-3A10B2916183,PH,,1
058DBFFD-0AE2-11A7-ED3A-3A10B6236F27,JP,PG,12
C5BBE0A7-EB92-C03A-25F9-3A10B79DC293,KR,LN,5
3F2EB264-D593-1E47-9765-3A10BB489624,PG,PG,12
BB9CD3B7-5BAD-89FE-5730-3A10C06FB222,PG,PG,1
81993C67-13CB-3B85-F2A0-3A10C595AD44,PG,PG,1
684AA678-83F7-DF54-C20C-3A10D0931E9E,SV,I5,11
E1D4B0AC-48FF-0566-94D8-3A10D5092F52,PG,PG,1
409D1075-38DD-0839-FA5D-3A10DF579083,JP,FM,2
D6095FFF-7999-3DE8-70BB-3A10E47C3D83,JP,FM,3
2418FD7D-88F9-301F-2D76-3A10E9A29C0F,JP,FM,1
F410CC9E-CCE3-CE64-E147-3A10E9A2A995,PG,GL,1
923A333F-8716-B4C7-0D3B-3A10E9A2C040,JP,FM,1
B5F35479-F1D1-E569-2DD9-3A10EEC880D5,PG,PG,1
B5D00B44-A001-4374-E4B8-3A10F3EF5F91,PG,PG,12
A1AD78C2-E1FD-DC44-71BF-3A10F9E65A61,JP,,11
7F1A5669-8B98-3500-9780-3A10FE3C91A2,PG,PG,12
7BE8BB63-29AD-BC06-2426-3A10FE3CA18F,PG,PG,1
1BF2FDD5-B79D-13AC-B01C-3A11034AA196,KR,PX,1
C3284083-0EC1-68CD-0FF4-3A110DAC7F2F,PG,PG,2
E77A1792-6D6B-E7DC-707E-3A1112D31D1D,JP,FM,1
DAB9A191-FBBC-1E22-392E-3A1117F9ABD4,JP,PG,1
A4E39398-0CA9-C1AB-4442-3A1117F9BEC6,SB,SB,1
A2D38564-0E7B-4D1D-D7F7-3A111998CDCD,NR,NR,4
9C281D79-E5CF-91C7-F64D-3A11239D8AF4,PH,I1,12
FDCE1426-2497-8636-D72E-3A1123DEB34E,PH,,12
3A71DBF1-1438-AF33-615F-3A11276DA1AF,SB,SB,2
9A9CA935-7B6A-39C6-0757-3A112C925C33,PG,PG,1
435C8340-068C-287D-4605-3A1136DF0D47,PG,PG,2
291A6B13-E00C-3C08-FCB2-3A113C054566,SB,SB,2
FA174C91-8ABB-EE4D-E1B4-3A11412B8FE4,PG,PG,1
45DFA54C-7B2A-8683-EE4B-3A1141DD5B81,MH,I4,6
8F7A059A-E921-1D16-F268-3A114BB0AF5B,PG,,1
F75A317C-1527-2AC6-D975-3A114C23AD57,PG,PG,10
73A5E34A-02E4-66F5-5A3E-3A114C346EA4,PG,PG,12
DADE718E-4BEC-E567-0F2D-3A114C661BA6,PG,PG,12
CE537767-1A85-F374-3C14-3A114C8DE66F,PG,,2
F92AE88A-50F7-2610-F897-3A114C8F8831,PG,PG,2
80BBD2B3-2C18-B274-BA19-3A11509F253F,PG,PG,2
1A01D195-A6C9-F63C-8529-3A1155C5EBD2,SB,SB,2
4AD48A25-3296-1BD0-F160-3A115AEB8FC3,FM,TK,2
1D5C04A4-7DA5-66B7-5E80-3A116054D02F,JP,FM,12
C6EECB64-FF5D-7920-C4A0-3A11609B2E2A,PG,,4
A3A660A7-8BF6-8CD5-F708-3A1160A4C5DE,PG,,4
3D4E7AA4-E48F-5746-3328-3A1160A74C97,PG,PG,1
5E7DB993-318E-DEB0-45A4-3A11610CDD45,PG,PG,7
34AED1C3-EEFA-5A08-C1F7-3A116110EF60,PG,PG,7
567E951F-D193-8609-D889-3A11611CADD9,PG,PG,8
68CA695A-BF95-0F40-F9E6-3A1161912FF9,PG,PG,2
59642E93-0CDC-985A-5B2C-3A11619446A2,PG,PG,3
874AEB3A-DA40-A9FA-9782-3A1161BBD500,PG,PG,3
E5C7917C-D195-C001-D49E-3A1161E2893F,PG,,11
D9DBBB91-DBCA-8925-980A-3A1161F64722,PG,PG,4
2F4F5884-EE06-EE78-BB64-3A116538A2D6,PG,PX,2
513C0E5C-D99E-23B5-F999-3A116F8530C5,PG,PG,2
5A743376-4472-F5F1-7BD2-3A116F855EE2,PG,SB,2
51630B61-436E-A1C1-4302-3A117080C744,NR,FM,2
2520854D-8CCB-F9F4-F815-3A117EF7E0E7,PG,PG,2
E23A83EC-3C6B-9AA7-AA70-3A117EF7F522,PG,PG,2
3F472120-59E6-2263-CA76-3A11853EFBC4,PG,,8
2D211556-EB50-E334-C56E-3A1189453D6B,PG,PG,2
2BB8F47C-8FF7-533D-D2E3-3A1189455EFD,SB,SB,2
69365CF2-1A18-5FDA-D273-3A118E6AE9AC,JP,PG,2
C947DDF8-F9FA-7E91-94FA-3A119391C0F2,PG,,2
A06783C3-A154-8964-7925-3A119391C950,PG,PG,2
3E793075-0747-F9AB-257E-3A1198B80840,PG,PG,1
FB851C51-BD38-4D82-F6A1-3A1198B84274,PG,PG,2
BBB897D0-23F0-960E-976A-3A1198B866DB,PG,PG,2
355F9C88-BCE3-16FE-3ED0-3A11A304EB52,PG,PG,2
B8B2048B-0173-42AA-DEB3-3A11A82A8F31,KR,GL,1
05CA2A0D-B5D0-8F6A-8E19-3A11C1EA3DE4,PG,FM,2
21CADDC1-991D-DEC2-FE82-3A11C70F53E3,SB,SB,3
A5D3AA58-DB88-97D2-9BFF-3A11CCD8C992,PH,PG,4
4A310142-C89D-372C-F52C-3A11D15BC61A,US,LN,2
83A9379B-966E-1832-C0E6-3A11D17FDDE9,PG,PG,2
E5EC552A-D35D-2713-51F1-3A11D681FE06,TW,GL,1
E5EC552A-D35D-2713-51F1-3A11D681FE06,TW,H4,1
E329A9CE-95EB-51A4-2013-3A11D8228DE5,PG,,3
BDC3A725-215F-E358-8859-3A11D85D9F18,PH,,3
77526907-C834-DF4B-AF4D-3A11DBAA1E3E,PG,PG,2
54CF1448-B56A-D297-3470-3A11DD548F98,PG,PG,6
EDF1A4A3-19ED-49BF-6145-3A11E5F690CA,US,I5,2
9D4943B4-E9C7-41B9-9BBD-3A11F31E349D,PH,PH,1
E2EBED37-8251-5DBD-EB52-3A11F3241B9B,PH,I1,1
C9A9D25B-DC29-EC24-DE5A-3A11F687ED1E,PH,I1,1
68DB1006-87EA-AED9-EFD4-3A11F695A343,PH,PH,1
14D3370F-C66D-1505-FD82-3A11F69A70F0,PH,I1,12
F5EF105F-1A88-1ADA-F681-3A11F6B638A5,PH,I1,1
3E8AFA97-C7C2-2F87-F801-3A11F6FC423D,PH,PH,3
015F0320-4C87-4F10-22DF-3A11F7280C1D,PH,I1,12
0E93A299-344B-D23C-5BF9-3A11F7858176,PH,I1,1
1131CF20-F48F-59BD-A8A3-3A11F79C89F8,PH,I1,12
B7152E4D-7A74-2748-3A23-3A11F7A9DFEE,PH,PH,1
084F8028-D9B4-D4FD-2124-3A11F7C940E0,PH,PH,2
9F639821-7DBA-21FC-C1A5-3A11F7D0825A,PH,PH,1
65D25A8C-2276-EA03-D01B-3A11F7F915DC,PH,PH,2
BBA83833-BF3B-CB7E-F1A7-3A11F80455D6,PH,I1,12
E6F7B539-3E35-CB26-31D4-3A11FBAEA639,PH,PH,1
E673A635-661E-2B1D-752F-3A11FBDBA7DF,PH,PH,2
53C88529-7C2E-BA24-011E-3A11FBE1BFAA,PH,PH,2
52453E5A-A26B-75FE-265E-3A11FBED4509,PH,PH,3
2C3E5586-CF23-1EFC-6AF4-3A11FC0BF982,PH,,6
649BFE53-EB74-9292-FCE8-3A11FC2A8630,PG,PG,2
BB909C8A-E681-7AAA-F219-3A11FC8BAEB1,PH,PG,9
325278B3-B82A-DEF4-D28B-3A11FCC550C5,PH,I1,2
0D9C9059-0760-3E49-9593-3A11FD0A3568,PH,PH,3
1934B6BA-9AA9-84A1-BCDB-3A11FD5462E8,PH,PH,3
180C5D15-7E13-FA1F-6552-3A1200645484,PH,PG,8
8D20D820-F35E-F6FF-AA4F-3A1200A1C868,PG,PG,11
7A29E5EB-78AC-8046-B805-3A1200B31EC4,PG,NR,4
E7FA9068-0060-6061-0EFF-3A1200C82CB6,PA,PH,12
15E4A1C7-BA80-2072-4278-3A1200FDF703,PH,PH,2
CD3C24D9-70C4-056E-B4CC-3A1201A435EB,PH,PG,5
A40633CD-5000-42D0-95E6-3A120A03284D,PG,PG,3
99823A90-3D27-1249-6D9A-3A120A034D84,JP,FM,3
0D9D1CD7-500F-59D6-645A-3A1219769AFD,PG,PG,3
B2D6C9FC-8114-0CCC-8A88-3A121F84FBDD,VU,PG,1
5F25BA0D-9AC6-1FA8-667B-3A1220869B13,VU,PG,4
C55CED59-3EDA-741D-E2D4-3A1223C3095E,JP,FM,3
3A429C1F-ED7B-5981-6524-3A1223C32897,PG,PG,3
F950DE90-AF37-9BFB-C063-3A1223C3720E,PG,PG,3
1145DC7B-0D43-39C1-45D1-3A1223C38386,PG,,3
AB455CA9-9908-4005-720B-3A122E0FCF5F,JP,FM,3
BA5E3681-0761-87D9-4CA4-3A122E0FE51E,JP,FM,3
F0836BE2-FBCD-2778-F1BB-3A123D8303D4,PG,PG,3
BC2B8E67-CF6F-974F-BB5D-3A1242A921C7,PG,PG,3
D2BEC3DE-FBC1-7AB3-FFA7-3A1247CFD241,PG,PG,3
FCD36A79-6314-A72F-7F3A-3A12521C6BC8,PG,FM,3
63E236E1-A6F9-0FF7-596C-3A125742D3FA,PG,FM,3
5AC6D2D0-6402-9831-A6F5-3A125742E102,JP,FM,3
B4275E74-CA7C-6A33-B57D-3A12574301FE,PG,PG,4
989E236F-5D08-E66E-AD5E-3A128076472D,JP,FM,3
0A4D3BAE-DDC2-CFC8-047F-3A1280766C58,PG,PG,4
43767802-5269-4580-6561-3A128AC2DFC2,PG,PG,4
32F0ED85-DC9D-4CBD-9CCC-3A128AC2FA98,JP,FM,4
5FD7F1C5-D9DF-5F98-ED8E-3A129A3565FB,PG,PG,4
856D2F6F-59EB-37EC-C9D5-3A12B3F55DBB,SB,SB,4
300730B7-AFC2-29F0-6B7C-3A12C36848FC,PG,PG,4
2A3416DA-94D0-852E-1024-3A12C88F1A4A,PG,PG,4
5E172F71-0662-12EC-419D-3A12CA262236,KI,GL,4
98BB32FC-3D5D-C290-DC44-3A12D8019E6A,PG,PG,4
A9627EE2-174E-CA0D-C0A3-3A12D801BBC9,SB,SB,4
6A4D9C20-D78D-1D64-AF03-3A12D801C36C,PG,PG,4
0C55D031-63E2-94A3-D2D0-3A12E24E5078,PG,PG,4
0E272A62-D057-7E63-605F-3A12F8B183BA,KI,TV,10
0C5E9BFF-6CED-AA1B-59D9-3A1301347504,PG,PG,4
FEB0F74E-5B27-1B54-E052-3A130134B6D7,PG,PG,4
7E5FB50D-4F89-5EFB-6795-3A1310A75B6F,US,H5,10
C71D8A77-44E5-5E40-C7C1-3A1315CE3C76,PG,PG,5
D1334E11-9A06-71E0-4242-3A131AF4C4C6,JP,FM,4
94C04344-2448-5CEF-19BA-3A131AF56721,PG,PG,5
311319F2-9B9A-B5E0-8152-3A131CE3F3DF,KR,TV,12
40766005-E468-C244-70B4-3A1320BE7082,KR,TV,11
08AE7E50-1888-402E-6E47-3A132A84F14E,PG,PG,5
ECE77EF9-E53C-1338-6F32-3A132A88D825,PG,PG,5
AC377F6F-169F-879C-7913-3A132A88EEB3,PG,PG,5
F53BDB20-B774-86EA-3792-3A132A8AF359,PG,,5
B9DA6695-409D-C2A0-E217-3A132F8CF534,SB,SB,5
82156F5B-FB84-B142-CC4D-3A1339DA98CE,PG,FM,4
03C80EC6-23DD-F59A-B8FF-3A1339DAADC9,TV,PG,5
E18836B6-4CF2-A75A-F20E-3A133F008F63,KI,PX,3
C5A30621-6473-835A-5ECD-3A133F00CB06,JP,FM,5
2F6AA612-2FCA-4BAA-E9BB-3A134600BCF6,JP,JP,6
8DA86621-CD7F-114B-10A4-3A134E731729,JP,FM,4
A0396754-3591-5DEF-CA71-3A134E733F67,PG,PG,5
ACF86A9B-D9FD-8B76-96AC-3A135399CFF6,KR,,6
141F6E46-B0CF-7387-C257-3A13539A568A,SB,SB,5
4C56E4FA-5986-75CE-A397-3A1359ABE001,KR,,6
31A4521A-93DA-0824-B784-3A135DE667BB,SB,SB,5
C3D2D0C3-F8EC-8BAA-3F8B-3A137CCF9088,PG,PG,5
4847BD9F-51A2-FB89-A67E-3A137CCFE942,PG,PG,5
E92A153B-93BD-BD1C-7AE5-3A137CD006FC,PG,PG,5
B4721DA5-E719-17E0-99C1-3A138C404D38,PG,PG,6
D5CA5F77-29C0-09EB-3A15-3A1391665EBB,PG,,4
F15F0CC3-F2B4-23C4-6C82-3A13A6B3C5BF,TW,GL,5
EE1429FC-9716-6010-45BB-3A13B571FA46,JP,FM,4
39D8496A-5F67-5CCB-68C3-3A13B57229FD,PG,PG,5
B10E5A64-3110-8125-71EB-3A13BFBF0755,JP,FM,6
D77832E1-A42C-E5C0-770F-3A13BFBF558A,KI,GL,6
5570A7E2-ACD8-87D7-0D98-3A13CA0C330B,PG,PG,6
E2C4F805-8F91-E6D5-A8A2-3A13F33E3A25,PG,FM,5
2EA6A313-4718-CAA4-FD35-3A13F33EDF21,PG,PG,6
59F670A8-5D19-3DF4-2F6B-3A1402B1A598,PG,PG,6
5DC63886-F797-7E51-D745-3A1402B1E138,PG,PG,6
FC38AE8C-941D-2A99-6CEF-3A141435321A,NR,I5,7
AE196F16-E7B6-7A68-5F74-3A142197DB6B,PG,FM,6
BCE38F46-7451-806B-8FDD-3A142198366B,PG,PG,6
27DFE2BB-0467-7B6E-0442-3A1426BD3FB5,PG,PG,4
4B50C89F-1FAB-51F0-EB36-3A1426BDC460,ES,IW,6
06763555-DDBD-9145-9590-3A1426BDD7C2,PG,PG,7
3BBDC5E0-EA5A-0EC8-72BE-3A14310ABF92,JP,FM,6
62E868DA-D370-5992-883C-3A143B687B51,KI,GL,6
9026305F-BCA9-EE24-5333-3A143B68944E,PG,PG,7
D1D45406-BF48-5317-C6F2-3A143CAC9AFD,SB,PG,4
6E81E490-9836-E609-09CB-3A144ACCB0DC,PG,FM,7
CE325225-221A-03F7-C309-3A144ACCF3D2,PG,PG,7
EE7E4367-6030-34B2-0DFC-3A145B4552D4,TW,GL,6
D45E1083-20A1-CF3D-8170-3A145F63B61B,KI,,3
AF867459-E014-5C3A-9D3A-3A145F63DCB5,MH,,5
8E566B0C-6E62-B70F-468F-3A145F64F0F4,SB,SB,7
A58A20B9-43CB-C848-DA17-3A1460588B28,VU,GL,5
E381707C-6876-17F1-940A-3A14648A908B,SB,SB,7
656867E5-D0D5-0FB7-C0AF-3A146ED645E4,SB,SB,6
CEEEB825-345E-94F1-8F76-3A1479852CBD,PG,NR,7
9E96CA24-1344-CD89-A7AE-3A1483DF3968,JP,JP,7
5F69E5A5-B5FB-54E4-7A1C-3A1483FBA92B,JP,JP,6
1F6B92FB-76D9-218A-BDFE-3A1484357131,JP,IW,7
380DC678-E160-7AFE-3D29-3A14843F9164,JP,IW,7
80ABC743-5AC6-94E6-DDA0-3A1484479E65,JP,JP,7
FA965307-2909-70DF-B411-3A1484577210,JP,IW,7
916A6938-4FEA-D00F-E199-3A14846814D6,JP,JP,8
5EB60845-E5AD-0FE9-238F-3A14848BF0CF,JP,JP,6
55E49FD2-FB68-F232-9404-3A1484AA9F4B,JP,JP,8
7C94E40C-4591-F7FC-A264-3A1484B8BA24,JP,JP,6
D2D69134-09CC-5568-B725-3A1484CCA786,JP,IW,7
DDAB010E-3452-B547-221A-3A148523FA9A,US,,5
860EC42F-8D47-03E9-2C5C-3A148532606E,NR,I9,10
2D709960-54CB-25A9-61A4-3A1488969E54,JP,PG,7
5AACAAB3-B1AE-226B-F919-3A148896F54F,PG,,6
426FD73A-AE35-3F00-17B9-3A1488FD0D7C,JP,IW,7
A2646209-FBDC-FFB2-FF92-3A149E880DAB,PG,NR,8
7D080242-6A21-A208-C205-3A14A255D979,PH,,5
D5FE7490-65C2-9111-0FA9-3A14A256DCF3,PG,PG,7
883AD652-B404-68A3-36C2-3A14A25717DC,PG,PG,7
2DD57803-97FC-8463-D13B-3A14A2F1A7A9,TV,FM,7
3AD0BCE0-3967-AC41-A672-3A14A788104B,PG,PG,7
CE88FD7E-81BF-8DE5-3F28-3A14ACA21F07,PG,PG,7
98252DD6-F4A9-A00C-2041-3A14B1C85DF4,US,I5,9
A5541BAA-C9F7-B702-341F-3A14B1C87191,US,CK,1
7CB2C2CC-9897-F0B8-FA84-3A14B1C89ED2,PG,PG,6
46AB6801-02AA-C628-1243-3A14B1C8F303,PG,,8
38161D96-8884-40D1-2A3D-3A14B461F0FA,PG,PG,3
27EF68DF-C0A3-9E3A-7CF1-3A14B47A0435,PG,PG,3
32F656A5-AEE2-FB7B-2BCD-3A14C66134D4,PG,PG,7
26DF0B6D-15E6-755B-DD19-3A14C6614C26,PG,PG,8
766F76E9-AD96-B3B2-8C2B-3A14C795BA3F,KI,,5
F8DA575D-2FA8-F43F-A2AF-3A14D11517C4,JP,JP,8
A64C28BE-0433-2E6A-EE72-3A14D1211D04,JP,JP,8
71BDD418-940F-81FD-8824-3A14D12EEFC1,JP,JP,8
16FD6A85-9C3B-6E73-CE48-3A14D133B850,JP,JP,8
ACB3DC4D-2181-19CB-1629-3A14D13C5E0F,JP,JP,8
D2C324AF-9E42-0BFD-DBDB-3A14DAFB1C2C,KR,PG,7
027F8A27-2865-5E05-71E0-3A14DAFB4882,PG,PG,8
1169C3E9-39F9-88D0-F182-3A14DAFB7A32,PG,PG,8
A706A3F9-154F-DC8A-B898-3A14DAFB8F36,PG,PG,8
BF3EAF91-5918-EE02-448E-3A14E54811E5,PG,PG,7
7238368F-1507-5FB9-25B7-3A14E5483C1C,KI,PG,7
AF45AA21-6DD1-312A-693D-3A14E54874B6,PG,PG,8
F395CB3C-BF54-61E7-574D-3A14EA6E9A1E,TW,NR,7
008DAD90-1A4D-FDA5-84A6-3A14EA6ED258,SB,SB,7
9F033276-C36A-A892-672D-3A14EAF1D7A2,PH,I1,10
491E9FCA-6529-6C07-4324-3A14F9E178D3,SB,SB,8
B026554E-E4DC-95C7-F0DE-3A14F9E1A353,KI,NR,8
070C8C4D-C2F5-8C7E-0A43-3A15042D9786,JP,PG,7
34A5EFD1-25B5-4446-95C7-3A15042DA78B,JP,PG,7
02678824-38AF-15EE-A0D8-3A15042E01CA,PH,,8
5A876F14-EC96-96C5-0805-3A1518C929E0,PG,FM,8
FCE56CF2-72CB-AEA7-AAC0-3A151DEDA179,JP,FM,8
08AC3308-2347-8FFD-4008-3A152F34852C,KR,TK,1
B3710BE1-2FBB-BE47-637F-3A153287228A,PG,PG,8
863CE3BD-B31B-F173-940A-3A1537AE1041,FM,FM,8
38EAFC75-937B-8A06-A60B-3A153CD40F21,JP,FM,8
95AF6AAA-BC4A-9BD4-F537-3A153CD42363,SB,SB,8
609D48E1-A7A9-2916-4D03-3A153D38672A,PG,PG,5
B30CA4B9-A887-A056-4499-3A153D5CD549,PH,PH,2
B5323DF0-05D7-6D00-B0D1-3A1542861428,EC,LN,1
90E9DD1C-8AB5-6C6A-E268-3A154720D3BB,PG,PG,10
ECBAE1A8-E993-4789-6C7F-3A15472214C5,SB,SB,8
C5FB2E55-7213-40F5-F9D6-3A15516CDFDE,SB,SB,9
7E20EEE9-3487-80CA-F8B1-3A1551B3E678,PG,MH,8
FE577425-ED88-2AA1-376A-3A155BB9C21E,KI,GL,7
2AC9A60B-033F-8ED4-A3C2-3A155BBA9721,SB,SB,8
335C33CC-45AF-C8E8-2885-3A1560E00DF0,KR,FM,8
5DD546EF-A4F5-4C86-7966-3A156290A8F4,KI,TV,3
71D8EE68-D90C-F0A0-F150-3A15660654DB,KR,TV,1
E3F3F71A-B9E0-0718-0245-3A156606E4FD,PG,,6
1253D2A1-BBA4-D4C0-FFE5-3A15758B2EA5,EC,IW,8
37EEA1D4-4779-CA84-32C2-3A157AA06EBC,PG,PG,9
6683AF4C-0E5C-2606-56AC-3A158A135F18,JP,PG,8
EB4F0275-235A-94A1-D546-3A158A13A3B9,PG,PG,8
49C7D7A3-AF0C-6A3F-50DF-3A158A13BCC5,PG,FM,8
7FA57A39-9131-B63B-F570-3A158A144A0B,PG,PG,9
1EABA506-916E-EDD5-C642-3A158A14B6FE,PG,,9
27C62DF9-F399-B20E-B47A-3A158A14CE95,PG,,9
E179BD0D-033A-36EE-D120-3A158AE30AD9,PH,I1,1
50F694DF-49D1-A8FB-F88D-3A158AF306DA,PH,PH,3
A24022F8-8C8C-ADD1-E231-3A158AF816B4,PH,PH,1
C56CFA3A-4E52-D315-D5F0-3A158AFB3E1C,PH,PH,2
66A4E6D1-BAF7-D77E-C825-3A158B049215,PH,PH,2
9A99C62F-5E7D-0F99-54F1-3A158B0750F8,PH,PH,3
F4F08861-2C14-1D76-CAAB-3A158B0FBFCD,PH,I1,1
05663995-EDC1-D236-397A-3A158BAA2ED9,PH,PH,1
13572A4B-F19F-B8BE-CDD0-3A158BAC96CD,PH,PH,1
BC059351-88A2-DFF8-9E4A-3A159EAD513D,SB,SB,9
9EBB5F41-59A5-E17B-22D2-3A15A3D31751,SB,SB,9
680706E7-E338-749B-5CE1-3A15B3465605,KR,PG,8
ABABB792-BFF2-E51C-512F-3A15C2B8E380,KI,PG,8
C27664D5-A914-E4BF-B244-3A15C2B8F923,PG,PG,9
18E5FCB5-5459-70CA-2502-3A15C2B92636,PG,PG,9
243023AA-E685-ADDC-9503-3A15C7DF460B,JP,PG,9
BDE7782A-1F07-8C66-57DE-3A15C7DF7F92,SB,SB,9
8BAA4163-D0F1-2762-658B-3A15D276CB8C,US,IW,8
A99598A7-8260-6EB1-5907-3A15D28D704B,US,IW,10
54BF7CBB-6E39-0C4B-7088-3A15D2AAECC5,US,IW,6
746C081B-BC95-A94E-8103-3A15D75291D7,SB,SB,9
3E38D0D0-7977-0ABC-D2AA-3A15DC78AA59,KR,PG,8
07523E83-1398-DEA4-CC75-3A15DC78C25A,PG,PG,9
096C5742-F4F7-3A0D-D35E-3A15EBEC24D4,KI,GL,9
C3055AB8-4A4E-DD35-BD2A-3A15F1A2CF51,JP,JP,8
73C8F065-9300-9A62-2CF2-3A15F1AB56DB,JP,IW,8
73C8F065-9300-9A62-2CF2-3A15F1AB56DB,JP,JP,8
362B45F7-D5D5-12F3-E53A-3A15F1B5AD89,JP,IW,9
E768FE3D-A3FC-A6DE-9557-3A15F1BBBAF5,JP,JP,9
A34B60F0-3E8D-F458-CB3B-3A15F63860E0,PG,PG,8
1790E1FD-EE1B-FE3A-8BA6-3A15F63947A4,SB,SB,10
607C067E-AE65-4937-DBFA-3A1605AB7B7D,NR,PG,9
5B544D65-1E9F-F644-5C6B-3A1605ABBE11,PG,PG,9
188AD846-0A9F-45B1-057D-3A162FA9DBE8,PG,PG,9
F782E2D7-0A40-5F2D-76CB-3A164E92D5E1,EC,IW,10
0E3F2564-A08C-57D6-F45E-3A1653BC060C,KR,PG,10
8A41CA01-2858-4D91-2E70-3A16737F61E7,SB,SB,10
0C05B3B5-4472-C7FD-DBAF-3A167786268F,EC,IW,10
AC9927F0-03AF-41B8-6A1E-3A1677BD2866,SB,SB,10
AF6A84FD-64FB-4C3C-37A6-3A167801BDF6,KR,SB,10
2AFFA94A-D75D-AA3F-1321-3A1690B71C44,KR,PG,11
8394F3C9-544A-27E7-2792-3A1690B81718,JP,PG,9
A16F4EA5-8775-C617-4759-3A1690B8B930,KR,PG,9
DCB42375-0302-3136-4B6B-3A1690B9D7AF,KR,PG,9
C5BD9925-15DA-B907-56D8-3A1690C4E603,KR,PG,9
B2012A34-CE21-4438-499F-3A1690CCB2A8,PG,PG,10
3C99A882-822B-5DD4-5126-3A1690D58BD2,PG,,10
C31E00D1-D442-EE5D-0B4B-3A1690D59112,ES,I4,10
E7ED9FFA-4148-27FD-8B63-3A1690EC1B15,PG,PG,11
DEA16837-A0EF-2EE2-0127-3A1690EF348B,SB,SB,10
6B3616D7-6E6B-BD16-429C-3A1690EF3C65,KR,SB,10
6B3616D7-6E6B-BD16-429C-3A1690EF3C65,KR,PG,10
9A0569A8-9571-6341-FB22-3A1695DEF809,PG,PG,9
67A4DB61-87CE-26BA-BA70-3A1695DF5E88,KR,FM,9
55BF272A-9045-BFD8-4325-3A1695E1FD79,PG,PG,10
ACD1AFB4-DFB3-F1FD-95E0-3A1695E54BD3,JP,PG,10
547C4A9C-491A-02FA-11BD-3A1695E5F1D6,PG,PG,10
914DE672-FD87-8F93-A335-3A1695E5F7AE,KR,PG,9
4698E529-9F41-24BA-707A-3A1695E66408,PG,PG,10
A3EA2247-9CFD-1098-56C6-3A1695E66888,PG,PG,10
5F7984F0-F270-8743-FCC7-3A1695E6EBA8,PG,PG,10
3492A886-50DE-CDA1-A5B9-3A16A1DBEB1A,KI,,7
35430D2B-C5B8-0842-4E8D-3A16A1E34F85,KI,PG,8
D8F657BE-D4F7-6593-7F25-3A16A55EB631,SB,SB,11
9D9A06E6-8615-388B-4870-3A16A55F5282,SB,SB,11
FFCD7079-8D67-882E-BF13-3A16A5D22804,ES,IW,9
EF7642AC-DABF-98B6-F7E9-3A16A715FC02,KI,SB,10
63F2B0B4-473B-B382-5CE0-3A16BA6645C9,KI,GL,10
BB94404F-28FB-C3DD-8728-3A16BFED79EB,KI,PG,10
AF8878CD-6545-76ED-901D-3A16D8DA97A9,JP,PG,10
7954A689-1F33-6E05-6465-3A16D8E60865,KR,PG,10
26CEF69F-C168-82FA-9D79-3A16D8E6831C,PG,PG,10
A1F48608-8415-DA43-2A96-3A16D9065986,PG,PG,10
53C778BB-D8F5-E1BF-F556-3A16E321FE24,PG,PG,10
C0646560-7869-4612-D7FD-3A16E322315F,SB,SB,10
7A427893-31C1-8F95-6586-3A16E322A470,JP,PG,10
01625A09-B14B-94D6-C6DE-3A16E3236D6A,JP,PG,10
7724C10E-06CD-F458-DA41-3A16E3237542,JP,PG,10
EC628EFA-2A12-C0F2-6073-3A16E32C608B,VU,SB,11
8054CDE9-7099-EE87-23D0-3A16E32CE836,SB,SB,11
B3D31D9F-AE18-E707-CB3B-3A16E32FC8B7,SB,SB,11
FE7CA848-9193-6150-4EE7-3A16E3343C19,SB,SB,10
F2281411-43EA-DB6B-29F3-3A16E4FC8FB0,KR,SB,11
F4968835-4ACC-75B6-4B11-3A16EE86035C,KR,SB,11
8BB0FAC6-26AF-BC27-FA40-3A16FCE443B4,PG,PG,11
1822983E-79CF-F42D-2A9E-3A17020C467F,PG,PG,11
79A9220D-D968-C4AD-976B-3A17020D2AB3,PG,PG,11
E4152E79-1E59-4AF7-F14D-3A170212A132,PG,PG,11
107F1C55-B495-15F7-3AEB-3A170213DB43,KI,PG,9
CAD82F8E-14EE-C59B-9676-3A171BCCF47B,SB,SB,11
B2764580-D6BC-4CDA-53C7-3A171BD84A8E,ES,H5,11
B64A262A-7704-91AE-7283-3A171BF9DA5E,SB,SB,12
BB347D06-44D8-8567-6848-3A17363DC265,EC,IW,11
6E70BB6F-CA56-6D23-15A0-3A17365CD004,ES,I5,11
C2427DDE-6766-E330-D904-3A176902E12D,PG,PG,11
EC7B2454-8E47-2A2F-130E-3A176E287F47,PG,I4,11
8BCAA277-70C9-278F-C04E-3A176E288821,PG,PG,11
40521182-FECF-D463-7E95-3A176E294091,JP,PG,11
D0545CDB-00F9-64ED-B66E-3A176E29AB60,KR,SB,10
31752546-9874-5F91-7EF8-3A176E29B578,JP,PG,11
CA6EBBB1-3885-0464-DF34-3A176E29D0C4,PG,PG,11
0884DB3D-6C6E-E502-4338-3A176E29E337,PG,PG,11
64EB56F3-2AB3-4A89-F4E6-3A176E2A70FF,ES,H5,12
45D520C2-BEAF-4FA4-1F10-3A176E2AAC34,PG,PG,12
564F8790-667C-B667-DEF2-3A176E2AD1ED,SB,SB,12
B1BA1450-C4D4-E01F-5623-3A176E2AF918,SB,SB,12
C20E4FDB-53ED-A3CD-D034-3A1778753B80,KR,PG,12
1CDAFE2F-C9EE-D4A0-781F-3A177A2D781C,SB,FM,3
EAB0C7E7-5754-C59F-88D5-3A177A3FD57A,TW,TV,12
77C8AA59-0C3E-F8D8-7B52-3A177A460D30,KI,FM,8
1475D11E-E56D-6232-DD0A-3A177A462AE5,KI,PG,10
486DC4A7-907E-3C1D-923E-3A177A477F71,PG,PG,2
376FAC46-DF73-4FAE-9F0D-3A177A479925,PG,PG,4
3733AB7A-68EE-D5B7-6FE2-3A177A4BA5D3,PG,PG,1
92DDED35-0851-B610-AFE0-3A177A4BD546,PG,PG,5
0B28745D-F07B-E7E1-DE34-3A177A4C0C83,PG,PG,6
72CC0370-C012-D48B-C79F-3A177A4C9C06,JP,PG,1
E66EA8BF-90C8-53F2-1B5A-3A177A4CDB08,JP,FM,3
FBE561FB-3AEE-5C98-8B8C-3A177A4D1CC7,JP,PG,4
C1D05CCE-2F92-E13E-78A9-3A177A4D55D9,JP,PG,6
E3BFA189-0C58-E977-0AC8-3A177A4E4327,JP,PG,3
059C69B8-47BE-366F-8BBE-3A177A4E5C73,JP,PG,4
E4D1DBF8-F367-D180-06BF-3A177DA39BF4,KI,,12
74E0BE65-9EA5-2E15-84DB-3A177DA3D3CB,KR,PG,9
A464EFD7-BB5E-9A49-A675-3A177DA3E3EF,KR,PG,12
9ACB931F-4D3F-D7B0-E1FC-3A1782C1E1D2,PG,,9
B5F04421-E9F2-24C0-6587-3A1782C23816,KR,PG,11
9D913948-F71F-2E51-54F9-3A1782C2EF0A,JP,PG,12
E019175F-847E-2AF4-7663-3A1787E82D6F,VU,SB,11
3914379E-41BA-A7D2-AF58-3A178B27ED10,JP,FM,3
BD63EFFA-2D6B-DF43-49F3-3A178B27FD2E,JP,FM,5
27B29CE0-83B6-2824-2F91-3A178ECCC9B8,TV,PG,1
D1F149A3-25AC-B2BE-FE76-3A17905943E7,JP,PG,1
6C5CB6A9-7E71-6177-CFFE-3A1790595F48,JP,FM,3
556D326F-5E24-0568-37F7-3A1790597B95,JP,PG,4
58A5B1D2-B02E-3510-23AF-3A1790599866,JP,PG,6
AB838108-6C66-B8F6-7716-3A17905A3139,JP,FM,4
AB838108-6C66-B8F6-7716-3A17905A3139,JP,PG,4
B9B66386-75CA-76F1-8965-3A17905C67FB,JP,PG,2
992F2DCC-2F72-A7F1-E8A3-3A17905C930A,JP,FM,3
FD426328-8B7B-098C-6E75-3A17905D0525,JP,PG,1
DD80F8F7-5C03-61E7-94E0-3A17905D1EE2,JP,NR,5
319DAA87-0C0E-2B7A-1362-3A17905E9156,KR,PG,2
7263BBD9-2BA5-A10A-D364-3A17905EA468,KR,FM,4
98107704-49D4-B5C0-9444-3A17905EBD37,KR,PG,6
22F60759-C4E8-462D-190F-3A17905F7018,JP,PG,3
BAC23EFD-9757-9294-672D-3A17905F88DC,JP,FM,5
573C401E-FF8E-17B2-9D9D-3A17906039F4,JP,PG,3
F803AAF3-EF00-A325-6417-3A17906059C9,JP,FM,5
8C283881-5E19-E7B1-31EA-3A1790607326,JP,FM,6
B5A7C93F-1383-F12C-5D9B-3A1790608D34,JP,PG,7
E4A22F8F-261E-1758-8762-3A17906167C9,PG,PG,12
028A212D-13A8-7BE8-730E-3A1790619953,PG,PG,3
A4D143A3-7AEC-3641-5125-3A179061B175,PG,PG,4
1BF2DC5D-9A45-FCDC-28E5-3A1790624A7F,JP,PG,3
239855F1-130F-7E0D-1352-3A179063D589,JP,PG,12
1A098344-BAC4-41CA-F6A8-3A179063ECB6,JP,PG,1
179087FE-2237-F71E-7C38-3A17906401C6,JP,PG,2
C3B91457-FDDC-A6A9-F340-3A17906418B6,JP,PG,3
5A9FE833-C57E-29F8-5E65-3A1790642C84,JP,FM,5
32E449A0-4A00-EC7B-F64D-3A1790644351,JP,FM,6
EB5E5F0B-7BD8-17A1-0569-3A1790658B13,JP,PG,4
3C555660-96A3-1CD6-E6C6-3A179065ABFA,JP,PG,5
5571F13F-0C54-CB41-8B10-3A1790669C31,KI,TV,10
8D006D75-AF8A-E4BC-5D5A-3A179069C423,NR,,2
49521E6A-C206-AC29-9576-3A17906D1B45,JP,PG,3
915050F1-7756-DAB0-801E-3A17906D7424,JP,PG,3
28061F6E-5A89-C1FD-87FD-3A17906E91A0,JP,PG,4
4F186745-2988-8755-4C4C-3A17906EA961,JP,PG,6
EB1C9D48-D8D9-FE38-19D6-3A17906F05EE,JP,PG,2
13324FA3-A726-A2DC-214D-3A17906F1A4F,JP,PG,4
8632BC4D-9E6C-16D3-EEAE-3A17906FBB31,JP,PG,1
31511C55-51DD-C953-14CF-3A17906FD564,JP,PG,2
99353EFC-1AC7-B7BD-9A3B-3A17906FEC4A,JP,PG,4
F417434E-1FAD-2075-DA48-3A1790700160,JP,FM,5
357803D4-CE3A-53E7-628B-3A17907012D4,JP,PG,7
6817A16C-2480-947A-BD69-3A179070FBB3,JP,PG,1
CB6053BB-77A4-29AC-C365-3A1790711BD2,JP,PG,3
64FFEAA7-3B5B-4A24-0264-3A1790713072,JP,PG,5
F2758239-E984-8524-E383-3A179071C20B,JP,PG,3
01894567-268A-7E58-BA26-3A179071EEB3,JP,PG,7
BE242DAA-29B7-87A0-E047-3A1790728C15,JP,PG,3
E2BEC333-14C6-BFDD-5CAB-3A179072A169,JP,PG,4
EC8D315D-B1B4-EA22-BD0B-3A179072B89B,JP,NR,5
1AE94F86-8B4F-D731-D57D-3A17907327F3,JP,PG,1
5006CBD4-BE8C-B26E-729B-3A1790733C66,JP,FM,3
718AEB62-C4E0-1C53-742C-3A1790735158,JP,FM,5
7D43D1F6-595D-F17D-0D2F-3A1790742EE8,JP,PG,3
821D89C1-62E6-840C-F60D-3A17907442A8,JP,FM,5
07B84DA1-FA02-3DC9-E809-3A179074DD58,PG,,10
845E2C9B-4010-E3CD-670A-3A1792612D01,TW,PG,9
512A97CA-D5A3-73A3-10ED-3A179264E786,PG,PG,12
CA67514F-4423-029D-4D8D-3A179267C0F2,KR,PG,4
E5BD35F2-E1FD-A763-C730-3A179269ECC8,KR,PG,12
F12B8C8E-9A3C-4981-6526-3A17926DB739,KR,FM,7
154CCB4E-D8D6-7B8C-AC01-3A17926DDF89,KR,FM,8
3A0A48C5-FDC0-DA2B-A9DD-3A179276D6C3,PG,NR,2
612FF9B9-889F-1D5B-EB44-3A1792770F6E,PG,PG,1
1EAEB4BC-2AEA-6DAC-E079-3A1792777D68,PG,PG,5
E373771A-193E-F9F7-A835-3A17927C2259,KR,PX,12
1E8427FA-4D2A-DB68-0774-3A17934A6A00,PG,PG,12
8C8047C8-0F29-34E6-BA82-3A17975B1D0A,ES,PX,12
4261EAFE-9929-A0B4-485E-3A179EA0E48A,PG,PG,3
DDF55C73-297E-0BC2-F999-3A179EAEBF88,PG,PG,4
14175386-50B9-7235-2C42-3A17A262C899,PG,,1
A6848CED-3CCB-5EE1-B605-3A17A28CE01E,PG,PG,1
3A3FE99F-6F85-131D-D299-3A17A33ABADF,PG,PG,9
8537E870-7071-F86F-2AB0-3A17A35EECE1,PG,,11
68A90484-92B2-829E-BDD7-3A17B11BA133,PG,FM,12
094198E2-9A40-E250-006E-3A17B11BB568,SB,PG,12
F978DE20-3F70-2258-4AAA-3A17B11CB5BF,PG,PG,12
8F0C62B2-60C6-59FB-4E7D-3A17B11D7F0A,JP,PG,1
01193F0E-5CF3-7B15-8218-3A17B6EA07FB,TV,GL,5
82368689-3DE9-2B95-2061-3A17BCBD4109,FM,FM,8
E93525ED-7CDB-321D-CE22-3A17CC04F21C,KR,SB,11
DAB40B81-0A0C-53E4-E666-3A17CC74455E,KI,SB,11
DAB40B81-0A0C-53E4-E666-3A17CC74455E,KI,PG,11
77C8CF7A-0AA2-A369-370B-3A17CD129272,KR,PG,12
03FFC436-A2BD-0EF1-4125-3A17DAB1191C,FM,PG,9
5FA2EAE4-66AB-D983-EF60-3A17DBD9E8F8,KR,SB,12
1ED96A69-BFA4-E8B4-8F01-3A17DBFC8CA4,KR,TV,12
2D29590C-1DB4-93E3-B04D-3A17DF75553D,PG,PG,12
A2D3F0A6-98C8-C47E-A9F3-3A17DF75C3F8,ES,H5,12
F153CB36-5BA3-101A-E2D5-3A17E9C831DF,KR,SB,12
489F572B-5E0C-1732-2AA1-3A17E9C8D320,SB,SB,12
BCEAE26A-A7E5-F570-9A39-3A17E9C8ECB6,KR,SB,12
8FD0D57A-60E4-2AED-CB21-3A17E9C99D1C,SB,SB,1
08B1E601-304C-6153-9282-3A17EFAED645,KI,PG,5
0218BDC3-7F1B-F4F3-CC34-3A17F93DD733,SB,SB,1
33979E3C-C6EC-1061-DDFB-3A180E4C52A9,TW,NR,12
18D0035C-CBA1-D867-F2B5-3A1812F4C89A,ES,H5,1
9FA44CD1-F9FC-67A3-E185-3A1812F542AE,SB,SB,1
C1DFE4DC-949C-2252-95D2-3A18181A1DB1,PG,PG,12
A14A0CF5-F06E-136A-D54A-3A18181A4C4A,KR,SB,12
2ADFD63D-B6E8-9FC2-4430-3A18181A6E47,KI,TV,12
E0682B9D-B354-3020-D9B0-3A18181AE431,PG,PG,1
0BB47388-2568-7A66-1CFB-3A181D408ADC,PG,PG,1
3C6C4797-2681-0A79-513F-3A18207847AF,KR,PG,7
B3BF899A-D076-26B4-6CD1-3A182078A484,KR,PG,9
6C4CF53A-1BD0-C69A-563F-3A18207A3D52,KR,PG,5
9CFD4989-E3D1-7BE3-406C-3A1820804748,KR,SB,11
115993E0-1AE8-F679-47EC-3A182318CB11,KI,PG,8
55553184-8FAF-4FD4-2C3D-3A18476CE387,KR,PG,10
B75DD9C6-A2E1-DDBB-32D5-3A184C49C374,KR,SB,11
451ACA01-5042-EF3D-3CF3-3A184D4A68C2,KR,PG,9
9D569FBC-D2F7-2640-6B92-3A184D87643B,KR,PG,6
63DA7006-B9A9-D152-B017-3A1850CECBDD,ES,H5,1
AB91FE16-36C9-11D9-3A9B-3A1850CECF9E,JP,PG,1
AF82F9B6-D45F-B62A-656B-3A1855EDE6CD,JP,PG,1
D2379893-FC48-9298-9E4B-3A1855EE529D,PG,,1
29956A3F-4AE0-B710-3931-3A18655930C8,PG,PG,12
2E0C6A79-DE2B-9F11-594A-3A1865597C0D,KR,TV,1
5BD194FA-011F-EA81-70CA-3A1870CF3962,EC,LN,12
F450D0D3-7E31-295C-F744-3A1870E99AC0,SV,LN,8
52B3C7BF-1DEC-94AC-7B71-3A18710EF474,SV,LN,8
52B3C7BF-1DEC-94AC-7B71-3A18710EF474,SV,IW,8
FA44C83E-3446-78BA-250E-3A18711CA593,SV,LN,11
CA5684EC-1864-F432-DBB5-3A187127A415,SV,,10
7F2EAEFB-0E38-C335-84FA-3A1874CCE6D6,JP,PG,1
429C094A-E8CC-3D8A-D7BA-3A1874CCF143,PG,PG,1
66982223-77EF-1BA1-AA1A-3A1874CDCFFF,PG,PG,1
5A3869AE-E995-F730-8B91-3A18A3263891,PG,PG,1
685073E4-63F9-B5E2-55D2-3A18A3266796,PG,PG,1
286F4CEB-8BEB-0D5D-B659-3A18A326F96A,PH,PG,1
67F24210-81C6-4FFF-B60F-3A18A3277574,KI,GL,1
51D6E18E-799B-9F72-FC40-3A18A84C7752,PG,PG,1
5AFC209B-6D96-9BCD-B764-3A18A84CEC6B,PG,PG,1
C1B9B575-6672-DB99-1A16-3A18A84D5FF2,PG,,1
5FEB307C-832F-2B56-0908-3A18A84D8DE4,JP,PG,3
5E2BA251-FFB8-ADAF-CCFF-3A18B478CFCC,KR,TV,2
15E3AE9E-7598-3C24-83C5-3A18B86CA264,KI,,12
3A4A02DF-ED40-5562-0F8D-3A18B8CD6198,VU,TV,1
1B0BB499-EB76-64FC-3EC3-3A18B968B3C7,KI,,4
FCF4AF59-6DA9-BBC5-3491-3A18C737401A,KI,PG,1
F39E185C-1A8B-2244-88FD-3A18D794DD75,KI,GL,3
63A1115A-F3A1-C710-CE43-3A18D7F76931,PG,NR,2
7C3DEEA7-1E73-F53E-D5E1-3A18D82E9EC2,KI,TV,3
FED35AD8-4F52-AE25-4B76-3A18D83A2D3E,KI,,3
8EC5FD6D-DD42-4695-6FF4-3A18D83F0D5C,PH,PH,2
650218D6-3D0C-D7EF-8266-3A18DC3A93E1,PG,,12
614679E1-5588-0B95-231F-3A18DDE24252,PH,I1,1
8DFCD0B8-AB2E-DA98-C286-3A18DE2D2C93,PH,,11
872B2DD0-8C44-6689-8DD0-3A18E214AD2A,NR,PG,2
9F58E925-40BE-799D-AA39-3A18E227B2E6,PH,I1,12
A72FD8AE-F7E1-BF8E-8315-3A18E243D1A1,KI,SB,1
EC03203C-588C-711A-927E-3A18E29252F6,ES,I5,1
017AF886-EA1C-241C-132F-3A18E2A42690,ES,CK,1
017AF886-EA1C-241C-132F-3A18E2A42690,ES,H5,1
003E6B7E-C528-51D2-5876-3A18E6E975E4,KI,MH,2
27FD1AB5-C075-5C1E-790F-3A18E6F5031D,ES,H5,1
B3FB57F8-5C87-1BC0-3BD9-3A18E72DEC3E,KR,FM,5
B3DA03D5-2889-4FB0-C0A6-3A18E738C5CC,KR,PG,5
4FBA3214-6F03-C93D-E66C-3A18EB92A944,KR,TK,3
57FB965C-F808-D2DB-3246-3A18EBA14AC9,KR,FM,3
28B3B1BA-6972-92E7-CB1E-3A18EBBF764D,KR,SB,4
C7E40D45-BCDF-359C-1FB7-3A18FB38A7F9,ES,PX,2
39513FD4-755C-B91A-5ABD-3A18FB5C321A,VU,PX,11
1BCDF90F-B943-70B9-689D-3A18FCE8C6B9,SB,SB,6
7B16B0B0-53DC-7027-0A7B-3A190A5775B5,PG,PG,2
E46BA0E8-38F0-D8F0-9329-3A192026F0F4,PH,,2
633EB0DD-1B82-CEFB-790A-3A1920317183,PG,,2
30209247-1E06-315C-108B-3A1924FF32E0,PH,PH,4
CF8F9C9A-6285-23D8-E491-3A192E363F7E,ES,H5,2
06F8B357-07EC-FCA6-D8A4-3A192E380607,PG,PG,1
57E64FA2-C9E5-1B49-CB31-3A192E3838E1,KI,GL,2
F3C54CD0-B32A-217F-414D-3A192E388A3F,SB,SB,1
8DD47279-EFDF-C364-0887-3A192E38C650,KI,GL,3
65909D25-AEE6-3862-A28C-3A1943EADAFD,PH,I1,9
5373B916-D9E9-908F-9937-3A19684B17B9,PH,,1
352B4A3E-A3FC-B04C-BD84-3A19764EA4D9,KR,PG,2
91DB54D9-D7CB-713C-682D-3A19764F6306,TV,PG,2
E0AB097D-35A2-B864-B4D8-3A19764FE124,PG,PG,2
E27DB384-A20C-B45E-C909-3A19764FE8F0,KI,PG,2
F82E32FE-B748-4813-924E-3A1976502ADE,PG,PG,2
21419ABB-E92B-FC53-C71D-3A1976507ACC,JP,FM,2
FBB20312-DF99-A01F-B4FC-3A197650BD90,KI,GL,2
AD8CB45C-3400-696C-000A-3A1976514B3E,KR,TV,1
A205321D-FDD0-DFCC-6473-3A19765151F5,PG,PG,3
D9914A44-D26E-9BB8-9F43-3A1976518EEB,PG,PG,3
7F8F61CC-8589-3A8F-E878-3A1976525AAE,PH,,3
2CFBF2A8-AB81-5F63-E018-3A197652F3A5,PG,PG,2
2047979E-789E-EAB5-A03D-3A197654314D,KI,NR,3
0E66AABF-6261-9FF1-B8AE-3A197655031A,KI,NR,3
EF4D9E19-691E-F4D4-D039-3A1980A325ED,SB,SB,1
5680E399-BAA3-C49B-292C-3A1980DA3721,KI,GL,4
EE3CE660-EF4C-3B02-591E-3A1980DF9693,KI,PG,3
6F77657C-61DE-9E25-6E1E-3A19B416BA9F,PG,PG,2
C804F205-FDCD-26AB-C19F-3A19B4196F37,JP,PG,2
A188A91C-2E2E-D6A2-DEFC-3A19B41AE297,PG,PG,3
2225D584-68B7-975B-A31D-3A19B420508C,SB,SB,3
BCF7F9F3-B845-691A-CC4B-3A19B4207B33,PG,PG,3
79196AFA-7AB7-3646-F57A-3A19B422052A,KI,GL,3
ECB3781E-C659-E231-6848-3A19B97DC038,KR,TV,3
720A34FE-3463-7184-28A9-3A19B97EC666,PG,PG,3
8861B444-66D4-C151-7EC5-3A19B97F3304,JP,,4
FA7E6469-DC88-B2AA-4B6B-3A19B97F794E,SB,GL,4
CC759658-6136-DED7-6546-3A1A2FD26B35,EC,IW,4
D00F9CD8-92E2-E716-8CF3-3A1A30130D55,EC,IW,7
DF42371C-4535-9B14-47AA-3A1A30167568,EC,IW,8
A35173A5-71A4-C773-2F57-3A1A301C100E,EC,IW,5
E5576DA6-6027-2273-FE31-3A1A30211C37,EC,IW,7
94EA85F4-179E-F15B-9DA5-3A1A30227572,EC,IW,9
61ED26DC-C911-BE04-861A-3A1A3023EEE1,EC,IW,4
0365E143-29BF-3D3D-F678-3A1A3FDFCE87,KI,GL,4
6A251419-223C-C9BE-C8B9-3A1A40472016,PG,FM,4
EB201EF7-2A52-93B1-5865-3A1A45DFFB0C,KI,SB,3
61D960CB-22F9-F319-BD05-3A1A45F0BEB9,PG,PX,1
61D960CB-22F9-F319-BD05-3A1A45F0BEB9,PG,TV,1
C9296784-C8C6-64E3-AB9A-3A1A6858EB03,FM,PX,10
98DCAA92-80C3-29EB-9966-3A1A685A29B2,KR,PG,2
1B95D7BC-0B0B-FDDC-F300-3A1A685B9172,JP,PG,4
E7DD5C56-7EFD-7E91-F565-3A1A685BEA06,JP,PG,3
67D1DD9F-20D5-7663-FDE5-3A1A685BF27C,JP,PG,3
209DC98B-684E-41BE-7574-3A1A685C120F,KR,SB,3
9318FCA1-88EC-0E1C-E060-3A1A685DE0EA,KI,SB,3
1EA4729F-DCAF-0D25-B753-3A1A68604DDC,PG,PG,4
5D11A5BF-75A6-242B-C4FA-3A1A68621CFF,KI,SB,4
582C48D3-E938-A3EF-0077-3A1A6863D761,PG,PG,4
3F1142DC-254B-5939-C54E-3A1A68CF45B8,EC,IW,5
526CA7A7-F6D7-84E8-7A36-3A1AC0A98295,PG,PG,5
CFD1CFE3-DAA4-C720-5AC8-3A1AD027FA6A,PG,PG,5
54A0BEC4-510E-A331-9483-3A1AF44546B8,EC,IW,5
983E166D-2E39-9BC5-ADF7-3A1AFEB56EC2,KI,TV,1
2B3687C2-C7CF-6714-191E-3A1B09C6A162,JP,FM,4
53D9626E-5A26-D896-BA8C-3A1B09EF4BB9,JP,PG,4
A7EA7B71-944C-B277-4CAB-3A1B09FDBF35,JP,FM,4
73CBCFAD-2CAE-CB29-FF07-3A1B1CE92256,JP,FM,4
5BDF8F84-48C9-668F-E175-3A1B1CF6D2CF,JP,FM,3
F84D0B5C-DFB1-ADAB-B863-3A1B1D409357,JP,FM,4
1CA338D9-F922-4B98-323B-3A1B1D571F7D,JP,FM,3
187AE257-A524-CB6E-D23C-3A1B1D69E791,JP,FM,4
2B0D61E0-9393-AB75-0DEC-3A1B1DBFD2E5,JP,FM,3
313FCDBC-5A01-0660-4899-3A1B1E326837,JP,FM,4
D8F48461-A3E7-5AEE-1284-3A1B1E41C335,JP,FM,4
4F59AF02-01CC-388C-5D8B-3A1B1E9D71C5,JP,PG,4
8E6E96CB-FEAB-2E62-F396-3A1B22B1018B,MH,,6
5CAB6164-554D-929A-4707-3A1B41E6B29B,MH,,5
9E57B8F8-5FC0-87E1-1E60-3A1B51035B77,SB,SB,2
ABB43116-9493-024F-BB4F-3A1B5180103A,PG,FM,6
ABB43116-9493-024F-BB4F-3A1B5180103A,PG,PG,6
FC9A9DD0-00A1-D68E-5052-3A1B656B744F,FM,PG,5
31481CB0-428C-B54E-B40C-3A1B66618323,FM,GL,4
CD27BDF9-59A3-0F7B-4F7D-3A1B6A237510,PG,,11
14D89746-61C4-D7C2-17D9-3A1B6A379369,PG,PG,11
99CFED33-9846-F47D-8C81-3A1B6FBB7E89,EC,IW,5
1FC7A09B-58B2-018C-6B1E-3A1B6FC60E60,EC,IW,6
A08F8030-5F3D-AB74-D00F-3A1B746F057C,TV,PG,3
DAF9C7C3-1A49-1895-EBBB-3A1B7631CBED,KR,PG,5
DB1E572D-14FA-0785-868D-3A1B76332FB3,KR,PG,6
C97DCD0D-5357-143B-48F4-3A1B76425DE8,KR,PG,11
C163E636-E206-FF26-5CA5-3A1B845C5509,KI,NR,4
EBDF842E-3EDB-62E8-C151-3A1B8974C9AD,PG,PG,7
B0762753-DBAE-8D81-1126-3A1B8F585A53,VU,,3
E9529B90-489C-1B41-8D1A-3A1B93BC2E67,PG,PG,6
1244CA33-6BEE-77BF-B3E3-3A1BB249E45F,JP,MN,4
8E02B8D6-D6DD-FE4D-8481-3A1BB25F4285,JP,JP,5
6117F9A5-D2A5-05F4-6B95-3A1BB262044B,JP,IW,6
6117F9A5-D2A5-05F4-6B95-3A1BB262044B,JP,JP,6
2D633BA4-962E-634E-6EA6-3A1BB2684399,JP,IW,6
DEAC8C3C-463F-C244-26C2-3A1BB26E41DF,JP,IW,6
F1560506-24A8-4D99-1097-3A1BB385707E,KR,PG,2
EE6B7ECD-78E2-4FBC-F2E1-3A1BB3B0BEF4,KR,FM,4
0CFFCB6C-7664-A619-A44E-3A1BB752453B,JP,IW,6
BA31DC85-C4E8-0121-2D0E-3A1BB7713800,JP,I6,6
45CC012F-1B64-7F5D-08AE-3A1BB778C463,JP,IW,6
69E7E055-E6BC-1FC7-3729-3A1BB77B516A,JP,IW,6
FF22DEB8-E059-BDC9-1DED-3A1BB788D0FF,JP,I6,7
904DB83A-AAD0-5522-B25C-3A1BB79EE61D,KI,SB,5
E776D3AA-EFCB-FDEA-B5C8-3A1BF17D234B,KR,FM,1
170F7DB5-7D10-79B4-91DD-3A1BFB95EEAC,JP,PG,6
5B136877-563D-AFBC-AB9B-3A1BFBA8315F,JP,PG,6
9CA342F1-AB61-2F3C-19AE-3A1BFBB6124A,JP,PG,7
A36C39E6-A9FA-1854-3995-3A1BFBBF1CD2,JP,PG,5
3579A079-580C-84D9-322F-3A1BFF5AC8C4,JP,FM,5
F6C72B0B-9F99-C597-794B-3A1BFF75CA38,JP,PG,5
6C87195D-7AAF-BEE8-8413-3A1C1F5D56C6,KI,GL,8
11FCA078-787E-7AC4-6A8B-3A1C296F61A3,JP,PG,7
F097988C-0A08-A884-A55F-3A1C38C3C5EA,KR,PG,7
F097988C-0A08-A884-A55F-3A1C38C3C5EA,KR,GL,7
4D9C2640-D845-2C72-7E7A-3A1C489C3C70,PG,PG,7
E2B38E7E-F9D9-B197-FE13-3A1C5C5B9943,TW,NR,8
B7095E46-62B8-966B-139C-3A1C61A6D919,ES,IW,8
6E8B4965-4E19-42B8-CCBC-3A1C672A607A,JP,IW,7
03499021-E43D-CF67-B0ED-3A1C6736A408,JP,IW,7
E57E3661-5A5B-B0AE-5828-3A1C673E7BEB,JP,JP,8
295A2938-73CD-1D65-5FC2-3A1C6744914E,JP,JP,8
40150D3B-1E68-667C-848E-3A1C674B4D4D,JP,JP,8
5F88A814-389B-5166-9529-3A1CC896AC0D,KI,GL,8
D9593BF7-0D10-F43B-4BAE-3A1CDAEAA30F,NR,,2
984ECD08-C06C-C447-137A-3A1CDAEAC921,US,IW,7
C4260252-0554-6E43-3081-3A1CDAEAEA4B,US,I5,10
EDF55D3C-9A73-71BB-EB0A-3A1CDAEB25D4,KI,PG,1
A9152461-1261-4117-1B67-3A1CDAEBDA44,JP,PG,2
EB31C714-20CD-3F55-8B85-3A1CDAEC671C,PH,PG,3
4DED51D4-FA4F-6852-361F-3A1CDAEC7330,JP,PG,3
DB0C2AB7-DAF8-5A7B-4CEF-3A1CDAEC80D4,KR,TV,3
F7403C0D-F6EB-2E9F-442A-3A1CDAECD78B,KI,GL,3
0B504E1C-2AD0-1EB2-D703-3A1CDAECEAB7,ES,LN,3
4DAFE551-D4FA-955D-2961-3A1CDAED0309,KI,GL,3
6A3D13B3-F269-8CE8-0AAD-3A1CDAED0DBC,PG,PG,3
8EC122F1-BE06-D32C-88FE-3A1CDAED1E5C,KI,PG,3
8EC122F1-BE06-D32C-88FE-3A1CDAED1E5C,KI,GL,3
C61EA6B7-88B9-707C-5FCF-3A1CDAED6153,TW,GL,3
12725C20-0EA0-E8F8-6533-3A1CDAED6B04,KR,PG,5
7A31CCFB-D556-C5B4-A90F-3A1CDAED7AA8,PG,PG,4
A325E479-C17D-82C2-9CC8-3A1CDAED8983,PG,PG,6
4A53D7A8-D280-00F8-B4A3-3A1CDAEDBA54,PG,PG,4
B2475D16-C689-6B6C-5C1E-3A1CDAEDC635,PG,PG,4
B7A295F9-D67D-3726-3F46-3A1CDAEDE6C2,PG,PG,4
477CC45F-4BB1-DC0C-47E6-3A1CDAEDEFFD,PG,PG,4
BC3FA2A0-E849-FD5B-2D77-3A1CDAEDFD13,FM,TV,4
BC3FA2A0-E849-FD5B-2D77-3A1CDAEDFD13,FM,H4,4
17797005-0FFD-FBCE-4995-3A1CDAEE7474,PG,PG,4
3BC2F810-F2ED-6924-4028-3A1CDAEEB732,PG,PG,4
A4F6B29F-860B-726F-486B-3A1CDAEF022B,KI,GL,4
2C107DBF-2B0F-2FC5-E4FF-3A1CDAEF1D9D,JP,FM,4
AB6B9991-9F61-269D-E989-3A1CDAEF32C9,KI,GL,4
4CB77D34-E607-9882-B376-3A1CDAEFA7C0,PG,,4
615AB03B-BA72-251C-2E1B-3A1CDAEFAB44,KI,,4
C599FCC4-C6CD-A999-C84A-3A1CDAEFB27E,PG,PG,4
1ACF4E15-480D-2C41-C054-3A1CDAF00661,KR,PG,4
AAD6D66B-E275-B127-DBB9-3A1CDAF01133,PG,PG,4
823F7B2D-E926-CCA9-4AE5-3A1CDAF01B46,PH,PG,4
81FB3922-DE8A-79D1-3BD6-3A1CDAF023B3,KI,,4
06CA617D-3413-1D83-30BF-3A1CDAF03F40,KR,GL,4
586F3863-43DF-0985-8886-3A1CDAF0852E,KI,PG,4
FEB5796C-6442-6FB1-6B30-3A1CDAF09029,KI,GL,4
CECF9531-24DD-D698-08FD-3A1CDAF098D2,KI,GL,4
5638F7CA-B2B0-48C2-A1AA-3A1CDAF0BA1D,KR,PG,5
DE58DB5C-FD72-DA8E-A42E-3A1CDAF0C2BD,KI,GL,4
5635C41D-A6FF-F8B9-80FD-3A1CDAF10391,PG,PG,5
9CA6BED7-6659-FD8F-7043-3A1CDAF12B76,PG,PG,4
5190371D-8C13-6EE2-0620-3A1CDAF14D92,KI,NR,4
5190371D-8C13-6EE2-0620-3A1CDAF14D92,KI,GL,4
4EA211D8-1892-A9EA-8C72-3A1CDAF18710,KI,GL,5
316B8DF4-31A9-737A-10B9-3A1CDAF1972B,ES,IW,5
E546844B-2C33-18E4-DA23-3A1CDAF1A5ED,KI,GL,5
C159A665-EA91-9F4E-6F8A-3A1CDAF1B5A2,TW,I4,5
B40DBEB9-AF35-500B-2264-3A1CDAF1C69A,TW,GL,5
DDF5E1E0-89F1-81F6-E08C-3A1CDAF1F863,PG,PG,5
0867A6D6-CB8B-92B6-DAFA-3A1CDAF22E2C,PG,PG,5
D2153BE4-6823-DEAE-4DA6-3A1CDAF23B02,PG,PG,5
22752219-90CB-F8DD-F74B-3A1CDAF26E4A,KR,PG,4
5A398400-9EEF-E488-AF87-3A1CDAF29552,KR,PG,5
FB56A658-2976-5E15-8AAC-3A1CDAF2A82A,PG,PG,5
7CA4B9D9-4F77-D6BE-DFB8-3A1CDAF402C6,KI,GL,5
6F419ECE-5925-8586-BEDF-3A1CDAF40DAB,KR,PG,6
DFE731F0-EFE8-17A2-E4C9-3A1CDAF41B02,TV,NR,5
F9794174-9BE1-0F99-2C7E-3A1CDAF440B8,KI,PG,5
8651EB7E-87F1-1BFD-FEC9-3A1CDAF44A9F,PG,PG,5
FC8221A8-E403-2856-8A78-3A1CDAF4529E,PG,PG,5
354DC7CB-9EAE-25C0-B6CA-3A1CDAF46A3A,KR,PG,5
A2AFC72A-A472-9FF7-3ECB-3A1CDAF4725D,KI,PG,5
E5D08747-40FE-C9D1-2B59-3A1CDAF54870,PG,PG,5
D9E70D56-D31C-4ED3-9AE3-3A1CDAF5632F,KR,PG,6
D5141574-B071-8F0A-5184-3A1CDAF57EFB,KI,GL,5
4787DF8E-FABC-18DA-7A62-3A1CDAF5AA06,PG,PG,6
8A208C4B-7BCD-8E46-EFCB-3A1CDAF5C527,KI,GL,5
A0BCC260-4872-3843-CD0E-3A1CDAF5FC18,KI,GL,5
1E21A3FF-8BD3-9987-E50E-3A1CDAF6D866,KR,PG,6
259D2073-291D-72B6-1A40-3A1CDAF722BC,PG,PG,4
26576784-0889-638D-FAEE-3A1CDAF73954,PG,PG,6
7F11E569-705E-BE8E-B01C-3A1CDAF798A1,ES,I5,6
F28FD3CB-AFDF-1B32-058B-3A1CDAF7B9B0,PG,PG,6
50DCDCE4-98ED-F09E-F10B-3A1CDAF7DBD6,PG,PG,6
1D80C588-21AE-E3B2-F48C-3A1CDAF821C2,KR,PG,6
E0848605-8B2F-CBDE-FDEC-3A1CDAF89E61,KR,PG,6
B53AD633-2192-FD56-7727-3A1CDAF8ABD7,PG,PG,6
786CF2DD-09F0-82DA-DB97-3A1CDAF8C758,PG,PG,6
C522B68E-1485-C9E2-3495-3A1CDAF8E723,JP,PG,6
12678DDA-71CC-875C-E152-3A1CDAF983E8,KI,GL,6
A53666A7-7B8F-120C-695D-3A1CDAF9D781,KR,PG,6
61615624-926A-955C-B75F-3A1CDAFA1046,SB,SB,6
0CC8CEA1-FD36-03DD-5E22-3A1CDAFA16DE,KR,PG,6
B007A3F4-510D-B84F-929D-3A1CDAFA3AC4,PH,,6
EBC09A4D-C6B1-0C67-0843-3A1CDAFA6C95,SB,SB,6
61912874-846E-1421-D767-3A1CDAFA91DC,JP,PG,6
2965273C-0E73-B711-6D86-3A1CDAFAAD8A,KI,GL,5
A4A223DB-3300-2236-38A5-3A1CDAFAB58B,KI,GL,6
550A4A3D-4D8F-8AD9-046C-3A1CDAFAFE0F,PG,PG,7
31EF8DA9-2273-AB1C-6133-3A1CDAFB2A68,KI,GL,6
12A5DCDB-A5C6-9A67-779C-3A1CDAFB36E6,PG,PG,6
82F28E89-9C11-597A-D3D1-3A1CDAFB4091,PG,PG,6
10206B1B-940A-8376-FD1D-3A1CDAFB4F43,PH,,7
A2B15D3D-78CE-A816-2475-3A1CDAFB5C6E,KI,GL,5
5DCE74F5-5E28-2343-71F8-3A1CDAFB63ED,JP,PG,7
08019FCE-D102-CAC9-B1C3-3A1CDAFB9019,KI,GL,6
F475E62E-67C3-483A-58E4-3A1CDAFBB66B,PG,PG,6
9E953A75-185A-30E2-784A-3A1CDAFC186E,ES,IW,7
C58A7292-7559-C8FC-56B6-3A1CDAFC32EF,KI,GL,6
928E9D6C-8F8F-3147-CB47-3A1CDAFC571C,TW,PG,7
BB96A9B4-F606-317B-4424-3A1CDAFC5EDE,SB,SB,7
AA9B6513-7E2A-BD91-CCED-3A1CDAFC7524,PG,PG,7
9FCEA7A7-CFDB-0878-C025-3A1CDAFC91EA,FM,PG,6
5B1E0FDF-7B70-2998-09E1-3A1CDAFCC542,KI,GL,5
17101617-6597-D0A2-3DE0-3A1CDAFCCAFB,KI,GL,6
A67C8E18-8EF6-3479-7FC9-3A1CDAFCD42A,NR,,7
8607FE13-9F6D-9A29-3559-3A1CDAFCE3C7,PG,PG,7
A692471E-F595-F1DB-3A7E-3A1CDAFCF380,KI,GL,5
A2ACDD46-4DF8-1A3C-6321-3A1CDAFD09A9,JP,PG,7
35AC13A6-594C-219D-D088-3A1CDAFD20AD,KI,GL,6
553CD0A8-A223-0D71-502C-3A1CDAFD5E9C,JP,PG,7
3700FF1D-776B-6BF4-99FD-3A1CDAFDE69C,KI,GL,6
C78EFB8E-E206-E27D-B809-3A1CDAFDF19E,KI,GL,7
B64961C1-F701-9A24-06C0-3A1CDAFE017D,KR,PG,7
DB34C3BA-E741-A7B3-27CA-3A1CDAFE1A79,SB,SB,7
08CBC2FB-C370-11F4-959E-3A1CDAFE9746,KI,GL,7
5011A8D3-8753-A6BD-A512-3A1CDAFEAAB8,KI,PG,7
D852AFD0-FE80-DDAE-71F0-3A1CDAFEB2F1,KR,PG,7
8689A3B3-252E-039D-4C3D-3A1CDB248244,US,IW,7
AFBEE29A-B549-75FC-7627-3A1CDC3633BE,PG,PG,6
CD7F6CB2-68C4-CCFF-27A3-3A1CDC383100,PG,PG,7
E28C3B9D-7D76-CE41-EC8B-3A1CDC39DECA,KI,GL,7
333449D2-3D8B-E68B-F3B2-3A1CDC3A7E1D,PG,PG,7
A86856AB-938F-E737-ABDB-3A1CDC3A8993,PG,PG,7
3C8E56D5-1877-81AB-44D7-3A1CDC3B1ED2,SB,SB,7
3718692A-9267-6C70-C5BA-3A1CDC3BF35E,PG,PG,7
E488ED95-55CF-8535-47BB-3A1CDC3DB40C,PG,PG,7
134822C9-B88A-F99F-0249-3A1CDC3E02C7,SB,SB,7
9901C01E-18C0-3B0C-5337-3A1CDC3E5913,PG,PG,8
8D60838D-8211-1B51-94A6-3A1CDC3EA92F,KI,GL,6
C8B0962E-DCF7-0719-0B5A-3A1CDC3FB1F4,KR,GL,8
A9A1D207-396F-73B2-3829-3A1CDC6793CA,TW,PG,8
5279A2B4-CC24-A3D0-21DC-3A1CDC694434,KR,FM,8
D6533428-77D3-1162-0F46-3A1CDC6959D1,ES,IW,8
4A9E084C-67D2-BE66-786D-3A1CDC6A0CBB,KR,PG,7
9EAAAF8C-2FCB-1A50-6B07-3A1CDC6A1ECF,KI,PG,8
1C16A762-78AB-C788-2170-3A1CDC6A3B0D,PG,PG,8
3F96289E-F57F-D3D7-5F6E-3A1CDC6D66EE,KI,GL,8
8C821A01-EBA0-2411-3E66-3A1CDC6E2C12,PG,PG,8
FE60C769-6CF3-398D-1E37-3A1CDC6E439D,KI,GL,7
77CF5443-DBCD-CEC6-C641-3A1CDD0FE856,PG,PG,6
0725EC4C-39AA-3D42-44C5-3A1CDD101A56,KI,PG,7
13D45ED1-A558-F105-D53E-3A1CDD104BA7,PG,PG,7
6D2939A0-02BF-5586-3E46-3A1CDD105787,KI,GL,7
D6FCC789-7F65-22EC-D088-3A1CDD105EF3,KI,GL,6
2AFBB99E-D20F-E054-C70A-3A1CDD10B5BA,KI,GL,8
BBC3D02F-CFB3-33A3-674B-3A1CDD10D769,SB,SB,8
9B7F1A66-7E88-34D2-5198-3A1CDD10FDD9,KR,GL,8
9D8D6FDE-5E5D-1B1B-68DB-3A1CDD11791C,PG,PG,8
38F33F38-CCF9-9B80-7D80-3A1CDD11CE31,PG,PG,8
0181B539-7311-9EA8-CF78-3A1CDD11F0C1,FM,FM,7
3CDB5535-D25B-A4DD-060B-3A1CDD121601,PG,PG,6
0E97FDF9-2853-CCFC-7E31-3A1CDD122E09,PG,PG,8
733B9A78-8BEF-574B-2666-3A1CDD126514,NR,PG,9
1FDB65E9-E4D9-B8EE-C143-3A1CDD126A96,NR,,8
4E1C7020-FB83-78FF-48FA-3A1CDD1270C9,KI,GL,8
1DCAD0EC-2689-54F9-C3A2-3A1CDD12C2F6,SB,SB,8
5F446176-970C-9F20-9197-3A1CDD12D908,JP,PG,7
9AD3418B-191A-1960-1E3E-3A1CDD12F396,PG,PG,7
73EA6934-BA5A-6EF3-BFD7-3A1CDD133CE2,KI,GL,8
F0385018-9FA5-55EB-6D0D-3A1CDD134D5A,KI,GL,7
C1AD4E48-C414-C63D-1A14-3A1CDD1370CA,KI,GL,8
10557D71-4E3D-643E-D886-3A1CDD13A23F,JP,PG,7
BF558F37-BC53-AD26-9892-3A1CDD13CF8F,KI,GL,8
82502F3D-9BDC-4DD0-4A63-3A1CDD13EF48,KR,GL,9
4E8C3E55-CC20-D8F6-3C58-3A1CDD140ECE,PG,PG,9
1DD7BEA3-42BD-BAAB-4439-3A1CDD14275B,PG,PG,9
D0792705-4C45-B341-6950-3A1CDD14487B,PG,PG,9
8CBA2847-38C7-EF10-71BE-3A1CDD14B938,PG,PG,8
89AD73DC-1DE6-096F-DAC9-3A1CDD14CE3B,TW,GL,8
CBC7991E-16EE-6960-5204-3A1CDD14F18A,NR,PG,9
36D0033E-0085-111A-68B1-3A1CDD15335D,KI,GL,8
B8A72589-4ABB-0EC6-DF14-3A1CDD1559E0,KI,GL,8
86B221D7-D801-2440-2ACF-3A1CDD15781E,KI,GL,8
1FBFD830-4EE1-C36F-6D76-3A1CDD7CF367,PG,PG,9
691C601D-3F4C-7BD0-4D28-3A1CE0103D92,JP,FM,8
D4327E40-FAA5-53E2-FA94-3A1CE2372508,KI,GL,8
3CE79160-D839-C79F-E1A1-3A1CECDF2607,JP,,7
B1A878AB-9901-AD08-93BB-3A1CED5E09BB,NR,PG,8
4395F495-5569-001D-4896-3A1CED5EE4D7,PG,PG,9
CB805A36-5E34-5A8E-985B-3A1CEDCC252F,PG,,9
12621961-A82F-E613-F0D7-3A1CEE3A6568,KI,MH,8
C29DC636-9FB2-187C-4D1F-3A1CF7AB88B1,JP,FM,8
0F00A37C-C909-41D6-FBBC-3A1CF7ABC6AC,KR,GL,8
0F00A37C-C909-41D6-FBBC-3A1CF7ABC6AC,KR,TV,8
4DFC010C-0042-2923-8381-3A1CF7ABCFDE,SB,SB,9
1F4921A4-A0BA-2421-96C4-3A1CFA3D9067,PG,PG,8
68CB4806-EF42-79F6-4DDE-3A1CFB1B4D89,KI,PG,7
7E8A1589-A55E-B4D1-E7AA-3A1CFB8850A6,KI,,8
6A862B5B-50E5-F489-0D71-3A1CFBF58529,PG,PG,5
FFCB70F8-B13E-976B-48E2-3A1CFDADB690,ES,I5,9
3CC87267-BE9D-C8F4-1783-3A1D018BEF79,FM,,9
0EFDE038-9F7C-C883-24AA-3A1D018BF2F4,PG,PG,9
2DAC99D8-C5F9-9DF4-93B1-3A1D01B3FC35,FM,NR,5
2DAC99D8-C5F9-9DF4-93B1-3A1D01B3FC35,FM,MH,5
EC0044C6-E1B8-4158-C9E2-3A1D02494529,FM,,4
0484FAC2-7E9D-79A3-3E39-3A1D048A156A,KI,TV,8
7C93F99C-C68D-1C86-21DB-3A1D09B0F15F,KI,GL,9
C27F6EE2-6CF5-295F-6CCB-3A1D13FD1725,KI,,10
F8A742B1-EA13-B275-BC84-3A1D16233B7D,PG,PG,9
249F38AE-D436-D8FA-0FF1-3A1D1623754E,PG,PG,9
C5F94F5A-B202-DD43-9069-3A1D16239D97,ES,LN,9
200E1588-5D45-2516-ADED-3A1D164D4B63,KI,GL,7
8D7EBA43-DD37-4893-B652-3A1D1673A00E,PG,PG,9
6669F669-C13F-D8A0-8273-3A1D1AF47726,TW,GL,6
C0920AF2-AE35-B63E-545F-3A1D1AFBE620,TW,,6
46269B1C-E518-BCF3-AE36-3A1D1B34C291,KI,GL,5
F67B6392-FFC6-15FE-3641-3A1D1C25AAFC,PG,PG,9
051491B0-D5CF-B09D-812C-3A1D1C25B74C,PG,PG,9
5240920E-6E1E-4048-1F38-3A1D2019202C,KI,GL,7
68544AA0-0BC8-4A56-FC28-3A1D20DD7694,PG,PG,9
8BDD99D4-BB5B-AAF8-9060-3A1D20DD8AEA,PG,PG,9
F555CC6D-B348-724F-0A40-3A1D229755B6,KR,PG,9
E45AFA3E-5484-71F8-088B-3A1D24F0592F,PG,,9
53C5C3D2-4F69-1B70-9965-3A1D2603974C,JP,PG,8
DABA0373-88B5-3C95-0E78-3A1D268AF07C,KI,,3
89B2A75F-E048-523C-EA54-3A1D35779AF1,KR,PG,8
6267592D-AA59-0871-43EB-3A1D3577BD5B,KI,GL,8
23DDC87A-4D02-B61A-2143-3A1D3577F0D5,KI,GL,9
1FDE5E57-57D6-2340-50F7-3A1D357836E2,TW,GL,9
09DCE4D2-72CE-1A98-2700-3A1D35783E8C,SB,SB,9
5018347B-3CA1-EB33-4612-3A1D35E4AC18,JP,PG,8
9C77A87B-81D8-463F-FBC4-3A1D3B021110,KI,GL,8
24FBB788-4293-E360-BE41-3A1D3B38BA22,KI,PG,2
C9CFF8A6-50EA-93F5-8171-3A1D3F840234,KR,PG,4
6D2EFF48-F9FF-406F-D3AD-3A1D3F953F46,NR,PG,7
FB611B02-8697-679A-9D48-3A1D4031F0CB,PG,PG,9
BBB7CD69-34D7-FF9C-383A-3A1D441788E6,JP,PG,8
CE5046EA-F6C5-DA42-F527-3A1D44181557,PG,PG,10
033EAA2F-6699-08C1-FA49-3A1D44181D0F,SB,SB,9
1DF7C8B0-D8DE-2B96-66F9-3A1D44E9AC8E,KR,PG,9
0D480E3E-6731-F781-75DF-3A1D44E9BBDA,KR,PG,9
44D0EF3F-8FD9-6817-97F3-3A1D44E9C57B,NR,,9
8570DD8B-9714-71D8-248E-3A1D44E9DBB1,NR,,10
23EF39F7-DFC3-DB76-9D12-3A1D48FA983B,SB,SB,9
7ABC8290-41AF-6484-0FB5-3A1D4BC76FA9,KI,PG,9
F15A6814-29FC-3105-6A0A-3A1D4F36807B,PG,PG,9
10C8C178-D125-FE8D-C652-3A1D50EDFC8F,KR,PG,9
2E4C8B6B-B25B-ECCC-47FA-3A1D50EE0D38,KI,,7
5F9AB8A4-3601-FC23-68F2-3A1D50EE1BB6,PG,PG,9
9A979D56-7E8F-3E15-E2C6-3A1D58B277A1,US,,9
B9C38D5A-E7AF-EB4C-250D-3A1D598347D5,US,IW,7
820B533A-A74A-239C-1A58-3A1D5983B533,PG,PG,9
7D5694C5-0309-CE17-1414-3A1D5F67C043,FM,FM,6
C5C3DEAB-6A79-AE02-4547-3A1D5F859536,PG,PG,10
C0269DC9-DD5C-9A7E-6A84-3A1D62F88002,JP,FM,10
28A91DCE-0686-36F9-259A-3A1D63CFCBCB,NR,PG,10
5B25A20E-D42D-C08A-58EB-3A1D63CFD0EF,JP,FM,10
5B25A20E-D42D-C08A-58EB-3A1D63CFD0EF,JP,PG,10
92CB8EAA-9D81-1139-AD37-3A1D68F650B7,KR,PG,10
CCD8DD0D-8E45-0CF2-0A5C-3A1D69647EC5,KI,PG,9
3B7F53EE-E111-030B-4993-3A1D6D686515,PG,PG,6
851D3C22-36B5-14DF-464B-3A1D6EB6D3AD,KR,PG,7
95D0973D-D391-6DB9-071F-3A1D6ECD9FFC,PG,,7
F8483EDF-C332-17C3-B4E6-3A1D74269F03,KI,GL,9
3DDAE06C-64B6-DA92-20A4-3A1D748D7640,JP,FM,9
4038D2C3-B406-3490-5692-3A1D7DDB5F7A,KR,PG,5
6AFD12C5-87A2-B432-B5AA-3A1D7DDE7884,KR,PG,6
2CA5A70C-C48E-AB81-E99D-3A1D7ED94DEF,FM,,8
B1E119D5-EAC6-7132-B526-3A1D81F42FEB,KI,GL,10
87732454-B576-40A8-3BD8-3A1D83247FF7,SB,SB,10
2161F20A-AB51-D882-12F7-3A1D86933570,ES,I5,10
9268B804-6D2C-D550-66FC-3A1D86DA9F30,JP,PG,9
263C4989-46F2-AECB-B66F-3A1D8C94B0AF,KI,PG,10
F059ECDD-1CF4-A552-5C5E-3A1D8CB43A25,KI,GL,10
12243647-D627-41BD-5F0D-3A1D8D70962B,KR,PG,10
63FD803A-D9DC-8651-E25F-3A1D8DDF5921,JP,FM,9
48DB2370-C6AC-E9E9-6F71-3A1D944E9F42,PG,,7
292956BC-91FB-0DE6-54FF-3A1D96749BD0,ES,IW,10
587F8789-FD40-6F70-8485-3A1D96E1640E,KR,SB,9
A75758B7-3268-1EAF-24A2-3A1D96E1881F,NR,PG,10
8FB069EB-B901-9775-A1A6-3A1D9AB8C189,PG,PG,10
CD580B37-A300-CDF0-753F-3A1DA50BB297,PG,PG,10
E4D44CF6-0824-B0BD-BF98-3A1DB47EAEC2,SB,SB,10
CA53F847-A9BC-3B62-4E22-3A1DB7130A3B,KI,GL,9
C5B012DC-6EE9-97D3-242A-3A1DBBCA5545,PG,FM,11
2691CF16-ADC8-78A5-5514-3A1DBCA6540A,PG,PG,10
20376977-F8D6-CC31-D140-3A1DC15EB057,KI,GL,9
9B44E63C-0D3C-4240-5B7F-3A1DC15EBB37,TW,PG,10
07BED1FD-9BF7-76C6-4FE1-3A1DC4A06148,PG,PG,1
C5E0FE05-697B-57F8-1D82-3A1DC4B31A53,PG,,2
2471E62E-17EA-9902-9661-3A1DC61ED8F8,PG,PG,10
FE036E62-46CC-2D14-D784-3A1DC6461307,PG,,9
092CE207-BA5F-4FA9-03E3-3A1DCA97514D,KR,PG,9
DA916EA8-4F6A-1467-757A-3A1DCF677A4B,SV,I5,8
1174D4B7-BEB9-9F9C-1B94-3A1DCF87C08A,KI,MH,10
D3F76A6A-D587-E145-0825-3A1DCF883C1A,JP,FM,10
9F732F38-52A5-FE3A-B600-3A1DCFB4148B,JP,TV,10
C7356EB9-1EAE-0CFB-928C-3A1DD4405C7A,KI,,8
5D68E7D9-9515-206D-A502-3A1DD4406972,NR,PG,11
54371CC4-15E0-1833-7B3B-3A1DD480F046,KI,FM,10
C2556FC2-9A81-FD22-5091-3A1DDA4204FE,JP,PG,10
06CE91A9-28EA-C264-D206-3A1DDA420CF4,KI,GL,10
D6FA5382-E42B-51D9-6315-3A1DDA42303E,PG,PG,10
99FA34FC-0D21-76E3-CC4F-3A1DDF6874C4,PG,PG,10
B093265C-139C-C4CD-F11B-3A1DE56B7DA8,PG,,11
2DCCAD07-75F0-7FAB-86EB-3A1DE56B83F4,KI,GL,9
A7F15B5F-0C57-3FF7-3572-3A1DE56B8C2C,KI,GL,9
79DFAFD5-0DFD-D576-C895-3A1DE64671DC,PG,PG,11
6AC54316-1108-CA88-5D43-3A1DE88C5BB6,EC,IW,10
6CCFCC82-E437-7AF4-EBF1-3A1DE8DA025B,NR,PG,10
E2874862-F47A-D1BA-60DD-3A1DEAFF52F8,PH,PG,10
3E9E8291-1953-1432-37E9-3A1DEDFFF397,JP,FM,10
A6B2497C-7867-770A-7CB3-3A1DEFB76588,JP,PG,10
285F9B1F-1FAC-3618-1B13-3A1DF0FE611F,JP,PG,10
AE0C6A5C-6F88-ECCC-CC87-3A1DF32632D9,SB,SB,10
30735EA8-D747-5A3D-005B-3A1DF330FE48,KI,FM,10
384DF180-0530-7ED6-9A60-3A1DF87A2969,KR,PG,4
5B3164AD-CB94-4C86-78F6-3A1DF88B30F2,KR,NR,5
5B3164AD-CB94-4C86-78F6-3A1DF88B30F2,KR,PG,5
689B596E-5F80-EB38-FF6A-3A1DF8A256DD,KR,GL,7
AF7BD051-3618-36C7-013C-3A1DF8B435F5,KR,PG,8
9A045A60-1A32-E5F9-4E74-3A1DF8C51D1B,KR,PG,9
517EB0CB-1D34-2038-C655-3A1DF928DAF9,KR,PG,10
E0A57A0F-59D1-BC0E-0AC2-3A1DF95FCE09,KR,SB,10
68B366D3-BBB0-2C26-4C39-3A1DFD6DB2B8,JP,FM,10
35367FD6-7CE4-B56E-9815-3A1E052CA525,KI,GL,10
E8295C01-1E23-2BA1-C884-3A1E07C7DFF8,PG,,10
56221CB1-BBE4-15F0-65CA-3A1E07C7E7C4,KI,GL,10
BF742338-CCE0-33EB-1393-3A1E07C7F199,KI,SB,10
625CF941-EC20-4140-54B8-3A1E07C8025C,KI,GL,11
C820AAC2-9046-E80C-BCF1-3A1E09E760CA,JP,FM,10
DCDF52C4-2BFE-ABF4-8E40-3A1E0E2FFA48,SB,SB,11
FF02B3DB-382C-2CD6-D63E-3A1E0E9DA162,PG,FM,11
1E6D608F-207C-CF44-F644-3A1E12294A78,PG,PG,10
89E934CC-B387-C127-B589-3A1E195825DF,KR,SB,9
E1148453-F405-EEB5-694B-3A1E195833E0,JP,FM,11
673D4795-2008-CF27-F347-3A1E1D35A936,PG,PG,11
D227CA60-0377-DFC6-6FC6-3A1E218206F3,KI,GL,10
B1760CBF-88B7-B7B4-7166-3A1E225B5576,KR,SB,10
31B70AE5-2E44-DBEE-1695-3A1E225B6501,PG,PG,11
5E19F5D9-F9B9-FE99-76A6-3A1E225B6C12,KI,PG,11
11831309-3638-905A-EF32-3A1E263E723E,ES,I5,11
CF696F05-0F2E-3907-A67D-3A1E286AEEF4,JP,PG,10
74111774-055B-18A9-4B19-3A1E286D025A,PG,PG,10
7D7EAD8A-E12F-B8D6-4A61-3A1E31467A83,ES,,12
7A14E992-1E78-7D20-E4BF-3A1E3B45FBD6,PG,FM,11
16342176-6575-6D53-1B5E-3A1E3BAD8A61,JP,FM,11
FDF0C8C3-BC00-2D33-6F9D-3A1E3BADBD4F,KR,SB,10
294747F8-8BB5-7424-151B-3A1E3BB05BA4,KI,GL,4
F85D67F1-82D3-7B8F-32C0-3A1E3BBE58FE,KI,GL,5
0B713347-AF6F-C7D4-E034-3A1E3BD58DAC,KI,GL,6
0D46FE4F-F8F1-AB1B-D369-3A1E41424CC4,PG,PG,11
1B03FBA4-9DC3-BCA5-02DF-3A1E4366F5E1,KR,SB,11
39732420-B930-1725-FC0F-3A1E436743D9,SB,SB,11
7436661C-1F7D-F5E4-8070-3A1E47B2CD2B,KR,PG,10
2A0DD1CA-BB39-6559-35C7-3A1E47B2D6D6,NR,PG,11
DBF07A6C-B392-ACDB-AD7F-3A1E54FF497A,KR,SB,11
98340870-0039-DDD1-A20B-3A1E54FF5EB4,KR,SB,10
D8150E83-F44E-1D60-5916-3A1E54FFA50C,PG,PG,11
B6418C12-F35C-5EB0-C391-3A1E556D6FFB,PG,PG,10
E75B14DD-A18A-7FEE-D705-3A1E55DB6818,SB,SB,11
C3955477-F3D6-0266-61FA-3A1E594D168E,SB,SB,10
D5EE720C-DEA7-64DA-1BC6-3A1E5B0195FD,PG,PG,11
025129FE-5BEA-CFD5-05D0-3A1E5B01A3A1,SB,SB,11
F4CC24A9-D3D6-F469-B6E7-3A1E5B706E43,KR,PG,11
6E874F86-A009-860A-9F37-3A1E5BDD4DE9,KR,SB,10
9D50B5E9-9465-3CD2-1252-3A1E6028189B,PG,PG,11
811EC772-BB5A-A85B-6A91-3A1E6707735D,PG,PG,11
5BA6A1A3-8FAC-6B7E-FA74-3A1E6A74A63E,VU,PX,10
52089F03-35BF-57AC-5CE7-3A1E6A74B10A,KI,PG,10
8F28779F-EFD1-5C3D-6F43-3A1E6E5159BD,EC,LN,10
16B0BB03-82CD-8D55-0C99-3A1E6F9B1BFD,PG,SB,11
8BBD9DC2-1F7E-6A71-10EF-3A1E7678AFDF,PG,,9
664687F8-0269-5652-4E0D-3A1E79E7E389,ES,I5,11
DD906E24-A95A-F56E-F066-3A1E79E7EC78,PG,PG,11
A2FE1CAC-BCAD-A26A-900D-3A1E79E7FC57,NR,FM,11
B94C500A-411D-E0D6-EBF3-3A1E79E804A1,KI,FM,11
7E709996-83F6-DA84-2E7E-3A1E7A55B1D2,PG,PG,11
1868F124-6855-5E3C-EFC1-3A1E7F0E5626,KI,SB,10
3B7A7895-FDF3-519D-99F5-3A1E7F0E74DC,JP,FM,11
1611458D-7858-D3CE-110C-3A1E84349BBC,JP,FM,11
D3B49DCA-F98E-9735-08E9-3A1E8DB02FA5,KI,GL,11
B063981D-B9DB-3B24-432D-3A1E8DB04EA6,KI,GL,11
787C5FBB-2172-731E-8E74-3A1E8DB071BF,KI,NR,12
981AA105-0AE2-2A88-5433-3A1E90A6C72E,SB,SB,12
3DF9B2E0-1928-2FF2-8AF8-3A1E9DF55B83,PG,PG,11
6EA29BB0-F941-D9D5-3689-3A1E9E4D4CB0,SB,SB,12
F3FE5E8E-10AD-5040-4B3E-3A1E9E6238E5,KI,GL,11
43C51304-8A4B-02EE-84A7-3A1E9ECFED6C,PG,PG,11
71538D8C-1225-8A6E-4777-3A1EA737FA1D,PG,PG,12
67885E4D-F280-8B91-7F34-3A1EAC1DCE73,KI,GL,11
447E0726-033E-7089-2985-3A1EB2268C31,EC,LN,12
1ABB9A62-82BB-9C47-D6ED-3A1EB233F904,EC,LN,11
846A6A24-209B-D235-F2AD-3A1EB5FCCBD4,PG,PG,11
3B023ADC-002C-BC38-7E63-3A1EC1795BF8,PG,PG,11
60B90542-F565-E9FF-5653-3A1EC2ECE4A2,KI,GL,12
D3E69087-4709-D9A2-9F5B-3A1ECD984FB7,JP,FM,12
0DD68262-2E24-D2D2-62C4-3A1EDA76F896,KR,PG,12
2604E9CA-2DF2-AABC-F74F-3A1EE60D69CF,KI,TV,11
4661886F-59C6-EEC2-1006-3A1EEAD05AFF,SV,I5,11
57FAFA33-CAA6-C17B-D5B0-3A1EEADC04E1,SV,IW,11
0AA3AEF8-0EE7-FB1C-BCD7-3A1EEAEF3233,SV,PX,12
7C56A685-9139-537A-7667-3A1EF3C93AC6,JP,PG,10
6B667BE7-DD06-08F8-A912-3A1EF58093CC,US,IW,6
F3325B7A-36A6-054D-B012-3A1EF5809F33,US,IW,8
A3894651-BA8D-6B23-4ACA-3A1EF580A947,US,,10
89A7E374-AD22-3946-8726-3A1EFB827CE3,KR,SB,12
89A7E374-AD22-3946-8726-3A1EFB827CE3,KR,PG,12
4E07DCD5-69F0-8F51-203E-3A1EFC5E9C4F,KI,,11
FD756AC1-83F9-6E4C-7E68-3A1F0A75C175,KI,TV,4
93D7FD02-EFAE-C2C6-67C8-3A1F0A7FD324,KI,I5,4
BCDF7EFC-DB65-7AC3-A570-3A1F0ED28687,KI,SB,11
3C161A59-83AC-C99B-6DC3-3A1F0F3D41BE,KI,NR,12
A8CD8862-CD9A-B9C2-A22A-3A1F0F406ADB,KI,FM,12
61951780-7B84-FF5D-BA0F-3A1F0F4B0937,KI,,10
E6F22D22-25F3-8CBA-8FF7-3A1F1466B2E4,KR,TV,12
12D47D6D-168E-6204-5B4B-3A1F19FFFC32,KI,GL,1
4AB15CD5-8C10-EBA8-E68C-3A1F1A391BEA,KR,SB,12
F3610863-78FA-A818-C3A4-3A1F1E8C207B,ES,I5,12
0702857D-8D77-0F75-53F3-3A1F1E9D6075,KR,PG,10
77A3CD87-8EB8-CD78-7BD6-3A1F1F8F08E1,KI,GL,1
C41AC67E-202E-736D-E4FA-3A1F20D8B493,PG,PG,12
5A785997-ADA3-F28F-F3E0-3A1F27B7AD9F,KR,GL,1
878E5F1A-5F03-66A5-1EC6-3A1F29DBD17A,PG,PG,12
53B4503C-4985-6420-51E9-3A1F2D1DDD00,EC,IW,11
2AAAF05C-8BA3-EFD5-5992-3A1F2E7DFD61,KR,SB,12
5F4C2814-6177-7957-3672-3A1F372A2E4D,KI,GL,12
4955E985-D8CE-5EB4-A694-3A1F37AD61BE,KI,GL,11
068C986F-F3CA-B325-78D7-3A1F38B63A3B,KI,GL,11
AA39DF53-F9C9-9B7E-F6B1-3A1F3D032043,KI,,1
9FE4819D-63BE-D6CD-64BC-3A1F4632F504,TW,NR,12
83D825D7-D04D-D87D-9706-3A1F4CCC405B,NR,PG,12
8801398A-8E3B-D162-6A49-3A1F545A392E,SB,SB,12
B0290CA8-D872-4097-B61D-3A1F545A5590,KI,,1
EF0EF7AB-F59E-30FD-87F3-3A1F58A7AF92,EC,LN,12
EEC2906D-4FBD-49BB-B373-3A1F58A7DC44,KI,NR,1
47F00335-4E60-3B01-2E9F-3A1F58A7E188,KI,,1
B0E09344-B0FA-6B06-0C4A-3A1F5B82FF7B,KI,GL,11
199C6C13-A7A2-BD5C-9769-3A1F5C057A74,US,IW,10
21C79DDA-E650-A409-D8B7-3A1F612AA01F,MH,,12
0AA4138B-499B-59BA-FD09-3A1F6517FF64,KR,SB,12
0DBB36A0-472D-FE54-A5E6-3A1F651816A2,KI,GL,1
C1EB282F-88AA-A84E-C680-3A1F665E8F92,KR,SB,1
C1EB282F-88AA-A84E-C680-3A1F665E8F92,KR,GL,1
C1EB282F-88AA-A84E-C680-3A1F665E8F92,KR,NR,1
05006C8E-D3E0-A664-5DE6-3A1F7AED4FF5,TV,,9
504B4F61-07C2-37D3-4C98-3A1F7B146F36,TV,,10
432D7C0B-22BB-5548-76E2-3A1F7B1936CD,TV,,8
E5BEC613-BF53-5830-5047-3A1F7B7387D2,KR,FM,1
4B57A7F7-A399-9DA5-6AD5-3A1F7B746701,TW,,1
1CC19332-066C-4374-1A77-3A1F7B747025,EC,LN,2
A2AEE6C4-CC54-B805-BEF5-3A1F7EF33D3D,KI,NR,1
D974FFE8-C8A9-783A-F721-3A1F7F42C28B,KI,GL,11
1549CBC0-9848-3BE1-4598-3A1F87DF403F,ES,I5,12
05FCA79F-E61E-0A08-B760-3A1F87E8CF9D,PG,PG,1
23FF495A-467B-B1E7-05C7-3A1F87E8ED66,PG,PG,1
02234610-830B-C315-C08B-3A1F87E8FC6E,KR,NR,1
CB1BF2E1-3BDC-9F34-CAD4-3A1F8A849467,KR,SB,11
5773F479-D0F5-1401-5739-3A1F8B81C11D,KR,SB,12
B8B576A1-DB97-4ACE-4D1B-3A1F8B969FF0,KR,PG,11
9F86BA26-DAE7-63BA-FF2D-3A1F8BA0A1D9,KR,SB,10
28DE30A6-EA8A-13DA-8B17-3A1F9A25435E,PG,NR,2
455551AD-9A26-1498-E820-3A1F9A4E5857,SB,SB,1
C5A86199-DD3F-1E30-577C-3A1F9A4E65F7,KI,GL,1
8917908D-A7DB-26B2-C542-3A1F9AFA8D0E,PG,,12
488BC7EE-C052-1A25-B56F-3A1FA3A3102D,KR,GL,12
9F752C04-81FE-51C1-6DEA-3A1FA3EDFB36,PG,,8
858E55E3-B676-2120-59E4-3A1FA4128933,KR,SB,11
F3F85B2E-5A48-6836-A613-3A1FA415F542,KR,GL,1
0A7B9EF9-16D3-9388-9D24-3A1FA43654F5,KR,SB,1
860B57E3-A556-3BC5-A06C-3A1FA43C41B8,KR,PG,5
117AB28F-9B64-EF02-93D4-3A1FA568713B,KR,PG,6
2DAE2656-2DEE-8E2B-CE5D-3A1FA56B40E8,KR,PG,9
746D956A-135D-9EEE-2886-3A1FA5774D60,KR,SB,10
56818B79-5866-F1FB-96B4-3A1FAEE908CA,KR,PG,10
B9BEE1FB-5836-19B8-532B-3A1FAEE94E40,JP,FM,1
B12318A6-C8AA-70B3-0C83-3A1FAEF9C901,TW,,5
362C5A7C-077F-CC68-CAD1-3A1FAF289DD9,PG,,12
F28F1627-0F40-7CDF-8EA0-3A1FAF544D2D,JP,FM,1
A9FF7A1E-5488-7D01-F2C0-3A1FB933F035,KI,GL,1
9E908FD3-6EE5-2E61-8700-3A1FC8DB281E,US,,10
5FAA9101-E79E-6934-2150-3A1FC92F8ED1,KR,PG,2
24D3FC2D-A6DE-A9FC-F6DD-3A1FCA5F2D9C,SB,SB,1
E4D0D10C-C169-97AB-FBCF-3A1FCD9A737A,KI,GL,6
EE08AD76-F7A1-5817-C87D-3A1FD1F8FF20,PG,PG,10
A00707E2-5278-6648-B4C5-3A1FD35A270F,SB,SB,1
24043A79-A6D5-79E7-A2E3-3A1FD35E29E5,SB,SB,1
B5F64377-5CB1-0DE8-2D53-3A1FD8F42E36,SB,SB,12
331E3DA7-61E4-8CAA-23C7-3A1FD8F43A25,PG,PG,1
EB3ECCCC-7474-0E73-DBB3-3A1FD8F45E60,PG,PG,1
A8C9FF7D-C7BF-1CC0-F044-3A1FDB1AD218,PG,PG,1
BEE136D1-E46E-3F50-F849-3A1FDDCBA1D3,KI,GL,1
9C4AF4CD-CB25-50D2-0276-3A1FE1A53170,VU,PX,8
68941723-D6B2-B32F-35DA-3A1FE1A92EEC,KR,SB,11
FED15187-2190-3C8B-1FB1-3A1FE1AC08C6,KR,PG,6
5DE3A243-3707-4338-D214-3A1FE1B70E50,KR,SB,11
47FA139C-AA27-22C9-1D3D-3A1FE1CCA7C8,KR,GL,1
47FA139C-AA27-22C9-1D3D-3A1FE1CCA7C8,KR,NR,1
B9AEBD1C-494A-FD14-37AE-3A1FE1EF3BED,KR,PG,9
5073FA02-AC35-4B13-FFA8-3A1FE2D4F124,NR,FM,2
8909C197-08AC-8003-5A0F-3A1FE6C7B249,KI,GL,11
8021F459-5F72-5A4E-CCE8-3A1FE70F2B82,KI,GL,12
B073AB7E-0282-C060-4B54-3A1FE71DD8AF,PH,,1
8FD26CEE-6CF3-5246-981D-3A1FE71DF2DD,SB,SB,1
C83BB6BA-A11A-410D-ADA4-3A1FE73D68EF,KI,GL,12
5B547E1F-2E07-6808-E328-3A1FE7511E02,KI,GL,12
F6FF88F2-AE4B-C1EE-D3AD-3A1FE7563088,KR,GL,2
DCE0F749-D768-0076-453A-3A1FE75AEA33,KI,GL,6
5F06B483-5BC6-F1AF-3665-3A1FEBB1ECF4,KI,I4,10
0995BC2A-7E3E-04C3-012F-3A1FECE10982,PG,PG,10
6F9BCD58-69E3-5CEB-5A50-3A1FECEAE4C8,PG,,11
53537EC9-27ED-0213-6735-3A1FECEFFF60,PG,,4
289F7D60-AD6D-62CB-4523-3A1FECF509D4,PG,,5
E8F6AAEF-F8A5-7F20-A11C-3A1FECFD91E5,PG,PG,5
23BEC8E2-79EA-0FEA-B399-3A1FED14218A,PG,,3
FC5F558C-DA2D-12B9-11A0-3A1FED162D59,PG,,4
9F7B9438-F3C1-E470-C639-3A1FED1B0B60,PG,,11
332238D1-17A8-97B3-5391-3A1FED1E5C19,PG,,2
C67DC2FE-406E-C868-8243-3A1FED2125B5,JP,FM,1
C67DC2FE-406E-C868-8243-3A1FED2125B5,JP,PG,1
175867B4-D9CD-C9D3-232C-3A1FED213635,PG,PG,1
4A51F3F8-2ED2-E505-87B7-3A1FED2152FA,SB,SB,1
F594FA25-D500-BD83-E84B-3A1FED217F39,KI,NR,1
10838980-0E70-B461-FC89-3A1FED352960,PG,PG,7
37C34256-204B-12B2-2730-3A1FF102F534,KI,NR,1
A17BFC5D-133C-DA01-E7F7-3A1FF1043392,KI,FM,12
A687D184-065E-A6FD-13B4-3A1FF17BE1EF,KI,GL,5
4B70DD4E-31C9-344D-67C3-3A1FF7DA5D15,PG,FM,1
018344F1-E9B3-FFE3-EFE4-3A1FF7DA687A,TW,NR,1
382DAE98-F052-06AD-A77F-3A1FF7DA74E3,TW,MH,2
388586C8-5372-DBC9-364D-3A2001BA852C,KR,SB,2
388586C8-5372-DBC9-364D-3A2001BA852C,KR,NR,2
43AF2080-908D-AC56-B26E-3A2001BABDAD,JP,FM,1
43AF2080-908D-AC56-B26E-3A2001BABDAD,JP,PG,1
3DCB1815-63A3-AB9E-2E06-3A2001BAE88D,PG,FM,1
143965D6-8DE1-100B-9ABB-3A20057AA313,NR,PG,10
3076DA02-6174-3E88-EA73-3A200597B718,NR,PG,10
AD546657-F2D2-4849-FB9B-3A2005A625A1,NR,SB,11
3B4233C8-BF8D-628E-A649-3A2009E3F6F8,SB,SB,2
803F64C6-6CC9-C951-1441-3A200A5E49DC,PG,,2
FE12215D-3AF6-CB19-2083-3A200E993772,TW,FM,1
A8D0EB64-3D1E-10CC-1CB4-3A2015E51CF7,ES,IW,1
A75318E9-E606-C365-4122-3A2015E52760,PG,PG,1
FDF98C65-D8B2-0E4A-5EEA-3A2015E55A2F,FM,FM,2
282DAFCB-DB72-CB90-BB6C-3A2015E58046,TV,TV,3
10CAE80D-D0C7-ABE3-B889-3A2015E58786,NR,SB,2
72EFD61E-D5BC-32D6-6D45-3A2015E596FE,TW,NR,3
313DB320-46BA-8C1B-76A9-3A20210CFE90,JP,FM,1
20D1DDB9-57B1-DF0C-2C88-3A20210D2430,KI,NR,2
2504AEE1-1D31-3D15-78D7-3A20210D2B9A,KI,GL,1
8B6BD39D-C879-F6A0-3303-3A2025704D3A,KR,GL,2
8B6BD39D-C879-F6A0-3303-3A2025704D3A,KR,NR,2
483100A1-73A6-94AF-B4AD-3A202A8CEF82,SB,SB,2
3899D16E-71A2-6E10-5D21-3A202AD83E1B,KR,GL,1
3899D16E-71A2-6E10-5D21-3A202AD83E1B,KR,NR,1
7ABA7745-1DAB-7955-6FF5-3A202ECCD6D7,KI,NR,1
1B1E281E-96AD-637D-3DD9-3A202ECCE3FD,PG,PG,2
C584D232-4D2B-7D85-CF93-3A202F3CC753,KR,NR,1
5DD8D71F-E4B5-06FC-04B9-3A2034D1D50D,PG,FM,3
5791EFAB-565F-A450-061D-3A203C1713C4,KI,GL,2
473B9F0D-D8C6-3A44-2242-3A203F195419,JP,PG,2
C2E848B8-5EAB-8032-2E2E-3A203F1987D0,PG,PG,2
1A230A70-6D3E-D647-D99A-3A203F199012,FM,,3
486D7B56-D706-3938-1525-3A203F1996FE,KI,SB,2
24A93548-AEA6-6BA2-A426-3A20451BD3F6,JP,FM,2
7600F948-FE89-49C4-053E-3A20451BE992,KI,GL,2
BFA6D1A1-CA03-2DF5-CAE9-3A204C298451,PH,,3
6FF9FF5A-2F94-E26E-5D35-3A204C299012,KI,NR,3
05512EF1-9E17-CBD1-EE98-3A204C65CCB7,KR,SB,1
1D2B135C-2CD4-1166-75EB-3A204C65D7AD,KR,NR,2
1D2B135C-2CD4-1166-75EB-3A204C65D7AD,KR,SB,2
C0DD40DC-1147-5FDC-7572-3A204DC17001,KI,GL,2
CCD68104-971D-80E8-FAC0-3A205346A9CA,MH,,3
11EE1EE8-D7ED-DA6A-B439-3A20582E5F90,KR,SB,2
723B59B1-3B54-4502-C2EA-3A2058DB602D,KR,GL,1
CA310F45-AE17-F154-B10A-3A2058DB69DA,JP,FM,2
C24D204A-0D70-541C-44C2-3A2058DB72EE,KR,SB,2
C24D204A-0D70-541C-44C2-3A2058DB72EE,KR,NR,2
680226CD-7B91-9DC6-85DE-3A2058DB8139,ES,LN,2
B5673244-CB8C-C349-F9C0-3A2058DBAF29,KI,SB,2
C6BD8C22-2505-722E-C06B-3A2058DBC30B,PG,PG,3
3CF3764A-2D7B-2130-54CF-3A2058DBC9F8,PH,PG,3
E01E5B31-D8F1-52F1-AC26-3A205B0103DC,KI,SB,2
3B9BBAB6-4AA8-1AE7-975D-3A205CB53C1D,TV,TV,2
6DE6D094-615C-A38B-93AF-3A205D02A86F,KR,SB,3
2A0DBE63-9CD3-41F5-38AA-3A205D9C81EF,PG,PG,2
84D2DF73-3B37-B9E5-5B97-3A20663D899C,NR,SB,3
AFE90543-DFE9-3854-8791-3A20663D93BA,KI,,3
199A9D78-E2A0-3CB9-759F-3A20685299FA,KR,NR,1
0536A18F-72D4-F0F9-25CB-3A206852A28B,PG,FM,2
8832AD73-166D-DEFB-0F4C-3A206E4D4D09,FM,FM,2
B5D1CCF7-5A32-21F8-E525-3A206E4D8330,PG,SB,3
695F028B-4D8A-26AD-E7E8-3A206E4D9347,PG,PG,3
C3F9C255-5EB6-FE53-BC71-3A2070F09859,PG,PG,2
3590716B-1B76-2EDD-9A00-3A2070F0A564,KR,TV,3
80DC1393-7180-CBCC-F041-3A20722BCEB6,PG,NR,2
E1264682-E66C-7B81-C6B6-3A2076E29784,KR,GL,2
CF8B3F6E-CC33-02BF-FC2B-3A2078300967,JP,FM,3
A5011598-C8D5-830B-8EFD-3A207CE5992F,PG,PG,3
69884D48-668C-B789-49A7-3A207CE5AFAE,PG,PG,3
94116CED-BB7F-D1A0-CE74-3A208355A09F,PG,SB,2
493C3EBC-C68A-CE6B-F8DD-3A2088EE2829,PG,NR,2
C3A53455-7CD7-4C26-8B15-3A2088EE678B,PG,SB,3
30CC61AF-1F48-42C7-3197-3A208DA1DFA0,PG,FM,3
8275D21A-FE99-D2B8-407C-3A20934648BE,PG,PG,2
C52C5A69-1744-52FA-3404-3A20973C8432,KI,GL,2
47DD3DBA-419A-8446-B1CC-3A209A30A076,NR,SB,3
857DD6FF-74C0-5064-84DF-3A20A619C28A,JP,FM,2
9738B12D-F228-6BD8-23F3-3A20A619CBC4,KI,GL,2
C73D9AA2-FB83-BA2A-ACE4-3A20A619DA5B,SB,SB,3
E739CCA6-646C-8856-F9AA-3A20A619F0D5,ES,LN,3
CD8AF2DE-E532-4D82-549D-3A20A61A032B,PG,PG,3
D04FD1F9-BED0-1F37-1AE6-3A20A61A0F54,KI,GL,2
5C9E30D3-2007-CE83-C04B-3A20A8B69E83,JP,FM,2
4C44E1C1-F170-E924-2C81-3A20A9F88538,FM,FM,1
54E3D36D-58EF-F562-A4DC-3A20AFFE75BC,PG,PG,3
4477CB47-64C0-C6FE-ECC6-3A20B0006478,PG,PG,3
5BC224AC-D110-0FB3-1B95-3A20B0007B90,PG,PG,3
ED1C3500-92E9-E024-432B-3A20B1AF5A6A,JP,FM,2
7AB38DDA-C3EA-BB6D-1BDE-3A20B1AF6792,KR,SB,3
99EE742F-F5F5-0CAC-CCC5-3A20B5FC10A1,PG,FM,3
FF0372F5-64FF-7BD8-1794-3A20BB562C9A,FM,FM,2
0C58ADAC-17C0-0D05-4D71-3A20BFBA604C,SB,PG,4
7F028DB6-D57F-B54B-19DA-3A20C12B58F2,PG,PG,3
6465726D-C97C-697A-540D-3A20C4FFCDD3,JP,FM,2
A54BFEF3-287E-71B1-8F17-3A20C4FFF43C,PG,PG,3
C7030BA6-CA36-AF30-DBA1-3A20C58D4881,SB,SB,12
82934C1A-CC66-B56C-2EC9-3A20C5D87BD9,PG,FM,3
CAA36984-37ED-1F4C-D822-3A20C9AF173F,SB,SB,1
40B80188-8EA5-C529-E496-3A20CE0010BF,TW,,1
D6CF54DB-DA69-C820-6386-3A20CE54E293,KI,I4,9
4EEAAA29-A990-BB2E-102E-3A20CE7758B5,KI,GL,1
046FF40F-2EB8-8724-29CD-3A20CF535EAA,KI,,1
433D4C4A-EC1D-0464-A99E-3A20CF554133,JP,FM,3
7792B365-856D-855F-C971-3A20D394976A,JP,FM,3
EF9F4C4F-ED0D-9654-488C-3A20D394C079,KI,GL,3
A0555BFE-4F5C-5654-F125-3A20DA72F294,TW,GL,3
A0555BFE-4F5C-5654-F125-3A20DA72F294,TW,NR,3
4D491A52-821B-338D-D68C-3A20DA730126,PG,FM,3
8940C4CF-A5D0-8CB2-4943-3A20DA731436,KI,GL,3
A2E8D140-1201-1E5B-441C-3A20DEBDB235,SB,SB,2
892FB7FE-B2E7-606B-748A-3A20E909E460,PG,FM,1
89C9DFCC-3972-D61F-47DC-3A20E909FEC2,PG,PG,3
1B0A0A3E-0991-297A-8933-3A20E90A0FAF,PG,PG,4
97A527A1-ACF7-0595-40FD-3A20E9F22B35,NR,NR,3
EB06A5CB-CE80-28D9-A298-3A20EE2FC386,KI,TV,3
AB73FA55-DBF5-B002-706A-3A20EE2FCB17,JP,FM,3
BFFEBCE9-6F55-9C4D-5E46-3A20EE2FD8D1,FM,MH,3
EA217FE9-2D20-00EA-6B71-3A20EE9EA19C,TW,MH,3
C6C70465-CB25-49ED-2572-3A20EF0B97EE,KR,GL,3
4DCA5D79-9DBF-94B0-28F5-3A20EFE73977,PG,PG,3
A2F5934B-E9F5-3F1E-389E-3A20F130D10B,SB,SB,3
2CB4A0E9-5273-2CBB-70C6-3A20F35624AC,KI,,4
FBBE3A4B-83B0-DFAE-C97C-3A20F35629C4,KR,GL,3
FBBE3A4B-83B0-DFAE-C97C-3A20F35629C4,KR,SB,3
4A34E94D-FB47-A122-BEC3-3A20F3562FB1,PG,PG,3
C00D3C66-0261-D829-A829-3A20F8107F62,PG,PG,4
357E8262-A568-08D4-F1D1-3A20F8108689,PG,GL,4
C2B4F2FA-F3AC-BA3E-D908-3A20F87C8AF5,KI,GL,3
96D899C7-BD8D-7AF7-DE16-3A20F9585A80,KR,GL,3
A83B6B4E-5518-33B2-8FD0-3A210036C2B9,KR,GL,3
82A30955-0E54-15DD-6C1D-3A210036E7D2,PG,PG,4
E4073619-1C57-1396-F557-3A210BCC83C9,JP,FM,3
BDF9D811-B689-0AD7-0A76-3A210BCC9EC2,KR,SB,3
A4A4A86E-4936-13C4-A24D-3A210BCCC6D9,TW,GL,3
8D67FAA3-257D-5462-5270-3A210BCCD03C,KI,GL,3
DD9353C6-A881-D423-B207-3A210BCCD90D,TW,GL,3
75F4391B-0519-14A3-573C-3A210BCCE31C,PG,PG,3
958BF49E-948F-D0CF-D426-3A210C3A5398,JP,FM,3
9AC767BC-A931-E178-3FE7-3A210C3A5A50,KI,NR,3
EAB6516B-F436-EB00-6CC4-3A210D15F46A,PG,GL,4
3EA0E0DA-CBD0-2C1C-E036-3A210DB2E513,KR,NR,2
F4A8B3F7-92C9-2C3E-B974-3A210F5798D8,KR,GL,3
1CAA732D-B7D2-B613-778D-3A21178972B8,KR,TV,2
008B2260-6ABD-4BB7-D1E4-3A21236F2E7E,JP,FM,3
2C236C0D-AE2F-98CE-0A16-3A21236F3D31,JP,FM,3
1A036E9E-4D74-AC59-EF76-3A21236F43EB,JP,FM,3
875E8595-62C2-7A67-1471-3A21236F4B78,KI,GL,3
9E7AAE0A-948D-E0E8-5EDF-3A21236F7B69,KR,GL,3
9307B9DA-E284-3767-B8C5-3A21236F8316,KR,GL,3
4FEDE071-121C-9A01-B147-3A21236F9490,FM,,4
A018C57B-70A0-B079-2264-3A21236F9E00,PG,PG,4
5212F684-7C8A-4160-55E7-3A21236FA47B,PG,GL,4
DC8CDF57-D56C-E3F4-126B-3A2123D55CCC,PG,PG,2
8775FD82-D0F0-7625-7F96-3A2123D56B36,KI,GL,3
8CFA43CD-E8B8-920D-8556-3A2123D58992,JP,FM,3
5081A5B1-82C2-855B-80D2-3A2123D59F97,PG,PG,3
29C001F4-2ECA-269D-D20C-3A2123D5B3F5,PG,FM,3
EA6F4347-FE67-5534-2945-3A2123D5BEB5,PG,PG,3
1AD5CEE1-4DB5-6540-AC4C-3A2123D5CCB7,PG,GL,3
F9409C8A-5F81-EED6-78CA-3A212680E176,NR,,4
C967C63B-D361-0B91-B9E2-3A21281F9BF7,KR,GL,4
60A4BAEB-BC67-D1ED-98BF-3A21288D6E9A,PG,PG,3
541F1FEF-5D5B-DBE4-03BB-3A21288D7663,JP,FM,3
8B2FA0A8-B50A-4F84-7B31-3A212BFC47C0,PG,PG,4
CBC02B24-3086-9C91-7310-3A212C00D392,KI,GL,4
2F40B2BC-DB2B-CC8D-82BE-3A212C9D2721,KR,GL,4
4CEA44DB-0175-AC2B-01B1-3A213122A7F2,TV,MH,4
864C7D6B-3E6F-555C-DE40-3A21358AA3DE,MH,SB,4
8F70CD5F-3638-38B7-3690-3A2135A5BE5F,MH,SB,4
1940E699-90A1-8BB9-32BE-3A213ADE6ADA,VU,TV,3
E4B85195-DA86-2F34-795B-3A213B6EF147,JP,FM,3
DB51CC38-8026-4202-9AE5-3A213B6EF811,KR,GL,4
A0D0E37E-60BC-E27B-FBEF-3A213B6F00C1,PG,TV,4
FC4F2F6E-1FB1-FC2D-FC2C-3A213B6F07F0,JP,PG,4
4109CC1D-B21B-1488-A131-3A213B6F12B5,KI,GL,4
46FD1DAF-BC27-AB5E-6324-3A213B6F18AC,KI,GL,3
31F6AD4E-5A4E-E887-92F7-3A213D265AD7,JP,FM,3
7DE2BA1B-B235-E166-16B8-3A2141710F1D,ES,IW,3
443C7E93-D71A-A980-C2D4-3A21417121E4,PG,GL,3
7DD9B2EB-0973-50A6-D91F-3A2141712ED6,PG,PG,4
67F92973-507D-8EA8-0593-3A2149EFED5B,MH,NR,4
8DBCB5C2-C005-0EF5-7927-3A214B515F05,TV,TV,3
82ED25A2-EF9A-7215-0D98-3A214B516607,JP,FM,3
D178CBD0-B60C-CE5F-047F-3A214B516B7D,ES,IW,4
7FBE7402-5CF7-44B3-F767-3A214F610443,TV,TV,3
FA4F21D6-388A-FEB5-F4DE-3A214F816DFC,PG,PX,4
04AAAF42-7216-059B-7702-3A215464F085,PG,PG,4
1A7E9DE9-5B13-7C67-336C-3A2154C26FC0,JP,FM,3
A60A06C8-C57A-859D-EAA9-3A2157541FB3,NR,NR,3
66892BF5-9018-40C1-57D1-3A21590B8A35,NR,MH,4
789872B5-F8D8-68FF-558E-3A2159513D67,TW,GL,4
168A9A9E-A61C-74CE-4D32-3A21597D2868,KR,GL,4
157B8172-F7A8-685D-7C55-3A21597D33CD,TV,I4,4
9478E47E-02B6-1522-8EA7-3A215A552178,KR,GL,3
4160D323-3713-825C-44DC-3A215A5529BE,PG,FM,4
1A0DD635-3DF3-2FC7-7151-3A215A553245,CN,GL,4
8B2289A3-505D-9D98-A4FF-3A215A5539FD,MH,SB,5
248DAD5D-16E9-2693-DA33-3A215ECEEFC2,MH,I4,4
C968B45C-4E46-65AF-1628-3A2161B73277,PG,GL,3
91BA8340-E2F0-0FE3-FE8D-3A2162EA8965,FM,MH,4
0549370E-85BF-E8D7-A6E0-3A2164AB034C,PG,GL,3
77FAB6D8-C1B6-8F04-3B14-3A21650FC1F9,PG,PG,3
709A71EF-2F40-D62E-187D-3A21650FE18F,PG,GL,4
5D13A5A3-5219-393A-3B97-3A21650FE75A,PG,PG,5
5ECA7DE8-5FEC-72CA-E923-3A21688528F6,JP,FM,3
E7349080-6ED6-3591-49E4-3A2168855DDC,US,IW,4
2D491DF7-FF77-9F1C-1FA8-3A216885777A,PG,PG,4
E7FE1E03-6261-A5E6-FEC6-3A216D3979C2,PH,,3
81AF1266-E8A1-6C6E-2C64-3A216D398471,JP,FM,4
C50AE958-F206-191B-B851-3A216D398EEE,JP,PG,4
4C058022-CF73-BF65-10D2-3A216D399B0E,PG,SB,4
E20B2579-29CF-EDBE-FC05-3A216E131E3D,PG,PG,3
543F18F8-FB00-D622-1E0E-3A216E1326B8,PG,GL,4
32DF5188-7512-9531-BFF1-3A216E132EA7,MH,NR,4
925B6480-4A18-E92B-595E-3A216EEEC399,KR,GL,5
9B5C8D19-C87F-C339-FBFF-3A216EEEDE93,NR,MH,4
676534EF-8048-166A-B1C3-3A216F095259,KR,PX,4
4FCF529E-2343-2C8D-558B-3A216FD58446,JP,PG,4
E177235F-3280-ACB7-159D-3A2174C78431,KI,,4
0A8DDCC1-286D-5C69-5307-3A2175CCA9AE,SB,SB,4
A77ADE9F-8A59-78E6-A5F8-3A2175CCB7BB,JP,FM,4
731AC38F-F456-D10E-D7C8-3A2175CCCE20,JP,FM,4
DE09ADF5-6FC6-99AC-1B76-3A2175CCD578,PG,PG,4
A57821B4-D02F-C013-CB3D-3A21763A5DE9,SB,SB,3
CB7E9530-5ABF-7B2C-5569-3A21763A6A29,PG,PG,4
BD743D66-8162-8A28-EC1A-3A21763AA5E9,PG,PG,4
2B7E6041-D358-34A4-61CA-3A21763AAF53,SB,SB,4
7F0DB2FC-B71C-17E6-2067-3A217DE4E6D3,KR,,1
5C3F3C4D-28BE-E244-F008-3A217DF0BA41,KR,GL,3
52BD731B-3190-B17E-BF14-3A217E0086E2,KR,SB,12
5F992C6A-3647-FA4F-91EA-3A217E61C50B,KI,GL,4
FFDE4B1B-994C-2D65-F231-3A217E61D3E6,PG,FM,4
8E3BB237-9FE7-6C9B-6450-3A217ECFC722,NR,MH,4
3812C7D4-09FE-DE22-6903-3A217F00F78D,KR,NR,2
A69563C1-E372-0335-1CBA-3A218270CF23,JP,FM,2
89B5A634-2893-0118-00BB-3A2182B10FF7,PG,PG,3
14925774-3B9A-DF32-716C-3A21838A9A59,TW,GL,4
1D7EB9D9-204C-26A9-8A1C-3A21838AB421,FM,SB,4
3A6E2719-85ED-1641-D41B-3A21838ABD07,TW,GL,4
3108AD84-D09F-7A28-31CD-3A21838AC26E,KI,GL,4
9399232F-DB3D-D9C9-927C-3A2183F5F11A,FM,FM,4
EE92E612-8110-F366-3702-3A21840E784C,FM,,4
C6198C88-0B31-D3DB-BD9F-3A2184797369,PH,I1,11
F13E7260-B049-5023-CC74-3A2184BF7A71,PH,I1,8
56363ED7-F0CF-F1E6-8B78-3A2184D4C159,PH,I1,8
41A2B0CC-32B0-25C4-6BB3-3A2185267BF3,PH,,11
499922F4-71C3-E979-4D87-3A21868987EC,PH,PH,9
A5AAAA90-3C8D-EEA1-180C-3A2186FBE23D,PG,GL,4
98553676-D22C-7E9D-1F3E-3A2186FC4599,KI,GL,4
60172B92-A512-6B29-DB75-3A218943A96E,PH,PH,5
8D767706-4A3E-44D2-4E56-3A21898CD99F,NR,I4,4
B9970968-8AAA-4772-A8DC-3A21898CE191,TV,,5
F136E65D-CA0B-1BA6-9748-3A21925928EC,PH,PG,4
C630253C-45A6-3C1A-C0D4-3A21927C0837,KI,GL,4
56B50A93-9442-A259-BCBF-3A2192B5691B,PG,PG,5
F1FA3E66-ABE6-680D-DF0F-3A2192CDAD1A,PH,I1,12
523BDE53-48DD-18D4-A6B4-3A2192D59E4D,PH,I1,9
8A856251-95BC-C5F6-C4FF-3A2192DBACB7,PH,I1,3
789239D4-FC07-C9D3-2D5A-3A2192EB01B2,PH,I1,9
5BB2ADBB-34C2-3587-9098-3A2193088572,PH,I1,2
616BE0B4-A848-E27E-A151-3A2193191613,PH,I1,9
0F9B9EF0-4E27-F57D-B4BB-3A219322EF3C,PH,I1,11
BED1279D-2C69-717A-8ED7-3A2193239181,PG,PG,4
0833D2C9-8C58-615C-CC7B-3A21932B34E8,PH,I1,2
7A467B24-BB03-E680-AE80-3A2193324614,PH,I1,5
B3EF1188-D7BA-62F9-C6AB-3A21933B6CC0,PH,I1,3
F7122A09-D055-EEB4-0DAC-3A21935815D0,PH,I1,12
693B33C3-731D-25D0-A462-3A219383C84B,PH,I1,2
DF710B12-F8F2-0E52-63AC-3A2193A0E8EB,KR,GL,2
8E20ECCB-017F-87E2-68F1-3A2193ED114B,PH,I1,4
3FCB48D6-D718-6773-3759-3A21940FCFEF,PH,I1,1
96FB614B-08BF-7A72-8E38-3A2194193D00,PH,I1,12
FDBE54F9-BE3F-9C74-BDA7-3A219455FE12,PH,I1,10
469FCB50-CB8F-4A66-5500-3A21945D1730,PH,I1,7
EE4E119C-E3FD-E624-5668-3A2194731FCE,PH,I1,12
DFC31C25-57FE-EE3B-1F57-3A219571E025,PH,I1,9
077D6300-E30F-14D8-73F0-3A219731F132,PG,FM,4
F58CA7CD-6B84-1336-DB88-3A21973E6167,SB,SB,3
49D466D4-A3EF-2564-2DC1-3A21974BE4CA,SB,SB,4
3DDE2768-6E65-F529-5829-3A21975DAEAD,KR,PX,4
C800F36E-7942-1A49-A132-3A2197D30960,PH,I1,8
6FCD5282-997C-BA76-30FB-3A2197E1F282,PG,PG,2
20121417-DB71-1652-92F9-3A2197ECEE92,PH,I1,4
7A7FC738-776F-B3C4-86A6-3A2197F16352,PH,I1,9
1625CD75-F7F0-5FFC-B97C-3A2198242AE8,PH,I1,10
ACF428AA-9187-1D95-FA05-3A21982E765D,PH,I1,1
44F85639-685C-CF2F-F65A-3A21982FB08E,PH,I1,9
8F953695-A735-B553-FC32-3A21983C60EB,PH,I1,3
274DEEDE-173F-E1A9-8A2C-3A219842FFEB,PH,,4
791DC877-5FBD-AC5F-9004-3A21985940B7,PH,I1,1
FFCAF4B0-19BF-4992-7494-3A21985F52B1,PH,I1,12
6208596C-8B09-CB06-7A67-3A2198D62CB7,PH,I1,3
E91F450B-D14E-37D9-D1B3-3A2198E7D0A8,PH,I1,4
B61080B4-A8C2-1CD7-5151-3A2198F6A7CF,PH,I1,8
4838A08B-D432-2824-8865-3A2198F8A100,PH,I1,5
1953758C-F6F5-FF78-5891-3A2199047A42,PH,I1,12
161281A6-0F43-25EF-BAB6-3A219911186F,PH,I1,12
390F52A9-FDE2-F743-4A5F-3A2199294800,PH,I1,9
2A662B76-EDDB-E8FE-2B0C-3A21992EF3EC,PH,I1,1
EE7B0F42-1728-3990-2C66-3A21992F9993,PH,I1,6
FA7F4DDE-F1BE-2A93-9C1E-3A21993B4CA5,PH,I1,11
576A9841-9ED9-A164-92BC-3A21994B920C,PH,I1,9
85A2881B-0363-6981-399B-3A2199738CAB,PH,I1,5
D06A0496-6759-5418-F19F-3A2199838CE2,PH,I1,3
F8E0B02D-E23D-01DF-EAED-3A2199A27ABF,PH,I1,3
A0183617-411E-AAAD-1BED-3A2199AC2D3B,PH,I1,11
8FB12E9C-0FF8-7F15-8004-3A2199BA8379,PH,I1,2
2F4AB09F-E127-D4C2-FBC9-3A219A492094,PG,PG,4
59F0AF95-56B0-D417-1011-3A219A492969,JP,PG,4
A7F9712A-1677-B61F-5CBE-3A219A4930E5,PG,PG,4
390E109E-491D-12D5-32F0-3A219A4938DE,PG,PG,4
BD240EF0-8AB5-9EF2-35FF-3A219A4949E2,MH,,5
9916E214-2F88-6854-6D14-3A219B9306E6,PG,PG,4
3C0212D3-1855-CA71-3B49-3A219B930EBF,TW,GL,4
313072DC-2C65-9706-3CEC-3A219B931603,PG,PG,4
AC812282-9857-C858-02BF-3A219C8BC157,PG,PG,5
AB241FE9-EBE4-CD46-1645-3A219D0045F0,PH,I1,3
BB9948C3-C34D-2A02-4D67-3A219D0F4F9D,PH,I1,6
85C329CF-77E3-CBD4-4C5C-3A219D11630D,PH,I1,8
DB8F0490-1955-E581-4A1A-3A219D208E09,PH,I1,4
580690BF-92C0-6C22-C989-3A219D253D20,PH,I1,8
3A7E6358-CBF3-9DC2-A08D-3A219D2AEC1D,PH,I1,3
95E9CD77-5523-CE11-5AB5-3A219D430781,PH,I1,8
E7396C0F-A78A-DBA5-A4CE-3A219D48D6CB,PH,I1,8
270473D7-8BB6-D97D-0CD0-3A219D63259E,PH,I1,6
2DCBADD5-6F49-2496-FF31-3A219D6B044A,PH,I1,9
841E3CD3-64A7-A170-BA55-3A219D7BC35A,PH,I1,10
9A2D54B1-9EBC-C97E-E8A8-3A219D7E525C,PH,I1,10
2A7E2D42-04A0-3C69-9C9D-3A219D879B34,PH,I1,10
1C2C131B-6801-BD90-41A2-3A219D87DC7D,PH,I1,11
C3440BCF-E728-9A48-DE49-3A219D915243,PH,I1,9
6E5067DC-0E9E-3DFE-1A6A-3A219D99EB9D,PH,I1,10
B0728D67-CDA5-CC76-C6DC-3A219E23B3E1,FM,I4,4
2F58B600-2773-D1DB-3E50-3A219E23BBCB,FM,I4,4
C71CD4BE-C623-B1CE-975A-3A219E5043CD,PH,I1,10
0F0B149C-1DEB-3667-2B64-3A219E7135E2,PH,I1,11
E727F636-63BD-87D4-202D-3A219E872258,PH,I1,11
423E0E90-6BF1-EF8C-696B-3A21A179BC1B,FM,FM,4
DCB07891-4976-EB4D-A4CE-3A21A1C3F3D7,EC,IW,4
BCE75CDC-0453-126D-0C24-3A21A2CCCA11,PH,I1,8
624162D7-1751-FAE9-0301-3A21A36262DC,PH,I1,3
B3253914-E59D-773B-94FA-3A21A37201BB,PH,I1,12
96A626B6-D1B8-8456-80B2-3A21A3960302,PH,I1,3
4A75E25B-8C27-2B35-CF39-3A21A3BD5D99,PH,I1,4
FDBA9496-3D13-2CDC-DB7D-3A21A3E65103,PH,I1,9
9B8F465E-29CC-F810-237C-3A21A5211128,PH,I1,11
9E0A7558-3938-A31E-18CA-3A21A5E0027C,JP,FM,4
9E73E0BF-EE81-2481-C0BA-3A21A5E014D5,PG,PG,4
D0944F4D-B3F4-1CE5-BE23-3A21A5E02107,JP,PG,4
44580271-CD3A-00EE-0EF0-3A21A5E034F5,TW,MH,5
723968B2-876D-C4BA-3D3A-3A21A5E03BC0,KI,GL,4
6A829DC3-67CB-BE3E-0EBC-3A21A6BC210E,PG,PG,4
6A829DC3-67CB-BE3E-0EBC-3A21A6BC210E,PG,FM,4
300FBD3A-C04B-B064-728F-3A21A7525628,PH,I1,9
3593BEDB-8D22-F5D4-35D1-3A21A78A13AE,PH,I1,6
A2A4AE08-305C-A255-C1F9-3A21A7B11B25,PH,I1,12
00EC7271-21CB-B89C-AE15-3A21A7D7F2A3,PH,I1,5
C15D32D7-71DF-C695-24F4-3A21A7FAD42A,PH,I1,2
319A4E2F-8F59-5322-5D3B-3A21A85A4026,PH,I1,10
FFFC51A9-0658-4B57-3288-3A21A8996EF8,PH,I1,11
9136956F-7E3A-0801-1F23-3A21A8BC5BB0,PH,I1,8
E30C8F59-E854-F9A4-D343-3A21A8DB205F,PH,I1,10
4A465CA3-3ED1-3AE2-832B-3A21A8E236D7,PH,I1,4
0085F60F-D336-A600-5334-3A21A8ECE856,PH,I1,5
546892C0-BC1E-F94F-B674-3A21A8FD1D73,PH,I1,1
0BD1890C-4E8E-81DD-D761-3A21A905795B,PH,I1,1
C2F4C238-BE98-680D-B128-3A21A9183C2B,PH,I1,3
34A6C82E-A770-0B56-A728-3A21ACBB1FDB,FM,NR,4
B457B46B-2360-67DF-F7E1-3A21ACBB301A,FM,I4,4
3E51A3E7-3BFC-F017-1781-3A21ACBB3B2B,FM,GL,5
D20B4634-7346-E1A0-18F8-3A21ACBB4A8A,KI,PG,4
2BB5A6FA-9033-9612-253F-3A21ACBB62E7,PG,PG,5
9D46354A-7053-A426-6E0C-3A21ACBB759E,PG,PG,5
426B8E14-36F1-22A6-EA42-3A21ACBB8A48,KI,I4,4
DF0AFD89-B700-20C4-539A-3A21AD1B8013,PH,I1,12
1DE79173-AECA-D69C-F9E2-3A21AD282086,PH,I1,12
76EEA132-470C-49E7-6D8F-3A21ADA50BB3,FM,PG,4
5A6A5B85-DA15-C58A-E03C-3A21ADA598F5,PG,PG,4
868E26A0-ECBE-C676-23D7-3A21B4789672,TW,GL,4
0825146E-7901-D8D1-74EC-3A21B70B9BF9,TW,FM,4
6748193A-829E-A289-8B6D-3A21B70BA8EB,NR,PG,5
DA9E0D60-7620-8DF6-B206-3A21B70BB95C,NR,MH,5
0B1C76E4-A495-749D-376B-3A21B8903013,PH,I1,1
CD24C10A-4A76-FE53-BC4B-3A21B92E0B01,FM,H4,4
C98FAE1E-88D3-FCFA-394C-3A21BC1A211B,PH,I1,2
9A4324CE-A638-D927-4AE5-3A21BD9D4E0A,PH,I1,3
22834104-0825-BCC5-DFF3-3A21BDA87F59,PH,I1,4
12D94B59-51AC-6108-25B8-3A21BDADC9E9,PH,I1,4
98DD05AB-A673-E7CB-B498-3A21C1C2A8AE,PG,GL,4
9497E815-EF9F-F3CF-61C5-3A21C1C2B3C8,KI,PX,4
6E2DF627-FB89-0FED-528D-3A21C1C2BACF,KR,PX,4
ABA7FE89-30A8-D757-7F98-3A21C1C2DA85,FM,GL,5
C039A6A0-D7AC-A9C6-B795-3A21C1C2ED09,NR,MH,5
A972CE3D-B861-A71D-AAA2-3A21C1C2F3D1,KI,GL,5
0F443C5D-B0A5-627E-06A3-3A21C1C2F71C,TW,FM,5
CEA04D01-50E8-09D2-58F2-3A21C6499E9F,PH,I1,2
9A875B6D-EFD1-193C-89D8-3A21C66C4803,PH,I1,3
E9034E33-9EDA-A674-2157-3A21C676A4E0,PH,I1,5
D43EC72A-9A34-5919-645C-3A21C68721D2,PH,I1,6
4B2EBA00-759F-55BD-8D07-3A21C693A91E,PH,I1,12
A84E3696-4DC5-E3DA-427C-3A21C69830E1,PH,I1,9
BD966942-EE4A-2CBE-EAE7-3A21C7896A45,PH,I1,2
E5594D13-DEE0-A70C-8BB6-3A21C78B6639,PH,I1,4
9A8D119D-CF8A-AE19-C0FC-3A21C78CAC31,PH,I1,5
3CA6EF50-7F30-C6EA-6984-3A21C78DA419,PH,I1,6
838AAA00-1638-2E77-EF07-3A21C78F726D,PH,I1,10
E9300954-76A9-EF6D-607E-3A21C790BD0D,PH,,5
4126417C-5E5E-17CF-F898-3A21C79AE201,PH,I1,10
D8A72426-AE45-9424-E2C3-3A21C8A7184F,NR,GL,4
AB5DBEED-9093-9BE5-2FFA-3A21CAC75676,JP,FM,4
41315956-78A6-338F-086C-3A21CAC75FB1,MH,I4,4
BD7E6DE3-BF5E-72BA-D3A9-3A21CAC76AC0,PG,PG,4
34524CD9-0935-23A9-ACB2-3A21CC7C03B2,KR,PX,4
9322DD1C-9AF5-0C6E-C91D-3A21CC7C085F,MH,,5
7B5D623B-42A9-C918-8149-3A21D44A337A,JP,PG,5
CE9E4254-B659-B2F2-10E2-3A21D45F1F6A,PG,PG,4
3C6B98EA-CDD6-0EB1-D7EA-3A21D45F2BFA,JP,PG,5
57FA2420-9EBB-95AB-9B41-3A21D45F409C,NR,PG,5
11344D21-47FE-069E-C666-3A21D45F4A55,PG,PG,5
10474A25-A988-D031-246B-3A21D65AEA78,FM,GL,4
886B9583-27D5-DFEA-2C7F-3A21D65AF4A6,TV,PG,4
E41DF7CA-EC50-2F56-7A79-3A21D65AFE69,KI,I4,4
2B18FE97-963E-FCDC-0232-3A21D65B082D,NR,NR,4
4BBC324D-303A-5070-DB1E-3A21D6C956E0,KR,PX,5
63DB3148-206A-566D-1955-3A21D6C96312,NR,I5,5
9D61CA15-DBFE-9CB0-19C1-3A21DAC80B48,PH,I1,9
369EC901-251A-6C96-96BC-3A21DB1BB985,PH,I1,12
1E580DFC-8924-0A90-BABF-3A21DB327464,PH,I1,12
4640EAC1-BF0A-22A8-ECC8-3A21DB35F18C,PH,I1,9
8D761A0A-0E8B-3EE7-003D-3A21DB6965C0,PH,I1,11
95A84998-8F64-6AC5-959B-3A21DB721657,PH,I1,4
D6114D9D-4BC8-1D05-9577-3A21DBE6D279,PH,I1,9
DB80E36B-30D2-5E5B-5B06-3A21DBF7FAC1,PH,I1,9
FFABE104-1B72-3A8C-79A5-3A21DC06DD8B,PH,I1,10
31BB9D44-8A47-3A51-97A4-3A21DCA347B5,PH,I1,7
50955ED8-DFBE-33FE-79ED-3A21DDB76F9A,KR,PX,5
2F2E68AA-C2C5-5F64-80E5-3A21DF5072D7,MH,SB,5
7D8EED64-CFFA-35A3-5195-3A21DF5E3639,SB,SB,4
BB528FAF-4E69-0C1B-C70D-3A21DF5E5080,TV,NR,5
0CDB043C-23C4-8278-490A-3A21DF5E5A83,PG,PG,5
22348ADB-5F75-9CDD-D9B7-3A21DF5E693F,TV,H5,5
17FA417D-8E99-C03D-522B-3A21DF5E7095,PG,PG,5
A1596D18-674E-D7B0-7565-3A21DFEF42EC,PH,I1,9
299DF6F5-7BC4-C390-71CB-3A21E024A4C1,PH,I1,10
2447A3F9-B8E8-E218-30BB-3A21E03F6F07,PH,I1,4
DFB7B639-A96B-5139-CA7D-3A21E04B5E09,PH,I1,8
A08CC691-CD5A-7FD7-334A-3A21E04C103B,PH,I1,5
99500668-B3C9-4EBD-E55E-3A21E12306F5,PH,I1,10
1B7A3630-F8E2-E485-AA92-3A21E12C1DF7,PH,I1,11